run_id,knn_k,num_clusters,trial,dataset,AUROC,AUPRC,checkpoint
k16__C16,16,16,0,Facebook,0.6094318181818181,0.04632244366631451,/autodl-fs/data/recap/tuning_hyperparams/interaction_tuning/k_c_heatmap_results/k_c_paper_v2_auprc_best/checkpoints/k16__C16/recap/trial_0/model.pt
k16__C16,16,16,0,cora,0.8243679958300756,0.41926869115545473,/autodl-fs/data/recap/tuning_hyperparams/interaction_tuning/k_c_heatmap_results/k_c_paper_v2_auprc_best/checkpoints/k16__C16/recap/trial_0/model.pt
k16__C16,16,16,0,citeseer,0.9030825726576434,0.45396463103669943,/autodl-fs/data/recap/tuning_hyperparams/interaction_tuning/k_c_heatmap_results/k_c_paper_v2_auprc_best/checkpoints/k16__C16/recap/trial_0/model.pt
k16__C16,16,16,0,ACM,0.7851980997705845,0.37248433556829663,/autodl-fs/data/recap/tuning_hyperparams/interaction_tuning/k_c_heatmap_results/k_c_paper_v2_auprc_best/checkpoints/k16__C16/recap/trial_0/model.pt
k16__C16,16,16,0,BlogCatalog,0.7296636710239651,0.3204207168350239,/autodl-fs/data/recap/tuning_hyperparams/interaction_tuning/k_c_heatmap_results/k_c_paper_v2_auprc_best/checkpoints/k16__C16/recap/trial_0/model.pt
k16__C16,16,16,0,weibo,0.7696708526721324,0.3273128473110508,/autodl-fs/data/recap/tuning_hyperparams/interaction_tuning/k_c_heatmap_results/k_c_paper_v2_auprc_best/checkpoints/k16__C16/recap/trial_0/model.pt
k16__C16,16,16,0,Reddit,0.591273891021227,0.047955829766665826,/autodl-fs/data/recap/tuning_hyperparams/interaction_tuning/k_c_heatmap_results/k_c_paper_v2_auprc_best/checkpoints/k16__C16/recap/trial_0/model.pt
k16__C16,16,16,0,Amazon,0.7324024906650025,0.13393599726848696,/autodl-fs/data/recap/tuning_hyperparams/interaction_tuning/k_c_heatmap_results/k_c_paper_v2_auprc_best/checkpoints/k16__C16/recap/trial_0/model.pt
k16__C16,16,16,1,Facebook,0.5845833333333333,0.04299376131811965,/autodl-fs/data/recap/tuning_hyperparams/interaction_tuning/k_c_heatmap_results/k_c_paper_v2_auprc_best/checkpoints/k16__C16/recap/trial_1/model.pt
k16__C16,16,16,1,cora,0.8294396664060464,0.42499164274717494,/autodl-fs/data/recap/tuning_hyperparams/interaction_tuning/k_c_heatmap_results/k_c_paper_v2_auprc_best/checkpoints/k16__C16/recap/trial_1/model.pt
k16__C16,16,16,1,citeseer,0.901668240478439,0.4777193192080724,/autodl-fs/data/recap/tuning_hyperparams/interaction_tuning/k_c_heatmap_results/k_c_paper_v2_auprc_best/checkpoints/k16__C16/recap/trial_1/model.pt
k16__C16,16,16,1,ACM,0.7780828356549538,0.367509922595578,/autodl-fs/data/recap/tuning_hyperparams/interaction_tuning/k_c_heatmap_results/k_c_paper_v2_auprc_best/checkpoints/k16__C16/recap/trial_1/model.pt
k16__C16,16,16,1,BlogCatalog,0.7217541530501089,0.33183346634343447,/autodl-fs/data/recap/tuning_hyperparams/interaction_tuning/k_c_heatmap_results/k_c_paper_v2_auprc_best/checkpoints/k16__C16/recap/trial_1/model.pt
k16__C16,16,16,1,weibo,0.7432547053583274,0.3030399053392726,/autodl-fs/data/recap/tuning_hyperparams/interaction_tuning/k_c_heatmap_results/k_c_paper_v2_auprc_best/checkpoints/k16__C16/recap/trial_1/model.pt
k16__C16,16,16,1,Reddit,0.5945308101409402,0.04671972518216719,/autodl-fs/data/recap/tuning_hyperparams/interaction_tuning/k_c_heatmap_results/k_c_paper_v2_auprc_best/checkpoints/k16__C16/recap/trial_1/model.pt
k16__C16,16,16,1,Amazon,0.7367159764075094,0.13480326852241287,/autodl-fs/data/recap/tuning_hyperparams/interaction_tuning/k_c_heatmap_results/k_c_paper_v2_auprc_best/checkpoints/k16__C16/recap/trial_1/model.pt
k16__C16,16,16,2,Facebook,0.5959469696969697,0.03795193318873664,/autodl-fs/data/recap/tuning_hyperparams/interaction_tuning/k_c_heatmap_results/k_c_paper_v2_auprc_best/checkpoints/k16__C16/recap/trial_2/model.pt
k16__C16,16,16,2,cora,0.8139275475632005,0.40959007394431807,/autodl-fs/data/recap/tuning_hyperparams/interaction_tuning/k_c_heatmap_results/k_c_paper_v2_auprc_best/checkpoints/k16__C16/recap/trial_2/model.pt
k16__C16,16,16,2,citeseer,0.9039974819011647,0.46235111298763293,/autodl-fs/data/recap/tuning_hyperparams/interaction_tuning/k_c_heatmap_results/k_c_paper_v2_auprc_best/checkpoints/k16__C16/recap/trial_2/model.pt
k16__C16,16,16,2,ACM,0.7799396470403042,0.3711275644693444,/autodl-fs/data/recap/tuning_hyperparams/interaction_tuning/k_c_heatmap_results/k_c_paper_v2_auprc_best/checkpoints/k16__C16/recap/trial_2/model.pt
k16__C16,16,16,2,BlogCatalog,0.726281658496732,0.32920433615618233,/autodl-fs/data/recap/tuning_hyperparams/interaction_tuning/k_c_heatmap_results/k_c_paper_v2_auprc_best/checkpoints/k16__C16/recap/trial_2/model.pt
k16__C16,16,16,2,weibo,0.7636762325828523,0.31953857261122015,/autodl-fs/data/recap/tuning_hyperparams/interaction_tuning/k_c_heatmap_results/k_c_paper_v2_auprc_best/checkpoints/k16__C16/recap/trial_2/model.pt
k16__C16,16,16,2,Reddit,0.5853018433488035,0.04513039988928794,/autodl-fs/data/recap/tuning_hyperparams/interaction_tuning/k_c_heatmap_results/k_c_paper_v2_auprc_best/checkpoints/k16__C16/recap/trial_2/model.pt
k16__C16,16,16,2,Amazon,0.7132048636612691,0.12888604972734707,/autodl-fs/data/recap/tuning_hyperparams/interaction_tuning/k_c_heatmap_results/k_c_paper_v2_auprc_best/checkpoints/k16__C16/recap/trial_2/model.pt
k16__C20,16,20,0,Facebook,0.5980681818181818,0.05189535476835716,/autodl-fs/data/recap/tuning_hyperparams/interaction_tuning/k_c_heatmap_results/k_c_paper_v2_auprc_best/checkpoints/k16__C20/recap/trial_0/model.pt
k16__C20,16,20,0,cora,0.8263904091738337,0.4320635287951067,/autodl-fs/data/recap/tuning_hyperparams/interaction_tuning/k_c_heatmap_results/k_c_paper_v2_auprc_best/checkpoints/k16__C20/recap/trial_0/model.pt
k16__C20,16,20,0,citeseer,0.902639806945756,0.4571527522902047,/autodl-fs/data/recap/tuning_hyperparams/interaction_tuning/k_c_heatmap_results/k_c_paper_v2_auprc_best/checkpoints/k16__C20/recap/trial_0/model.pt
k16__C20,16,20,0,ACM,0.7868649704534928,0.3712095984862078,/autodl-fs/data/recap/tuning_hyperparams/interaction_tuning/k_c_heatmap_results/k_c_paper_v2_auprc_best/checkpoints/k16__C20/recap/trial_0/model.pt
k16__C20,16,20,0,BlogCatalog,0.7289750136165578,0.32777380010318347,/autodl-fs/data/recap/tuning_hyperparams/interaction_tuning/k_c_heatmap_results/k_c_paper_v2_auprc_best/checkpoints/k16__C20/recap/trial_0/model.pt
k16__C20,16,20,0,weibo,0.7584086708337181,0.31332323652708327,/autodl-fs/data/recap/tuning_hyperparams/interaction_tuning/k_c_heatmap_results/k_c_paper_v2_auprc_best/checkpoints/k16__C20/recap/trial_0/model.pt
k16__C20,16,20,0,Reddit,0.5964751319287693,0.048255575520274784,/autodl-fs/data/recap/tuning_hyperparams/interaction_tuning/k_c_heatmap_results/k_c_paper_v2_auprc_best/checkpoints/k16__C20/recap/trial_0/model.pt
k16__C20,16,20,0,Amazon,0.7382276381332095,0.13713996040909837,/autodl-fs/data/recap/tuning_hyperparams/interaction_tuning/k_c_heatmap_results/k_c_paper_v2_auprc_best/checkpoints/k16__C20/recap/trial_0/model.pt
k16__C20,16,20,1,Facebook,0.5971969696969697,0.04413257717012291,/autodl-fs/data/recap/tuning_hyperparams/interaction_tuning/k_c_heatmap_results/k_c_paper_v2_auprc_best/checkpoints/k16__C20/recap/trial_1/model.pt
k16__C20,16,20,1,cora,0.8262288246025541,0.41180486874237243,/autodl-fs/data/recap/tuning_hyperparams/interaction_tuning/k_c_heatmap_results/k_c_paper_v2_auprc_best/checkpoints/k16__C20/recap/trial_1/model.pt
k16__C20,16,20,1,citeseer,0.9012674430804741,0.4712103841207892,/autodl-fs/data/recap/tuning_hyperparams/interaction_tuning/k_c_heatmap_results/k_c_paper_v2_auprc_best/checkpoints/k16__C20/recap/trial_1/model.pt
k16__C20,16,20,1,ACM,0.7823585837962184,0.3752991696961994,/autodl-fs/data/recap/tuning_hyperparams/interaction_tuning/k_c_heatmap_results/k_c_paper_v2_auprc_best/checkpoints/k16__C20/recap/trial_1/model.pt
k16__C20,16,20,1,BlogCatalog,0.7295458877995643,0.3306909957102437,/autodl-fs/data/recap/tuning_hyperparams/interaction_tuning/k_c_heatmap_results/k_c_paper_v2_auprc_best/checkpoints/k16__C20/recap/trial_1/model.pt
k16__C20,16,20,1,weibo,0.7552123043981488,0.3090931113493778,/autodl-fs/data/recap/tuning_hyperparams/interaction_tuning/k_c_heatmap_results/k_c_paper_v2_auprc_best/checkpoints/k16__C20/recap/trial_1/model.pt
k16__C20,16,20,1,Reddit,0.5928881978946978,0.04673049431691585,/autodl-fs/data/recap/tuning_hyperparams/interaction_tuning/k_c_heatmap_results/k_c_paper_v2_auprc_best/checkpoints/k16__C20/recap/trial_1/model.pt
k16__C20,16,20,1,Amazon,0.7298473743232949,0.1288425406638424,/autodl-fs/data/recap/tuning_hyperparams/interaction_tuning/k_c_heatmap_results/k_c_paper_v2_auprc_best/checkpoints/k16__C20/recap/trial_1/model.pt
k16__C20,16,20,2,Facebook,0.5865909090909092,0.043969959058136894,/autodl-fs/data/recap/tuning_hyperparams/interaction_tuning/k_c_heatmap_results/k_c_paper_v2_auprc_best/checkpoints/k16__C20/recap/trial_2/model.pt
k16__C20,16,20,2,cora,0.8141725306228823,0.4068927577559588,/autodl-fs/data/recap/tuning_hyperparams/interaction_tuning/k_c_heatmap_results/k_c_paper_v2_auprc_best/checkpoints/k16__C20/recap/trial_2/model.pt
k16__C20,16,20,2,citeseer,0.9011226523974399,0.45954693551393316,/autodl-fs/data/recap/tuning_hyperparams/interaction_tuning/k_c_heatmap_results/k_c_paper_v2_auprc_best/checkpoints/k16__C20/recap/trial_2/model.pt
k16__C20,16,20,2,ACM,0.7809895135651821,0.37851681448388713,/autodl-fs/data/recap/tuning_hyperparams/interaction_tuning/k_c_heatmap_results/k_c_paper_v2_auprc_best/checkpoints/k16__C20/recap/trial_2/model.pt
k16__C20,16,20,2,BlogCatalog,0.7310481345315905,0.3328987602512302,/autodl-fs/data/recap/tuning_hyperparams/interaction_tuning/k_c_heatmap_results/k_c_paper_v2_auprc_best/checkpoints/k16__C20/recap/trial_2/model.pt
k16__C20,16,20,2,weibo,0.7334156869123079,0.2940149440685292,/autodl-fs/data/recap/tuning_hyperparams/interaction_tuning/k_c_heatmap_results/k_c_paper_v2_auprc_best/checkpoints/k16__C20/recap/trial_2/model.pt
k16__C20,16,20,2,Reddit,0.5890313335330148,0.04580064891341361,/autodl-fs/data/recap/tuning_hyperparams/interaction_tuning/k_c_heatmap_results/k_c_paper_v2_auprc_best/checkpoints/k16__C20/recap/trial_2/model.pt
k16__C20,16,20,2,Amazon,0.7319582805890642,0.13326578771975392,/autodl-fs/data/recap/tuning_hyperparams/interaction_tuning/k_c_heatmap_results/k_c_paper_v2_auprc_best/checkpoints/k16__C20/recap/trial_2/model.pt
k16__C24,16,24,0,Facebook,0.6098484848484849,0.05327979423510927,/autodl-fs/data/recap/tuning_hyperparams/interaction_tuning/k_c_heatmap_results/k_c_paper_v2_auprc_best/checkpoints/k16__C24/recap/trial_0/model.pt
k16__C24,16,24,0,cora,0.8260542090174616,0.43003657802950174,/autodl-fs/data/recap/tuning_hyperparams/interaction_tuning/k_c_heatmap_results/k_c_paper_v2_auprc_best/checkpoints/k16__C24/recap/trial_0/model.pt
k16__C24,16,24,0,citeseer,0.9075375091805687,0.463094109063535,/autodl-fs/data/recap/tuning_hyperparams/interaction_tuning/k_c_heatmap_results/k_c_paper_v2_auprc_best/checkpoints/k16__C24/recap/trial_0/model.pt
k16__C24,16,24,0,ACM,0.789808076069907,0.37278674639769416,/autodl-fs/data/recap/tuning_hyperparams/interaction_tuning/k_c_heatmap_results/k_c_paper_v2_auprc_best/checkpoints/k16__C24/recap/trial_0/model.pt
k16__C24,16,24,0,BlogCatalog,0.7257625272331154,0.3212762983663387,/autodl-fs/data/recap/tuning_hyperparams/interaction_tuning/k_c_heatmap_results/k_c_paper_v2_auprc_best/checkpoints/k16__C24/recap/trial_0/model.pt
k16__C24,16,24,0,weibo,0.7669625546229997,0.3200371588582498,/autodl-fs/data/recap/tuning_hyperparams/interaction_tuning/k_c_heatmap_results/k_c_paper_v2_auprc_best/checkpoints/k16__C24/recap/trial_0/model.pt
k16__C24,16,24,0,Reddit,0.5920398086762658,0.047676997666801994,/autodl-fs/data/recap/tuning_hyperparams/interaction_tuning/k_c_heatmap_results/k_c_paper_v2_auprc_best/checkpoints/k16__C24/recap/trial_0/model.pt
k16__C24,16,24,0,Amazon,0.7154907136021393,0.12812437415321534,/autodl-fs/data/recap/tuning_hyperparams/interaction_tuning/k_c_heatmap_results/k_c_paper_v2_auprc_best/checkpoints/k16__C24/recap/trial_0/model.pt
k16__C24,16,24,1,Facebook,0.5804166666666667,0.044624002570763904,/autodl-fs/data/recap/tuning_hyperparams/interaction_tuning/k_c_heatmap_results/k_c_paper_v2_auprc_best/checkpoints/k16__C24/recap/trial_1/model.pt
k16__C24,16,24,1,cora,0.8291399530883503,0.42231019488551197,/autodl-fs/data/recap/tuning_hyperparams/interaction_tuning/k_c_heatmap_results/k_c_paper_v2_auprc_best/checkpoints/k16__C24/recap/trial_1/model.pt
k16__C24,16,24,1,citeseer,0.901573811772112,0.4737181282380017,/autodl-fs/data/recap/tuning_hyperparams/interaction_tuning/k_c_heatmap_results/k_c_paper_v2_auprc_best/checkpoints/k16__C24/recap/trial_1/model.pt
k16__C24,16,24,1,ACM,0.776919943077887,0.3756122623344113,/autodl-fs/data/recap/tuning_hyperparams/interaction_tuning/k_c_heatmap_results/k_c_paper_v2_auprc_best/checkpoints/k16__C24/recap/trial_1/model.pt
k16__C24,16,24,1,BlogCatalog,0.725448665577342,0.33221634824867474,/autodl-fs/data/recap/tuning_hyperparams/interaction_tuning/k_c_heatmap_results/k_c_paper_v2_auprc_best/checkpoints/k16__C24/recap/trial_1/model.pt
k16__C24,16,24,1,weibo,0.7586748691096276,0.31590850260341535,/autodl-fs/data/recap/tuning_hyperparams/interaction_tuning/k_c_heatmap_results/k_c_paper_v2_auprc_best/checkpoints/k16__C24/recap/trial_1/model.pt
k16__C24,16,24,1,Reddit,0.5931204306122092,0.047074747891968284,/autodl-fs/data/recap/tuning_hyperparams/interaction_tuning/k_c_heatmap_results/k_c_paper_v2_auprc_best/checkpoints/k16__C24/recap/trial_1/model.pt
k16__C24,16,24,1,Amazon,0.7146041102603897,0.1259912957821818,/autodl-fs/data/recap/tuning_hyperparams/interaction_tuning/k_c_heatmap_results/k_c_paper_v2_auprc_best/checkpoints/k16__C24/recap/trial_1/model.pt
k16__C24,16,24,2,Facebook,0.5734090909090909,0.039057264799384546,/autodl-fs/data/recap/tuning_hyperparams/interaction_tuning/k_c_heatmap_results/k_c_paper_v2_auprc_best/checkpoints/k16__C24/recap/trial_2/model.pt
k16__C24,16,24,2,cora,0.8210919989575187,0.41083890685793323,/autodl-fs/data/recap/tuning_hyperparams/interaction_tuning/k_c_heatmap_results/k_c_paper_v2_auprc_best/checkpoints/k16__C24/recap/trial_2/model.pt
k16__C24,16,24,2,citeseer,0.9028916168292939,0.45325035641135636,/autodl-fs/data/recap/tuning_hyperparams/interaction_tuning/k_c_heatmap_results/k_c_paper_v2_auprc_best/checkpoints/k16__C24/recap/trial_2/model.pt
k16__C24,16,24,2,ACM,0.7875958441417131,0.37693874004089817,/autodl-fs/data/recap/tuning_hyperparams/interaction_tuning/k_c_heatmap_results/k_c_paper_v2_auprc_best/checkpoints/k16__C24/recap/trial_2/model.pt
k16__C24,16,24,2,BlogCatalog,0.7287459150326796,0.3329056934051152,/autodl-fs/data/recap/tuning_hyperparams/interaction_tuning/k_c_heatmap_results/k_c_paper_v2_auprc_best/checkpoints/k16__C24/recap/trial_2/model.pt
k16__C24,16,24,2,weibo,0.7558450507450495,0.3054055146424791,/autodl-fs/data/recap/tuning_hyperparams/interaction_tuning/k_c_heatmap_results/k_c_paper_v2_auprc_best/checkpoints/k16__C24/recap/trial_2/model.pt
k16__C24,16,24,2,Reddit,0.5910451321449194,0.046071181478009586,/autodl-fs/data/recap/tuning_hyperparams/interaction_tuning/k_c_heatmap_results/k_c_paper_v2_auprc_best/checkpoints/k16__C24/recap/trial_2/model.pt
k16__C24,16,24,2,Amazon,0.7417520983778461,0.1373444453818603,/autodl-fs/data/recap/tuning_hyperparams/interaction_tuning/k_c_heatmap_results/k_c_paper_v2_auprc_best/checkpoints/k16__C24/recap/trial_2/model.pt
k16__C28,16,28,0,Facebook,0.5991287878787879,0.05293978567296788,/autodl-fs/data/recap/tuning_hyperparams/interaction_tuning/k_c_heatmap_results/k_c_paper_v2_auprc_best/checkpoints/k16__C28/recap/trial_0/model.pt
k16__C28,16,28,0,cora,0.8217305186343499,0.42264578539928316,/autodl-fs/data/recap/tuning_hyperparams/interaction_tuning/k_c_heatmap_results/k_c_paper_v2_auprc_best/checkpoints/k16__C28/recap/trial_0/model.pt
k16__C28,16,28,0,citeseer,0.9038673801280035,0.46613134845687854,/autodl-fs/data/recap/tuning_hyperparams/interaction_tuning/k_c_heatmap_results/k_c_paper_v2_auprc_best/checkpoints/k16__C28/recap/trial_0/model.pt
k16__C28,16,28,0,ACM,0.7877205207337963,0.37176454323297625,/autodl-fs/data/recap/tuning_hyperparams/interaction_tuning/k_c_heatmap_results/k_c_paper_v2_auprc_best/checkpoints/k16__C28/recap/trial_0/model.pt
k16__C28,16,28,0,BlogCatalog,0.7273059640522876,0.3304098174984659,/autodl-fs/data/recap/tuning_hyperparams/interaction_tuning/k_c_heatmap_results/k_c_paper_v2_auprc_best/checkpoints/k16__C28/recap/trial_0/model.pt
k16__C28,16,28,0,weibo,0.7653404494814828,0.31846200026690086,/autodl-fs/data/recap/tuning_hyperparams/interaction_tuning/k_c_heatmap_results/k_c_paper_v2_auprc_best/checkpoints/k16__C28/recap/trial_0/model.pt
k16__C28,16,28,0,Reddit,0.5893362595942349,0.047757528687952876,/autodl-fs/data/recap/tuning_hyperparams/interaction_tuning/k_c_heatmap_results/k_c_paper_v2_auprc_best/checkpoints/k16__C28/recap/trial_0/model.pt
k16__C28,16,28,0,Amazon,0.7096937266908939,0.1256932640305938,/autodl-fs/data/recap/tuning_hyperparams/interaction_tuning/k_c_heatmap_results/k_c_paper_v2_auprc_best/checkpoints/k16__C28/recap/trial_0/model.pt
k16__C28,16,28,1,Facebook,0.588030303030303,0.04364863366738085,/autodl-fs/data/recap/tuning_hyperparams/interaction_tuning/k_c_heatmap_results/k_c_paper_v2_auprc_best/checkpoints/k16__C28/recap/trial_1/model.pt
k16__C28,16,28,1,cora,0.8286473807662236,0.4282173943105549,/autodl-fs/data/recap/tuning_hyperparams/interaction_tuning/k_c_heatmap_results/k_c_paper_v2_auprc_best/checkpoints/k16__C28/recap/trial_1/model.pt
k16__C28,16,28,1,citeseer,0.9000881334592383,0.471041888496151,/autodl-fs/data/recap/tuning_hyperparams/interaction_tuning/k_c_heatmap_results/k_c_paper_v2_auprc_best/checkpoints/k16__C28/recap/trial_1/model.pt
k16__C28,16,28,1,ACM,0.7743082715986513,0.373210550282597,/autodl-fs/data/recap/tuning_hyperparams/interaction_tuning/k_c_heatmap_results/k_c_paper_v2_auprc_best/checkpoints/k16__C28/recap/trial_1/model.pt
k16__C28,16,28,1,BlogCatalog,0.7302403322440087,0.3338390075612293,/autodl-fs/data/recap/tuning_hyperparams/interaction_tuning/k_c_heatmap_results/k_c_paper_v2_auprc_best/checkpoints/k16__C28/recap/trial_1/model.pt
k16__C28,16,28,1,weibo,0.7563124836062216,0.30428573844521517,/autodl-fs/data/recap/tuning_hyperparams/interaction_tuning/k_c_heatmap_results/k_c_paper_v2_auprc_best/checkpoints/k16__C28/recap/trial_1/model.pt
k16__C28,16,28,1,Reddit,0.5935260980683384,0.046560352589928605,/autodl-fs/data/recap/tuning_hyperparams/interaction_tuning/k_c_heatmap_results/k_c_paper_v2_auprc_best/checkpoints/k16__C28/recap/trial_1/model.pt
k16__C28,16,28,1,Amazon,0.7035364057712183,0.1221237088523393,/autodl-fs/data/recap/tuning_hyperparams/interaction_tuning/k_c_heatmap_results/k_c_paper_v2_auprc_best/checkpoints/k16__C28/recap/trial_1/model.pt
k16__C28,16,28,2,Facebook,0.5935227272727273,0.03743628665275314,/autodl-fs/data/recap/tuning_hyperparams/interaction_tuning/k_c_heatmap_results/k_c_paper_v2_auprc_best/checkpoints/k16__C28/recap/trial_2/model.pt
k16__C28,16,28,2,cora,0.8203179567370341,0.40525382227337703,/autodl-fs/data/recap/tuning_hyperparams/interaction_tuning/k_c_heatmap_results/k_c_paper_v2_auprc_best/checkpoints/k16__C28/recap/trial_2/model.pt
k16__C28,16,28,2,citeseer,0.9023649144895604,0.4563651282884912,/autodl-fs/data/recap/tuning_hyperparams/interaction_tuning/k_c_heatmap_results/k_c_paper_v2_auprc_best/checkpoints/k16__C28/recap/trial_2/model.pt
k16__C28,16,28,2,ACM,0.7831946286477391,0.37559825478214626,/autodl-fs/data/recap/tuning_hyperparams/interaction_tuning/k_c_heatmap_results/k_c_paper_v2_auprc_best/checkpoints/k16__C28/recap/trial_2/model.pt
k16__C28,16,28,2,BlogCatalog,0.7351136982570806,0.33200590262897434,/autodl-fs/data/recap/tuning_hyperparams/interaction_tuning/k_c_heatmap_results/k_c_paper_v2_auprc_best/checkpoints/k16__C28/recap/trial_2/model.pt
k16__C28,16,28,2,weibo,0.7568210346621796,0.3187324125818076,/autodl-fs/data/recap/tuning_hyperparams/interaction_tuning/k_c_heatmap_results/k_c_paper_v2_auprc_best/checkpoints/k16__C28/recap/trial_2/model.pt
k16__C28,16,28,2,Reddit,0.5909765559463414,0.04631064399929582,/autodl-fs/data/recap/tuning_hyperparams/interaction_tuning/k_c_heatmap_results/k_c_paper_v2_auprc_best/checkpoints/k16__C28/recap/trial_2/model.pt
k16__C28,16,28,2,Amazon,0.7261320733149501,0.1295473362616928,/autodl-fs/data/recap/tuning_hyperparams/interaction_tuning/k_c_heatmap_results/k_c_paper_v2_auprc_best/checkpoints/k16__C28/recap/trial_2/model.pt
k16__C32,16,32,0,Facebook,0.5968181818181818,0.07286268439570708,/autodl-fs/data/recap/tuning_hyperparams/interaction_tuning/k_c_heatmap_results/k_c_paper_v2_auprc_best/checkpoints/k16__C32/recap/trial_0/model.pt
k16__C32,16,32,0,cora,0.825340109460516,0.4271609623857113,/autodl-fs/data/recap/tuning_hyperparams/interaction_tuning/k_c_heatmap_results/k_c_paper_v2_auprc_best/checkpoints/k16__C32/recap/trial_0/model.pt
k16__C32,16,32,0,citeseer,0.903508551043962,0.44477470815264014,/autodl-fs/data/recap/tuning_hyperparams/interaction_tuning/k_c_heatmap_results/k_c_paper_v2_auprc_best/checkpoints/k16__C32/recap/trial_0/model.pt
k16__C32,16,32,0,ACM,0.7803968121170677,0.3722544696017553,/autodl-fs/data/recap/tuning_hyperparams/interaction_tuning/k_c_heatmap_results/k_c_paper_v2_auprc_best/checkpoints/k16__C32/recap/trial_0/model.pt
k16__C32,16,32,0,BlogCatalog,0.7332843137254902,0.3282162378655215,/autodl-fs/data/recap/tuning_hyperparams/interaction_tuning/k_c_heatmap_results/k_c_paper_v2_auprc_best/checkpoints/k16__C32/recap/trial_0/model.pt
k16__C32,16,32,0,weibo,0.7544072896292271,0.3254018612661367,/autodl-fs/data/recap/tuning_hyperparams/interaction_tuning/k_c_heatmap_results/k_c_paper_v2_auprc_best/checkpoints/k16__C32/recap/trial_0/model.pt
k16__C32,16,32,0,Reddit,0.5871163464042397,0.04677005702393935,/autodl-fs/data/recap/tuning_hyperparams/interaction_tuning/k_c_heatmap_results/k_c_paper_v2_auprc_best/checkpoints/k16__C32/recap/trial_0/model.pt
k16__C32,16,32,0,Amazon,0.7333504113485227,0.1333363344223295,/autodl-fs/data/recap/tuning_hyperparams/interaction_tuning/k_c_heatmap_results/k_c_paper_v2_auprc_best/checkpoints/k16__C32/recap/trial_0/model.pt
k16__C32,16,32,1,Facebook,0.5944318181818181,0.05532635465410786,/autodl-fs/data/recap/tuning_hyperparams/interaction_tuning/k_c_heatmap_results/k_c_paper_v2_auprc_best/checkpoints/k16__C32/recap/trial_1/model.pt
k16__C32,16,32,1,cora,0.8264295022152724,0.4267334397137154,/autodl-fs/data/recap/tuning_hyperparams/interaction_tuning/k_c_heatmap_results/k_c_paper_v2_auprc_best/checkpoints/k16__C32/recap/trial_1/model.pt
k16__C32,16,32,1,citeseer,0.9031119504773897,0.46839044235005284,/autodl-fs/data/recap/tuning_hyperparams/interaction_tuning/k_c_heatmap_results/k_c_paper_v2_auprc_best/checkpoints/k16__C32/recap/trial_1/model.pt
k16__C32,16,32,1,ACM,0.7823714468357398,0.3706296388575855,/autodl-fs/data/recap/tuning_hyperparams/interaction_tuning/k_c_heatmap_results/k_c_paper_v2_auprc_best/checkpoints/k16__C32/recap/trial_1/model.pt
k16__C32,16,32,1,BlogCatalog,0.7328622004357299,0.32872070138947457,/autodl-fs/data/recap/tuning_hyperparams/interaction_tuning/k_c_heatmap_results/k_c_paper_v2_auprc_best/checkpoints/k16__C32/recap/trial_1/model.pt
k16__C32,16,32,1,weibo,0.7691953948844685,0.32759599289114844,/autodl-fs/data/recap/tuning_hyperparams/interaction_tuning/k_c_heatmap_results/k_c_paper_v2_auprc_best/checkpoints/k16__C32/recap/trial_1/model.pt
k16__C32,16,32,1,Reddit,0.5904436429735257,0.04678422716973069,/autodl-fs/data/recap/tuning_hyperparams/interaction_tuning/k_c_heatmap_results/k_c_paper_v2_auprc_best/checkpoints/k16__C32/recap/trial_1/model.pt
k16__C32,16,32,1,Amazon,0.7320370090278808,0.1334826905075008,/autodl-fs/data/recap/tuning_hyperparams/interaction_tuning/k_c_heatmap_results/k_c_paper_v2_auprc_best/checkpoints/k16__C32/recap/trial_1/model.pt
k16__C32,16,32,2,Facebook,0.5878030303030304,0.03557991643466728,/autodl-fs/data/recap/tuning_hyperparams/interaction_tuning/k_c_heatmap_results/k_c_paper_v2_auprc_best/checkpoints/k16__C32/recap/trial_2/model.pt
k16__C32,16,32,2,cora,0.8254235079489185,0.4135819799531442,/autodl-fs/data/recap/tuning_hyperparams/interaction_tuning/k_c_heatmap_results/k_c_paper_v2_auprc_best/checkpoints/k16__C32/recap/trial_2/model.pt
k16__C32,16,32,2,citeseer,0.9043290315811562,0.4607861682136215,/autodl-fs/data/recap/tuning_hyperparams/interaction_tuning/k_c_heatmap_results/k_c_paper_v2_auprc_best/checkpoints/k16__C32/recap/trial_2/model.pt
k16__C32,16,32,2,ACM,0.7838567061614699,0.37699801618507733,/autodl-fs/data/recap/tuning_hyperparams/interaction_tuning/k_c_heatmap_results/k_c_paper_v2_auprc_best/checkpoints/k16__C32/recap/trial_2/model.pt
k16__C32,16,32,2,BlogCatalog,0.7353312227668846,0.33441175462115275,/autodl-fs/data/recap/tuning_hyperparams/interaction_tuning/k_c_heatmap_results/k_c_paper_v2_auprc_best/checkpoints/k16__C32/recap/trial_2/model.pt
k16__C32,16,32,2,weibo,0.7578444038595463,0.315238075757683,/autodl-fs/data/recap/tuning_hyperparams/interaction_tuning/k_c_heatmap_results/k_c_paper_v2_auprc_best/checkpoints/k16__C32/recap/trial_2/model.pt
k16__C32,16,32,2,Reddit,0.5881020166806135,0.04505177539910794,/autodl-fs/data/recap/tuning_hyperparams/interaction_tuning/k_c_heatmap_results/k_c_paper_v2_auprc_best/checkpoints/k16__C32/recap/trial_2/model.pt
k16__C32,16,32,2,Amazon,0.745201312403075,0.1380777198278452,/autodl-fs/data/recap/tuning_hyperparams/interaction_tuning/k_c_heatmap_results/k_c_paper_v2_auprc_best/checkpoints/k16__C32/recap/trial_2/model.pt
k16__C36,16,36,0,Facebook,0.6017045454545454,0.07175860113280254,/autodl-fs/data/recap/tuning_hyperparams/interaction_tuning/k_c_heatmap_results/k_c_paper_v2_auprc_best/checkpoints/k16__C36/recap/trial_0/model.pt
k16__C36,16,36,0,cora,0.8223716445139432,0.42968057247789043,/autodl-fs/data/recap/tuning_hyperparams/interaction_tuning/k_c_heatmap_results/k_c_paper_v2_auprc_best/checkpoints/k16__C36/recap/trial_0/model.pt
k16__C36,16,36,0,citeseer,0.8982121498268808,0.43455799051609045,/autodl-fs/data/recap/tuning_hyperparams/interaction_tuning/k_c_heatmap_results/k_c_paper_v2_auprc_best/checkpoints/k16__C36/recap/trial_0/model.pt
k16__C36,16,36,0,ACM,0.7822096044942195,0.3719463045561865,/autodl-fs/data/recap/tuning_hyperparams/interaction_tuning/k_c_heatmap_results/k_c_paper_v2_auprc_best/checkpoints/k16__C36/recap/trial_0/model.pt
k16__C36,16,36,0,BlogCatalog,0.7246316721132897,0.32390221090309124,/autodl-fs/data/recap/tuning_hyperparams/interaction_tuning/k_c_heatmap_results/k_c_paper_v2_auprc_best/checkpoints/k16__C36/recap/trial_0/model.pt
k16__C36,16,36,0,weibo,0.7561078861946195,0.3259366230784305,/autodl-fs/data/recap/tuning_hyperparams/interaction_tuning/k_c_heatmap_results/k_c_paper_v2_auprc_best/checkpoints/k16__C36/recap/trial_0/model.pt
k16__C36,16,36,0,Reddit,0.5818979936122494,0.04594054060603357,/autodl-fs/data/recap/tuning_hyperparams/interaction_tuning/k_c_heatmap_results/k_c_paper_v2_auprc_best/checkpoints/k16__C36/recap/trial_0/model.pt
k16__C36,16,36,0,Amazon,0.7218870964542982,0.12900412276337975,/autodl-fs/data/recap/tuning_hyperparams/interaction_tuning/k_c_heatmap_results/k_c_paper_v2_auprc_best/checkpoints/k16__C36/recap/trial_0/model.pt
k16__C36,16,36,1,Facebook,0.595719696969697,0.055573228907502596,/autodl-fs/data/recap/tuning_hyperparams/interaction_tuning/k_c_heatmap_results/k_c_paper_v2_auprc_best/checkpoints/k16__C36/recap/trial_1/model.pt
k16__C36,16,36,1,cora,0.8245035183737297,0.41779335909678705,/autodl-fs/data/recap/tuning_hyperparams/interaction_tuning/k_c_heatmap_results/k_c_paper_v2_auprc_best/checkpoints/k16__C36/recap/trial_1/model.pt
k16__C36,16,36,1,citeseer,0.9030427027594167,0.47010211622397896,/autodl-fs/data/recap/tuning_hyperparams/interaction_tuning/k_c_heatmap_results/k_c_paper_v2_auprc_best/checkpoints/k16__C36/recap/trial_1/model.pt
k16__C36,16,36,1,ACM,0.7801494621931546,0.3703432538056691,/autodl-fs/data/recap/tuning_hyperparams/interaction_tuning/k_c_heatmap_results/k_c_paper_v2_auprc_best/checkpoints/k16__C36/recap/trial_1/model.pt
k16__C36,16,36,1,BlogCatalog,0.7351654411764705,0.32963070266675143,/autodl-fs/data/recap/tuning_hyperparams/interaction_tuning/k_c_heatmap_results/k_c_paper_v2_auprc_best/checkpoints/k16__C36/recap/trial_1/model.pt
k16__C36,16,36,1,weibo,0.7737712843978921,0.3238046895983179,/autodl-fs/data/recap/tuning_hyperparams/interaction_tuning/k_c_heatmap_results/k_c_paper_v2_auprc_best/checkpoints/k16__C36/recap/trial_1/model.pt
k16__C36,16,36,1,Reddit,0.5918452735688546,0.046451108512031464,/autodl-fs/data/recap/tuning_hyperparams/interaction_tuning/k_c_heatmap_results/k_c_paper_v2_auprc_best/checkpoints/k16__C36/recap/trial_1/model.pt
k16__C36,16,36,1,Amazon,0.7295905227916559,0.13205305152724936,/autodl-fs/data/recap/tuning_hyperparams/interaction_tuning/k_c_heatmap_results/k_c_paper_v2_auprc_best/checkpoints/k16__C36/recap/trial_1/model.pt
k16__C36,16,36,2,Facebook,0.5921590909090909,0.038840798094113005,/autodl-fs/data/recap/tuning_hyperparams/interaction_tuning/k_c_heatmap_results/k_c_paper_v2_auprc_best/checkpoints/k16__C36/recap/trial_2/model.pt
k16__C36,16,36,2,cora,0.822488923638259,0.4099805005032227,/autodl-fs/data/recap/tuning_hyperparams/interaction_tuning/k_c_heatmap_results/k_c_paper_v2_auprc_best/checkpoints/k16__C36/recap/trial_2/model.pt
k16__C36,16,36,2,citeseer,0.9040415486307838,0.4555804979060446,/autodl-fs/data/recap/tuning_hyperparams/interaction_tuning/k_c_heatmap_results/k_c_paper_v2_auprc_best/checkpoints/k16__C36/recap/trial_2/model.pt
k16__C36,16,36,2,ACM,0.7857423539509932,0.3747015578197525,/autodl-fs/data/recap/tuning_hyperparams/interaction_tuning/k_c_heatmap_results/k_c_paper_v2_auprc_best/checkpoints/k16__C36/recap/trial_2/model.pt
k16__C36,16,36,2,BlogCatalog,0.7365294798474945,0.3265443095511306,/autodl-fs/data/recap/tuning_hyperparams/interaction_tuning/k_c_heatmap_results/k_c_paper_v2_auprc_best/checkpoints/k16__C36/recap/trial_2/model.pt
k16__C36,16,36,2,weibo,0.7947251317463646,0.3189558950696752,/autodl-fs/data/recap/tuning_hyperparams/interaction_tuning/k_c_heatmap_results/k_c_paper_v2_auprc_best/checkpoints/k16__C36/recap/trial_2/model.pt
k16__C36,16,36,2,Reddit,0.5899346609067806,0.046240426491675334,/autodl-fs/data/recap/tuning_hyperparams/interaction_tuning/k_c_heatmap_results/k_c_paper_v2_auprc_best/checkpoints/k16__C36/recap/trial_2/model.pt
k16__C36,16,36,2,Amazon,0.7379820659644394,0.13633443803378675,/autodl-fs/data/recap/tuning_hyperparams/interaction_tuning/k_c_heatmap_results/k_c_paper_v2_auprc_best/checkpoints/k16__C36/recap/trial_2/model.pt
k16__C40,16,40,0,Facebook,0.5951515151515152,0.07079893667695654,/autodl-fs/data/recap/tuning_hyperparams/interaction_tuning/k_c_heatmap_results/k_c_paper_v2_auprc_best/checkpoints/k16__C40/recap/trial_0/model.pt
k16__C40,16,40,0,cora,0.824365389627313,0.42704828382563675,/autodl-fs/data/recap/tuning_hyperparams/interaction_tuning/k_c_heatmap_results/k_c_paper_v2_auprc_best/checkpoints/k16__C40/recap/trial_0/model.pt
k16__C40,16,40,0,citeseer,0.901221277935159,0.44130274883951365,/autodl-fs/data/recap/tuning_hyperparams/interaction_tuning/k_c_heatmap_results/k_c_paper_v2_auprc_best/checkpoints/k16__C40/recap/trial_0/model.pt
k16__C40,16,40,0,ACM,0.7812884737993064,0.37262379085878466,/autodl-fs/data/recap/tuning_hyperparams/interaction_tuning/k_c_heatmap_results/k_c_paper_v2_auprc_best/checkpoints/k16__C40/recap/trial_0/model.pt
k16__C40,16,40,0,BlogCatalog,0.7262775735294118,0.3234468667809791,/autodl-fs/data/recap/tuning_hyperparams/interaction_tuning/k_c_heatmap_results/k_c_paper_v2_auprc_best/checkpoints/k16__C40/recap/trial_0/model.pt
k16__C40,16,40,0,weibo,0.7555277986510787,0.3271472784327468,/autodl-fs/data/recap/tuning_hyperparams/interaction_tuning/k_c_heatmap_results/k_c_paper_v2_auprc_best/checkpoints/k16__C40/recap/trial_0/model.pt
k16__C40,16,40,0,Reddit,0.5855071859621821,0.046064691977983754,/autodl-fs/data/recap/tuning_hyperparams/interaction_tuning/k_c_heatmap_results/k_c_paper_v2_auprc_best/checkpoints/k16__C40/recap/trial_0/model.pt
k16__C40,16,40,0,Amazon,0.7253396412980927,0.12864555708439862,/autodl-fs/data/recap/tuning_hyperparams/interaction_tuning/k_c_heatmap_results/k_c_paper_v2_auprc_best/checkpoints/k16__C40/recap/trial_0/model.pt
k16__C40,16,40,1,Facebook,0.5915909090909092,0.05622775359447377,/autodl-fs/data/recap/tuning_hyperparams/interaction_tuning/k_c_heatmap_results/k_c_paper_v2_auprc_best/checkpoints/k16__C40/recap/trial_1/model.pt
k16__C40,16,40,1,cora,0.82782382069325,0.4271295310059435,/autodl-fs/data/recap/tuning_hyperparams/interaction_tuning/k_c_heatmap_results/k_c_paper_v2_auprc_best/checkpoints/k16__C40/recap/trial_1/model.pt
k16__C40,16,40,1,citeseer,0.8987661315706641,0.4546249733553041,/autodl-fs/data/recap/tuning_hyperparams/interaction_tuning/k_c_heatmap_results/k_c_paper_v2_auprc_best/checkpoints/k16__C40/recap/trial_1/model.pt
k16__C40,16,40,1,ACM,0.7838947681062832,0.3729039227349967,/autodl-fs/data/recap/tuning_hyperparams/interaction_tuning/k_c_heatmap_results/k_c_paper_v2_auprc_best/checkpoints/k16__C40/recap/trial_1/model.pt
k16__C40,16,40,1,BlogCatalog,0.7279010076252723,0.3282040018159994,/autodl-fs/data/recap/tuning_hyperparams/interaction_tuning/k_c_heatmap_results/k_c_paper_v2_auprc_best/checkpoints/k16__C40/recap/trial_1/model.pt
k16__C40,16,40,1,weibo,0.7927354849715291,0.3272484314556558,/autodl-fs/data/recap/tuning_hyperparams/interaction_tuning/k_c_heatmap_results/k_c_paper_v2_auprc_best/checkpoints/k16__C40/recap/trial_1/model.pt
k16__C40,16,40,1,Reddit,0.5966530697948735,0.04639905049043247,/autodl-fs/data/recap/tuning_hyperparams/interaction_tuning/k_c_heatmap_results/k_c_paper_v2_auprc_best/checkpoints/k16__C40/recap/trial_1/model.pt
k16__C40,16,40,1,Amazon,0.7127140221254165,0.12349991338514296,/autodl-fs/data/recap/tuning_hyperparams/interaction_tuning/k_c_heatmap_results/k_c_paper_v2_auprc_best/checkpoints/k16__C40/recap/trial_1/model.pt
k16__C40,16,40,2,Facebook,0.5914015151515152,0.034437327161544004,/autodl-fs/data/recap/tuning_hyperparams/interaction_tuning/k_c_heatmap_results/k_c_paper_v2_auprc_best/checkpoints/k16__C40/recap/trial_2/model.pt
k16__C40,16,40,2,cora,0.8232655720615063,0.4148009261033129,/autodl-fs/data/recap/tuning_hyperparams/interaction_tuning/k_c_heatmap_results/k_c_paper_v2_auprc_best/checkpoints/k16__C40/recap/trial_2/model.pt
k16__C40,16,40,2,citeseer,0.9038736753750919,0.45492878250758223,/autodl-fs/data/recap/tuning_hyperparams/interaction_tuning/k_c_heatmap_results/k_c_paper_v2_auprc_best/checkpoints/k16__C40/recap/trial_2/model.pt
k16__C40,16,40,2,ACM,0.7843223587356223,0.3767745783847934,/autodl-fs/data/recap/tuning_hyperparams/interaction_tuning/k_c_heatmap_results/k_c_paper_v2_auprc_best/checkpoints/k16__C40/recap/trial_2/model.pt
k16__C40,16,40,2,BlogCatalog,0.737618804466231,0.33142848214819876,/autodl-fs/data/recap/tuning_hyperparams/interaction_tuning/k_c_heatmap_results/k_c_paper_v2_auprc_best/checkpoints/k16__C40/recap/trial_2/model.pt
k16__C40,16,40,2,weibo,0.7472980454641892,0.3093238554891558,/autodl-fs/data/recap/tuning_hyperparams/interaction_tuning/k_c_heatmap_results/k_c_paper_v2_auprc_best/checkpoints/k16__C40/recap/trial_2/model.pt
k16__C40,16,40,2,Reddit,0.5818079310625219,0.044129318488902725,/autodl-fs/data/recap/tuning_hyperparams/interaction_tuning/k_c_heatmap_results/k_c_paper_v2_auprc_best/checkpoints/k16__C40/recap/trial_2/model.pt
k16__C40,16,40,2,Amazon,0.7437732996436176,0.1395075306037444,/autodl-fs/data/recap/tuning_hyperparams/interaction_tuning/k_c_heatmap_results/k_c_paper_v2_auprc_best/checkpoints/k16__C40/recap/trial_2/model.pt
k16__C48,16,48,0,Facebook,0.5908712121212121,0.055021126536101334,/autodl-fs/data/recap/tuning_hyperparams/interaction_tuning/k_c_heatmap_results/k_c_paper_v2_auprc_best/checkpoints/k16__C48/recap/trial_0/model.pt
k16__C48,16,48,0,cora,0.8237998436278342,0.4361188114296835,/autodl-fs/data/recap/tuning_hyperparams/interaction_tuning/k_c_heatmap_results/k_c_paper_v2_auprc_best/checkpoints/k16__C48/recap/trial_0/model.pt
k16__C48,16,48,0,citeseer,0.904957507082153,0.46334903079303885,/autodl-fs/data/recap/tuning_hyperparams/interaction_tuning/k_c_heatmap_results/k_c_paper_v2_auprc_best/checkpoints/k16__C48/recap/trial_0/model.pt
k16__C48,16,48,0,ACM,0.7744622063339084,0.36922328087351375,/autodl-fs/data/recap/tuning_hyperparams/interaction_tuning/k_c_heatmap_results/k_c_paper_v2_auprc_best/checkpoints/k16__C48/recap/trial_0/model.pt
k16__C48,16,48,0,BlogCatalog,0.7303142020697169,0.3290090418033121,/autodl-fs/data/recap/tuning_hyperparams/interaction_tuning/k_c_heatmap_results/k_c_paper_v2_auprc_best/checkpoints/k16__C48/recap/trial_0/model.pt
k16__C48,16,48,0,weibo,0.7439840565346136,0.32175837811284064,/autodl-fs/data/recap/tuning_hyperparams/interaction_tuning/k_c_heatmap_results/k_c_paper_v2_auprc_best/checkpoints/k16__C48/recap/trial_0/model.pt
k16__C48,16,48,0,Reddit,0.5865166584838407,0.045924106516053435,/autodl-fs/data/recap/tuning_hyperparams/interaction_tuning/k_c_heatmap_results/k_c_paper_v2_auprc_best/checkpoints/k16__C48/recap/trial_0/model.pt
k16__C48,16,48,0,Amazon,0.7379022777197155,0.13695349848285848,/autodl-fs/data/recap/tuning_hyperparams/interaction_tuning/k_c_heatmap_results/k_c_paper_v2_auprc_best/checkpoints/k16__C48/recap/trial_0/model.pt
k16__C48,16,48,1,Facebook,0.5868939393939394,0.04594548385581748,/autodl-fs/data/recap/tuning_hyperparams/interaction_tuning/k_c_heatmap_results/k_c_paper_v2_auprc_best/checkpoints/k16__C48/recap/trial_1/model.pt
k16__C48,16,48,1,cora,0.8280792285639823,0.4254556473435505,/autodl-fs/data/recap/tuning_hyperparams/interaction_tuning/k_c_heatmap_results/k_c_paper_v2_auprc_best/checkpoints/k16__C48/recap/trial_1/model.pt
k16__C48,16,48,1,citeseer,0.8991900115412863,0.46000478730987393,/autodl-fs/data/recap/tuning_hyperparams/interaction_tuning/k_c_heatmap_results/k_c_paper_v2_auprc_best/checkpoints/k16__C48/recap/trial_1/model.pt
k16__C48,16,48,1,ACM,0.7800352236413387,0.3750833287545373,/autodl-fs/data/recap/tuning_hyperparams/interaction_tuning/k_c_heatmap_results/k_c_paper_v2_auprc_best/checkpoints/k16__C48/recap/trial_1/model.pt
k16__C48,16,48,1,BlogCatalog,0.7370469090413945,0.33449992159025166,/autodl-fs/data/recap/tuning_hyperparams/interaction_tuning/k_c_heatmap_results/k_c_paper_v2_auprc_best/checkpoints/k16__C48/recap/trial_1/model.pt
k16__C48,16,48,1,weibo,0.7985628044504256,0.31987349795997755,/autodl-fs/data/recap/tuning_hyperparams/interaction_tuning/k_c_heatmap_results/k_c_paper_v2_auprc_best/checkpoints/k16__C48/recap/trial_1/model.pt
k16__C48,16,48,1,Reddit,0.5981627754498753,0.04703930129673506,/autodl-fs/data/recap/tuning_hyperparams/interaction_tuning/k_c_heatmap_results/k_c_paper_v2_auprc_best/checkpoints/k16__C48/recap/trial_1/model.pt
k16__C48,16,48,1,Amazon,0.6956128426068622,0.11907042376623848,/autodl-fs/data/recap/tuning_hyperparams/interaction_tuning/k_c_heatmap_results/k_c_paper_v2_auprc_best/checkpoints/k16__C48/recap/trial_1/model.pt
k16__C48,16,48,2,Facebook,0.5868181818181818,0.03865002265556398,/autodl-fs/data/recap/tuning_hyperparams/interaction_tuning/k_c_heatmap_results/k_c_paper_v2_auprc_best/checkpoints/k16__C48/recap/trial_2/model.pt
k16__C48,16,48,2,cora,0.8143549648162628,0.409240951814063,/autodl-fs/data/recap/tuning_hyperparams/interaction_tuning/k_c_heatmap_results/k_c_paper_v2_auprc_best/checkpoints/k16__C48/recap/trial_2/model.pt
k16__C48,16,48,2,citeseer,0.9025348861609486,0.45160147327707895,/autodl-fs/data/recap/tuning_hyperparams/interaction_tuning/k_c_heatmap_results/k_c_paper_v2_auprc_best/checkpoints/k16__C48/recap/trial_2/model.pt
k16__C48,16,48,2,ACM,0.7841911979064033,0.3735295590896339,/autodl-fs/data/recap/tuning_hyperparams/interaction_tuning/k_c_heatmap_results/k_c_paper_v2_auprc_best/checkpoints/k16__C48/recap/trial_2/model.pt
k16__C48,16,48,2,BlogCatalog,0.733479711328976,0.33016883642914213,/autodl-fs/data/recap/tuning_hyperparams/interaction_tuning/k_c_heatmap_results/k_c_paper_v2_auprc_best/checkpoints/k16__C48/recap/trial_2/model.pt
k16__C48,16,48,2,weibo,0.7633702918138413,0.31054692080583374,/autodl-fs/data/recap/tuning_hyperparams/interaction_tuning/k_c_heatmap_results/k_c_paper_v2_auprc_best/checkpoints/k16__C48/recap/trial_2/model.pt
k16__C48,16,48,2,Reddit,0.5865315831349384,0.044131501875641944,/autodl-fs/data/recap/tuning_hyperparams/interaction_tuning/k_c_heatmap_results/k_c_paper_v2_auprc_best/checkpoints/k16__C48/recap/trial_2/model.pt
k16__C48,16,48,2,Amazon,0.716186249078915,0.12721029286628605,/autodl-fs/data/recap/tuning_hyperparams/interaction_tuning/k_c_heatmap_results/k_c_paper_v2_auprc_best/checkpoints/k16__C48/recap/trial_2/model.pt
k24__C16,24,16,0,Facebook,0.6110227272727272,0.04699133531886422,/autodl-fs/data/recap/tuning_hyperparams/interaction_tuning/k_c_heatmap_results/k_c_paper_v2_auprc_best/checkpoints/k24__C16/recap/trial_0/model.pt
k24__C16,24,16,0,cora,0.8218999218139171,0.41201474514823744,/autodl-fs/data/recap/tuning_hyperparams/interaction_tuning/k_c_heatmap_results/k_c_paper_v2_auprc_best/checkpoints/k24__C16/recap/trial_0/model.pt
k24__C16,24,16,0,citeseer,0.9029167978176477,0.4522386059696518,/autodl-fs/data/recap/tuning_hyperparams/interaction_tuning/k_c_heatmap_results/k_c_paper_v2_auprc_best/checkpoints/k24__C16/recap/trial_0/model.pt
k24__C16,24,16,0,ACM,0.7853200350591631,0.37317708065486355,/autodl-fs/data/recap/tuning_hyperparams/interaction_tuning/k_c_heatmap_results/k_c_paper_v2_auprc_best/checkpoints/k24__C16/recap/trial_0/model.pt
k24__C16,24,16,0,BlogCatalog,0.7267898965141613,0.31981686523554753,/autodl-fs/data/recap/tuning_hyperparams/interaction_tuning/k_c_heatmap_results/k_c_paper_v2_auprc_best/checkpoints/k24__C16/recap/trial_0/model.pt
k24__C16,24,16,0,weibo,0.7800758195054933,0.3324968058645613,/autodl-fs/data/recap/tuning_hyperparams/interaction_tuning/k_c_heatmap_results/k_c_paper_v2_auprc_best/checkpoints/k24__C16/recap/trial_0/model.pt
k24__C16,24,16,0,Reddit,0.5916768566008643,0.04811279004223795,/autodl-fs/data/recap/tuning_hyperparams/interaction_tuning/k_c_heatmap_results/k_c_paper_v2_auprc_best/checkpoints/k24__C16/recap/trial_0/model.pt
k24__C16,24,16,0,Amazon,0.7351607112387724,0.13486685374801466,/autodl-fs/data/recap/tuning_hyperparams/interaction_tuning/k_c_heatmap_results/k_c_paper_v2_auprc_best/checkpoints/k24__C16/recap/trial_0/model.pt
k24__C16,24,16,1,Facebook,0.5938257575757575,0.04651936011071786,/autodl-fs/data/recap/tuning_hyperparams/interaction_tuning/k_c_heatmap_results/k_c_paper_v2_auprc_best/checkpoints/k24__C16/recap/trial_1/model.pt
k24__C16,24,16,1,cora,0.832306489444879,0.4265897822732548,/autodl-fs/data/recap/tuning_hyperparams/interaction_tuning/k_c_heatmap_results/k_c_paper_v2_auprc_best/checkpoints/k24__C16/recap/trial_1/model.pt
k24__C16,24,16,1,citeseer,0.9020795299548842,0.47159280808662235,/autodl-fs/data/recap/tuning_hyperparams/interaction_tuning/k_c_heatmap_results/k_c_paper_v2_auprc_best/checkpoints/k24__C16/recap/trial_1/model.pt
k24__C16,24,16,1,ACM,0.7860052027831822,0.37344279860216334,/autodl-fs/data/recap/tuning_hyperparams/interaction_tuning/k_c_heatmap_results/k_c_paper_v2_auprc_best/checkpoints/k24__C16/recap/trial_1/model.pt
k24__C16,24,16,1,BlogCatalog,0.7262479575163399,0.33419283325233984,/autodl-fs/data/recap/tuning_hyperparams/interaction_tuning/k_c_heatmap_results/k_c_paper_v2_auprc_best/checkpoints/k24__C16/recap/trial_1/model.pt
k24__C16,24,16,1,weibo,0.7719704144652891,0.3136629719331858,/autodl-fs/data/recap/tuning_hyperparams/interaction_tuning/k_c_heatmap_results/k_c_paper_v2_auprc_best/checkpoints/k24__C16/recap/trial_1/model.pt
k24__C16,24,16,1,Reddit,0.5932717356957512,0.046420251343578446,/autodl-fs/data/recap/tuning_hyperparams/interaction_tuning/k_c_heatmap_results/k_c_paper_v2_auprc_best/checkpoints/k24__C16/recap/trial_1/model.pt
k24__C16,24,16,1,Amazon,0.7419301457702464,0.13405072908419494,/autodl-fs/data/recap/tuning_hyperparams/interaction_tuning/k_c_heatmap_results/k_c_paper_v2_auprc_best/checkpoints/k24__C16/recap/trial_1/model.pt
k24__C16,24,16,2,Facebook,0.5977272727272727,0.037273060784878506,/autodl-fs/data/recap/tuning_hyperparams/interaction_tuning/k_c_heatmap_results/k_c_paper_v2_auprc_best/checkpoints/k24__C16/recap/trial_2/model.pt
k24__C16,24,16,2,cora,0.8131065936929893,0.4098856967830276,/autodl-fs/data/recap/tuning_hyperparams/interaction_tuning/k_c_heatmap_results/k_c_paper_v2_auprc_best/checkpoints/k24__C16/recap/trial_2/model.pt
k24__C16,24,16,2,citeseer,0.904297555345714,0.46424341161257043,/autodl-fs/data/recap/tuning_hyperparams/interaction_tuning/k_c_heatmap_results/k_c_paper_v2_auprc_best/checkpoints/k24__C16/recap/trial_2/model.pt
k24__C16,24,16,2,ACM,0.7779623764528778,0.37098961375001427,/autodl-fs/data/recap/tuning_hyperparams/interaction_tuning/k_c_heatmap_results/k_c_paper_v2_auprc_best/checkpoints/k24__C16/recap/trial_2/model.pt
k24__C16,24,16,2,BlogCatalog,0.7256910403050109,0.32807816503498477,/autodl-fs/data/recap/tuning_hyperparams/interaction_tuning/k_c_heatmap_results/k_c_paper_v2_auprc_best/checkpoints/k24__C16/recap/trial_2/model.pt
k24__C16,24,16,2,weibo,0.7758171056581693,0.32421705183870164,/autodl-fs/data/recap/tuning_hyperparams/interaction_tuning/k_c_heatmap_results/k_c_paper_v2_auprc_best/checkpoints/k24__C16/recap/trial_2/model.pt
k24__C16,24,16,2,Reddit,0.5850487675840694,0.04513417392233363,/autodl-fs/data/recap/tuning_hyperparams/interaction_tuning/k_c_heatmap_results/k_c_paper_v2_auprc_best/checkpoints/k24__C16/recap/trial_2/model.pt
k24__C16,24,16,2,Amazon,0.7192432592180784,0.13188976501683752,/autodl-fs/data/recap/tuning_hyperparams/interaction_tuning/k_c_heatmap_results/k_c_paper_v2_auprc_best/checkpoints/k24__C16/recap/trial_2/model.pt
k24__C20,24,20,0,Facebook,0.6001893939393939,0.05213811774797526,/autodl-fs/data/recap/tuning_hyperparams/interaction_tuning/k_c_heatmap_results/k_c_paper_v2_auprc_best/checkpoints/k24__C20/recap/trial_0/model.pt
k24__C20,24,20,0,cora,0.8284597341673181,0.43902780417177845,/autodl-fs/data/recap/tuning_hyperparams/interaction_tuning/k_c_heatmap_results/k_c_paper_v2_auprc_best/checkpoints/k24__C20/recap/trial_0/model.pt
k24__C20,24,20,0,citeseer,0.9022956667715875,0.45650096417290614,/autodl-fs/data/recap/tuning_hyperparams/interaction_tuning/k_c_heatmap_results/k_c_paper_v2_auprc_best/checkpoints/k24__C20/recap/trial_0/model.pt
k24__C20,24,20,0,ACM,0.786355404305892,0.36934534900254773,/autodl-fs/data/recap/tuning_hyperparams/interaction_tuning/k_c_heatmap_results/k_c_paper_v2_auprc_best/checkpoints/k24__C20/recap/trial_0/model.pt
k24__C20,24,20,0,BlogCatalog,0.7254541122004358,0.3261424712787599,/autodl-fs/data/recap/tuning_hyperparams/interaction_tuning/k_c_heatmap_results/k_c_paper_v2_auprc_best/checkpoints/k24__C20/recap/trial_0/model.pt
k24__C20,24,20,0,weibo,0.7721148631421394,0.32059546785058624,/autodl-fs/data/recap/tuning_hyperparams/interaction_tuning/k_c_heatmap_results/k_c_paper_v2_auprc_best/checkpoints/k24__C20/recap/trial_0/model.pt
k24__C20,24,20,0,Reddit,0.5945672211431872,0.048153700747333064,/autodl-fs/data/recap/tuning_hyperparams/interaction_tuning/k_c_heatmap_results/k_c_paper_v2_auprc_best/checkpoints/k24__C20/recap/trial_0/model.pt
k24__C20,24,20,0,Amazon,0.7460344712469358,0.14261511455962356,/autodl-fs/data/recap/tuning_hyperparams/interaction_tuning/k_c_heatmap_results/k_c_paper_v2_auprc_best/checkpoints/k24__C20/recap/trial_0/model.pt
k24__C20,24,20,1,Facebook,0.58625,0.04693361207823686,/autodl-fs/data/recap/tuning_hyperparams/interaction_tuning/k_c_heatmap_results/k_c_paper_v2_auprc_best/checkpoints/k24__C20/recap/trial_1/model.pt
k24__C20,24,20,1,cora,0.8229033098775085,0.41972287716653583,/autodl-fs/data/recap/tuning_hyperparams/interaction_tuning/k_c_heatmap_results/k_c_paper_v2_auprc_best/checkpoints/k24__C20/recap/trial_1/model.pt
k24__C20,24,20,1,citeseer,0.8996013010177316,0.4667876989206654,/autodl-fs/data/recap/tuning_hyperparams/interaction_tuning/k_c_heatmap_results/k_c_paper_v2_auprc_best/checkpoints/k24__C20/recap/trial_1/model.pt
k24__C20,24,20,1,ACM,0.7756887287827063,0.3744914568434709,/autodl-fs/data/recap/tuning_hyperparams/interaction_tuning/k_c_heatmap_results/k_c_paper_v2_auprc_best/checkpoints/k24__C20/recap/trial_1/model.pt
k24__C20,24,20,1,BlogCatalog,0.7301327614379085,0.3337092162629765,/autodl-fs/data/recap/tuning_hyperparams/interaction_tuning/k_c_heatmap_results/k_c_paper_v2_auprc_best/checkpoints/k24__C20/recap/trial_1/model.pt
k24__C20,24,20,1,weibo,0.7700203573278127,0.3170795713022848,/autodl-fs/data/recap/tuning_hyperparams/interaction_tuning/k_c_heatmap_results/k_c_paper_v2_auprc_best/checkpoints/k24__C20/recap/trial_1/model.pt
k24__C20,24,20,1,Reddit,0.5947482468681392,0.04674315148000303,/autodl-fs/data/recap/tuning_hyperparams/interaction_tuning/k_c_heatmap_results/k_c_paper_v2_auprc_best/checkpoints/k24__C20/recap/trial_1/model.pt
k24__C20,24,20,1,Amazon,0.7277457035090023,0.12797773534011414,/autodl-fs/data/recap/tuning_hyperparams/interaction_tuning/k_c_heatmap_results/k_c_paper_v2_auprc_best/checkpoints/k24__C20/recap/trial_1/model.pt
k24__C20,24,20,2,Facebook,0.5916666666666667,0.04381629030710499,/autodl-fs/data/recap/tuning_hyperparams/interaction_tuning/k_c_heatmap_results/k_c_paper_v2_auprc_best/checkpoints/k24__C20/recap/trial_2/model.pt
k24__C20,24,20,2,cora,0.8126817826426896,0.3996404507135334,/autodl-fs/data/recap/tuning_hyperparams/interaction_tuning/k_c_heatmap_results/k_c_paper_v2_auprc_best/checkpoints/k24__C20/recap/trial_2/model.pt
k24__C20,24,20,2,citeseer,0.9029608645472669,0.4551027899505752,/autodl-fs/data/recap/tuning_hyperparams/interaction_tuning/k_c_heatmap_results/k_c_paper_v2_auprc_best/checkpoints/k24__C20/recap/trial_2/model.pt
k24__C20,24,20,2,ACM,0.7822936359901098,0.3793208551221116,/autodl-fs/data/recap/tuning_hyperparams/interaction_tuning/k_c_heatmap_results/k_c_paper_v2_auprc_best/checkpoints/k24__C20/recap/trial_2/model.pt
k24__C20,24,20,2,BlogCatalog,0.730748570261438,0.33043826956874556,/autodl-fs/data/recap/tuning_hyperparams/interaction_tuning/k_c_heatmap_results/k_c_paper_v2_auprc_best/checkpoints/k24__C20/recap/trial_2/model.pt
k24__C20,24,20,2,weibo,0.7411904649810552,0.3016353652914648,/autodl-fs/data/recap/tuning_hyperparams/interaction_tuning/k_c_heatmap_results/k_c_paper_v2_auprc_best/checkpoints/k24__C20/recap/trial_2/model.pt
k24__C20,24,20,2,Reddit,0.5856497421123219,0.04519155123227898,/autodl-fs/data/recap/tuning_hyperparams/interaction_tuning/k_c_heatmap_results/k_c_paper_v2_auprc_best/checkpoints/k24__C20/recap/trial_2/model.pt
k24__C20,24,20,2,Amazon,0.7141232611802331,0.12478535259579489,/autodl-fs/data/recap/tuning_hyperparams/interaction_tuning/k_c_heatmap_results/k_c_paper_v2_auprc_best/checkpoints/k24__C20/recap/trial_2/model.pt
k24__C24,24,24,0,Facebook,0.6156439393939394,0.05518801545862652,/autodl-fs/data/recap/tuning_hyperparams/interaction_tuning/k_c_heatmap_results/k_c_paper_v2_auprc_best/checkpoints/k24__C24/recap/trial_0/model.pt
k24__C24,24,24,0,cora,0.8259238988793327,0.42427988991062193,/autodl-fs/data/recap/tuning_hyperparams/interaction_tuning/k_c_heatmap_results/k_c_paper_v2_auprc_best/checkpoints/k24__C24/recap/trial_0/model.pt
k24__C24,24,24,0,citeseer,0.9072405833595635,0.4575996373722511,/autodl-fs/data/recap/tuning_hyperparams/interaction_tuning/k_c_heatmap_results/k_c_paper_v2_auprc_best/checkpoints/k24__C24/recap/trial_0/model.pt
k24__C24,24,24,0,ACM,0.7887822486680691,0.37276477318392254,/autodl-fs/data/recap/tuning_hyperparams/interaction_tuning/k_c_heatmap_results/k_c_paper_v2_auprc_best/checkpoints/k24__C24/recap/trial_0/model.pt
k24__C24,24,24,0,BlogCatalog,0.7243276824618737,0.3203198088651396,/autodl-fs/data/recap/tuning_hyperparams/interaction_tuning/k_c_heatmap_results/k_c_paper_v2_auprc_best/checkpoints/k24__C24/recap/trial_0/model.pt
k24__C24,24,24,0,weibo,0.7773705785712146,0.32601237686732615,/autodl-fs/data/recap/tuning_hyperparams/interaction_tuning/k_c_heatmap_results/k_c_paper_v2_auprc_best/checkpoints/k24__C24/recap/trial_0/model.pt
k24__C24,24,24,0,Reddit,0.5881826869930122,0.04721025380553995,/autodl-fs/data/recap/tuning_hyperparams/interaction_tuning/k_c_heatmap_results/k_c_paper_v2_auprc_best/checkpoints/k24__C24/recap/trial_0/model.pt
k24__C24,24,24,0,Amazon,0.7249784745850217,0.1317729278521708,/autodl-fs/data/recap/tuning_hyperparams/interaction_tuning/k_c_heatmap_results/k_c_paper_v2_auprc_best/checkpoints/k24__C24/recap/trial_0/model.pt
k24__C24,24,24,1,Facebook,0.585719696969697,0.04603509406296334,/autodl-fs/data/recap/tuning_hyperparams/interaction_tuning/k_c_heatmap_results/k_c_paper_v2_auprc_best/checkpoints/k24__C24/recap/trial_1/model.pt
k24__C24,24,24,1,cora,0.8278186082877247,0.4239933786007772,/autodl-fs/data/recap/tuning_hyperparams/interaction_tuning/k_c_heatmap_results/k_c_paper_v2_auprc_best/checkpoints/k24__C24/recap/trial_1/model.pt
k24__C24,24,24,1,citeseer,0.9017227992865388,0.4778313739970899,/autodl-fs/data/recap/tuning_hyperparams/interaction_tuning/k_c_heatmap_results/k_c_paper_v2_auprc_best/checkpoints/k24__C24/recap/trial_1/model.pt
k24__C24,24,24,1,ACM,0.7769050240607372,0.37319685824145166,/autodl-fs/data/recap/tuning_hyperparams/interaction_tuning/k_c_heatmap_results/k_c_paper_v2_auprc_best/checkpoints/k24__C24/recap/trial_1/model.pt
k24__C24,24,24,1,BlogCatalog,0.7260403050108932,0.332480105898387,/autodl-fs/data/recap/tuning_hyperparams/interaction_tuning/k_c_heatmap_results/k_c_paper_v2_auprc_best/checkpoints/k24__C24/recap/trial_1/model.pt
k24__C24,24,24,1,weibo,0.7508922189701314,0.316158829691731,/autodl-fs/data/recap/tuning_hyperparams/interaction_tuning/k_c_heatmap_results/k_c_paper_v2_auprc_best/checkpoints/k24__C24/recap/trial_1/model.pt
k24__C24,24,24,1,Reddit,0.5934998512681322,0.04629727507929135,/autodl-fs/data/recap/tuning_hyperparams/interaction_tuning/k_c_heatmap_results/k_c_paper_v2_auprc_best/checkpoints/k24__C24/recap/trial_1/model.pt
k24__C24,24,24,1,Amazon,0.7357490549180823,0.1334295597145123,/autodl-fs/data/recap/tuning_hyperparams/interaction_tuning/k_c_heatmap_results/k_c_paper_v2_auprc_best/checkpoints/k24__C24/recap/trial_1/model.pt
k24__C24,24,24,2,Facebook,0.5929166666666668,0.03718831243607074,/autodl-fs/data/recap/tuning_hyperparams/interaction_tuning/k_c_heatmap_results/k_c_paper_v2_auprc_best/checkpoints/k24__C24/recap/trial_2/model.pt
k24__C24,24,24,2,cora,0.8181548084440969,0.39289752960634206,/autodl-fs/data/recap/tuning_hyperparams/interaction_tuning/k_c_heatmap_results/k_c_paper_v2_auprc_best/checkpoints/k24__C24/recap/trial_2/model.pt
k24__C24,24,24,2,citeseer,0.9008057916273214,0.4444813554311846,/autodl-fs/data/recap/tuning_hyperparams/interaction_tuning/k_c_heatmap_results/k_c_paper_v2_auprc_best/checkpoints/k24__C24/recap/trial_2/model.pt
k24__C24,24,24,2,ACM,0.7828670428789422,0.3749348131963248,/autodl-fs/data/recap/tuning_hyperparams/interaction_tuning/k_c_heatmap_results/k_c_paper_v2_auprc_best/checkpoints/k24__C24/recap/trial_2/model.pt
k24__C24,24,24,2,BlogCatalog,0.7287292347494554,0.3253827164955035,/autodl-fs/data/recap/tuning_hyperparams/interaction_tuning/k_c_heatmap_results/k_c_paper_v2_auprc_best/checkpoints/k24__C24/recap/trial_2/model.pt
k24__C24,24,24,2,weibo,0.7476375380687227,0.3134045649591068,/autodl-fs/data/recap/tuning_hyperparams/interaction_tuning/k_c_heatmap_results/k_c_paper_v2_auprc_best/checkpoints/k24__C24/recap/trial_2/model.pt
k24__C24,24,24,2,Reddit,0.5879386174832509,0.045645851421175276,/autodl-fs/data/recap/tuning_hyperparams/interaction_tuning/k_c_heatmap_results/k_c_paper_v2_auprc_best/checkpoints/k24__C24/recap/trial_2/model.pt
k24__C24,24,24,2,Amazon,0.722623434458499,0.12825769198835868,/autodl-fs/data/recap/tuning_hyperparams/interaction_tuning/k_c_heatmap_results/k_c_paper_v2_auprc_best/checkpoints/k24__C24/recap/trial_2/model.pt
k24__C28,24,28,0,Facebook,0.6035984848484849,0.07340970303266617,/autodl-fs/data/recap/tuning_hyperparams/interaction_tuning/k_c_heatmap_results/k_c_paper_v2_auprc_best/checkpoints/k24__C28/recap/trial_0/model.pt
k24__C28,24,28,0,cora,0.8213969246807401,0.42719615386521376,/autodl-fs/data/recap/tuning_hyperparams/interaction_tuning/k_c_heatmap_results/k_c_paper_v2_auprc_best/checkpoints/k24__C28/recap/trial_0/model.pt
k24__C28,24,28,0,citeseer,0.9058042178155491,0.46668009273456706,/autodl-fs/data/recap/tuning_hyperparams/interaction_tuning/k_c_heatmap_results/k_c_paper_v2_auprc_best/checkpoints/k24__C28/recap/trial_0/model.pt
k24__C28,24,28,0,ACM,0.7885911481833751,0.3721366870150714,/autodl-fs/data/recap/tuning_hyperparams/interaction_tuning/k_c_heatmap_results/k_c_paper_v2_auprc_best/checkpoints/k24__C28/recap/trial_0/model.pt
k24__C28,24,28,0,BlogCatalog,0.7331924019607843,0.33337675229330843,/autodl-fs/data/recap/tuning_hyperparams/interaction_tuning/k_c_heatmap_results/k_c_paper_v2_auprc_best/checkpoints/k24__C28/recap/trial_0/model.pt
k24__C28,24,28,0,weibo,0.7664131146558698,0.3219761116537698,/autodl-fs/data/recap/tuning_hyperparams/interaction_tuning/k_c_heatmap_results/k_c_paper_v2_auprc_best/checkpoints/k24__C28/recap/trial_0/model.pt
k24__C28,24,28,0,Reddit,0.5886342863495024,0.04681143914904109,/autodl-fs/data/recap/tuning_hyperparams/interaction_tuning/k_c_heatmap_results/k_c_paper_v2_auprc_best/checkpoints/k24__C28/recap/trial_0/model.pt
k24__C28,24,28,0,Amazon,0.7077143120580326,0.12324571717718107,/autodl-fs/data/recap/tuning_hyperparams/interaction_tuning/k_c_heatmap_results/k_c_paper_v2_auprc_best/checkpoints/k24__C28/recap/trial_0/model.pt
k24__C28,24,28,1,Facebook,0.5941287878787879,0.0461760775978399,/autodl-fs/data/recap/tuning_hyperparams/interaction_tuning/k_c_heatmap_results/k_c_paper_v2_auprc_best/checkpoints/k24__C28/recap/trial_1/model.pt
k24__C28,24,28,1,cora,0.828676048996612,0.4289588018614888,/autodl-fs/data/recap/tuning_hyperparams/interaction_tuning/k_c_heatmap_results/k_c_paper_v2_auprc_best/checkpoints/k24__C28/recap/trial_1/model.pt
k24__C28,24,28,1,citeseer,0.9033931381806736,0.47680936549708086,/autodl-fs/data/recap/tuning_hyperparams/interaction_tuning/k_c_heatmap_results/k_c_paper_v2_auprc_best/checkpoints/k24__C28/recap/trial_1/model.pt
k24__C28,24,28,1,ACM,0.7734612088157368,0.3736098361038892,/autodl-fs/data/recap/tuning_hyperparams/interaction_tuning/k_c_heatmap_results/k_c_paper_v2_auprc_best/checkpoints/k24__C28/recap/trial_1/model.pt
k24__C28,24,28,1,BlogCatalog,0.7304033905228758,0.3362552803491148,/autodl-fs/data/recap/tuning_hyperparams/interaction_tuning/k_c_heatmap_results/k_c_paper_v2_auprc_best/checkpoints/k24__C28/recap/trial_1/model.pt
k24__C28,24,28,1,weibo,0.7572465850498524,0.3090922211088979,/autodl-fs/data/recap/tuning_hyperparams/interaction_tuning/k_c_heatmap_results/k_c_paper_v2_auprc_best/checkpoints/k24__C28/recap/trial_1/model.pt
k24__C28,24,28,1,Reddit,0.5934954768014311,0.04672567707555067,/autodl-fs/data/recap/tuning_hyperparams/interaction_tuning/k_c_heatmap_results/k_c_paper_v2_auprc_best/checkpoints/k24__C28/recap/trial_1/model.pt
k24__C28,24,28,1,Amazon,0.7200443210830368,0.12800252550474495,/autodl-fs/data/recap/tuning_hyperparams/interaction_tuning/k_c_heatmap_results/k_c_paper_v2_auprc_best/checkpoints/k24__C28/recap/trial_1/model.pt
k24__C28,24,28,2,Facebook,0.5824242424242424,0.03698124642172505,/autodl-fs/data/recap/tuning_hyperparams/interaction_tuning/k_c_heatmap_results/k_c_paper_v2_auprc_best/checkpoints/k24__C28/recap/trial_2/model.pt
k24__C28,24,28,2,cora,0.8198801146729215,0.40836313014497094,/autodl-fs/data/recap/tuning_hyperparams/interaction_tuning/k_c_heatmap_results/k_c_paper_v2_auprc_best/checkpoints/k24__C28/recap/trial_2/model.pt
k24__C28,24,28,2,citeseer,0.9026314132829714,0.45494061189071056,/autodl-fs/data/recap/tuning_hyperparams/interaction_tuning/k_c_heatmap_results/k_c_paper_v2_auprc_best/checkpoints/k24__C28/recap/trial_2/model.pt
k24__C28,24,28,2,ACM,0.7871976170902981,0.3765136956725276,/autodl-fs/data/recap/tuning_hyperparams/interaction_tuning/k_c_heatmap_results/k_c_paper_v2_auprc_best/checkpoints/k24__C28/recap/trial_2/model.pt
k24__C28,24,28,2,BlogCatalog,0.7280327478213506,0.33311341795713056,/autodl-fs/data/recap/tuning_hyperparams/interaction_tuning/k_c_heatmap_results/k_c_paper_v2_auprc_best/checkpoints/k24__C28/recap/trial_2/model.pt
k24__C28,24,28,2,weibo,0.7714352665101016,0.3080154754193779,/autodl-fs/data/recap/tuning_hyperparams/interaction_tuning/k_c_heatmap_results/k_c_paper_v2_auprc_best/checkpoints/k24__C28/recap/trial_2/model.pt
k24__C28,24,28,2,Reddit,0.5918830998397402,0.046152298258409614,/autodl-fs/data/recap/tuning_hyperparams/interaction_tuning/k_c_heatmap_results/k_c_paper_v2_auprc_best/checkpoints/k24__C28/recap/trial_2/model.pt
k24__C28,24,28,2,Amazon,0.7368450456269152,0.13346793607651197,/autodl-fs/data/recap/tuning_hyperparams/interaction_tuning/k_c_heatmap_results/k_c_paper_v2_auprc_best/checkpoints/k24__C28/recap/trial_2/model.pt
k24__C32,24,32,0,Facebook,0.6096969696969696,0.07295359276517016,/autodl-fs/data/recap/tuning_hyperparams/interaction_tuning/k_c_heatmap_results/k_c_paper_v2_auprc_best/checkpoints/k24__C32/recap/trial_0/model.pt
k24__C32,24,32,0,cora,0.8227130570758405,0.4279083851241151,/autodl-fs/data/recap/tuning_hyperparams/interaction_tuning/k_c_heatmap_results/k_c_paper_v2_auprc_best/checkpoints/k24__C32/recap/trial_0/model.pt
k24__C32,24,32,0,citeseer,0.9064778092540132,0.461844179145195,/autodl-fs/data/recap/tuning_hyperparams/interaction_tuning/k_c_heatmap_results/k_c_paper_v2_auprc_best/checkpoints/k24__C32/recap/trial_0/model.pt
k24__C32,24,32,0,ACM,0.7814654987448519,0.3717704382074419,/autodl-fs/data/recap/tuning_hyperparams/interaction_tuning/k_c_heatmap_results/k_c_paper_v2_auprc_best/checkpoints/k24__C32/recap/trial_0/model.pt
k24__C32,24,32,0,BlogCatalog,0.7275360838779956,0.3319768721884511,/autodl-fs/data/recap/tuning_hyperparams/interaction_tuning/k_c_heatmap_results/k_c_paper_v2_auprc_best/checkpoints/k24__C32/recap/trial_0/model.pt
k24__C32,24,32,0,weibo,0.7534561447702854,0.3259545895592865,/autodl-fs/data/recap/tuning_hyperparams/interaction_tuning/k_c_heatmap_results/k_c_paper_v2_auprc_best/checkpoints/k24__C32/recap/trial_0/model.pt
k24__C32,24,32,0,Reddit,0.5910332953526696,0.047344340629125,/autodl-fs/data/recap/tuning_hyperparams/interaction_tuning/k_c_heatmap_results/k_c_paper_v2_auprc_best/checkpoints/k24__C32/recap/trial_0/model.pt
k24__C32,24,32,0,Amazon,0.691923961045774,0.120150585303301,/autodl-fs/data/recap/tuning_hyperparams/interaction_tuning/k_c_heatmap_results/k_c_paper_v2_auprc_best/checkpoints/k24__C32/recap/trial_0/model.pt
k24__C32,24,32,1,Facebook,0.5958333333333334,0.05552269404769576,/autodl-fs/data/recap/tuning_hyperparams/interaction_tuning/k_c_heatmap_results/k_c_paper_v2_auprc_best/checkpoints/k24__C32/recap/trial_1/model.pt
k24__C32,24,32,1,cora,0.8271566327860308,0.4252016080948516,/autodl-fs/data/recap/tuning_hyperparams/interaction_tuning/k_c_heatmap_results/k_c_paper_v2_auprc_best/checkpoints/k24__C32/recap/trial_1/model.pt
k24__C32,24,32,1,citeseer,0.9039576120029378,0.47024930672412324,/autodl-fs/data/recap/tuning_hyperparams/interaction_tuning/k_c_heatmap_results/k_c_paper_v2_auprc_best/checkpoints/k24__C32/recap/trial_1/model.pt
k24__C32,24,32,1,ACM,0.7847588058839761,0.370192569194132,/autodl-fs/data/recap/tuning_hyperparams/interaction_tuning/k_c_heatmap_results/k_c_paper_v2_auprc_best/checkpoints/k24__C32/recap/trial_1/model.pt
k24__C32,24,32,1,BlogCatalog,0.7253227124183006,0.3263357069970064,/autodl-fs/data/recap/tuning_hyperparams/interaction_tuning/k_c_heatmap_results/k_c_paper_v2_auprc_best/checkpoints/k24__C32/recap/trial_1/model.pt
k24__C32,24,32,1,weibo,0.7758077814578647,0.3319552554199091,/autodl-fs/data/recap/tuning_hyperparams/interaction_tuning/k_c_heatmap_results/k_c_paper_v2_auprc_best/checkpoints/k24__C32/recap/trial_1/model.pt
k24__C32,24,32,1,Reddit,0.5910572262587399,0.04698373779121575,/autodl-fs/data/recap/tuning_hyperparams/interaction_tuning/k_c_heatmap_results/k_c_paper_v2_auprc_best/checkpoints/k24__C32/recap/trial_1/model.pt
k24__C32,24,32,1,Amazon,0.7366568543779749,0.13567916158252985,/autodl-fs/data/recap/tuning_hyperparams/interaction_tuning/k_c_heatmap_results/k_c_paper_v2_auprc_best/checkpoints/k24__C32/recap/trial_1/model.pt
k24__C32,24,32,2,Facebook,0.5893181818181819,0.03447072759457484,/autodl-fs/data/recap/tuning_hyperparams/interaction_tuning/k_c_heatmap_results/k_c_paper_v2_auprc_best/checkpoints/k24__C32/recap/trial_2/model.pt
k24__C32,24,32,2,cora,0.8242741725306229,0.4126379320865241,/autodl-fs/data/recap/tuning_hyperparams/interaction_tuning/k_c_heatmap_results/k_c_paper_v2_auprc_best/checkpoints/k24__C32/recap/trial_2/model.pt
k24__C32,24,32,2,citeseer,0.9051757423145524,0.4597870748547023,/autodl-fs/data/recap/tuning_hyperparams/interaction_tuning/k_c_heatmap_results/k_c_paper_v2_auprc_best/checkpoints/k24__C32/recap/trial_2/model.pt
k24__C32,24,32,2,ACM,0.7784246551150247,0.3756861432467234,/autodl-fs/data/recap/tuning_hyperparams/interaction_tuning/k_c_heatmap_results/k_c_paper_v2_auprc_best/checkpoints/k24__C32/recap/trial_2/model.pt
k24__C32,24,32,2,BlogCatalog,0.7297926879084967,0.32939811676210123,/autodl-fs/data/recap/tuning_hyperparams/interaction_tuning/k_c_heatmap_results/k_c_paper_v2_auprc_best/checkpoints/k24__C32/recap/trial_2/model.pt
k24__C32,24,32,2,weibo,0.763826260494311,0.3196457426833168,/autodl-fs/data/recap/tuning_hyperparams/interaction_tuning/k_c_heatmap_results/k_c_paper_v2_auprc_best/checkpoints/k24__C32/recap/trial_2/model.pt
k24__C32,24,32,2,Reddit,0.5909604733481757,0.04603322165654623,/autodl-fs/data/recap/tuning_hyperparams/interaction_tuning/k_c_heatmap_results/k_c_paper_v2_auprc_best/checkpoints/k24__C32/recap/trial_2/model.pt
k24__C32,24,32,2,Amazon,0.7201641548509664,0.1296968404137464,/autodl-fs/data/recap/tuning_hyperparams/interaction_tuning/k_c_heatmap_results/k_c_paper_v2_auprc_best/checkpoints/k24__C32/recap/trial_2/model.pt
k24__C36,24,36,0,Facebook,0.6040530303030303,0.0727506908682462,/autodl-fs/data/recap/tuning_hyperparams/interaction_tuning/k_c_heatmap_results/k_c_paper_v2_auprc_best/checkpoints/k24__C36/recap/trial_0/model.pt
k24__C36,24,36,0,cora,0.8261297888975762,0.42989174127011437,/autodl-fs/data/recap/tuning_hyperparams/interaction_tuning/k_c_heatmap_results/k_c_paper_v2_auprc_best/checkpoints/k24__C36/recap/trial_0/model.pt
k24__C36,24,36,0,citeseer,0.8993431958871053,0.43556460679419284,/autodl-fs/data/recap/tuning_hyperparams/interaction_tuning/k_c_heatmap_results/k_c_paper_v2_auprc_best/checkpoints/k24__C36/recap/trial_0/model.pt
k24__C36,24,36,0,ACM,0.7799904665898891,0.37091538493356085,/autodl-fs/data/recap/tuning_hyperparams/interaction_tuning/k_c_heatmap_results/k_c_paper_v2_auprc_best/checkpoints/k24__C36/recap/trial_0/model.pt
k24__C36,24,36,0,BlogCatalog,0.7264971405228758,0.32356175903199497,/autodl-fs/data/recap/tuning_hyperparams/interaction_tuning/k_c_heatmap_results/k_c_paper_v2_auprc_best/checkpoints/k24__C36/recap/trial_0/model.pt
k24__C36,24,36,0,weibo,0.7640169480333274,0.3266503101975892,/autodl-fs/data/recap/tuning_hyperparams/interaction_tuning/k_c_heatmap_results/k_c_paper_v2_auprc_best/checkpoints/k24__C36/recap/trial_0/model.pt
k24__C36,24,36,0,Reddit,0.5847013834636924,0.04597878821210098,/autodl-fs/data/recap/tuning_hyperparams/interaction_tuning/k_c_heatmap_results/k_c_paper_v2_auprc_best/checkpoints/k24__C36/recap/trial_0/model.pt
k24__C36,24,36,0,Amazon,0.7362928110488702,0.1341353664029626,/autodl-fs/data/recap/tuning_hyperparams/interaction_tuning/k_c_heatmap_results/k_c_paper_v2_auprc_best/checkpoints/k24__C36/recap/trial_0/model.pt
k24__C36,24,36,1,Facebook,0.5937878787878788,0.05444902118015152,/autodl-fs/data/recap/tuning_hyperparams/interaction_tuning/k_c_heatmap_results/k_c_paper_v2_auprc_best/checkpoints/k24__C36/recap/trial_1/model.pt
k24__C36,24,36,1,cora,0.825793588741204,0.4198135357556264,/autodl-fs/data/recap/tuning_hyperparams/interaction_tuning/k_c_heatmap_results/k_c_paper_v2_auprc_best/checkpoints/k24__C36/recap/trial_1/model.pt
k24__C36,24,36,1,citeseer,0.903046899590809,0.46909534730248637,/autodl-fs/data/recap/tuning_hyperparams/interaction_tuning/k_c_heatmap_results/k_c_paper_v2_auprc_best/checkpoints/k24__C36/recap/trial_1/model.pt
k24__C36,24,36,1,ACM,0.7801496730626549,0.37021073649408925,/autodl-fs/data/recap/tuning_hyperparams/interaction_tuning/k_c_heatmap_results/k_c_paper_v2_auprc_best/checkpoints/k24__C36/recap/trial_1/model.pt
k24__C36,24,36,1,BlogCatalog,0.7289814814814815,0.329267636889852,/autodl-fs/data/recap/tuning_hyperparams/interaction_tuning/k_c_heatmap_results/k_c_paper_v2_auprc_best/checkpoints/k24__C36/recap/trial_1/model.pt
k24__C36,24,36,1,weibo,0.7784085454920091,0.3327701629117678,/autodl-fs/data/recap/tuning_hyperparams/interaction_tuning/k_c_heatmap_results/k_c_paper_v2_auprc_best/checkpoints/k24__C36/recap/trial_1/model.pt
k24__C36,24,36,1,Reddit,0.5922447653072882,0.046873243508591934,/autodl-fs/data/recap/tuning_hyperparams/interaction_tuning/k_c_heatmap_results/k_c_paper_v2_auprc_best/checkpoints/k24__C36/recap/trial_1/model.pt
k24__C36,24,36,1,Amazon,0.7320956011544618,0.13469206278891965,/autodl-fs/data/recap/tuning_hyperparams/interaction_tuning/k_c_heatmap_results/k_c_paper_v2_auprc_best/checkpoints/k24__C36/recap/trial_1/model.pt
k24__C36,24,36,2,Facebook,0.5924621212121212,0.035690213885426036,/autodl-fs/data/recap/tuning_hyperparams/interaction_tuning/k_c_heatmap_results/k_c_paper_v2_auprc_best/checkpoints/k24__C36/recap/trial_2/model.pt
k24__C36,24,36,2,cora,0.8220771436017722,0.40566697450352457,/autodl-fs/data/recap/tuning_hyperparams/interaction_tuning/k_c_heatmap_results/k_c_paper_v2_auprc_best/checkpoints/k24__C36/recap/trial_2/model.pt
k24__C36,24,36,2,citeseer,0.9044822159269751,0.45650077934784,/autodl-fs/data/recap/tuning_hyperparams/interaction_tuning/k_c_heatmap_results/k_c_paper_v2_auprc_best/checkpoints/k24__C36/recap/trial_2/model.pt
k24__C36,24,36,2,ACM,0.7819905110833536,0.3720941872801556,/autodl-fs/data/recap/tuning_hyperparams/interaction_tuning/k_c_heatmap_results/k_c_paper_v2_auprc_best/checkpoints/k24__C36/recap/trial_2/model.pt
k24__C36,24,36,2,BlogCatalog,0.7321323529411764,0.3236185787529328,/autodl-fs/data/recap/tuning_hyperparams/interaction_tuning/k_c_heatmap_results/k_c_paper_v2_auprc_best/checkpoints/k24__C36/recap/trial_2/model.pt
k24__C36,24,36,2,weibo,0.8062090308395633,0.32365534842438265,/autodl-fs/data/recap/tuning_hyperparams/interaction_tuning/k_c_heatmap_results/k_c_paper_v2_auprc_best/checkpoints/k24__C36/recap/trial_2/model.pt
k24__C36,24,36,2,Reddit,0.5914635370187957,0.046358239640806084,/autodl-fs/data/recap/tuning_hyperparams/interaction_tuning/k_c_heatmap_results/k_c_paper_v2_auprc_best/checkpoints/k24__C36/recap/trial_2/model.pt
k24__C36,24,36,2,Amazon,0.7322585084624744,0.13463067416689722,/autodl-fs/data/recap/tuning_hyperparams/interaction_tuning/k_c_heatmap_results/k_c_paper_v2_auprc_best/checkpoints/k24__C36/recap/trial_2/model.pt
k24__C40,24,40,0,Facebook,0.5925757575757575,0.07194875979175361,/autodl-fs/data/recap/tuning_hyperparams/interaction_tuning/k_c_heatmap_results/k_c_paper_v2_auprc_best/checkpoints/k24__C40/recap/trial_0/model.pt
k24__C40,24,40,0,cora,0.8248318999218139,0.43416204463143493,/autodl-fs/data/recap/tuning_hyperparams/interaction_tuning/k_c_heatmap_results/k_c_paper_v2_auprc_best/checkpoints/k24__C40/recap/trial_0/model.pt
k24__C40,24,40,0,citeseer,0.9074472773056345,0.4586249387908814,/autodl-fs/data/recap/tuning_hyperparams/interaction_tuning/k_c_heatmap_results/k_c_paper_v2_auprc_best/checkpoints/k24__C40/recap/trial_0/model.pt
k24__C40,24,40,0,ACM,0.7862454885788335,0.3728091591875447,/autodl-fs/data/recap/tuning_hyperparams/interaction_tuning/k_c_heatmap_results/k_c_paper_v2_auprc_best/checkpoints/k24__C40/recap/trial_0/model.pt
k24__C40,24,40,0,BlogCatalog,0.7243978077342048,0.3313511477612956,/autodl-fs/data/recap/tuning_hyperparams/interaction_tuning/k_c_heatmap_results/k_c_paper_v2_auprc_best/checkpoints/k24__C40/recap/trial_0/model.pt
k24__C40,24,40,0,weibo,0.7418107535849257,0.32488221681223683,/autodl-fs/data/recap/tuning_hyperparams/interaction_tuning/k_c_heatmap_results/k_c_paper_v2_auprc_best/checkpoints/k24__C40/recap/trial_0/model.pt
k24__C40,24,40,0,Reddit,0.5945750694510918,0.04740326495014883,/autodl-fs/data/recap/tuning_hyperparams/interaction_tuning/k_c_heatmap_results/k_c_paper_v2_auprc_best/checkpoints/k24__C40/recap/trial_0/model.pt
k24__C40,24,40,0,Amazon,0.717529628766645,0.12680190399685426,/autodl-fs/data/recap/tuning_hyperparams/interaction_tuning/k_c_heatmap_results/k_c_paper_v2_auprc_best/checkpoints/k24__C40/recap/trial_0/model.pt
k24__C40,24,40,1,Facebook,0.5882575757575756,0.05615803807026891,/autodl-fs/data/recap/tuning_hyperparams/interaction_tuning/k_c_heatmap_results/k_c_paper_v2_auprc_best/checkpoints/k24__C40/recap/trial_1/model.pt
k24__C40,24,40,1,cora,0.8264034401876466,0.42081100180231035,/autodl-fs/data/recap/tuning_hyperparams/interaction_tuning/k_c_heatmap_results/k_c_paper_v2_auprc_best/checkpoints/k24__C40/recap/trial_1/model.pt
k24__C40,24,40,1,citeseer,0.8984849438673801,0.45844705347596276,/autodl-fs/data/recap/tuning_hyperparams/interaction_tuning/k_c_heatmap_results/k_c_paper_v2_auprc_best/checkpoints/k24__C40/recap/trial_1/model.pt
k24__C40,24,40,1,ACM,0.7836632333948966,0.37538336991895405,/autodl-fs/data/recap/tuning_hyperparams/interaction_tuning/k_c_heatmap_results/k_c_paper_v2_auprc_best/checkpoints/k24__C40/recap/trial_1/model.pt
k24__C40,24,40,1,BlogCatalog,0.7298771105664488,0.3297015418039602,/autodl-fs/data/recap/tuning_hyperparams/interaction_tuning/k_c_heatmap_results/k_c_paper_v2_auprc_best/checkpoints/k24__C40/recap/trial_1/model.pt
k24__C40,24,40,1,weibo,0.7979100340012313,0.3298072687537603,/autodl-fs/data/recap/tuning_hyperparams/interaction_tuning/k_c_heatmap_results/k_c_paper_v2_auprc_best/checkpoints/k24__C40/recap/trial_1/model.pt
k24__C40,24,40,1,Reddit,0.5989145404185283,0.04675812947978775,/autodl-fs/data/recap/tuning_hyperparams/interaction_tuning/k_c_heatmap_results/k_c_paper_v2_auprc_best/checkpoints/k24__C40/recap/trial_1/model.pt
k24__C40,24,40,1,Amazon,0.713043621762539,0.12460367713545795,/autodl-fs/data/recap/tuning_hyperparams/interaction_tuning/k_c_heatmap_results/k_c_paper_v2_auprc_best/checkpoints/k24__C40/recap/trial_1/model.pt
k24__C40,24,40,2,Facebook,0.5828787878787879,0.03316623053625396,/autodl-fs/data/recap/tuning_hyperparams/interaction_tuning/k_c_heatmap_results/k_c_paper_v2_auprc_best/checkpoints/k24__C40/recap/trial_2/model.pt
k24__C40,24,40,2,cora,0.8234089132134481,0.40767287599140506,/autodl-fs/data/recap/tuning_hyperparams/interaction_tuning/k_c_heatmap_results/k_c_paper_v2_auprc_best/checkpoints/k24__C40/recap/trial_2/model.pt
k24__C40,24,40,2,citeseer,0.9030762774105551,0.4542690119590604,/autodl-fs/data/recap/tuning_hyperparams/interaction_tuning/k_c_heatmap_results/k_c_paper_v2_auprc_best/checkpoints/k24__C40/recap/trial_2/model.pt
k24__C40,24,40,2,ACM,0.7816489552101584,0.37446185446546915,/autodl-fs/data/recap/tuning_hyperparams/interaction_tuning/k_c_heatmap_results/k_c_paper_v2_auprc_best/checkpoints/k24__C40/recap/trial_2/model.pt
k24__C40,24,40,2,BlogCatalog,0.734389297385621,0.3299551976121616,/autodl-fs/data/recap/tuning_hyperparams/interaction_tuning/k_c_heatmap_results/k_c_paper_v2_auprc_best/checkpoints/k24__C40/recap/trial_2/model.pt
k24__C40,24,40,2,weibo,0.7767430293195656,0.3219488569639406,/autodl-fs/data/recap/tuning_hyperparams/interaction_tuning/k_c_heatmap_results/k_c_paper_v2_auprc_best/checkpoints/k24__C40/recap/trial_2/model.pt
k24__C40,24,40,2,Reddit,0.587614649625803,0.045364140271681924,/autodl-fs/data/recap/tuning_hyperparams/interaction_tuning/k_c_heatmap_results/k_c_paper_v2_auprc_best/checkpoints/k24__C40/recap/trial_2/model.pt
k24__C40,24,40,2,Amazon,0.7360453463695517,0.13645578961097013,/autodl-fs/data/recap/tuning_hyperparams/interaction_tuning/k_c_heatmap_results/k_c_paper_v2_auprc_best/checkpoints/k24__C40/recap/trial_2/model.pt
k24__C48,24,48,0,Facebook,0.5921590909090909,0.07145835944574598,/autodl-fs/data/recap/tuning_hyperparams/interaction_tuning/k_c_heatmap_results/k_c_paper_v2_auprc_best/checkpoints/k24__C48/recap/trial_0/model.pt
k24__C48,24,48,0,cora,0.8228485796194944,0.43496750945528523,/autodl-fs/data/recap/tuning_hyperparams/interaction_tuning/k_c_heatmap_results/k_c_paper_v2_auprc_best/checkpoints/k24__C48/recap/trial_0/model.pt
k24__C48,24,48,0,citeseer,0.9059038925611163,0.4592543543226062,/autodl-fs/data/recap/tuning_hyperparams/interaction_tuning/k_c_heatmap_results/k_c_paper_v2_auprc_best/checkpoints/k24__C48/recap/trial_0/model.pt
k24__C48,24,48,0,ACM,0.7696221186923264,0.36791371744619356,/autodl-fs/data/recap/tuning_hyperparams/interaction_tuning/k_c_heatmap_results/k_c_paper_v2_auprc_best/checkpoints/k24__C48/recap/trial_0/model.pt
k24__C48,24,48,0,BlogCatalog,0.7198039215686275,0.32708046202193103,/autodl-fs/data/recap/tuning_hyperparams/interaction_tuning/k_c_heatmap_results/k_c_paper_v2_auprc_best/checkpoints/k24__C48/recap/trial_0/model.pt
k24__C48,24,48,0,weibo,0.7715816258837355,0.3305159938404354,/autodl-fs/data/recap/tuning_hyperparams/interaction_tuning/k_c_heatmap_results/k_c_paper_v2_auprc_best/checkpoints/k24__C48/recap/trial_0/model.pt
k24__C48,24,48,0,Reddit,0.590164963712512,0.04691609602832224,/autodl-fs/data/recap/tuning_hyperparams/interaction_tuning/k_c_heatmap_results/k_c_paper_v2_auprc_best/checkpoints/k24__C48/recap/trial_0/model.pt
k24__C48,24,48,0,Amazon,0.7251917226736239,0.13139214960857232,/autodl-fs/data/recap/tuning_hyperparams/interaction_tuning/k_c_heatmap_results/k_c_paper_v2_auprc_best/checkpoints/k24__C48/recap/trial_0/model.pt
k24__C48,24,48,1,Facebook,0.5897348484848485,0.04618981742305207,/autodl-fs/data/recap/tuning_hyperparams/interaction_tuning/k_c_heatmap_results/k_c_paper_v2_auprc_best/checkpoints/k24__C48/recap/trial_1/model.pt
k24__C48,24,48,1,cora,0.8268074016158456,0.4236067612048841,/autodl-fs/data/recap/tuning_hyperparams/interaction_tuning/k_c_heatmap_results/k_c_paper_v2_auprc_best/checkpoints/k24__C48/recap/trial_1/model.pt
k24__C48,24,48,1,citeseer,0.8998132410030426,0.4596138545664254,/autodl-fs/data/recap/tuning_hyperparams/interaction_tuning/k_c_heatmap_results/k_c_paper_v2_auprc_best/checkpoints/k24__C48/recap/trial_1/model.pt
k24__C48,24,48,1,ACM,0.7827256021615812,0.37471231988460163,/autodl-fs/data/recap/tuning_hyperparams/interaction_tuning/k_c_heatmap_results/k_c_paper_v2_auprc_best/checkpoints/k24__C48/recap/trial_1/model.pt
k24__C48,24,48,1,BlogCatalog,0.738393586601307,0.33415796374137274,/autodl-fs/data/recap/tuning_hyperparams/interaction_tuning/k_c_heatmap_results/k_c_paper_v2_auprc_best/checkpoints/k24__C48/recap/trial_1/model.pt
k24__C48,24,48,1,weibo,0.7980356814217296,0.3233733575854296,/autodl-fs/data/recap/tuning_hyperparams/interaction_tuning/k_c_heatmap_results/k_c_paper_v2_auprc_best/checkpoints/k24__C48/recap/trial_1/model.pt
k24__C48,24,48,1,Reddit,0.5995521832705983,0.04721230550762176,/autodl-fs/data/recap/tuning_hyperparams/interaction_tuning/k_c_heatmap_results/k_c_paper_v2_auprc_best/checkpoints/k24__C48/recap/trial_1/model.pt
k24__C48,24,48,1,Amazon,0.6944679494254566,0.12015943672466102,/autodl-fs/data/recap/tuning_hyperparams/interaction_tuning/k_c_heatmap_results/k_c_paper_v2_auprc_best/checkpoints/k24__C48/recap/trial_1/model.pt
k24__C48,24,48,2,Facebook,0.5836742424242425,0.0345943342698174,/autodl-fs/data/recap/tuning_hyperparams/interaction_tuning/k_c_heatmap_results/k_c_paper_v2_auprc_best/checkpoints/k24__C48/recap/trial_2/model.pt
k24__C48,24,48,2,cora,0.8128120927808185,0.4059749806320851,/autodl-fs/data/recap/tuning_hyperparams/interaction_tuning/k_c_heatmap_results/k_c_paper_v2_auprc_best/checkpoints/k24__C48/recap/trial_2/model.pt
k24__C48,24,48,2,citeseer,0.9043689014793831,0.4558549477803449,/autodl-fs/data/recap/tuning_hyperparams/interaction_tuning/k_c_heatmap_results/k_c_paper_v2_auprc_best/checkpoints/k24__C48/recap/trial_2/model.pt
k24__C48,24,48,2,ACM,0.7839592414560158,0.37387008737706157,/autodl-fs/data/recap/tuning_hyperparams/interaction_tuning/k_c_heatmap_results/k_c_paper_v2_auprc_best/checkpoints/k24__C48/recap/trial_2/model.pt
k24__C48,24,48,2,BlogCatalog,0.7281849128540305,0.32589337489484355,/autodl-fs/data/recap/tuning_hyperparams/interaction_tuning/k_c_heatmap_results/k_c_paper_v2_auprc_best/checkpoints/k24__C48/recap/trial_2/model.pt
k24__C48,24,48,2,weibo,0.7996999747482314,0.32615094298165553,/autodl-fs/data/recap/tuning_hyperparams/interaction_tuning/k_c_heatmap_results/k_c_paper_v2_auprc_best/checkpoints/k24__C48/recap/trial_2/model.pt
k24__C48,24,48,2,Reddit,0.5851639189869352,0.04392984916129723,/autodl-fs/data/recap/tuning_hyperparams/interaction_tuning/k_c_heatmap_results/k_c_paper_v2_auprc_best/checkpoints/k24__C48/recap/trial_2/model.pt
k24__C48,24,48,2,Amazon,0.726643732466836,0.13372725300244953,/autodl-fs/data/recap/tuning_hyperparams/interaction_tuning/k_c_heatmap_results/k_c_paper_v2_auprc_best/checkpoints/k24__C48/recap/trial_2/model.pt
k30__C16,30,16,0,Facebook,0.6078787878787879,0.04647692644484866,/autodl-fs/data/recap/tuning_hyperparams/interaction_tuning/k_c_heatmap_results/k_c_paper_v2_auprc_best/checkpoints/k30__C16/recap/trial_0/model.pt
k30__C16,30,16,0,cora,0.8230414386239249,0.41687042186833606,/autodl-fs/data/recap/tuning_hyperparams/interaction_tuning/k_c_heatmap_results/k_c_paper_v2_auprc_best/checkpoints/k30__C16/recap/trial_0/model.pt
k30__C16,30,16,0,citeseer,0.903116147308782,0.45345893375242335,/autodl-fs/data/recap/tuning_hyperparams/interaction_tuning/k_c_heatmap_results/k_c_paper_v2_auprc_best/checkpoints/k30__C16/recap/trial_0/model.pt
k30__C16,30,16,0,ACM,0.78629135269516,0.3726506243782758,/autodl-fs/data/recap/tuning_hyperparams/interaction_tuning/k_c_heatmap_results/k_c_paper_v2_auprc_best/checkpoints/k30__C16/recap/trial_0/model.pt
k30__C16,30,16,0,BlogCatalog,0.7241700708061002,0.32042760912501556,/autodl-fs/data/recap/tuning_hyperparams/interaction_tuning/k_c_heatmap_results/k_c_paper_v2_auprc_best/checkpoints/k30__C16/recap/trial_0/model.pt
k30__C16,30,16,0,weibo,0.7889839464784789,0.3369806839864337,/autodl-fs/data/recap/tuning_hyperparams/interaction_tuning/k_c_heatmap_results/k_c_paper_v2_auprc_best/checkpoints/k30__C16/recap/trial_0/model.pt
k30__C16,30,16,0,Reddit,0.5923163007039288,0.048214476643201026,/autodl-fs/data/recap/tuning_hyperparams/interaction_tuning/k_c_heatmap_results/k_c_paper_v2_auprc_best/checkpoints/k30__C16/recap/trial_0/model.pt
k30__C16,30,16,0,Amazon,0.7368370213821896,0.13565994690852237,/autodl-fs/data/recap/tuning_hyperparams/interaction_tuning/k_c_heatmap_results/k_c_paper_v2_auprc_best/checkpoints/k30__C16/recap/trial_0/model.pt
k30__C16,30,16,1,Facebook,0.589090909090909,0.0462881201646078,/autodl-fs/data/recap/tuning_hyperparams/interaction_tuning/k_c_heatmap_results/k_c_paper_v2_auprc_best/checkpoints/k30__C16/recap/trial_1/model.pt
k30__C16,30,16,1,cora,0.831772217878551,0.42433574215383024,/autodl-fs/data/recap/tuning_hyperparams/interaction_tuning/k_c_heatmap_results/k_c_paper_v2_auprc_best/checkpoints/k30__C16/recap/trial_1/model.pt
k30__C16,30,16,1,citeseer,0.902146679257161,0.4698111995748256,/autodl-fs/data/recap/tuning_hyperparams/interaction_tuning/k_c_heatmap_results/k_c_paper_v2_auprc_best/checkpoints/k30__C16/recap/trial_1/model.pt
k30__C16,30,16,1,ACM,0.7865333781641891,0.37293698104800016,/autodl-fs/data/recap/tuning_hyperparams/interaction_tuning/k_c_heatmap_results/k_c_paper_v2_auprc_best/checkpoints/k30__C16/recap/trial_1/model.pt
k30__C16,30,16,1,BlogCatalog,0.7253996459694989,0.3349859724993696,/autodl-fs/data/recap/tuning_hyperparams/interaction_tuning/k_c_heatmap_results/k_c_paper_v2_auprc_best/checkpoints/k30__C16/recap/trial_1/model.pt
k30__C16,30,16,1,weibo,0.7710807176149124,0.3111168353227277,/autodl-fs/data/recap/tuning_hyperparams/interaction_tuning/k_c_heatmap_results/k_c_paper_v2_auprc_best/checkpoints/k30__C16/recap/trial_1/model.pt
k30__C16,30,16,1,Reddit,0.594331128602116,0.04672776575706834,/autodl-fs/data/recap/tuning_hyperparams/interaction_tuning/k_c_heatmap_results/k_c_paper_v2_auprc_best/checkpoints/k30__C16/recap/trial_1/model.pt
k30__C16,30,16,1,Amazon,0.7424231069179134,0.13405682623527984,/autodl-fs/data/recap/tuning_hyperparams/interaction_tuning/k_c_heatmap_results/k_c_paper_v2_auprc_best/checkpoints/k30__C16/recap/trial_1/model.pt
k30__C16,30,16,2,Facebook,0.6023484848484849,0.03681055246558661,/autodl-fs/data/recap/tuning_hyperparams/interaction_tuning/k_c_heatmap_results/k_c_paper_v2_auprc_best/checkpoints/k30__C16/recap/trial_2/model.pt
k30__C16,30,16,2,cora,0.8145113369820172,0.4120946737349949,/autodl-fs/data/recap/tuning_hyperparams/interaction_tuning/k_c_heatmap_results/k_c_paper_v2_auprc_best/checkpoints/k30__C16/recap/trial_2/model.pt
k30__C16,30,16,2,citeseer,0.9061357674955409,0.4671893971551257,/autodl-fs/data/recap/tuning_hyperparams/interaction_tuning/k_c_heatmap_results/k_c_paper_v2_auprc_best/checkpoints/k30__C16/recap/trial_2/model.pt
k30__C16,30,16,2,ACM,0.7784620844513371,0.37120981777092377,/autodl-fs/data/recap/tuning_hyperparams/interaction_tuning/k_c_heatmap_results/k_c_paper_v2_auprc_best/checkpoints/k30__C16/recap/trial_2/model.pt
k30__C16,30,16,2,BlogCatalog,0.7309225217864924,0.328828864394495,/autodl-fs/data/recap/tuning_hyperparams/interaction_tuning/k_c_heatmap_results/k_c_paper_v2_auprc_best/checkpoints/k30__C16/recap/trial_2/model.pt
k30__C16,30,16,2,weibo,0.7930959952406837,0.3270588688936568,/autodl-fs/data/recap/tuning_hyperparams/interaction_tuning/k_c_heatmap_results/k_c_paper_v2_auprc_best/checkpoints/k30__C16/recap/trial_2/model.pt
k30__C16,30,16,2,Reddit,0.5852737952976027,0.04500737658484829,/autodl-fs/data/recap/tuning_hyperparams/interaction_tuning/k_c_heatmap_results/k_c_paper_v2_auprc_best/checkpoints/k30__C16/recap/trial_2/model.pt
k30__C16,30,16,2,Amazon,0.7345797862008123,0.137515095112414,/autodl-fs/data/recap/tuning_hyperparams/interaction_tuning/k_c_heatmap_results/k_c_paper_v2_auprc_best/checkpoints/k30__C16/recap/trial_2/model.pt
k30__C20,30,20,0,Facebook,0.6004166666666667,0.052388008725645155,/autodl-fs/data/recap/tuning_hyperparams/interaction_tuning/k_c_heatmap_results/k_c_paper_v2_auprc_best/checkpoints/k30__C20/recap/trial_0/model.pt
k30__C20,30,20,0,cora,0.8285952567109721,0.44179266946581214,/autodl-fs/data/recap/tuning_hyperparams/interaction_tuning/k_c_heatmap_results/k_c_paper_v2_auprc_best/checkpoints/k30__C20/recap/trial_0/model.pt
k30__C20,30,20,0,citeseer,0.9026062322946177,0.45665387606806673,/autodl-fs/data/recap/tuning_hyperparams/interaction_tuning/k_c_heatmap_results/k_c_paper_v2_auprc_best/checkpoints/k30__C20/recap/trial_0/model.pt
k30__C20,30,20,0,ACM,0.7877348598598204,0.3700769328110396,/autodl-fs/data/recap/tuning_hyperparams/interaction_tuning/k_c_heatmap_results/k_c_paper_v2_auprc_best/checkpoints/k30__C20/recap/trial_0/model.pt
k30__C20,30,20,0,BlogCatalog,0.725859885620915,0.3265603349588828,/autodl-fs/data/recap/tuning_hyperparams/interaction_tuning/k_c_heatmap_results/k_c_paper_v2_auprc_best/checkpoints/k30__C20/recap/trial_0/model.pt
k30__C20,30,20,0,weibo,0.7753962937985202,0.32246162394677363,/autodl-fs/data/recap/tuning_hyperparams/interaction_tuning/k_c_heatmap_results/k_c_paper_v2_auprc_best/checkpoints/k30__C20/recap/trial_0/model.pt
k30__C20,30,20,0,Reddit,0.5949606658247104,0.04820945378485685,/autodl-fs/data/recap/tuning_hyperparams/interaction_tuning/k_c_heatmap_results/k_c_paper_v2_auprc_best/checkpoints/k30__C20/recap/trial_0/model.pt
k30__C20,30,20,0,Amazon,0.7463495364030461,0.14261988709079965,/autodl-fs/data/recap/tuning_hyperparams/interaction_tuning/k_c_heatmap_results/k_c_paper_v2_auprc_best/checkpoints/k30__C20/recap/trial_0/model.pt
k30__C20,30,20,1,Facebook,0.5819318181818182,0.049844311562684485,/autodl-fs/data/recap/tuning_hyperparams/interaction_tuning/k_c_heatmap_results/k_c_paper_v2_auprc_best/checkpoints/k30__C20/recap/trial_1/model.pt
k30__C20,30,20,1,cora,0.8261271826948138,0.41643746605128823,/autodl-fs/data/recap/tuning_hyperparams/interaction_tuning/k_c_heatmap_results/k_c_paper_v2_auprc_best/checkpoints/k30__C20/recap/trial_1/model.pt
k30__C20,30,20,1,citeseer,0.8999349491134193,0.468175683830739,/autodl-fs/data/recap/tuning_hyperparams/interaction_tuning/k_c_heatmap_results/k_c_paper_v2_auprc_best/checkpoints/k30__C20/recap/trial_1/model.pt
k30__C20,30,20,1,ACM,0.7762582345857822,0.37356720841638236,/autodl-fs/data/recap/tuning_hyperparams/interaction_tuning/k_c_heatmap_results/k_c_paper_v2_auprc_best/checkpoints/k30__C20/recap/trial_1/model.pt
k30__C20,30,20,1,BlogCatalog,0.73015522875817,0.33394166847762047,/autodl-fs/data/recap/tuning_hyperparams/interaction_tuning/k_c_heatmap_results/k_c_paper_v2_auprc_best/checkpoints/k30__C20/recap/trial_1/model.pt
k30__C20,30,20,1,weibo,0.7808114377672299,0.3129166053922075,/autodl-fs/data/recap/tuning_hyperparams/interaction_tuning/k_c_heatmap_results/k_c_paper_v2_auprc_best/checkpoints/k30__C20/recap/trial_1/model.pt
k30__C20,30,20,1,Reddit,0.59251276572312,0.04663078762557317,/autodl-fs/data/recap/tuning_hyperparams/interaction_tuning/k_c_heatmap_results/k_c_paper_v2_auprc_best/checkpoints/k30__C20/recap/trial_1/model.pt
k30__C20,30,20,1,Amazon,0.7253413067073753,0.12569570497339777,/autodl-fs/data/recap/tuning_hyperparams/interaction_tuning/k_c_heatmap_results/k_c_paper_v2_auprc_best/checkpoints/k30__C20/recap/trial_1/model.pt
k30__C20,30,20,2,Facebook,0.5876893939393939,0.04963635187193743,/autodl-fs/data/recap/tuning_hyperparams/interaction_tuning/k_c_heatmap_results/k_c_paper_v2_auprc_best/checkpoints/k30__C20/recap/trial_2/model.pt
k30__C20,30,20,2,cora,0.8115689340630702,0.3883457916262656,/autodl-fs/data/recap/tuning_hyperparams/interaction_tuning/k_c_heatmap_results/k_c_paper_v2_auprc_best/checkpoints/k30__C20/recap/trial_2/model.pt
k30__C20,30,20,2,citeseer,0.9018151295771692,0.4413028276476788,/autodl-fs/data/recap/tuning_hyperparams/interaction_tuning/k_c_heatmap_results/k_c_paper_v2_auprc_best/checkpoints/k30__C20/recap/trial_2/model.pt
k30__C20,30,20,2,ACM,0.7863768602775528,0.37735284361907895,/autodl-fs/data/recap/tuning_hyperparams/interaction_tuning/k_c_heatmap_results/k_c_paper_v2_auprc_best/checkpoints/k30__C20/recap/trial_2/model.pt
k30__C20,30,20,2,BlogCatalog,0.7368184912854031,0.3290334702713446,/autodl-fs/data/recap/tuning_hyperparams/interaction_tuning/k_c_heatmap_results/k_c_paper_v2_auprc_best/checkpoints/k30__C20/recap/trial_2/model.pt
k30__C20,30,20,2,weibo,0.7845773447000939,0.3264605398913386,/autodl-fs/data/recap/tuning_hyperparams/interaction_tuning/k_c_heatmap_results/k_c_paper_v2_auprc_best/checkpoints/k30__C20/recap/trial_2/model.pt
k30__C20,30,20,2,Reddit,0.5920735178020209,0.04630541235252064,/autodl-fs/data/recap/tuning_hyperparams/interaction_tuning/k_c_heatmap_results/k_c_paper_v2_auprc_best/checkpoints/k30__C20/recap/trial_2/model.pt
k30__C20,30,20,2,Amazon,0.7104947885558525,0.12640909532934896,/autodl-fs/data/recap/tuning_hyperparams/interaction_tuning/k_c_heatmap_results/k_c_paper_v2_auprc_best/checkpoints/k30__C20/recap/trial_2/model.pt
k30__C24,30,24,0,Facebook,0.6160227272727272,0.05573607087293001,/autodl-fs/data/recap/tuning_hyperparams/interaction_tuning/k_c_heatmap_results/k_c_paper_v2_auprc_best/checkpoints/k30__C24/recap/trial_0/model.pt
k30__C24,30,24,0,cora,0.8260802710450874,0.42196677643979963,/autodl-fs/data/recap/tuning_hyperparams/interaction_tuning/k_c_heatmap_results/k_c_paper_v2_auprc_best/checkpoints/k30__C24/recap/trial_0/model.pt
k30__C24,30,24,0,citeseer,0.9070527751547582,0.45602481058774547,/autodl-fs/data/recap/tuning_hyperparams/interaction_tuning/k_c_heatmap_results/k_c_paper_v2_auprc_best/checkpoints/k30__C24/recap/trial_0/model.pt
k30__C24,30,24,0,ACM,0.7893110566575772,0.3723571415320927,/autodl-fs/data/recap/tuning_hyperparams/interaction_tuning/k_c_heatmap_results/k_c_paper_v2_auprc_best/checkpoints/k30__C24/recap/trial_0/model.pt
k30__C24,30,24,0,BlogCatalog,0.7274451933551198,0.32333694205899216,/autodl-fs/data/recap/tuning_hyperparams/interaction_tuning/k_c_heatmap_results/k_c_paper_v2_auprc_best/checkpoints/k30__C24/recap/trial_0/model.pt
k30__C24,30,24,0,weibo,0.7949479189913478,0.33312429365252244,/autodl-fs/data/recap/tuning_hyperparams/interaction_tuning/k_c_heatmap_results/k_c_paper_v2_auprc_best/checkpoints/k30__C24/recap/trial_0/model.pt
k30__C24,30,24,0,Reddit,0.5884599509853872,0.04736647975386743,/autodl-fs/data/recap/tuning_hyperparams/interaction_tuning/k_c_heatmap_results/k_c_paper_v2_auprc_best/checkpoints/k30__C24/recap/trial_0/model.pt
k30__C24,30,24,0,Amazon,0.7284530482516003,0.1331397334302838,/autodl-fs/data/recap/tuning_hyperparams/interaction_tuning/k_c_heatmap_results/k_c_paper_v2_auprc_best/checkpoints/k30__C24/recap/trial_0/model.pt
k30__C24,30,24,1,Facebook,0.5859469696969697,0.045696974551003425,/autodl-fs/data/recap/tuning_hyperparams/interaction_tuning/k_c_heatmap_results/k_c_paper_v2_auprc_best/checkpoints/k30__C24/recap/trial_1/model.pt
k30__C24,30,24,1,cora,0.8268334636434714,0.42629604899404083,/autodl-fs/data/recap/tuning_hyperparams/interaction_tuning/k_c_heatmap_results/k_c_paper_v2_auprc_best/checkpoints/k30__C24/recap/trial_1/model.pt
k30__C24,30,24,1,citeseer,0.9022442555870318,0.4759847370783141,/autodl-fs/data/recap/tuning_hyperparams/interaction_tuning/k_c_heatmap_results/k_c_paper_v2_auprc_best/checkpoints/k30__C24/recap/trial_1/model.pt
k30__C24,30,24,1,ACM,0.7748760377283492,0.37294438738049956,/autodl-fs/data/recap/tuning_hyperparams/interaction_tuning/k_c_heatmap_results/k_c_paper_v2_auprc_best/checkpoints/k30__C24/recap/trial_1/model.pt
k30__C24,30,24,1,BlogCatalog,0.7302522467320262,0.33445667036617405,/autodl-fs/data/recap/tuning_hyperparams/interaction_tuning/k_c_heatmap_results/k_c_paper_v2_auprc_best/checkpoints/k30__C24/recap/trial_1/model.pt
k30__C24,30,24,1,weibo,0.7578936998365666,0.3165178076504029,/autodl-fs/data/recap/tuning_hyperparams/interaction_tuning/k_c_heatmap_results/k_c_paper_v2_auprc_best/checkpoints/k30__C24/recap/trial_1/model.pt
k30__C24,30,24,1,Reddit,0.5948442278139915,0.04676277320206154,/autodl-fs/data/recap/tuning_hyperparams/interaction_tuning/k_c_heatmap_results/k_c_paper_v2_auprc_best/checkpoints/k30__C24/recap/trial_1/model.pt
k30__C24,30,24,1,Amazon,0.7325057460405273,0.13185073255880664,/autodl-fs/data/recap/tuning_hyperparams/interaction_tuning/k_c_heatmap_results/k_c_paper_v2_auprc_best/checkpoints/k30__C24/recap/trial_1/model.pt
k30__C24,30,24,2,Facebook,0.5936363636363636,0.03922553901346619,/autodl-fs/data/recap/tuning_hyperparams/interaction_tuning/k_c_heatmap_results/k_c_paper_v2_auprc_best/checkpoints/k30__C24/recap/trial_2/model.pt
k30__C24,30,24,2,cora,0.818798540526453,0.39863823527656306,/autodl-fs/data/recap/tuning_hyperparams/interaction_tuning/k_c_heatmap_results/k_c_paper_v2_auprc_best/checkpoints/k30__C24/recap/trial_2/model.pt
k30__C24,30,24,2,citeseer,0.9018570978910923,0.44577216929726815,/autodl-fs/data/recap/tuning_hyperparams/interaction_tuning/k_c_heatmap_results/k_c_paper_v2_auprc_best/checkpoints/k30__C24/recap/trial_2/model.pt
k30__C24,30,24,2,ACM,0.7819806002168371,0.3743052161601308,/autodl-fs/data/recap/tuning_hyperparams/interaction_tuning/k_c_heatmap_results/k_c_paper_v2_auprc_best/checkpoints/k30__C24/recap/trial_2/model.pt
k30__C24,30,24,2,BlogCatalog,0.7287391067538127,0.3257491689164113,/autodl-fs/data/recap/tuning_hyperparams/interaction_tuning/k_c_heatmap_results/k_c_paper_v2_auprc_best/checkpoints/k30__C24/recap/trial_2/model.pt
k30__C24,30,24,2,weibo,0.7694720637787529,0.32971993729206356,/autodl-fs/data/recap/tuning_hyperparams/interaction_tuning/k_c_heatmap_results/k_c_paper_v2_auprc_best/checkpoints/k30__C24/recap/trial_2/model.pt
k30__C24,30,24,2,Reddit,0.5867517217386292,0.04537724136309264,/autodl-fs/data/recap/tuning_hyperparams/interaction_tuning/k_c_heatmap_results/k_c_paper_v2_auprc_best/checkpoints/k30__C24/recap/trial_2/model.pt
k30__C24,30,24,2,Amazon,0.7197553725724958,0.12804778484526477,/autodl-fs/data/recap/tuning_hyperparams/interaction_tuning/k_c_heatmap_results/k_c_paper_v2_auprc_best/checkpoints/k30__C24/recap/trial_2/model.pt
k30__C28,30,28,0,Facebook,0.6046590909090909,0.045007036741005306,/autodl-fs/data/recap/tuning_hyperparams/interaction_tuning/k_c_heatmap_results/k_c_paper_v2_auprc_best/checkpoints/k30__C28/recap/trial_0/model.pt
k30__C28,30,28,0,cora,0.823531404743289,0.43364059697347335,/autodl-fs/data/recap/tuning_hyperparams/interaction_tuning/k_c_heatmap_results/k_c_paper_v2_auprc_best/checkpoints/k30__C28/recap/trial_0/model.pt
k30__C28,30,28,0,citeseer,0.9023208477599414,0.46366995298268915,/autodl-fs/data/recap/tuning_hyperparams/interaction_tuning/k_c_heatmap_results/k_c_paper_v2_auprc_best/checkpoints/k30__C28/recap/trial_0/model.pt
k30__C28,30,28,0,ACM,0.7843428130771564,0.3726034196406307,/autodl-fs/data/recap/tuning_hyperparams/interaction_tuning/k_c_heatmap_results/k_c_paper_v2_auprc_best/checkpoints/k30__C28/recap/trial_0/model.pt
k30__C28,30,28,0,BlogCatalog,0.7318552559912854,0.33062594148712715,/autodl-fs/data/recap/tuning_hyperparams/interaction_tuning/k_c_heatmap_results/k_c_paper_v2_auprc_best/checkpoints/k30__C28/recap/trial_0/model.pt
k30__C28,30,28,0,weibo,0.7732719811143673,0.3203910329587177,/autodl-fs/data/recap/tuning_hyperparams/interaction_tuning/k_c_heatmap_results/k_c_paper_v2_auprc_best/checkpoints/k30__C28/recap/trial_0/model.pt
k30__C28,30,28,0,Reddit,0.59631301933926,0.04842051448260544,/autodl-fs/data/recap/tuning_hyperparams/interaction_tuning/k_c_heatmap_results/k_c_paper_v2_auprc_best/checkpoints/k30__C28/recap/trial_0/model.pt
k30__C28,30,28,0,Amazon,0.6994340485054995,0.12188419603190839,/autodl-fs/data/recap/tuning_hyperparams/interaction_tuning/k_c_heatmap_results/k_c_paper_v2_auprc_best/checkpoints/k30__C28/recap/trial_0/model.pt
k30__C28,30,28,1,Facebook,0.5901515151515152,0.04745826542602586,/autodl-fs/data/recap/tuning_hyperparams/interaction_tuning/k_c_heatmap_results/k_c_paper_v2_auprc_best/checkpoints/k30__C28/recap/trial_1/model.pt
k30__C28,30,28,1,cora,0.8279541308313787,0.4266008588955576,/autodl-fs/data/recap/tuning_hyperparams/interaction_tuning/k_c_heatmap_results/k_c_paper_v2_auprc_best/checkpoints/k30__C28/recap/trial_1/model.pt
k30__C28,30,28,1,citeseer,0.9030993599832127,0.47593177597886954,/autodl-fs/data/recap/tuning_hyperparams/interaction_tuning/k_c_heatmap_results/k_c_paper_v2_auprc_best/checkpoints/k30__C28/recap/trial_1/model.pt
k30__C28,30,28,1,ACM,0.7764997328810603,0.3721912077904408,/autodl-fs/data/recap/tuning_hyperparams/interaction_tuning/k_c_heatmap_results/k_c_paper_v2_auprc_best/checkpoints/k30__C28/recap/trial_1/model.pt
k30__C28,30,28,1,BlogCatalog,0.7336458333333333,0.3367646346635533,/autodl-fs/data/recap/tuning_hyperparams/interaction_tuning/k_c_heatmap_results/k_c_paper_v2_auprc_best/checkpoints/k30__C28/recap/trial_1/model.pt
k30__C28,30,28,1,weibo,0.7709311482706818,0.3122062944000775,/autodl-fs/data/recap/tuning_hyperparams/interaction_tuning/k_c_heatmap_results/k_c_paper_v2_auprc_best/checkpoints/k30__C28/recap/trial_1/model.pt
k30__C28,30,28,1,Reddit,0.5943475971826375,0.04684727452352289,/autodl-fs/data/recap/tuning_hyperparams/interaction_tuning/k_c_heatmap_results/k_c_paper_v2_auprc_best/checkpoints/k30__C28/recap/trial_1/model.pt
k30__C28,30,28,1,Amazon,0.7058538984884594,0.12299447781765312,/autodl-fs/data/recap/tuning_hyperparams/interaction_tuning/k_c_heatmap_results/k_c_paper_v2_auprc_best/checkpoints/k30__C28/recap/trial_1/model.pt
k30__C28,30,28,2,Facebook,0.5898863636363637,0.03752280824699486,/autodl-fs/data/recap/tuning_hyperparams/interaction_tuning/k_c_heatmap_results/k_c_paper_v2_auprc_best/checkpoints/k30__C28/recap/trial_2/model.pt
k30__C28,30,28,2,cora,0.8200703674745895,0.4051504873250481,/autodl-fs/data/recap/tuning_hyperparams/interaction_tuning/k_c_heatmap_results/k_c_paper_v2_auprc_best/checkpoints/k30__C28/recap/trial_2/model.pt
k30__C28,30,28,2,citeseer,0.9035484209421886,0.454327683423249,/autodl-fs/data/recap/tuning_hyperparams/interaction_tuning/k_c_heatmap_results/k_c_paper_v2_auprc_best/checkpoints/k30__C28/recap/trial_2/model.pt
k30__C28,30,28,2,ACM,0.7863216124684604,0.37586151585344835,/autodl-fs/data/recap/tuning_hyperparams/interaction_tuning/k_c_heatmap_results/k_c_paper_v2_auprc_best/checkpoints/k30__C28/recap/trial_2/model.pt
k30__C28,30,28,2,BlogCatalog,0.7332996323529413,0.33513351312462186,/autodl-fs/data/recap/tuning_hyperparams/interaction_tuning/k_c_heatmap_results/k_c_paper_v2_auprc_best/checkpoints/k30__C28/recap/trial_2/model.pt
k30__C28,30,28,2,weibo,0.7784261239024193,0.3209799307869729,/autodl-fs/data/recap/tuning_hyperparams/interaction_tuning/k_c_heatmap_results/k_c_paper_v2_auprc_best/checkpoints/k30__C28/recap/trial_2/model.pt
k30__C28,30,28,2,Reddit,0.5897918474350701,0.046204452965918276,/autodl-fs/data/recap/tuning_hyperparams/interaction_tuning/k_c_heatmap_results/k_c_paper_v2_auprc_best/checkpoints/k30__C28/recap/trial_2/model.pt
k30__C28,30,28,2,Amazon,0.7327921964371445,0.1303034005403954,/autodl-fs/data/recap/tuning_hyperparams/interaction_tuning/k_c_heatmap_results/k_c_paper_v2_auprc_best/checkpoints/k30__C28/recap/trial_2/model.pt
k30__C32,30,32,0,Facebook,0.6033333333333334,0.07273403422828603,/autodl-fs/data/recap/tuning_hyperparams/interaction_tuning/k_c_heatmap_results/k_c_paper_v2_auprc_best/checkpoints/k30__C32/recap/trial_0/model.pt
k30__C32,30,32,0,cora,0.8231274433150899,0.42744595904229693,/autodl-fs/data/recap/tuning_hyperparams/interaction_tuning/k_c_heatmap_results/k_c_paper_v2_auprc_best/checkpoints/k30__C32/recap/trial_0/model.pt
k30__C32,30,32,0,citeseer,0.9061693421466792,0.4611014490819955,/autodl-fs/data/recap/tuning_hyperparams/interaction_tuning/k_c_heatmap_results/k_c_paper_v2_auprc_best/checkpoints/k30__C32/recap/trial_0/model.pt
k30__C32,30,32,0,ACM,0.7819933578216084,0.3720322269327,/autodl-fs/data/recap/tuning_hyperparams/interaction_tuning/k_c_heatmap_results/k_c_paper_v2_auprc_best/checkpoints/k30__C32/recap/trial_0/model.pt
k30__C32,30,32,0,BlogCatalog,0.7273760893246187,0.33213236575405236,/autodl-fs/data/recap/tuning_hyperparams/interaction_tuning/k_c_heatmap_results/k_c_paper_v2_auprc_best/checkpoints/k30__C32/recap/trial_0/model.pt
k30__C32,30,32,0,weibo,0.7698321919085507,0.3339819630770004,/autodl-fs/data/recap/tuning_hyperparams/interaction_tuning/k_c_heatmap_results/k_c_paper_v2_auprc_best/checkpoints/k30__C32/recap/trial_0/model.pt
k30__C32,30,32,0,Reddit,0.5935659829117892,0.04810143143289631,/autodl-fs/data/recap/tuning_hyperparams/interaction_tuning/k_c_heatmap_results/k_c_paper_v2_auprc_best/checkpoints/k30__C32/recap/trial_0/model.pt
k30__C32,30,32,0,Amazon,0.6881197120416509,0.11823112146529659,/autodl-fs/data/recap/tuning_hyperparams/interaction_tuning/k_c_heatmap_results/k_c_paper_v2_auprc_best/checkpoints/k30__C32/recap/trial_0/model.pt
k30__C32,30,32,1,Facebook,0.5934469696969698,0.045221828564288614,/autodl-fs/data/recap/tuning_hyperparams/interaction_tuning/k_c_heatmap_results/k_c_paper_v2_auprc_best/checkpoints/k30__C32/recap/trial_1/model.pt
k30__C32,30,32,1,cora,0.824206411258796,0.4280607985623736,/autodl-fs/data/recap/tuning_hyperparams/interaction_tuning/k_c_heatmap_results/k_c_paper_v2_auprc_best/checkpoints/k30__C32/recap/trial_1/model.pt
k30__C32,30,32,1,citeseer,0.9026586926870215,0.4676190885319115,/autodl-fs/data/recap/tuning_hyperparams/interaction_tuning/k_c_heatmap_results/k_c_paper_v2_auprc_best/checkpoints/k30__C32/recap/trial_1/model.pt
k30__C32,30,32,1,ACM,0.7842115468131873,0.37112515562515463,/autodl-fs/data/recap/tuning_hyperparams/interaction_tuning/k_c_heatmap_results/k_c_paper_v2_auprc_best/checkpoints/k30__C32/recap/trial_1/model.pt
k30__C32,30,32,1,BlogCatalog,0.7254050925925926,0.32830313136088884,/autodl-fs/data/recap/tuning_hyperparams/interaction_tuning/k_c_heatmap_results/k_c_paper_v2_auprc_best/checkpoints/k30__C32/recap/trial_1/model.pt
k30__C32,30,32,1,weibo,0.7900588280611348,0.33819136528963245,/autodl-fs/data/recap/tuning_hyperparams/interaction_tuning/k_c_heatmap_results/k_c_paper_v2_auprc_best/checkpoints/k30__C32/recap/trial_1/model.pt
k30__C32,30,32,1,Reddit,0.5921143032709688,0.04685009892277178,/autodl-fs/data/recap/tuning_hyperparams/interaction_tuning/k_c_heatmap_results/k_c_paper_v2_auprc_best/checkpoints/k30__C32/recap/trial_1/model.pt
k30__C32,30,32,1,Amazon,0.7361817585298858,0.13435039015713895,/autodl-fs/data/recap/tuning_hyperparams/interaction_tuning/k_c_heatmap_results/k_c_paper_v2_auprc_best/checkpoints/k30__C32/recap/trial_1/model.pt
k30__C32,30,32,2,Facebook,0.5818560606060607,0.03863448731752193,/autodl-fs/data/recap/tuning_hyperparams/interaction_tuning/k_c_heatmap_results/k_c_paper_v2_auprc_best/checkpoints/k30__C32/recap/trial_2/model.pt
k30__C32,30,32,2,cora,0.8246260099035705,0.4150762279521984,/autodl-fs/data/recap/tuning_hyperparams/interaction_tuning/k_c_heatmap_results/k_c_paper_v2_auprc_best/checkpoints/k30__C32/recap/trial_2/model.pt
k30__C32,30,32,2,citeseer,0.9044706746406465,0.4619710854949773,/autodl-fs/data/recap/tuning_hyperparams/interaction_tuning/k_c_heatmap_results/k_c_paper_v2_auprc_best/checkpoints/k30__C32/recap/trial_2/model.pt
k30__C32,30,32,2,ACM,0.7878752989470549,0.3757993099008411,/autodl-fs/data/recap/tuning_hyperparams/interaction_tuning/k_c_heatmap_results/k_c_paper_v2_auprc_best/checkpoints/k30__C32/recap/trial_2/model.pt
k30__C32,30,32,2,BlogCatalog,0.7325636574074075,0.3355892303483332,/autodl-fs/data/recap/tuning_hyperparams/interaction_tuning/k_c_heatmap_results/k_c_paper_v2_auprc_best/checkpoints/k30__C32/recap/trial_2/model.pt
k30__C32,30,32,2,weibo,0.768225219485561,0.30652516267570984,/autodl-fs/data/recap/tuning_hyperparams/interaction_tuning/k_c_heatmap_results/k_c_paper_v2_auprc_best/checkpoints/k30__C32/recap/trial_2/model.pt
k30__C32,30,32,2,Reddit,0.5900002779072964,0.04600543270343559,/autodl-fs/data/recap/tuning_hyperparams/interaction_tuning/k_c_heatmap_results/k_c_paper_v2_auprc_best/checkpoints/k30__C32/recap/trial_2/model.pt
k30__C32,30,32,2,Amazon,0.743237643457977,0.13582569134029515,/autodl-fs/data/recap/tuning_hyperparams/interaction_tuning/k_c_heatmap_results/k_c_paper_v2_auprc_best/checkpoints/k30__C32/recap/trial_2/model.pt
k30__C36,30,36,0,Facebook,0.5931818181818181,0.07134486426788499,/autodl-fs/data/recap/tuning_hyperparams/interaction_tuning/k_c_heatmap_results/k_c_paper_v2_auprc_best/checkpoints/k30__C36/recap/trial_0/model.pt
k30__C36,30,36,0,cora,0.8237451133698201,0.428003253538443,/autodl-fs/data/recap/tuning_hyperparams/interaction_tuning/k_c_heatmap_results/k_c_paper_v2_auprc_best/checkpoints/k30__C36/recap/trial_0/model.pt
k30__C36,30,36,0,citeseer,0.9035169447067465,0.4582331806210312,/autodl-fs/data/recap/tuning_hyperparams/interaction_tuning/k_c_heatmap_results/k_c_paper_v2_auprc_best/checkpoints/k30__C36/recap/trial_0/model.pt
k30__C36,30,36,0,ACM,0.7814094074577583,0.371937870455048,/autodl-fs/data/recap/tuning_hyperparams/interaction_tuning/k_c_heatmap_results/k_c_paper_v2_auprc_best/checkpoints/k30__C36/recap/trial_0/model.pt
k30__C36,30,36,0,BlogCatalog,0.7149537037037037,0.32518887278157366,/autodl-fs/data/recap/tuning_hyperparams/interaction_tuning/k_c_heatmap_results/k_c_paper_v2_auprc_best/checkpoints/k30__C36/recap/trial_0/model.pt
k30__C36,30,36,0,weibo,0.7835788909887872,0.33879881606086226,/autodl-fs/data/recap/tuning_hyperparams/interaction_tuning/k_c_heatmap_results/k_c_paper_v2_auprc_best/checkpoints/k30__C36/recap/trial_0/model.pt
k30__C36,30,36,0,Reddit,0.5902379143777913,0.04710185440828689,/autodl-fs/data/recap/tuning_hyperparams/interaction_tuning/k_c_heatmap_results/k_c_paper_v2_auprc_best/checkpoints/k30__C36/recap/trial_0/model.pt
k30__C36,30,36,0,Amazon,0.7154489269692291,0.12788692360382287,/autodl-fs/data/recap/tuning_hyperparams/interaction_tuning/k_c_heatmap_results/k_c_paper_v2_auprc_best/checkpoints/k30__C36/recap/trial_0/model.pt
k30__C36,30,36,1,Facebook,0.5971969696969697,0.048825382085664254,/autodl-fs/data/recap/tuning_hyperparams/interaction_tuning/k_c_heatmap_results/k_c_paper_v2_auprc_best/checkpoints/k30__C36/recap/trial_1/model.pt
k30__C36,30,36,1,cora,0.8242950221527234,0.42258534197534026,/autodl-fs/data/recap/tuning_hyperparams/interaction_tuning/k_c_heatmap_results/k_c_paper_v2_auprc_best/checkpoints/k30__C36/recap/trial_1/model.pt
k30__C36,30,36,1,citeseer,0.902121498268807,0.46718058514536287,/autodl-fs/data/recap/tuning_hyperparams/interaction_tuning/k_c_heatmap_results/k_c_paper_v2_auprc_best/checkpoints/k30__C36/recap/trial_1/model.pt
k30__C36,30,36,1,ACM,0.7825477864554092,0.37063857451607635,/autodl-fs/data/recap/tuning_hyperparams/interaction_tuning/k_c_heatmap_results/k_c_paper_v2_auprc_best/checkpoints/k30__C36/recap/trial_1/model.pt
k30__C36,30,36,1,BlogCatalog,0.7256835511982571,0.3286707319320861,/autodl-fs/data/recap/tuning_hyperparams/interaction_tuning/k_c_heatmap_results/k_c_paper_v2_auprc_best/checkpoints/k30__C36/recap/trial_1/model.pt
k30__C36,30,36,1,weibo,0.7886483516953842,0.3359326110740962,/autodl-fs/data/recap/tuning_hyperparams/interaction_tuning/k_c_heatmap_results/k_c_paper_v2_auprc_best/checkpoints/k30__C36/recap/trial_1/model.pt
k30__C36,30,36,1,Reddit,0.5929859800915447,0.04673769339935582,/autodl-fs/data/recap/tuning_hyperparams/interaction_tuning/k_c_heatmap_results/k_c_paper_v2_auprc_best/checkpoints/k30__C36/recap/trial_1/model.pt
k30__C36,30,36,1,Amazon,0.7386536801078822,0.13621720719911745,/autodl-fs/data/recap/tuning_hyperparams/interaction_tuning/k_c_heatmap_results/k_c_paper_v2_auprc_best/checkpoints/k30__C36/recap/trial_1/model.pt
k30__C36,30,36,2,Facebook,0.5918181818181818,0.035778877759889305,/autodl-fs/data/recap/tuning_hyperparams/interaction_tuning/k_c_heatmap_results/k_c_paper_v2_auprc_best/checkpoints/k30__C36/recap/trial_2/model.pt
k30__C36,30,36,2,cora,0.8222361219702893,0.4073827386981105,/autodl-fs/data/recap/tuning_hyperparams/interaction_tuning/k_c_heatmap_results/k_c_paper_v2_auprc_best/checkpoints/k30__C36/recap/trial_2/model.pt
k30__C36,30,36,2,citeseer,0.903762459343196,0.4614059975170627,/autodl-fs/data/recap/tuning_hyperparams/interaction_tuning/k_c_heatmap_results/k_c_paper_v2_auprc_best/checkpoints/k30__C36/recap/trial_2/model.pt
k30__C36,30,36,2,ACM,0.7814216378887787,0.37153255220510284,/autodl-fs/data/recap/tuning_hyperparams/interaction_tuning/k_c_heatmap_results/k_c_paper_v2_auprc_best/checkpoints/k30__C36/recap/trial_2/model.pt
k30__C36,30,36,2,BlogCatalog,0.7325177015250545,0.32218748298480393,/autodl-fs/data/recap/tuning_hyperparams/interaction_tuning/k_c_heatmap_results/k_c_paper_v2_auprc_best/checkpoints/k30__C36/recap/trial_2/model.pt
k30__C36,30,36,2,weibo,0.8075861082255343,0.33030155051507387,/autodl-fs/data/recap/tuning_hyperparams/interaction_tuning/k_c_heatmap_results/k_c_paper_v2_auprc_best/checkpoints/k30__C36/recap/trial_2/model.pt
k30__C36,30,36,2,Reddit,0.5911207846866904,0.046033570322376816,/autodl-fs/data/recap/tuning_hyperparams/interaction_tuning/k_c_heatmap_results/k_c_paper_v2_auprc_best/checkpoints/k30__C36/recap/trial_2/model.pt
k30__C36,30,36,2,Amazon,0.7275749233571078,0.13400958703396132,/autodl-fs/data/recap/tuning_hyperparams/interaction_tuning/k_c_heatmap_results/k_c_paper_v2_auprc_best/checkpoints/k30__C36/recap/trial_2/model.pt
k30__C40,30,40,0,Facebook,0.6004166666666666,0.07284374183807497,/autodl-fs/data/recap/tuning_hyperparams/interaction_tuning/k_c_heatmap_results/k_c_paper_v2_auprc_best/checkpoints/k30__C40/recap/trial_0/model.pt
k30__C40,30,40,0,cora,0.8259395360959083,0.43207903268195297,/autodl-fs/data/recap/tuning_hyperparams/interaction_tuning/k_c_heatmap_results/k_c_paper_v2_auprc_best/checkpoints/k30__C40/recap/trial_0/model.pt
k30__C40,30,40,0,citeseer,0.9073969153289266,0.4620581367423897,/autodl-fs/data/recap/tuning_hyperparams/interaction_tuning/k_c_heatmap_results/k_c_paper_v2_auprc_best/checkpoints/k30__C40/recap/trial_0/model.pt
k30__C40,30,40,0,ACM,0.785757747424519,0.3725484242474193,/autodl-fs/data/recap/tuning_hyperparams/interaction_tuning/k_c_heatmap_results/k_c_paper_v2_auprc_best/checkpoints/k30__C40/recap/trial_0/model.pt
k30__C40,30,40,0,BlogCatalog,0.7279095179738563,0.33219703287469915,/autodl-fs/data/recap/tuning_hyperparams/interaction_tuning/k_c_heatmap_results/k_c_paper_v2_auprc_best/checkpoints/k30__C40/recap/trial_0/model.pt
k30__C40,30,40,0,weibo,0.7401597587080389,0.32139376011384574,/autodl-fs/data/recap/tuning_hyperparams/interaction_tuning/k_c_heatmap_results/k_c_paper_v2_auprc_best/checkpoints/k30__C40/recap/trial_0/model.pt
k30__C40,30,40,0,Reddit,0.5915283820545995,0.046913524061011014,/autodl-fs/data/recap/tuning_hyperparams/interaction_tuning/k_c_heatmap_results/k_c_paper_v2_auprc_best/checkpoints/k30__C40/recap/trial_0/model.pt
k30__C40,30,40,0,Amazon,0.7157968461084608,0.12668578114064044,/autodl-fs/data/recap/tuning_hyperparams/interaction_tuning/k_c_heatmap_results/k_c_paper_v2_auprc_best/checkpoints/k30__C40/recap/trial_0/model.pt
k30__C40,30,40,1,Facebook,0.5932954545454545,0.056895217360652756,/autodl-fs/data/recap/tuning_hyperparams/interaction_tuning/k_c_heatmap_results/k_c_paper_v2_auprc_best/checkpoints/k30__C40/recap/trial_1/model.pt
k30__C40,30,40,1,cora,0.8266770914777168,0.4291844328559716,/autodl-fs/data/recap/tuning_hyperparams/interaction_tuning/k_c_heatmap_results/k_c_paper_v2_auprc_best/checkpoints/k30__C40/recap/trial_1/model.pt
k30__C40,30,40,1,citeseer,0.8998950792151926,0.46055205069750377,/autodl-fs/data/recap/tuning_hyperparams/interaction_tuning/k_c_heatmap_results/k_c_paper_v2_auprc_best/checkpoints/k30__C40/recap/trial_1/model.pt
k30__C40,30,40,1,ACM,0.7829371569878093,0.3716520068820588,/autodl-fs/data/recap/tuning_hyperparams/interaction_tuning/k_c_heatmap_results/k_c_paper_v2_auprc_best/checkpoints/k30__C40/recap/trial_1/model.pt
k30__C40,30,40,1,BlogCatalog,0.735900054466231,0.3299226011954397,/autodl-fs/data/recap/tuning_hyperparams/interaction_tuning/k_c_heatmap_results/k_c_paper_v2_auprc_best/checkpoints/k30__C40/recap/trial_1/model.pt
k30__C40,30,40,1,weibo,0.8029766668765885,0.3336101243896116,/autodl-fs/data/recap/tuning_hyperparams/interaction_tuning/k_c_heatmap_results/k_c_paper_v2_auprc_best/checkpoints/k30__C40/recap/trial_1/model.pt
k30__C40,30,40,1,Reddit,0.595181447732328,0.04648483390315422,/autodl-fs/data/recap/tuning_hyperparams/interaction_tuning/k_c_heatmap_results/k_c_paper_v2_auprc_best/checkpoints/k30__C40/recap/trial_1/model.pt
k30__C40,30,40,1,Amazon,0.7173915511970281,0.1259184135980566,/autodl-fs/data/recap/tuning_hyperparams/interaction_tuning/k_c_heatmap_results/k_c_paper_v2_auprc_best/checkpoints/k30__C40/recap/trial_1/model.pt
k30__C40,30,40,2,Facebook,0.5796212121212122,0.0336491205575066,/autodl-fs/data/recap/tuning_hyperparams/interaction_tuning/k_c_heatmap_results/k_c_paper_v2_auprc_best/checkpoints/k30__C40/recap/trial_2/model.pt
k30__C40,30,40,2,cora,0.8229397967161846,0.3983891387010672,/autodl-fs/data/recap/tuning_hyperparams/interaction_tuning/k_c_heatmap_results/k_c_paper_v2_auprc_best/checkpoints/k30__C40/recap/trial_2/model.pt
k30__C40,30,40,2,citeseer,0.9045682509705172,0.4583263068006476,/autodl-fs/data/recap/tuning_hyperparams/interaction_tuning/k_c_heatmap_results/k_c_paper_v2_auprc_best/checkpoints/k30__C40/recap/trial_2/model.pt
k30__C40,30,40,2,ACM,0.7818312518932127,0.3754897097123051,/autodl-fs/data/recap/tuning_hyperparams/interaction_tuning/k_c_heatmap_results/k_c_paper_v2_auprc_best/checkpoints/k30__C40/recap/trial_2/model.pt
k30__C40,30,40,2,BlogCatalog,0.7351283360566447,0.3286234424642188,/autodl-fs/data/recap/tuning_hyperparams/interaction_tuning/k_c_heatmap_results/k_c_paper_v2_auprc_best/checkpoints/k30__C40/recap/trial_2/model.pt
k30__C40,30,40,2,weibo,0.8008362279115809,0.3253639435581068,/autodl-fs/data/recap/tuning_hyperparams/interaction_tuning/k_c_heatmap_results/k_c_paper_v2_auprc_best/checkpoints/k30__C40/recap/trial_2/model.pt
k30__C40,30,40,2,Reddit,0.585967791573645,0.045554280729285614,/autodl-fs/data/recap/tuning_hyperparams/interaction_tuning/k_c_heatmap_results/k_c_paper_v2_auprc_best/checkpoints/k30__C40/recap/trial_2/model.pt
k30__C40,30,40,2,Amazon,0.7274958921166034,0.1331175355717552,/autodl-fs/data/recap/tuning_hyperparams/interaction_tuning/k_c_heatmap_results/k_c_paper_v2_auprc_best/checkpoints/k30__C40/recap/trial_2/model.pt
k30__C48,30,48,0,Facebook,0.5970454545454545,0.0714487975759185,/autodl-fs/data/recap/tuning_hyperparams/interaction_tuning/k_c_heatmap_results/k_c_paper_v2_auprc_best/checkpoints/k30__C48/recap/trial_0/model.pt
k30__C48,30,48,0,cora,0.8237763878029709,0.43549075653268526,/autodl-fs/data/recap/tuning_hyperparams/interaction_tuning/k_c_heatmap_results/k_c_paper_v2_auprc_best/checkpoints/k30__C48/recap/trial_0/model.pt
k30__C48,30,48,0,citeseer,0.9055251285279614,0.4594255385815632,/autodl-fs/data/recap/tuning_hyperparams/interaction_tuning/k_c_heatmap_results/k_c_paper_v2_auprc_best/checkpoints/k30__C48/recap/trial_0/model.pt
k30__C48,30,48,0,ACM,0.7704587434349736,0.3679883143148972,/autodl-fs/data/recap/tuning_hyperparams/interaction_tuning/k_c_heatmap_results/k_c_paper_v2_auprc_best/checkpoints/k30__C48/recap/trial_0/model.pt
k30__C48,30,48,0,BlogCatalog,0.7260852396514161,0.3291903034334842,/autodl-fs/data/recap/tuning_hyperparams/interaction_tuning/k_c_heatmap_results/k_c_paper_v2_auprc_best/checkpoints/k30__C48/recap/trial_0/model.pt
k30__C48,30,48,0,weibo,0.7826820099185035,0.331377433702394,/autodl-fs/data/recap/tuning_hyperparams/interaction_tuning/k_c_heatmap_results/k_c_paper_v2_auprc_best/checkpoints/k30__C48/recap/trial_0/model.pt
k30__C48,30,48,0,Reddit,0.5907091988344362,0.04728081448380178,/autodl-fs/data/recap/tuning_hyperparams/interaction_tuning/k_c_heatmap_results/k_c_paper_v2_auprc_best/checkpoints/k30__C48/recap/trial_0/model.pt
k30__C48,30,48,0,Amazon,0.72065348237838,0.1298645756380439,/autodl-fs/data/recap/tuning_hyperparams/interaction_tuning/k_c_heatmap_results/k_c_paper_v2_auprc_best/checkpoints/k30__C48/recap/trial_0/model.pt
k30__C48,30,48,1,Facebook,0.5931439393939394,0.056665560166741805,/autodl-fs/data/recap/tuning_hyperparams/interaction_tuning/k_c_heatmap_results/k_c_paper_v2_auprc_best/checkpoints/k30__C48/recap/trial_1/model.pt
k30__C48,30,48,1,cora,0.8277013291634089,0.42817088976848494,/autodl-fs/data/recap/tuning_hyperparams/interaction_tuning/k_c_heatmap_results/k_c_paper_v2_auprc_best/checkpoints/k30__C48/recap/trial_1/model.pt
k30__C48,30,48,1,citeseer,0.9005288007554297,0.46573135046985975,/autodl-fs/data/recap/tuning_hyperparams/interaction_tuning/k_c_heatmap_results/k_c_paper_v2_auprc_best/checkpoints/k30__C48/recap/trial_1/model.pt
k30__C48,30,48,1,ACM,0.7836898029519411,0.3723726655636682,/autodl-fs/data/recap/tuning_hyperparams/interaction_tuning/k_c_heatmap_results/k_c_paper_v2_auprc_best/checkpoints/k30__C48/recap/trial_1/model.pt
k30__C48,30,48,1,BlogCatalog,0.7363667619825708,0.3357067096770828,/autodl-fs/data/recap/tuning_hyperparams/interaction_tuning/k_c_heatmap_results/k_c_paper_v2_auprc_best/checkpoints/k30__C48/recap/trial_1/model.pt
k30__C48,30,48,1,weibo,0.7924916800619249,0.3122797478784245,/autodl-fs/data/recap/tuning_hyperparams/interaction_tuning/k_c_heatmap_results/k_c_paper_v2_auprc_best/checkpoints/k30__C48/recap/trial_1/model.pt
k30__C48,30,48,1,Reddit,0.5968392419512385,0.047127617285913664,/autodl-fs/data/recap/tuning_hyperparams/interaction_tuning/k_c_heatmap_results/k_c_paper_v2_auprc_best/checkpoints/k30__C48/recap/trial_1/model.pt
k30__C48,30,48,1,Amazon,0.7077021999905222,0.12172569533824004,/autodl-fs/data/recap/tuning_hyperparams/interaction_tuning/k_c_heatmap_results/k_c_paper_v2_auprc_best/checkpoints/k30__C48/recap/trial_1/model.pt
k30__C48,30,48,2,Facebook,0.5818560606060605,0.03612701280538812,/autodl-fs/data/recap/tuning_hyperparams/interaction_tuning/k_c_heatmap_results/k_c_paper_v2_auprc_best/checkpoints/k30__C48/recap/trial_2/model.pt
k30__C48,30,48,2,cora,0.8154000521240552,0.40839457304251664,/autodl-fs/data/recap/tuning_hyperparams/interaction_tuning/k_c_heatmap_results/k_c_paper_v2_auprc_best/checkpoints/k30__C48/recap/trial_2/model.pt
k30__C48,30,48,2,citeseer,0.9041024026859721,0.4541254780289217,/autodl-fs/data/recap/tuning_hyperparams/interaction_tuning/k_c_heatmap_results/k_c_paper_v2_auprc_best/checkpoints/k30__C48/recap/trial_2/model.pt
k30__C48,30,48,2,ACM,0.7831696406119474,0.3739431816249163,/autodl-fs/data/recap/tuning_hyperparams/interaction_tuning/k_c_heatmap_results/k_c_paper_v2_auprc_best/checkpoints/k30__C48/recap/trial_2/model.pt
k30__C48,30,48,2,BlogCatalog,0.7339944172113289,0.32673726114205154,/autodl-fs/data/recap/tuning_hyperparams/interaction_tuning/k_c_heatmap_results/k_c_paper_v2_auprc_best/checkpoints/k30__C48/recap/trial_2/model.pt
k30__C48,30,48,2,weibo,0.7974600266947269,0.3279457708082461,/autodl-fs/data/recap/tuning_hyperparams/interaction_tuning/k_c_heatmap_results/k_c_paper_v2_auprc_best/checkpoints/k30__C48/recap/trial_2/model.pt
k30__C48,30,48,2,Reddit,0.5875508338762818,0.04439923645341884,/autodl-fs/data/recap/tuning_hyperparams/interaction_tuning/k_c_heatmap_results/k_c_paper_v2_auprc_best/checkpoints/k30__C48/recap/trial_2/model.pt
k30__C48,30,48,2,Amazon,0.7220019339943796,0.13173376608064727,/autodl-fs/data/recap/tuning_hyperparams/interaction_tuning/k_c_heatmap_results/k_c_paper_v2_auprc_best/checkpoints/k30__C48/recap/trial_2/model.pt
k36__C16,36,16,0,Facebook,0.6103787878787879,0.04691728326880345,/autodl-fs/data/recap/tuning_hyperparams/interaction_tuning/k_c_heatmap_results/k_c_paper_v2_auprc_best/checkpoints/k36__C16/recap/trial_0/model.pt
k36__C16,36,16,0,cora,0.8209721136304405,0.40945186047955495,/autodl-fs/data/recap/tuning_hyperparams/interaction_tuning/k_c_heatmap_results/k_c_paper_v2_auprc_best/checkpoints/k36__C16/recap/trial_0/model.pt
k36__C16,36,16,0,citeseer,0.9030962123596684,0.4507273996035868,/autodl-fs/data/recap/tuning_hyperparams/interaction_tuning/k_c_heatmap_results/k_c_paper_v2_auprc_best/checkpoints/k36__C16/recap/trial_0/model.pt
k36__C16,36,16,0,ACM,0.7854956366355813,0.3726181905385701,/autodl-fs/data/recap/tuning_hyperparams/interaction_tuning/k_c_heatmap_results/k_c_paper_v2_auprc_best/checkpoints/k36__C16/recap/trial_0/model.pt
k36__C16,36,16,0,BlogCatalog,0.7269151688453159,0.32160176226954096,/autodl-fs/data/recap/tuning_hyperparams/interaction_tuning/k_c_heatmap_results/k_c_paper_v2_auprc_best/checkpoints/k36__C16/recap/trial_0/model.pt
k36__C16,36,16,0,weibo,0.7972785105002724,0.34233272190554764,/autodl-fs/data/recap/tuning_hyperparams/interaction_tuning/k_c_heatmap_results/k_c_paper_v2_auprc_best/checkpoints/k36__C16/recap/trial_0/model.pt
k36__C16,36,16,0,Reddit,0.5924221885302512,0.04837755078648259,/autodl-fs/data/recap/tuning_hyperparams/interaction_tuning/k_c_heatmap_results/k_c_paper_v2_auprc_best/checkpoints/k36__C16/recap/trial_0/model.pt
k36__C16,36,16,0,Amazon,0.7381596591543081,0.1360115444222674,/autodl-fs/data/recap/tuning_hyperparams/interaction_tuning/k_c_heatmap_results/k_c_paper_v2_auprc_best/checkpoints/k36__C16/recap/trial_0/model.pt
k36__C16,36,16,1,Facebook,0.5857954545454546,0.046156678595468036,/autodl-fs/data/recap/tuning_hyperparams/interaction_tuning/k_c_heatmap_results/k_c_paper_v2_auprc_best/checkpoints/k36__C16/recap/trial_1/model.pt
k36__C16,36,16,1,cora,0.8316601511597603,0.4251248925138206,/autodl-fs/data/recap/tuning_hyperparams/interaction_tuning/k_c_heatmap_results/k_c_paper_v2_auprc_best/checkpoints/k36__C16/recap/trial_1/model.pt
k36__C16,36,16,1,citeseer,0.9026230196201869,0.4705098557643533,/autodl-fs/data/recap/tuning_hyperparams/interaction_tuning/k_c_heatmap_results/k_c_paper_v2_auprc_best/checkpoints/k36__C16/recap/trial_1/model.pt
k36__C16,36,16,1,ACM,0.786853741652599,0.3720340452490201,/autodl-fs/data/recap/tuning_hyperparams/interaction_tuning/k_c_heatmap_results/k_c_paper_v2_auprc_best/checkpoints/k36__C16/recap/trial_1/model.pt
k36__C16,36,16,1,BlogCatalog,0.7276828022875815,0.336387429295827,/autodl-fs/data/recap/tuning_hyperparams/interaction_tuning/k_c_heatmap_results/k_c_paper_v2_auprc_best/checkpoints/k36__C16/recap/trial_1/model.pt
k36__C16,36,16,1,weibo,0.7742220559831101,0.3116167196423178,/autodl-fs/data/recap/tuning_hyperparams/interaction_tuning/k_c_heatmap_results/k_c_paper_v2_auprc_best/checkpoints/k36__C16/recap/trial_1/model.pt
k36__C16,36,16,1,Reddit,0.5938572709297645,0.046540279890727565,/autodl-fs/data/recap/tuning_hyperparams/interaction_tuning/k_c_heatmap_results/k_c_paper_v2_auprc_best/checkpoints/k36__C16/recap/trial_1/model.pt
k36__C16,36,16,1,Amazon,0.74298086762676,0.1343361807806174,/autodl-fs/data/recap/tuning_hyperparams/interaction_tuning/k_c_heatmap_results/k_c_paper_v2_auprc_best/checkpoints/k36__C16/recap/trial_1/model.pt
k36__C16,36,16,2,Facebook,0.5993939393939394,0.03849237429201303,/autodl-fs/data/recap/tuning_hyperparams/interaction_tuning/k_c_heatmap_results/k_c_paper_v2_auprc_best/checkpoints/k36__C16/recap/trial_2/model.pt
k36__C16,36,16,2,cora,0.8158378941881678,0.4112533082603388,/autodl-fs/data/recap/tuning_hyperparams/interaction_tuning/k_c_heatmap_results/k_c_paper_v2_auprc_best/checkpoints/k36__C16/recap/trial_2/model.pt
k36__C16,36,16,2,citeseer,0.9066246983527437,0.4709774213128388,/autodl-fs/data/recap/tuning_hyperparams/interaction_tuning/k_c_heatmap_results/k_c_paper_v2_auprc_best/checkpoints/k36__C16/recap/trial_2/model.pt
k36__C16,36,16,2,ACM,0.7841438577035742,0.37282149437977624,/autodl-fs/data/recap/tuning_hyperparams/interaction_tuning/k_c_heatmap_results/k_c_paper_v2_auprc_best/checkpoints/k36__C16/recap/trial_2/model.pt
k36__C16,36,16,2,BlogCatalog,0.7336121323529412,0.3333710036300525,/autodl-fs/data/recap/tuning_hyperparams/interaction_tuning/k_c_heatmap_results/k_c_paper_v2_auprc_best/checkpoints/k36__C16/recap/trial_2/model.pt
k36__C16,36,16,2,weibo,0.8067023727491227,0.3315237750755973,/autodl-fs/data/recap/tuning_hyperparams/interaction_tuning/k_c_heatmap_results/k_c_paper_v2_auprc_best/checkpoints/k36__C16/recap/trial_2/model.pt
k36__C16,36,16,2,Reddit,0.5859236609242785,0.044887205912260864,/autodl-fs/data/recap/tuning_hyperparams/interaction_tuning/k_c_heatmap_results/k_c_paper_v2_auprc_best/checkpoints/k36__C16/recap/trial_2/model.pt
k36__C16,36,16,2,Amazon,0.7405022844116329,0.13987199858929494,/autodl-fs/data/recap/tuning_hyperparams/interaction_tuning/k_c_heatmap_results/k_c_paper_v2_auprc_best/checkpoints/k36__C16/recap/trial_2/model.pt
k36__C20,36,20,0,Facebook,0.6020454545454546,0.07286346848458689,/autodl-fs/data/recap/tuning_hyperparams/interaction_tuning/k_c_heatmap_results/k_c_paper_v2_auprc_best/checkpoints/k36__C20/recap/trial_0/model.pt
k36__C20,36,20,0,cora,0.8275996872556685,0.4401902864337469,/autodl-fs/data/recap/tuning_hyperparams/interaction_tuning/k_c_heatmap_results/k_c_paper_v2_auprc_best/checkpoints/k36__C20/recap/trial_0/model.pt
k36__C20,36,20,0,citeseer,0.9044475920679886,0.45620581088117346,/autodl-fs/data/recap/tuning_hyperparams/interaction_tuning/k_c_heatmap_results/k_c_paper_v2_auprc_best/checkpoints/k36__C20/recap/trial_0/model.pt
k36__C20,36,20,0,ACM,0.789715820663503,0.3714729392963677,/autodl-fs/data/recap/tuning_hyperparams/interaction_tuning/k_c_heatmap_results/k_c_paper_v2_auprc_best/checkpoints/k36__C20/recap/trial_0/model.pt
k36__C20,36,20,0,BlogCatalog,0.7273376225490197,0.3295093874664106,/autodl-fs/data/recap/tuning_hyperparams/interaction_tuning/k_c_heatmap_results/k_c_paper_v2_auprc_best/checkpoints/k36__C20/recap/trial_0/model.pt
k36__C20,36,20,0,weibo,0.776113340087519,0.3238447372693895,/autodl-fs/data/recap/tuning_hyperparams/interaction_tuning/k_c_heatmap_results/k_c_paper_v2_auprc_best/checkpoints/k36__C20/recap/trial_0/model.pt
k36__C20,36,20,0,Reddit,0.597288911395949,0.04849262735755631,/autodl-fs/data/recap/tuning_hyperparams/interaction_tuning/k_c_heatmap_results/k_c_paper_v2_auprc_best/checkpoints/k36__C20/recap/trial_0/model.pt
k36__C20,36,20,0,Amazon,0.74012347950025,0.13805076371937736,/autodl-fs/data/recap/tuning_hyperparams/interaction_tuning/k_c_heatmap_results/k_c_paper_v2_auprc_best/checkpoints/k36__C20/recap/trial_0/model.pt
k36__C20,36,20,1,Facebook,0.5897727272727273,0.05139742731673215,/autodl-fs/data/recap/tuning_hyperparams/interaction_tuning/k_c_heatmap_results/k_c_paper_v2_auprc_best/checkpoints/k36__C20/recap/trial_1/model.pt
k36__C20,36,20,1,cora,0.8261297888975762,0.4148140681084233,/autodl-fs/data/recap/tuning_hyperparams/interaction_tuning/k_c_heatmap_results/k_c_paper_v2_auprc_best/checkpoints/k36__C20/recap/trial_1/model.pt
k36__C20,36,20,1,citeseer,0.9002706956248033,0.467330635688866,/autodl-fs/data/recap/tuning_hyperparams/interaction_tuning/k_c_heatmap_results/k_c_paper_v2_auprc_best/checkpoints/k36__C20/recap/trial_1/model.pt
k36__C20,36,20,1,ACM,0.7771958131017226,0.37365198520116827,/autodl-fs/data/recap/tuning_hyperparams/interaction_tuning/k_c_heatmap_results/k_c_paper_v2_auprc_best/checkpoints/k36__C20/recap/trial_1/model.pt
k36__C20,36,20,1,BlogCatalog,0.7311836192810458,0.33516102262695596,/autodl-fs/data/recap/tuning_hyperparams/interaction_tuning/k_c_heatmap_results/k_c_paper_v2_auprc_best/checkpoints/k36__C20/recap/trial_1/model.pt
k36__C20,36,20,1,weibo,0.7851497130286287,0.3090905975583535,/autodl-fs/data/recap/tuning_hyperparams/interaction_tuning/k_c_heatmap_results/k_c_paper_v2_auprc_best/checkpoints/k36__C20/recap/trial_1/model.pt
k36__C20,36,20,1,Reddit,0.5931412736594318,0.04700232877463093,/autodl-fs/data/recap/tuning_hyperparams/interaction_tuning/k_c_heatmap_results/k_c_paper_v2_auprc_best/checkpoints/k36__C20/recap/trial_1/model.pt
k36__C20,36,20,1,Amazon,0.719818052521861,0.1228238570996204,/autodl-fs/data/recap/tuning_hyperparams/interaction_tuning/k_c_heatmap_results/k_c_paper_v2_auprc_best/checkpoints/k36__C20/recap/trial_1/model.pt
k36__C20,36,20,2,Facebook,0.5837878787878787,0.043100373519856884,/autodl-fs/data/recap/tuning_hyperparams/interaction_tuning/k_c_heatmap_results/k_c_paper_v2_auprc_best/checkpoints/k36__C20/recap/trial_2/model.pt
k36__C20,36,20,2,cora,0.8111050299713317,0.38781594811203607,/autodl-fs/data/recap/tuning_hyperparams/interaction_tuning/k_c_heatmap_results/k_c_paper_v2_auprc_best/checkpoints/k36__C20/recap/trial_2/model.pt
k36__C20,36,20,2,citeseer,0.9022421571713356,0.44597565715834514,/autodl-fs/data/recap/tuning_hyperparams/interaction_tuning/k_c_heatmap_results/k_c_paper_v2_auprc_best/checkpoints/k36__C20/recap/trial_2/model.pt
k36__C20,36,20,2,ACM,0.7799298416085378,0.3764756411053427,/autodl-fs/data/recap/tuning_hyperparams/interaction_tuning/k_c_heatmap_results/k_c_paper_v2_auprc_best/checkpoints/k36__C20/recap/trial_2/model.pt
k36__C20,36,20,2,BlogCatalog,0.7304377723311547,0.3277213644681484,/autodl-fs/data/recap/tuning_hyperparams/interaction_tuning/k_c_heatmap_results/k_c_paper_v2_auprc_best/checkpoints/k36__C20/recap/trial_2/model.pt
k36__C20,36,20,2,weibo,0.7845011461123587,0.3293263316707457,/autodl-fs/data/recap/tuning_hyperparams/interaction_tuning/k_c_heatmap_results/k_c_paper_v2_auprc_best/checkpoints/k36__C20/recap/trial_2/model.pt
k36__C20,36,20,2,Reddit,0.5912673293211753,0.04638083727759574,/autodl-fs/data/recap/tuning_hyperparams/interaction_tuning/k_c_heatmap_results/k_c_paper_v2_auprc_best/checkpoints/k36__C20/recap/trial_2/model.pt
k36__C20,36,20,2,Amazon,0.716010169897485,0.12780342884340234,/autodl-fs/data/recap/tuning_hyperparams/interaction_tuning/k_c_heatmap_results/k_c_paper_v2_auprc_best/checkpoints/k36__C20/recap/trial_2/model.pt
k36__C24,36,24,0,Facebook,0.6155681818181818,0.05581047300896275,/autodl-fs/data/recap/tuning_hyperparams/interaction_tuning/k_c_heatmap_results/k_c_paper_v2_auprc_best/checkpoints/k36__C24/recap/trial_0/model.pt
k36__C24,36,24,0,cora,0.8253661714881417,0.4182678649883879,/autodl-fs/data/recap/tuning_hyperparams/interaction_tuning/k_c_heatmap_results/k_c_paper_v2_auprc_best/checkpoints/k36__C24/recap/trial_0/model.pt
k36__C24,36,24,0,citeseer,0.9069006400167874,0.45746374770301257,/autodl-fs/data/recap/tuning_hyperparams/interaction_tuning/k_c_heatmap_results/k_c_paper_v2_auprc_best/checkpoints/k36__C24/recap/trial_0/model.pt
k36__C24,36,24,0,ACM,0.7882027265637265,0.37221507681670074,/autodl-fs/data/recap/tuning_hyperparams/interaction_tuning/k_c_heatmap_results/k_c_paper_v2_auprc_best/checkpoints/k36__C24/recap/trial_0/model.pt
k36__C24,36,24,0,BlogCatalog,0.7263511029411766,0.3231148878544603,/autodl-fs/data/recap/tuning_hyperparams/interaction_tuning/k_c_heatmap_results/k_c_paper_v2_auprc_best/checkpoints/k36__C24/recap/trial_0/model.pt
k36__C24,36,24,0,weibo,0.8064607078199164,0.33877480484457917,/autodl-fs/data/recap/tuning_hyperparams/interaction_tuning/k_c_heatmap_results/k_c_paper_v2_auprc_best/checkpoints/k36__C24/recap/trial_0/model.pt
k36__C24,36,24,0,Reddit,0.5893290545902565,0.047441685374019646,/autodl-fs/data/recap/tuning_hyperparams/interaction_tuning/k_c_heatmap_results/k_c_paper_v2_auprc_best/checkpoints/k36__C24/recap/trial_0/model.pt
k36__C24,36,24,0,Amazon,0.7272182229689312,0.13219027231470365,/autodl-fs/data/recap/tuning_hyperparams/interaction_tuning/k_c_heatmap_results/k_c_paper_v2_auprc_best/checkpoints/k36__C24/recap/trial_0/model.pt
k36__C24,36,24,1,Facebook,0.5926893939393939,0.046060500601651594,/autodl-fs/data/recap/tuning_hyperparams/interaction_tuning/k_c_heatmap_results/k_c_paper_v2_auprc_best/checkpoints/k36__C24/recap/trial_1/model.pt
k36__C24,36,24,1,cora,0.8295334897054991,0.43163288587736987,/autodl-fs/data/recap/tuning_hyperparams/interaction_tuning/k_c_heatmap_results/k_c_paper_v2_auprc_best/checkpoints/k36__C24/recap/trial_1/model.pt
k36__C24,36,24,1,citeseer,0.9036365544014269,0.4711053812807294,/autodl-fs/data/recap/tuning_hyperparams/interaction_tuning/k_c_heatmap_results/k_c_paper_v2_auprc_best/checkpoints/k36__C24/recap/trial_1/model.pt
k36__C24,36,24,1,ACM,0.7753063169438177,0.37609908048737517,/autodl-fs/data/recap/tuning_hyperparams/interaction_tuning/k_c_heatmap_results/k_c_paper_v2_auprc_best/checkpoints/k36__C24/recap/trial_1/model.pt
k36__C24,36,24,1,BlogCatalog,0.7318242783224401,0.3354017637388059,/autodl-fs/data/recap/tuning_hyperparams/interaction_tuning/k_c_heatmap_results/k_c_paper_v2_auprc_best/checkpoints/k36__C24/recap/trial_1/model.pt
k36__C24,36,24,1,weibo,0.7815573737915988,0.3180911352474129,/autodl-fs/data/recap/tuning_hyperparams/interaction_tuning/k_c_heatmap_results/k_c_paper_v2_auprc_best/checkpoints/k36__C24/recap/trial_1/model.pt
k36__C24,36,24,1,Reddit,0.5941351782260662,0.04671275737607282,/autodl-fs/data/recap/tuning_hyperparams/interaction_tuning/k_c_heatmap_results/k_c_paper_v2_auprc_best/checkpoints/k36__C24/recap/trial_1/model.pt
k36__C24,36,24,1,Amazon,0.7264383572221155,0.1286253053877436,/autodl-fs/data/recap/tuning_hyperparams/interaction_tuning/k_c_heatmap_results/k_c_paper_v2_auprc_best/checkpoints/k36__C24/recap/trial_1/model.pt
k36__C24,36,24,2,Facebook,0.5958712121212122,0.03931556678599664,/autodl-fs/data/recap/tuning_hyperparams/interaction_tuning/k_c_heatmap_results/k_c_paper_v2_auprc_best/checkpoints/k36__C24/recap/trial_2/model.pt
k36__C24,36,24,2,cora,0.8211858222569716,0.40871959919321316,/autodl-fs/data/recap/tuning_hyperparams/interaction_tuning/k_c_heatmap_results/k_c_paper_v2_auprc_best/checkpoints/k36__C24/recap/trial_2/model.pt
k36__C24,36,24,2,citeseer,0.9014709894030009,0.45136268573818744,/autodl-fs/data/recap/tuning_hyperparams/interaction_tuning/k_c_heatmap_results/k_c_paper_v2_auprc_best/checkpoints/k36__C24/recap/trial_2/model.pt
k36__C24,36,24,2,ACM,0.781906321435338,0.3756736440305542,/autodl-fs/data/recap/tuning_hyperparams/interaction_tuning/k_c_heatmap_results/k_c_paper_v2_auprc_best/checkpoints/k36__C24/recap/trial_2/model.pt
k36__C24,36,24,2,BlogCatalog,0.7297215413943354,0.3302938072791046,/autodl-fs/data/recap/tuning_hyperparams/interaction_tuning/k_c_heatmap_results/k_c_paper_v2_auprc_best/checkpoints/k36__C24/recap/trial_2/model.pt
k36__C24,36,24,2,weibo,0.7745425944755489,0.33189004618530416,/autodl-fs/data/recap/tuning_hyperparams/interaction_tuning/k_c_heatmap_results/k_c_paper_v2_auprc_best/checkpoints/k36__C24/recap/trial_2/model.pt
k36__C24,36,24,2,Reddit,0.5894303106283072,0.04596437895823861,/autodl-fs/data/recap/tuning_hyperparams/interaction_tuning/k_c_heatmap_results/k_c_paper_v2_auprc_best/checkpoints/k36__C24/recap/trial_2/model.pt
k36__C24,36,24,2,Amazon,0.7111196198385371,0.12455654676652494,/autodl-fs/data/recap/tuning_hyperparams/interaction_tuning/k_c_heatmap_results/k_c_paper_v2_auprc_best/checkpoints/k36__C24/recap/trial_2/model.pt
k36__C28,36,28,0,Facebook,0.615530303030303,0.054214269717534284,/autodl-fs/data/recap/tuning_hyperparams/interaction_tuning/k_c_heatmap_results/k_c_paper_v2_auprc_best/checkpoints/k36__C28/recap/trial_0/model.pt
k36__C28,36,28,0,cora,0.8242272608808965,0.42661376445835897,/autodl-fs/data/recap/tuning_hyperparams/interaction_tuning/k_c_heatmap_results/k_c_paper_v2_auprc_best/checkpoints/k36__C28/recap/trial_0/model.pt
k36__C28,36,28,0,citeseer,0.9066100094428707,0.4579076820173295,/autodl-fs/data/recap/tuning_hyperparams/interaction_tuning/k_c_heatmap_results/k_c_paper_v2_auprc_best/checkpoints/k36__C28/recap/trial_0/model.pt
k36__C28,36,28,0,ACM,0.7894694723697167,0.37311649492205323,/autodl-fs/data/recap/tuning_hyperparams/interaction_tuning/k_c_heatmap_results/k_c_paper_v2_auprc_best/checkpoints/k36__C28/recap/trial_0/model.pt
k36__C28,36,28,0,BlogCatalog,0.7211451525054465,0.32560932580230945,/autodl-fs/data/recap/tuning_hyperparams/interaction_tuning/k_c_heatmap_results/k_c_paper_v2_auprc_best/checkpoints/k36__C28/recap/trial_0/model.pt
k36__C28,36,28,0,weibo,0.79648648846948,0.3259528479742615,/autodl-fs/data/recap/tuning_hyperparams/interaction_tuning/k_c_heatmap_results/k_c_paper_v2_auprc_best/checkpoints/k36__C28/recap/trial_0/model.pt
k36__C28,36,28,0,Reddit,0.5950956309885163,0.048093370938466176,/autodl-fs/data/recap/tuning_hyperparams/interaction_tuning/k_c_heatmap_results/k_c_paper_v2_auprc_best/checkpoints/k36__C28/recap/trial_0/model.pt
k36__C28,36,28,0,Amazon,0.6900800501681836,0.11896316228756179,/autodl-fs/data/recap/tuning_hyperparams/interaction_tuning/k_c_heatmap_results/k_c_paper_v2_auprc_best/checkpoints/k36__C28/recap/trial_0/model.pt
k36__C28,36,28,1,Facebook,0.592159090909091,0.0453577549637824,/autodl-fs/data/recap/tuning_hyperparams/interaction_tuning/k_c_heatmap_results/k_c_paper_v2_auprc_best/checkpoints/k36__C28/recap/trial_1/model.pt
k36__C28,36,28,1,cora,0.8283580922595777,0.43097160052381683,/autodl-fs/data/recap/tuning_hyperparams/interaction_tuning/k_c_heatmap_results/k_c_paper_v2_auprc_best/checkpoints/k36__C28/recap/trial_1/model.pt
k36__C28,36,28,1,citeseer,0.9013471828769278,0.4724226694568299,/autodl-fs/data/recap/tuning_hyperparams/interaction_tuning/k_c_heatmap_results/k_c_paper_v2_auprc_best/checkpoints/k36__C28/recap/trial_1/model.pt
k36__C28,36,28,1,ACM,0.7776133347124199,0.3713162495235454,/autodl-fs/data/recap/tuning_hyperparams/interaction_tuning/k_c_heatmap_results/k_c_paper_v2_auprc_best/checkpoints/k36__C28/recap/trial_1/model.pt
k36__C28,36,28,1,BlogCatalog,0.7316213916122004,0.3381068732073939,/autodl-fs/data/recap/tuning_hyperparams/interaction_tuning/k_c_heatmap_results/k_c_paper_v2_auprc_best/checkpoints/k36__C28/recap/trial_1/model.pt
k36__C28,36,28,1,weibo,0.7737534002759964,0.3097705570265516,/autodl-fs/data/recap/tuning_hyperparams/interaction_tuning/k_c_heatmap_results/k_c_paper_v2_auprc_best/checkpoints/k36__C28/recap/trial_1/model.pt
k36__C28,36,28,1,Reddit,0.5927632682721473,0.04642294028060264,/autodl-fs/data/recap/tuning_hyperparams/interaction_tuning/k_c_heatmap_results/k_c_paper_v2_auprc_best/checkpoints/k36__C28/recap/trial_1/model.pt
k36__C28,36,28,1,Amazon,0.7165073702687804,0.12672617006449333,/autodl-fs/data/recap/tuning_hyperparams/interaction_tuning/k_c_heatmap_results/k_c_paper_v2_auprc_best/checkpoints/k36__C28/recap/trial_1/model.pt
k36__C28,36,28,2,Facebook,0.5912121212121212,0.03744628099391033,/autodl-fs/data/recap/tuning_hyperparams/interaction_tuning/k_c_heatmap_results/k_c_paper_v2_auprc_best/checkpoints/k36__C28/recap/trial_2/model.pt
k36__C28,36,28,2,cora,0.8206046390409174,0.4068486750115016,/autodl-fs/data/recap/tuning_hyperparams/interaction_tuning/k_c_heatmap_results/k_c_paper_v2_auprc_best/checkpoints/k36__C28/recap/trial_2/model.pt
k36__C28,36,28,2,citeseer,0.9034487461966215,0.45460617754198573,/autodl-fs/data/recap/tuning_hyperparams/interaction_tuning/k_c_heatmap_results/k_c_paper_v2_auprc_best/checkpoints/k36__C28/recap/trial_2/model.pt
k36__C28,36,28,2,ACM,0.7842344261539754,0.3762834536221932,/autodl-fs/data/recap/tuning_hyperparams/interaction_tuning/k_c_heatmap_results/k_c_paper_v2_auprc_best/checkpoints/k36__C28/recap/trial_2/model.pt
k36__C28,36,28,2,BlogCatalog,0.7313882080610022,0.33593877393091703,/autodl-fs/data/recap/tuning_hyperparams/interaction_tuning/k_c_heatmap_results/k_c_paper_v2_auprc_best/checkpoints/k36__C28/recap/trial_2/model.pt
k36__C28,36,28,2,weibo,0.7768383348751383,0.3235136848907252,/autodl-fs/data/recap/tuning_hyperparams/interaction_tuning/k_c_heatmap_results/k_c_paper_v2_auprc_best/checkpoints/k36__C28/recap/trial_2/model.pt
k36__C28,36,28,2,Reddit,0.5909685789776511,0.04643884730657145,/autodl-fs/data/recap/tuning_hyperparams/interaction_tuning/k_c_heatmap_results/k_c_paper_v2_auprc_best/checkpoints/k36__C28/recap/trial_2/model.pt
k36__C28,36,28,2,Amazon,0.7322414001671164,0.1307286374896287,/autodl-fs/data/recap/tuning_hyperparams/interaction_tuning/k_c_heatmap_results/k_c_paper_v2_auprc_best/checkpoints/k36__C28/recap/trial_2/model.pt
k36__C32,36,32,0,Facebook,0.6027272727272727,0.07295020528828061,/autodl-fs/data/recap/tuning_hyperparams/interaction_tuning/k_c_heatmap_results/k_c_paper_v2_auprc_best/checkpoints/k36__C32/recap/trial_0/model.pt
k36__C32,36,32,0,cora,0.8235183737294761,0.42839468119070556,/autodl-fs/data/recap/tuning_hyperparams/interaction_tuning/k_c_heatmap_results/k_c_paper_v2_auprc_best/checkpoints/k36__C32/recap/trial_0/model.pt
k36__C32,36,32,0,citeseer,0.9061273738327564,0.46081628719993595,/autodl-fs/data/recap/tuning_hyperparams/interaction_tuning/k_c_heatmap_results/k_c_paper_v2_auprc_best/checkpoints/k36__C32/recap/trial_0/model.pt
k36__C32,36,32,0,ACM,0.7844037543627582,0.3735843641777919,/autodl-fs/data/recap/tuning_hyperparams/interaction_tuning/k_c_heatmap_results/k_c_paper_v2_auprc_best/checkpoints/k36__C32/recap/trial_0/model.pt
k36__C32,36,32,0,BlogCatalog,0.7318270016339868,0.33255546303637235,/autodl-fs/data/recap/tuning_hyperparams/interaction_tuning/k_c_heatmap_results/k_c_paper_v2_auprc_best/checkpoints/k36__C32/recap/trial_0/model.pt
k36__C32,36,32,0,weibo,0.7790226434383003,0.33531160316932973,/autodl-fs/data/recap/tuning_hyperparams/interaction_tuning/k_c_heatmap_results/k_c_paper_v2_auprc_best/checkpoints/k36__C32/recap/trial_0/model.pt
k36__C32,36,32,0,Reddit,0.5924335106793599,0.047912982824683384,/autodl-fs/data/recap/tuning_hyperparams/interaction_tuning/k_c_heatmap_results/k_c_paper_v2_auprc_best/checkpoints/k36__C32/recap/trial_0/model.pt
k36__C32,36,32,0,Amazon,0.6796713935524133,0.11588796704166808,/autodl-fs/data/recap/tuning_hyperparams/interaction_tuning/k_c_heatmap_results/k_c_paper_v2_auprc_best/checkpoints/k36__C32/recap/trial_0/model.pt
k36__C32,36,32,1,Facebook,0.5951515151515151,0.04788585241283953,/autodl-fs/data/recap/tuning_hyperparams/interaction_tuning/k_c_heatmap_results/k_c_paper_v2_auprc_best/checkpoints/k36__C32/recap/trial_1/model.pt
k36__C32,36,32,1,cora,0.8274198592650509,0.42651856225485846,/autodl-fs/data/recap/tuning_hyperparams/interaction_tuning/k_c_heatmap_results/k_c_paper_v2_auprc_best/checkpoints/k36__C32/recap/trial_1/model.pt
k36__C32,36,32,1,citeseer,0.9034204175847237,0.4709029810684968,/autodl-fs/data/recap/tuning_hyperparams/interaction_tuning/k_c_heatmap_results/k_c_paper_v2_auprc_best/checkpoints/k36__C32/recap/trial_1/model.pt
k36__C32,36,32,1,ACM,0.7872731083714243,0.3711299981199897,/autodl-fs/data/recap/tuning_hyperparams/interaction_tuning/k_c_heatmap_results/k_c_paper_v2_auprc_best/checkpoints/k36__C32/recap/trial_1/model.pt
k36__C32,36,32,1,BlogCatalog,0.7254153050108932,0.3279966919363487,/autodl-fs/data/recap/tuning_hyperparams/interaction_tuning/k_c_heatmap_results/k_c_paper_v2_auprc_best/checkpoints/k36__C32/recap/trial_1/model.pt
k36__C32,36,32,1,weibo,0.7974100428668646,0.34330794954780736,/autodl-fs/data/recap/tuning_hyperparams/interaction_tuning/k_c_heatmap_results/k_c_paper_v2_auprc_best/checkpoints/k36__C32/recap/trial_1/model.pt
k36__C32,36,32,1,Reddit,0.5917402863680296,0.04716358352849993,/autodl-fs/data/recap/tuning_hyperparams/interaction_tuning/k_c_heatmap_results/k_c_paper_v2_auprc_best/checkpoints/k36__C32/recap/trial_1/model.pt
k36__C32,36,32,1,Amazon,0.7359822122176543,0.13521213253886516,/autodl-fs/data/recap/tuning_hyperparams/interaction_tuning/k_c_heatmap_results/k_c_paper_v2_auprc_best/checkpoints/k36__C32/recap/trial_1/model.pt
k36__C32,36,32,2,Facebook,0.5883712121212121,0.035875115369769936,/autodl-fs/data/recap/tuning_hyperparams/interaction_tuning/k_c_heatmap_results/k_c_paper_v2_auprc_best/checkpoints/k36__C32/recap/trial_2/model.pt
k36__C32,36,32,2,cora,0.8233098775084703,0.41427174350851437,/autodl-fs/data/recap/tuning_hyperparams/interaction_tuning/k_c_heatmap_results/k_c_paper_v2_auprc_best/checkpoints/k36__C32/recap/trial_2/model.pt
k36__C32,36,32,2,citeseer,0.9063141328297135,0.46160910819259504,/autodl-fs/data/recap/tuning_hyperparams/interaction_tuning/k_c_heatmap_results/k_c_paper_v2_auprc_best/checkpoints/k36__C32/recap/trial_2/model.pt
k36__C32,36,32,2,ACM,0.7821502447298704,0.3743342388570651,/autodl-fs/data/recap/tuning_hyperparams/interaction_tuning/k_c_heatmap_results/k_c_paper_v2_auprc_best/checkpoints/k36__C32/recap/trial_2/model.pt
k36__C32,36,32,2,BlogCatalog,0.7314477805010894,0.3317543988336306,/autodl-fs/data/recap/tuning_hyperparams/interaction_tuning/k_c_heatmap_results/k_c_paper_v2_auprc_best/checkpoints/k36__C32/recap/trial_2/model.pt
k36__C32,36,32,2,weibo,0.7848896289824271,0.3262624844026275,/autodl-fs/data/recap/tuning_hyperparams/interaction_tuning/k_c_heatmap_results/k_c_paper_v2_auprc_best/checkpoints/k36__C32/recap/trial_2/model.pt
k36__C32,36,32,2,Reddit,0.590733644383648,0.045898703333141375,/autodl-fs/data/recap/tuning_hyperparams/interaction_tuning/k_c_heatmap_results/k_c_paper_v2_auprc_best/checkpoints/k36__C32/recap/trial_2/model.pt
k36__C32,36,32,2,Amazon,0.7435991886731578,0.13840863392015265,/autodl-fs/data/recap/tuning_hyperparams/interaction_tuning/k_c_heatmap_results/k_c_paper_v2_auprc_best/checkpoints/k36__C32/recap/trial_2/model.pt
k36__C36,36,36,0,Facebook,0.5990909090909091,0.07213085503476305,/autodl-fs/data/recap/tuning_hyperparams/interaction_tuning/k_c_heatmap_results/k_c_paper_v2_auprc_best/checkpoints/k36__C36/recap/trial_0/model.pt
k36__C36,36,36,0,cora,0.8240604639040918,0.43026145221794465,/autodl-fs/data/recap/tuning_hyperparams/interaction_tuning/k_c_heatmap_results/k_c_paper_v2_auprc_best/checkpoints/k36__C36/recap/trial_0/model.pt
k36__C36,36,36,0,citeseer,0.9048242576854474,0.45947467620238863,/autodl-fs/data/recap/tuning_hyperparams/interaction_tuning/k_c_heatmap_results/k_c_paper_v2_auprc_best/checkpoints/k36__C36/recap/trial_0/model.pt
k36__C36,36,36,0,ACM,0.7824828386493007,0.3727025275816342,/autodl-fs/data/recap/tuning_hyperparams/interaction_tuning/k_c_heatmap_results/k_c_paper_v2_auprc_best/checkpoints/k36__C36/recap/trial_0/model.pt
k36__C36,36,36,0,BlogCatalog,0.7220966094771242,0.3297248443311955,/autodl-fs/data/recap/tuning_hyperparams/interaction_tuning/k_c_heatmap_results/k_c_paper_v2_auprc_best/checkpoints/k36__C36/recap/trial_0/model.pt
k36__C36,36,36,0,weibo,0.7873652041633012,0.34218664100941126,/autodl-fs/data/recap/tuning_hyperparams/interaction_tuning/k_c_heatmap_results/k_c_paper_v2_auprc_best/checkpoints/k36__C36/recap/trial_0/model.pt
k36__C36,36,36,0,Reddit,0.591419277708644,0.04743563661739175,/autodl-fs/data/recap/tuning_hyperparams/interaction_tuning/k_c_heatmap_results/k_c_paper_v2_auprc_best/checkpoints/k36__C36/recap/trial_0/model.pt
k36__C36,36,36,0,Amazon,0.7202259263952685,0.13036551806824176,/autodl-fs/data/recap/tuning_hyperparams/interaction_tuning/k_c_heatmap_results/k_c_paper_v2_auprc_best/checkpoints/k36__C36/recap/trial_0/model.pt
k36__C36,36,36,1,Facebook,0.5980681818181818,0.04890916503440615,/autodl-fs/data/recap/tuning_hyperparams/interaction_tuning/k_c_heatmap_results/k_c_paper_v2_auprc_best/checkpoints/k36__C36/recap/trial_1/model.pt
k36__C36,36,36,1,cora,0.824873599166015,0.4224153135364793,/autodl-fs/data/recap/tuning_hyperparams/interaction_tuning/k_c_heatmap_results/k_c_paper_v2_auprc_best/checkpoints/k36__C36/recap/trial_1/model.pt
k36__C36,36,36,1,citeseer,0.9025107543804427,0.4676290631844523,/autodl-fs/data/recap/tuning_hyperparams/interaction_tuning/k_c_heatmap_results/k_c_paper_v2_auprc_best/checkpoints/k36__C36/recap/trial_1/model.pt
k36__C36,36,36,1,ACM,0.7832384895038125,0.371186801562321,/autodl-fs/data/recap/tuning_hyperparams/interaction_tuning/k_c_heatmap_results/k_c_paper_v2_auprc_best/checkpoints/k36__C36/recap/trial_1/model.pt
k36__C36,36,36,1,BlogCatalog,0.7245928649237473,0.32928297741602863,/autodl-fs/data/recap/tuning_hyperparams/interaction_tuning/k_c_heatmap_results/k_c_paper_v2_auprc_best/checkpoints/k36__C36/recap/trial_1/model.pt
k36__C36,36,36,1,weibo,0.7989528923057923,0.3405523623091613,/autodl-fs/data/recap/tuning_hyperparams/interaction_tuning/k_c_heatmap_results/k_c_paper_v2_auprc_best/checkpoints/k36__C36/recap/trial_1/model.pt
k36__C36,36,36,1,Reddit,0.5927965914155466,0.04683490697761237,/autodl-fs/data/recap/tuning_hyperparams/interaction_tuning/k_c_heatmap_results/k_c_paper_v2_auprc_best/checkpoints/k36__C36/recap/trial_1/model.pt
k36__C36,36,36,1,Amazon,0.7346479165805574,0.1348631799024102,/autodl-fs/data/recap/tuning_hyperparams/interaction_tuning/k_c_heatmap_results/k_c_paper_v2_auprc_best/checkpoints/k36__C36/recap/trial_1/model.pt
k36__C36,36,36,2,Facebook,0.5924242424242425,0.03608274445352069,/autodl-fs/data/recap/tuning_hyperparams/interaction_tuning/k_c_heatmap_results/k_c_paper_v2_auprc_best/checkpoints/k36__C36/recap/trial_2/model.pt
k36__C36,36,36,2,cora,0.8218347667448528,0.4071184569885421,/autodl-fs/data/recap/tuning_hyperparams/interaction_tuning/k_c_heatmap_results/k_c_paper_v2_auprc_best/checkpoints/k36__C36/recap/trial_2/model.pt
k36__C36,36,36,2,citeseer,0.904549365229252,0.4631150376525221,/autodl-fs/data/recap/tuning_hyperparams/interaction_tuning/k_c_heatmap_results/k_c_paper_v2_auprc_best/checkpoints/k36__C36/recap/trial_2/model.pt
k36__C36,36,36,2,ACM,0.7833967470638267,0.372708987680206,/autodl-fs/data/recap/tuning_hyperparams/interaction_tuning/k_c_heatmap_results/k_c_paper_v2_auprc_best/checkpoints/k36__C36/recap/trial_2/model.pt
k36__C36,36,36,2,BlogCatalog,0.7322971132897604,0.322954447932591,/autodl-fs/data/recap/tuning_hyperparams/interaction_tuning/k_c_heatmap_results/k_c_paper_v2_auprc_best/checkpoints/k36__C36/recap/trial_2/model.pt
k36__C36,36,36,2,weibo,0.8143419499134531,0.334140996948527,/autodl-fs/data/recap/tuning_hyperparams/interaction_tuning/k_c_heatmap_results/k_c_paper_v2_auprc_best/checkpoints/k36__C36/recap/trial_2/model.pt
k36__C36,36,36,2,Reddit,0.5913712872357179,0.04614570768420258,/autodl-fs/data/recap/tuning_hyperparams/interaction_tuning/k_c_heatmap_results/k_c_paper_v2_auprc_best/checkpoints/k36__C36/recap/trial_2/model.pt
k36__C36,36,36,2,Amazon,0.7314524503696678,0.135039283711696,/autodl-fs/data/recap/tuning_hyperparams/interaction_tuning/k_c_heatmap_results/k_c_paper_v2_auprc_best/checkpoints/k36__C36/recap/trial_2/model.pt
k36__C40,36,40,0,Facebook,0.593219696969697,0.04496601767709871,/autodl-fs/data/recap/tuning_hyperparams/interaction_tuning/k_c_heatmap_results/k_c_paper_v2_auprc_best/checkpoints/k36__C40/recap/trial_0/model.pt
k36__C40,36,40,0,cora,0.8252749543914517,0.42825285960121195,/autodl-fs/data/recap/tuning_hyperparams/interaction_tuning/k_c_heatmap_results/k_c_paper_v2_auprc_best/checkpoints/k36__C40/recap/trial_0/model.pt
k36__C40,36,40,0,citeseer,0.9077011856048685,0.4697943488271014,/autodl-fs/data/recap/tuning_hyperparams/interaction_tuning/k_c_heatmap_results/k_c_paper_v2_auprc_best/checkpoints/k36__C40/recap/trial_0/model.pt
k36__C40,36,40,0,ACM,0.7835906415694004,0.3751752510711839,/autodl-fs/data/recap/tuning_hyperparams/interaction_tuning/k_c_heatmap_results/k_c_paper_v2_auprc_best/checkpoints/k36__C40/recap/trial_0/model.pt
k36__C40,36,40,0,BlogCatalog,0.7358152913943355,0.3347951064879763,/autodl-fs/data/recap/tuning_hyperparams/interaction_tuning/k_c_heatmap_results/k_c_paper_v2_auprc_best/checkpoints/k36__C40/recap/trial_0/model.pt
k36__C40,36,40,0,weibo,0.7659352876041942,0.3229929516125589,/autodl-fs/data/recap/tuning_hyperparams/interaction_tuning/k_c_heatmap_results/k_c_paper_v2_auprc_best/checkpoints/k36__C40/recap/trial_0/model.pt
k36__C40,36,40,0,Reddit,0.5885766463176768,0.045778779071108444,/autodl-fs/data/recap/tuning_hyperparams/interaction_tuning/k_c_heatmap_results/k_c_paper_v2_auprc_best/checkpoints/k36__C40/recap/trial_0/model.pt
k36__C40,36,40,0,Amazon,0.7216281253108449,0.12795908274820667,/autodl-fs/data/recap/tuning_hyperparams/interaction_tuning/k_c_heatmap_results/k_c_paper_v2_auprc_best/checkpoints/k36__C40/recap/trial_0/model.pt
k36__C40,36,40,1,Facebook,0.5997348484848485,0.05690175762968554,/autodl-fs/data/recap/tuning_hyperparams/interaction_tuning/k_c_heatmap_results/k_c_paper_v2_auprc_best/checkpoints/k36__C40/recap/trial_1/model.pt
k36__C40,36,40,1,cora,0.8266614542611415,0.42328352196543384,/autodl-fs/data/recap/tuning_hyperparams/interaction_tuning/k_c_heatmap_results/k_c_paper_v2_auprc_best/checkpoints/k36__C40/recap/trial_1/model.pt
k36__C40,36,40,1,citeseer,0.9019662155072921,0.4661810399665284,/autodl-fs/data/recap/tuning_hyperparams/interaction_tuning/k_c_heatmap_results/k_c_paper_v2_auprc_best/checkpoints/k36__C40/recap/trial_1/model.pt
k36__C40,36,40,1,ACM,0.7819009969804542,0.36952309470743483,/autodl-fs/data/recap/tuning_hyperparams/interaction_tuning/k_c_heatmap_results/k_c_paper_v2_auprc_best/checkpoints/k36__C40/recap/trial_1/model.pt
k36__C40,36,40,1,BlogCatalog,0.7313882080610022,0.3284519592352466,/autodl-fs/data/recap/tuning_hyperparams/interaction_tuning/k_c_heatmap_results/k_c_paper_v2_auprc_best/checkpoints/k36__C40/recap/trial_1/model.pt
k36__C40,36,40,1,weibo,0.802633200022745,0.3351405953226382,/autodl-fs/data/recap/tuning_hyperparams/interaction_tuning/k_c_heatmap_results/k_c_paper_v2_auprc_best/checkpoints/k36__C40/recap/trial_1/model.pt
k36__C40,36,40,1,Reddit,0.5941371081378461,0.047029950163953255,/autodl-fs/data/recap/tuning_hyperparams/interaction_tuning/k_c_heatmap_results/k_c_paper_v2_auprc_best/checkpoints/k36__C40/recap/trial_1/model.pt
k36__C40,36,40,1,Amazon,0.7127932047667648,0.12619604328534617,/autodl-fs/data/recap/tuning_hyperparams/interaction_tuning/k_c_heatmap_results/k_c_paper_v2_auprc_best/checkpoints/k36__C40/recap/trial_1/model.pt
k36__C40,36,40,2,Facebook,0.5896212121212121,0.034091710954289006,/autodl-fs/data/recap/tuning_hyperparams/interaction_tuning/k_c_heatmap_results/k_c_paper_v2_auprc_best/checkpoints/k36__C40/recap/trial_2/model.pt
k36__C40,36,40,2,cora,0.8213526192337763,0.40814938077063057,/autodl-fs/data/recap/tuning_hyperparams/interaction_tuning/k_c_heatmap_results/k_c_paper_v2_auprc_best/checkpoints/k36__C40/recap/trial_2/model.pt
k36__C40,36,40,2,citeseer,0.9040331549679992,0.4600085918662283,/autodl-fs/data/recap/tuning_hyperparams/interaction_tuning/k_c_heatmap_results/k_c_paper_v2_auprc_best/checkpoints/k36__C40/recap/trial_2/model.pt
k36__C40,36,40,2,ACM,0.782714162491187,0.3743847852598683,/autodl-fs/data/recap/tuning_hyperparams/interaction_tuning/k_c_heatmap_results/k_c_paper_v2_auprc_best/checkpoints/k36__C40/recap/trial_2/model.pt
k36__C40,36,40,2,BlogCatalog,0.7340420751633987,0.32643006540215486,/autodl-fs/data/recap/tuning_hyperparams/interaction_tuning/k_c_heatmap_results/k_c_paper_v2_auprc_best/checkpoints/k36__C40/recap/trial_2/model.pt
k36__C40,36,40,2,weibo,0.8131650371225457,0.3346404034405621,/autodl-fs/data/recap/tuning_hyperparams/interaction_tuning/k_c_heatmap_results/k_c_paper_v2_auprc_best/checkpoints/k36__C40/recap/trial_2/model.pt
k36__C40,36,40,2,Reddit,0.5879812042031934,0.045733364602649894,/autodl-fs/data/recap/tuning_hyperparams/interaction_tuning/k_c_heatmap_results/k_c_paper_v2_auprc_best/checkpoints/k36__C40/recap/trial_2/model.pt
k36__C40,36,40,2,Amazon,0.7361975799180709,0.13751482668308174,/autodl-fs/data/recap/tuning_hyperparams/interaction_tuning/k_c_heatmap_results/k_c_paper_v2_auprc_best/checkpoints/k36__C40/recap/trial_2/model.pt
k36__C48,36,48,0,Facebook,0.5993939393939394,0.07146010647332539,/autodl-fs/data/recap/tuning_hyperparams/interaction_tuning/k_c_heatmap_results/k_c_paper_v2_auprc_best/checkpoints/k36__C48/recap/trial_0/model.pt
k36__C48,36,48,0,cora,0.8236851707062809,0.44007903232851686,/autodl-fs/data/recap/tuning_hyperparams/interaction_tuning/k_c_heatmap_results/k_c_paper_v2_auprc_best/checkpoints/k36__C48/recap/trial_0/model.pt
k36__C48,36,48,0,citeseer,0.903567306683454,0.46118312025664365,/autodl-fs/data/recap/tuning_hyperparams/interaction_tuning/k_c_heatmap_results/k_c_paper_v2_auprc_best/checkpoints/k36__C48/recap/trial_0/model.pt
k36__C48,36,48,0,ACM,0.7698651457914824,0.36810476350704296,/autodl-fs/data/recap/tuning_hyperparams/interaction_tuning/k_c_heatmap_results/k_c_paper_v2_auprc_best/checkpoints/k36__C48/recap/trial_0/model.pt
k36__C48,36,48,0,BlogCatalog,0.7255044934640523,0.3304525668261654,/autodl-fs/data/recap/tuning_hyperparams/interaction_tuning/k_c_heatmap_results/k_c_paper_v2_auprc_best/checkpoints/k36__C48/recap/trial_0/model.pt
k36__C48,36,48,0,weibo,0.7972650591949149,0.33630524162416364,/autodl-fs/data/recap/tuning_hyperparams/interaction_tuning/k_c_heatmap_results/k_c_paper_v2_auprc_best/checkpoints/k36__C48/recap/trial_0/model.pt
k36__C48,36,48,0,Reddit,0.5920924309374636,0.04762250440825436,/autodl-fs/data/recap/tuning_hyperparams/interaction_tuning/k_c_heatmap_results/k_c_paper_v2_auprc_best/checkpoints/k36__C48/recap/trial_0/model.pt
k36__C48,36,48,0,Amazon,0.7189999580619663,0.12876734528136513,/autodl-fs/data/recap/tuning_hyperparams/interaction_tuning/k_c_heatmap_results/k_c_paper_v2_auprc_best/checkpoints/k36__C48/recap/trial_0/model.pt
k36__C48,36,48,1,Facebook,0.5904545454545455,0.04679891250552086,/autodl-fs/data/recap/tuning_hyperparams/interaction_tuning/k_c_heatmap_results/k_c_paper_v2_auprc_best/checkpoints/k36__C48/recap/trial_1/model.pt
k36__C48,36,48,1,cora,0.8282616627573625,0.42923138142498585,/autodl-fs/data/recap/tuning_hyperparams/interaction_tuning/k_c_heatmap_results/k_c_paper_v2_auprc_best/checkpoints/k36__C48/recap/trial_1/model.pt
k36__C48,36,48,1,citeseer,0.9005938516420103,0.46547704101063375,/autodl-fs/data/recap/tuning_hyperparams/interaction_tuning/k_c_heatmap_results/k_c_paper_v2_auprc_best/checkpoints/k36__C48/recap/trial_1/model.pt
k36__C48,36,48,1,ACM,0.7816989312817417,0.37368566610943343,/autodl-fs/data/recap/tuning_hyperparams/interaction_tuning/k_c_heatmap_results/k_c_paper_v2_auprc_best/checkpoints/k36__C48/recap/trial_1/model.pt
k36__C48,36,48,1,BlogCatalog,0.7367320261437909,0.3352900532854029,/autodl-fs/data/recap/tuning_hyperparams/interaction_tuning/k_c_heatmap_results/k_c_paper_v2_auprc_best/checkpoints/k36__C48/recap/trial_1/model.pt
k36__C48,36,48,1,weibo,0.8004828254344618,0.320680424676318,/autodl-fs/data/recap/tuning_hyperparams/interaction_tuning/k_c_heatmap_results/k_c_paper_v2_auprc_best/checkpoints/k36__C48/recap/trial_1/model.pt
k36__C48,36,48,1,Reddit,0.5995043214584574,0.04723309514232345,/autodl-fs/data/recap/tuning_hyperparams/interaction_tuning/k_c_heatmap_results/k_c_paper_v2_auprc_best/checkpoints/k36__C48/recap/trial_1/model.pt
k36__C48,36,48,1,Amazon,0.7084275614335419,0.12506018904791633,/autodl-fs/data/recap/tuning_hyperparams/interaction_tuning/k_c_heatmap_results/k_c_paper_v2_auprc_best/checkpoints/k36__C48/recap/trial_1/model.pt
k36__C48,36,48,2,Facebook,0.5801515151515151,0.03492262113207423,/autodl-fs/data/recap/tuning_hyperparams/interaction_tuning/k_c_heatmap_results/k_c_paper_v2_auprc_best/checkpoints/k36__C48/recap/trial_2/model.pt
k36__C48,36,48,2,cora,0.8162861610633307,0.40975278067801063,/autodl-fs/data/recap/tuning_hyperparams/interaction_tuning/k_c_heatmap_results/k_c_paper_v2_auprc_best/checkpoints/k36__C48/recap/trial_2/model.pt
k36__C48,36,48,2,citeseer,0.9040226628895184,0.4523621733761578,/autodl-fs/data/recap/tuning_hyperparams/interaction_tuning/k_c_heatmap_results/k_c_paper_v2_auprc_best/checkpoints/k36__C48/recap/trial_2/model.pt
k36__C48,36,48,2,ACM,0.7827718352995333,0.37394376150649106,/autodl-fs/data/recap/tuning_hyperparams/interaction_tuning/k_c_heatmap_results/k_c_paper_v2_auprc_best/checkpoints/k36__C48/recap/trial_2/model.pt
k36__C48,36,48,2,BlogCatalog,0.7357128267973856,0.3271220324101188,/autodl-fs/data/recap/tuning_hyperparams/interaction_tuning/k_c_heatmap_results/k_c_paper_v2_auprc_best/checkpoints/k36__C48/recap/trial_2/model.pt
k36__C48,36,48,2,weibo,0.8076717838693168,0.33036989301067615,/autodl-fs/data/recap/tuning_hyperparams/interaction_tuning/k_c_heatmap_results/k_c_paper_v2_auprc_best/checkpoints/k36__C48/recap/trial_2/model.pt
k36__C48,36,48,2,Reddit,0.5895829023197025,0.044863951777729366,/autodl-fs/data/recap/tuning_hyperparams/interaction_tuning/k_c_heatmap_results/k_c_paper_v2_auprc_best/checkpoints/k36__C48/recap/trial_2/model.pt
k36__C48,36,48,2,Amazon,0.7250256359478896,0.13325307566687591,/autodl-fs/data/recap/tuning_hyperparams/interaction_tuning/k_c_heatmap_results/k_c_paper_v2_auprc_best/checkpoints/k36__C48/recap/trial_2/model.pt
k48__C16,48,16,0,Facebook,0.6107954545454546,0.04366181607378518,/autodl-fs/data/recap/tuning_hyperparams/interaction_tuning/k_c_heatmap_results/k_c_paper_v2_auprc_best/checkpoints/k48__C16/recap/trial_0/model.pt
k48__C16,48,16,0,cora,0.8206776127182696,0.4078825135282543,/autodl-fs/data/recap/tuning_hyperparams/interaction_tuning/k_c_heatmap_results/k_c_paper_v2_auprc_best/checkpoints/k48__C16/recap/trial_0/model.pt
k48__C16,48,16,0,citeseer,0.9041107963487567,0.45295848858411625,/autodl-fs/data/recap/tuning_hyperparams/interaction_tuning/k_c_heatmap_results/k_c_paper_v2_auprc_best/checkpoints/k48__C16/recap/trial_0/model.pt
k48__C16,48,16,0,ACM,0.7849907096169881,0.3713239189056121,/autodl-fs/data/recap/tuning_hyperparams/interaction_tuning/k_c_heatmap_results/k_c_paper_v2_auprc_best/checkpoints/k48__C16/recap/trial_0/model.pt
k48__C16,48,16,0,BlogCatalog,0.7308203976034859,0.3226386595767734,/autodl-fs/data/recap/tuning_hyperparams/interaction_tuning/k_c_heatmap_results/k_c_paper_v2_auprc_best/checkpoints/k48__C16/recap/trial_0/model.pt
k48__C16,48,16,0,weibo,0.8132494134925153,0.3495727453568405,/autodl-fs/data/recap/tuning_hyperparams/interaction_tuning/k_c_heatmap_results/k_c_paper_v2_auprc_best/checkpoints/k48__C16/recap/trial_0/model.pt
k48__C16,48,16,0,Reddit,0.5922668949623642,0.04868057620151407,/autodl-fs/data/recap/tuning_hyperparams/interaction_tuning/k_c_heatmap_results/k_c_paper_v2_auprc_best/checkpoints/k48__C16/recap/trial_0/model.pt
k48__C16,48,16,0,Amazon,0.7358018938125958,0.13528842580834838,/autodl-fs/data/recap/tuning_hyperparams/interaction_tuning/k_c_heatmap_results/k_c_paper_v2_auprc_best/checkpoints/k48__C16/recap/trial_0/model.pt
k48__C16,48,16,1,Facebook,0.5885984848484849,0.046428818752481935,/autodl-fs/data/recap/tuning_hyperparams/interaction_tuning/k_c_heatmap_results/k_c_paper_v2_auprc_best/checkpoints/k48__C16/recap/trial_1/model.pt
k48__C16,48,16,1,cora,0.8301694031795672,0.4226699951231649,/autodl-fs/data/recap/tuning_hyperparams/interaction_tuning/k_c_heatmap_results/k_c_paper_v2_auprc_best/checkpoints/k48__C16/recap/trial_1/model.pt
k48__C16,48,16,1,citeseer,0.9014521036617353,0.4693958644919498,/autodl-fs/data/recap/tuning_hyperparams/interaction_tuning/k_c_heatmap_results/k_c_paper_v2_auprc_best/checkpoints/k48__C16/recap/trial_1/model.pt
k48__C16,48,16,1,ACM,0.7877620620253657,0.3726001092774055,/autodl-fs/data/recap/tuning_hyperparams/interaction_tuning/k_c_heatmap_results/k_c_paper_v2_auprc_best/checkpoints/k48__C16/recap/trial_1/model.pt
k48__C16,48,16,1,BlogCatalog,0.7257240604575164,0.33633380750923964,/autodl-fs/data/recap/tuning_hyperparams/interaction_tuning/k_c_heatmap_results/k_c_paper_v2_auprc_best/checkpoints/k48__C16/recap/trial_1/model.pt
k48__C16,48,16,1,weibo,0.7750328792702544,0.3116893622339979,/autodl-fs/data/recap/tuning_hyperparams/interaction_tuning/k_c_heatmap_results/k_c_paper_v2_auprc_best/checkpoints/k48__C16/recap/trial_1/model.pt
k48__C16,48,16,1,Reddit,0.5940361094213661,0.04665034769618377,/autodl-fs/data/recap/tuning_hyperparams/interaction_tuning/k_c_heatmap_results/k_c_paper_v2_auprc_best/checkpoints/k48__C16/recap/trial_1/model.pt
k48__C16,48,16,1,Amazon,0.7405564859137411,0.13328075228866693,/autodl-fs/data/recap/tuning_hyperparams/interaction_tuning/k_c_heatmap_results/k_c_paper_v2_auprc_best/checkpoints/k48__C16/recap/trial_1/model.pt
k48__C16,48,16,2,Facebook,0.5958712121212122,0.04005500964241396,/autodl-fs/data/recap/tuning_hyperparams/interaction_tuning/k_c_heatmap_results/k_c_paper_v2_auprc_best/checkpoints/k48__C16/recap/trial_2/model.pt
k48__C16,48,16,2,cora,0.8181730518634349,0.41388644138940345,/autodl-fs/data/recap/tuning_hyperparams/interaction_tuning/k_c_heatmap_results/k_c_paper_v2_auprc_best/checkpoints/k48__C16/recap/trial_2/model.pt
k48__C16,48,16,2,citeseer,0.9030909663204281,0.4654954816284172,/autodl-fs/data/recap/tuning_hyperparams/interaction_tuning/k_c_heatmap_results/k_c_paper_v2_auprc_best/checkpoints/k48__C16/recap/trial_2/model.pt
k48__C16,48,16,2,ACM,0.784136582705812,0.3744413166808364,/autodl-fs/data/recap/tuning_hyperparams/interaction_tuning/k_c_heatmap_results/k_c_paper_v2_auprc_best/checkpoints/k48__C16/recap/trial_2/model.pt
k48__C16,48,16,2,BlogCatalog,0.7376681644880173,0.3307821619573583,/autodl-fs/data/recap/tuning_hyperparams/interaction_tuning/k_c_heatmap_results/k_c_paper_v2_auprc_best/checkpoints/k48__C16/recap/trial_2/model.pt
k48__C16,48,16,2,weibo,0.813158770037095,0.3391470929398001,/autodl-fs/data/recap/tuning_hyperparams/interaction_tuning/k_c_heatmap_results/k_c_paper_v2_auprc_best/checkpoints/k48__C16/recap/trial_2/model.pt
k48__C16,48,16,2,Reddit,0.5872932549840615,0.045052675430455436,/autodl-fs/data/recap/tuning_hyperparams/interaction_tuning/k_c_heatmap_results/k_c_paper_v2_auprc_best/checkpoints/k48__C16/recap/trial_2/model.pt
k48__C16,48,16,2,Amazon,0.7234009534922345,0.13250877212569878,/autodl-fs/data/recap/tuning_hyperparams/interaction_tuning/k_c_heatmap_results/k_c_paper_v2_auprc_best/checkpoints/k48__C16/recap/trial_2/model.pt
k48__C20,48,20,0,Facebook,0.6059848484848486,0.0730188411792722,/autodl-fs/data/recap/tuning_hyperparams/interaction_tuning/k_c_heatmap_results/k_c_paper_v2_auprc_best/checkpoints/k48__C20/recap/trial_0/model.pt
k48__C20,48,20,0,cora,0.8283163930153766,0.44281360502482064,/autodl-fs/data/recap/tuning_hyperparams/interaction_tuning/k_c_heatmap_results/k_c_paper_v2_auprc_best/checkpoints/k48__C20/recap/trial_0/model.pt
k48__C20,48,20,0,citeseer,0.9037131465743363,0.45677536733156554,/autodl-fs/data/recap/tuning_hyperparams/interaction_tuning/k_c_heatmap_results/k_c_paper_v2_auprc_best/checkpoints/k48__C20/recap/trial_0/model.pt
k48__C20,48,20,0,ACM,0.7912746207274808,0.3709753853032395,/autodl-fs/data/recap/tuning_hyperparams/interaction_tuning/k_c_heatmap_results/k_c_paper_v2_auprc_best/checkpoints/k48__C20/recap/trial_0/model.pt
k48__C20,48,20,0,BlogCatalog,0.7263711873638344,0.3271807196851649,/autodl-fs/data/recap/tuning_hyperparams/interaction_tuning/k_c_heatmap_results/k_c_paper_v2_auprc_best/checkpoints/k48__C20/recap/trial_0/model.pt
k48__C20,48,20,0,weibo,0.7831363736136748,0.3275569769446831,/autodl-fs/data/recap/tuning_hyperparams/interaction_tuning/k_c_heatmap_results/k_c_paper_v2_auprc_best/checkpoints/k48__C20/recap/trial_0/model.pt
k48__C20,48,20,0,Reddit,0.5949001952556078,0.048119542182717925,/autodl-fs/data/recap/tuning_hyperparams/interaction_tuning/k_c_heatmap_results/k_c_paper_v2_auprc_best/checkpoints/k48__C20/recap/trial_0/model.pt
k48__C20,48,20,0,Amazon,0.7416913866394509,0.13889460853041286,/autodl-fs/data/recap/tuning_hyperparams/interaction_tuning/k_c_heatmap_results/k_c_paper_v2_auprc_best/checkpoints/k48__C20/recap/trial_0/model.pt
k48__C20,48,20,1,Facebook,0.5958333333333333,0.046100560927871556,/autodl-fs/data/recap/tuning_hyperparams/interaction_tuning/k_c_heatmap_results/k_c_paper_v2_auprc_best/checkpoints/k48__C20/recap/trial_1/model.pt
k48__C20,48,20,1,cora,0.8276413864998696,0.4151393121551123,/autodl-fs/data/recap/tuning_hyperparams/interaction_tuning/k_c_heatmap_results/k_c_paper_v2_auprc_best/checkpoints/k48__C20/recap/trial_1/model.pt
k48__C20,48,20,1,citeseer,0.903301857097891,0.47187408128484704,/autodl-fs/data/recap/tuning_hyperparams/interaction_tuning/k_c_heatmap_results/k_c_paper_v2_auprc_best/checkpoints/k48__C20/recap/trial_1/model.pt
k48__C20,48,20,1,ACM,0.7780643318562979,0.3725153187104053,/autodl-fs/data/recap/tuning_hyperparams/interaction_tuning/k_c_heatmap_results/k_c_paper_v2_auprc_best/checkpoints/k48__C20/recap/trial_1/model.pt
k48__C20,48,20,1,BlogCatalog,0.7326375272331154,0.3367486616055223,/autodl-fs/data/recap/tuning_hyperparams/interaction_tuning/k_c_heatmap_results/k_c_paper_v2_auprc_best/checkpoints/k48__C20/recap/trial_1/model.pt
k48__C20,48,20,1,weibo,0.7923231566055998,0.31706762473697764,/autodl-fs/data/recap/tuning_hyperparams/interaction_tuning/k_c_heatmap_results/k_c_paper_v2_auprc_best/checkpoints/k48__C20/recap/trial_1/model.pt
k48__C20,48,20,1,Reddit,0.5921839087558297,0.04682011431479391,/autodl-fs/data/recap/tuning_hyperparams/interaction_tuning/k_c_heatmap_results/k_c_paper_v2_auprc_best/checkpoints/k48__C20/recap/trial_1/model.pt
k48__C20,48,20,1,Amazon,0.7193658182011975,0.12319479597462102,/autodl-fs/data/recap/tuning_hyperparams/interaction_tuning/k_c_heatmap_results/k_c_paper_v2_auprc_best/checkpoints/k48__C20/recap/trial_1/model.pt
k48__C20,48,20,2,Facebook,0.5764393939393939,0.04292362814776347,/autodl-fs/data/recap/tuning_hyperparams/interaction_tuning/k_c_heatmap_results/k_c_paper_v2_auprc_best/checkpoints/k48__C20/recap/trial_2/model.pt
k48__C20,48,20,2,cora,0.8119233776387803,0.38432223376430424,/autodl-fs/data/recap/tuning_hyperparams/interaction_tuning/k_c_heatmap_results/k_c_paper_v2_auprc_best/checkpoints/k48__C20/recap/trial_2/model.pt
k48__C20,48,20,2,citeseer,0.9036617353897808,0.45127295043021676,/autodl-fs/data/recap/tuning_hyperparams/interaction_tuning/k_c_heatmap_results/k_c_paper_v2_auprc_best/checkpoints/k48__C20/recap/trial_2/model.pt
k48__C20,48,20,2,ACM,0.7788229876011897,0.3766122391764761,/autodl-fs/data/recap/tuning_hyperparams/interaction_tuning/k_c_heatmap_results/k_c_paper_v2_auprc_best/checkpoints/k48__C20/recap/trial_2/model.pt
k48__C20,48,20,2,BlogCatalog,0.7368613834422658,0.33109723318078566,/autodl-fs/data/recap/tuning_hyperparams/interaction_tuning/k_c_heatmap_results/k_c_paper_v2_auprc_best/checkpoints/k48__C20/recap/trial_2/model.pt
k48__C20,48,20,2,weibo,0.8107321851217558,0.3450886284399284,/autodl-fs/data/recap/tuning_hyperparams/interaction_tuning/k_c_heatmap_results/k_c_paper_v2_auprc_best/checkpoints/k48__C20/recap/trial_2/model.pt
k48__C20,48,20,2,Reddit,0.5906223528043419,0.04626090602768433,/autodl-fs/data/recap/tuning_hyperparams/interaction_tuning/k_c_heatmap_results/k_c_paper_v2_auprc_best/checkpoints/k48__C20/recap/trial_2/model.pt
k48__C20,48,20,2,Amazon,0.7032705458893687,0.12398406002444941,/autodl-fs/data/recap/tuning_hyperparams/interaction_tuning/k_c_heatmap_results/k_c_paper_v2_auprc_best/checkpoints/k48__C20/recap/trial_2/model.pt
k48__C24,48,24,0,Facebook,0.6153409090909091,0.055782167875264285,/autodl-fs/data/recap/tuning_hyperparams/interaction_tuning/k_c_heatmap_results/k_c_paper_v2_auprc_best/checkpoints/k48__C24/recap/trial_0/model.pt
k48__C24,48,24,0,cora,0.8261011206671879,0.42107087232909035,/autodl-fs/data/recap/tuning_hyperparams/interaction_tuning/k_c_heatmap_results/k_c_paper_v2_auprc_best/checkpoints/k48__C24/recap/trial_0/model.pt
k48__C24,48,24,0,citeseer,0.9074199979015843,0.46035096017158555,/autodl-fs/data/recap/tuning_hyperparams/interaction_tuning/k_c_heatmap_results/k_c_paper_v2_auprc_best/checkpoints/k48__C24/recap/trial_0/model.pt
k48__C24,48,24,0,ACM,0.7893214946978445,0.37250042865681576,/autodl-fs/data/recap/tuning_hyperparams/interaction_tuning/k_c_heatmap_results/k_c_paper_v2_auprc_best/checkpoints/k48__C24/recap/trial_0/model.pt
k48__C24,48,24,0,BlogCatalog,0.7299652777777779,0.3233564174188763,/autodl-fs/data/recap/tuning_hyperparams/interaction_tuning/k_c_heatmap_results/k_c_paper_v2_auprc_best/checkpoints/k48__C24/recap/trial_0/model.pt
k48__C24,48,24,0,weibo,0.8113074577094016,0.3434064273451604,/autodl-fs/data/recap/tuning_hyperparams/interaction_tuning/k_c_heatmap_results/k_c_paper_v2_auprc_best/checkpoints/k48__C24/recap/trial_0/model.pt
k48__C24,48,24,0,Reddit,0.5901065517159746,0.047517840196025146,/autodl-fs/data/recap/tuning_hyperparams/interaction_tuning/k_c_heatmap_results/k_c_paper_v2_auprc_best/checkpoints/k48__C24/recap/trial_0/model.pt
k48__C24,48,24,0,Amazon,0.7342233886143236,0.13581468113331902,/autodl-fs/data/recap/tuning_hyperparams/interaction_tuning/k_c_heatmap_results/k_c_paper_v2_auprc_best/checkpoints/k48__C24/recap/trial_0/model.pt
k48__C24,48,24,1,Facebook,0.5932575757575758,0.05052244578175378,/autodl-fs/data/recap/tuning_hyperparams/interaction_tuning/k_c_heatmap_results/k_c_paper_v2_auprc_best/checkpoints/k48__C24/recap/trial_1/model.pt
k48__C24,48,24,1,cora,0.8269481365650247,0.4305535580514576,/autodl-fs/data/recap/tuning_hyperparams/interaction_tuning/k_c_heatmap_results/k_c_paper_v2_auprc_best/checkpoints/k48__C24/recap/trial_1/model.pt
k48__C24,48,24,1,citeseer,0.9012905256531321,0.4699030835308701,/autodl-fs/data/recap/tuning_hyperparams/interaction_tuning/k_c_heatmap_results/k_c_paper_v2_auprc_best/checkpoints/k48__C24/recap/trial_1/model.pt
k48__C24,48,24,1,ACM,0.7864516662328026,0.3754631900154619,/autodl-fs/data/recap/tuning_hyperparams/interaction_tuning/k_c_heatmap_results/k_c_paper_v2_auprc_best/checkpoints/k48__C24/recap/trial_1/model.pt
k48__C24,48,24,1,BlogCatalog,0.7289093137254902,0.3368325731032511,/autodl-fs/data/recap/tuning_hyperparams/interaction_tuning/k_c_heatmap_results/k_c_paper_v2_auprc_best/checkpoints/k48__C24/recap/trial_1/model.pt
k48__C24,48,24,1,weibo,0.7894466408116273,0.3234113622243676,/autodl-fs/data/recap/tuning_hyperparams/interaction_tuning/k_c_heatmap_results/k_c_paper_v2_auprc_best/checkpoints/k48__C24/recap/trial_1/model.pt
k48__C24,48,24,1,Reddit,0.5912451996660995,0.04607838821001523,/autodl-fs/data/recap/tuning_hyperparams/interaction_tuning/k_c_heatmap_results/k_c_paper_v2_auprc_best/checkpoints/k48__C24/recap/trial_1/model.pt
k48__C24,48,24,1,Amazon,0.7198669549944338,0.12570863225810477,/autodl-fs/data/recap/tuning_hyperparams/interaction_tuning/k_c_heatmap_results/k_c_paper_v2_auprc_best/checkpoints/k48__C24/recap/trial_1/model.pt
k48__C24,48,24,2,Facebook,0.5923863636363637,0.043227790549439205,/autodl-fs/data/recap/tuning_hyperparams/interaction_tuning/k_c_heatmap_results/k_c_paper_v2_auprc_best/checkpoints/k48__C24/recap/trial_2/model.pt
k48__C24,48,24,2,cora,0.821237946312223,0.4105241071387125,/autodl-fs/data/recap/tuning_hyperparams/interaction_tuning/k_c_heatmap_results/k_c_paper_v2_auprc_best/checkpoints/k48__C24/recap/trial_2/model.pt
k48__C24,48,24,2,citeseer,0.9022536984576645,0.45080050558354434,/autodl-fs/data/recap/tuning_hyperparams/interaction_tuning/k_c_heatmap_results/k_c_paper_v2_auprc_best/checkpoints/k48__C24/recap/trial_2/model.pt
k48__C24,48,24,2,ACM,0.7828639852711871,0.37511814446276187,/autodl-fs/data/recap/tuning_hyperparams/interaction_tuning/k_c_heatmap_results/k_c_paper_v2_auprc_best/checkpoints/k48__C24/recap/trial_2/model.pt
k48__C24,48,24,2,BlogCatalog,0.7248679193899782,0.3259771091907371,/autodl-fs/data/recap/tuning_hyperparams/interaction_tuning/k_c_heatmap_results/k_c_paper_v2_auprc_best/checkpoints/k48__C24/recap/trial_2/model.pt
k48__C24,48,24,2,weibo,0.7859068075222144,0.33592506047504894,/autodl-fs/data/recap/tuning_hyperparams/interaction_tuning/k_c_heatmap_results/k_c_paper_v2_auprc_best/checkpoints/k48__C24/recap/trial_2/model.pt
k48__C24,48,24,2,Reddit,0.5883044000959294,0.0457200866696852,/autodl-fs/data/recap/tuning_hyperparams/interaction_tuning/k_c_heatmap_results/k_c_paper_v2_auprc_best/checkpoints/k48__C24/recap/trial_2/model.pt
k48__C24,48,24,2,Amazon,0.7151427187624858,0.12694581036141345,/autodl-fs/data/recap/tuning_hyperparams/interaction_tuning/k_c_heatmap_results/k_c_paper_v2_auprc_best/checkpoints/k48__C24/recap/trial_2/model.pt
k48__C28,48,28,0,Facebook,0.6048484848484849,0.055068232941714555,/autodl-fs/data/recap/tuning_hyperparams/interaction_tuning/k_c_heatmap_results/k_c_paper_v2_auprc_best/checkpoints/k48__C28/recap/trial_0/model.pt
k48__C28,48,28,0,cora,0.8252410737555382,0.42978783131012877,/autodl-fs/data/recap/tuning_hyperparams/interaction_tuning/k_c_heatmap_results/k_c_paper_v2_auprc_best/checkpoints/k48__C28/recap/trial_0/model.pt
k48__C28,48,28,0,citeseer,0.9039282341831917,0.4658357384659454,/autodl-fs/data/recap/tuning_hyperparams/interaction_tuning/k_c_heatmap_results/k_c_paper_v2_auprc_best/checkpoints/k48__C28/recap/trial_0/model.pt
k48__C28,48,28,0,ACM,0.7919423390003457,0.37349044177107993,/autodl-fs/data/recap/tuning_hyperparams/interaction_tuning/k_c_heatmap_results/k_c_paper_v2_auprc_best/checkpoints/k48__C28/recap/trial_0/model.pt
k48__C28,48,28,0,BlogCatalog,0.7245966094771242,0.32872487476816226,/autodl-fs/data/recap/tuning_hyperparams/interaction_tuning/k_c_heatmap_results/k_c_paper_v2_auprc_best/checkpoints/k48__C28/recap/trial_0/model.pt
k48__C28,48,28,0,weibo,0.8008431828478737,0.3293766619107952,/autodl-fs/data/recap/tuning_hyperparams/interaction_tuning/k_c_heatmap_results/k_c_paper_v2_auprc_best/checkpoints/k48__C28/recap/trial_0/model.pt
k48__C28,48,28,0,Reddit,0.5968405285590919,0.0484375587705013,/autodl-fs/data/recap/tuning_hyperparams/interaction_tuning/k_c_heatmap_results/k_c_paper_v2_auprc_best/checkpoints/k48__C28/recap/trial_0/model.pt
k48__C28,48,28,0,Amazon,0.7461480218798443,0.14268253543394965,/autodl-fs/data/recap/tuning_hyperparams/interaction_tuning/k_c_heatmap_results/k_c_paper_v2_auprc_best/checkpoints/k48__C28/recap/trial_0/model.pt
k48__C28,48,28,1,Facebook,0.5940530303030302,0.047170699248228004,/autodl-fs/data/recap/tuning_hyperparams/interaction_tuning/k_c_heatmap_results/k_c_paper_v2_auprc_best/checkpoints/k48__C28/recap/trial_1/model.pt
k48__C28,48,28,1,cora,0.8275866562418556,0.4280610711272862,/autodl-fs/data/recap/tuning_hyperparams/interaction_tuning/k_c_heatmap_results/k_c_paper_v2_auprc_best/checkpoints/k48__C28/recap/trial_1/model.pt
k48__C28,48,28,1,citeseer,0.9012674430804742,0.4703372169048951,/autodl-fs/data/recap/tuning_hyperparams/interaction_tuning/k_c_heatmap_results/k_c_paper_v2_auprc_best/checkpoints/k48__C28/recap/trial_1/model.pt
k48__C28,48,28,1,ACM,0.7858790501045966,0.3709195578380604,/autodl-fs/data/recap/tuning_hyperparams/interaction_tuning/k_c_heatmap_results/k_c_paper_v2_auprc_best/checkpoints/k48__C28/recap/trial_1/model.pt
k48__C28,48,28,1,BlogCatalog,0.7278676470588235,0.3355590553217762,/autodl-fs/data/recap/tuning_hyperparams/interaction_tuning/k_c_heatmap_results/k_c_paper_v2_auprc_best/checkpoints/k48__C28/recap/trial_1/model.pt
k48__C28,48,28,1,weibo,0.7795195774578133,0.3105131411631541,/autodl-fs/data/recap/tuning_hyperparams/interaction_tuning/k_c_heatmap_results/k_c_paper_v2_auprc_best/checkpoints/k48__C28/recap/trial_1/model.pt
k48__C28,48,28,1,Reddit,0.5917023314363588,0.04618502852430586,/autodl-fs/data/recap/tuning_hyperparams/interaction_tuning/k_c_heatmap_results/k_c_paper_v2_auprc_best/checkpoints/k48__C28/recap/trial_1/model.pt
k48__C28,48,28,1,Amazon,0.7199615805218575,0.12672390673891104,/autodl-fs/data/recap/tuning_hyperparams/interaction_tuning/k_c_heatmap_results/k_c_paper_v2_auprc_best/checkpoints/k48__C28/recap/trial_1/model.pt
k48__C28,48,28,2,Facebook,0.5955681818181818,0.0379376784824934,/autodl-fs/data/recap/tuning_hyperparams/interaction_tuning/k_c_heatmap_results/k_c_paper_v2_auprc_best/checkpoints/k48__C28/recap/trial_2/model.pt
k48__C28,48,28,2,cora,0.8199530883502735,0.4086123303349378,/autodl-fs/data/recap/tuning_hyperparams/interaction_tuning/k_c_heatmap_results/k_c_paper_v2_auprc_best/checkpoints/k48__C28/recap/trial_2/model.pt
k48__C28,48,28,2,citeseer,0.9034980589654811,0.45307605237492293,/autodl-fs/data/recap/tuning_hyperparams/interaction_tuning/k_c_heatmap_results/k_c_paper_v2_auprc_best/checkpoints/k48__C28/recap/trial_2/model.pt
k48__C28,48,28,2,ACM,0.7818462236277377,0.37380293564008243,/autodl-fs/data/recap/tuning_hyperparams/interaction_tuning/k_c_heatmap_results/k_c_paper_v2_auprc_best/checkpoints/k48__C28/recap/trial_2/model.pt
k48__C28,48,28,2,BlogCatalog,0.7322004357298475,0.33597039466455575,/autodl-fs/data/recap/tuning_hyperparams/interaction_tuning/k_c_heatmap_results/k_c_paper_v2_auprc_best/checkpoints/k48__C28/recap/trial_2/model.pt
k48__C28,48,28,2,weibo,0.7831493663518042,0.33020877459346226,/autodl-fs/data/recap/tuning_hyperparams/interaction_tuning/k_c_heatmap_results/k_c_paper_v2_auprc_best/checkpoints/k48__C28/recap/trial_2/model.pt
k48__C28,48,28,2,Reddit,0.5891125184885548,0.04598660401956266,/autodl-fs/data/recap/tuning_hyperparams/interaction_tuning/k_c_heatmap_results/k_c_paper_v2_auprc_best/checkpoints/k48__C28/recap/trial_2/model.pt
k48__C28,48,28,2,Amazon,0.7278011162178616,0.12990467469707884,/autodl-fs/data/recap/tuning_hyperparams/interaction_tuning/k_c_heatmap_results/k_c_paper_v2_auprc_best/checkpoints/k48__C28/recap/trial_2/model.pt
k48__C32,48,32,0,Facebook,0.600719696969697,0.07335126384811229,/autodl-fs/data/recap/tuning_hyperparams/interaction_tuning/k_c_heatmap_results/k_c_paper_v2_auprc_best/checkpoints/k48__C32/recap/trial_0/model.pt
k48__C32,48,32,0,cora,0.8242168360698462,0.4283393295710675,/autodl-fs/data/recap/tuning_hyperparams/interaction_tuning/k_c_heatmap_results/k_c_paper_v2_auprc_best/checkpoints/k48__C32/recap/trial_0/model.pt
k48__C32,48,32,0,citeseer,0.9064148567831288,0.4680126040639069,/autodl-fs/data/recap/tuning_hyperparams/interaction_tuning/k_c_heatmap_results/k_c_paper_v2_auprc_best/checkpoints/k48__C32/recap/trial_0/model.pt
k48__C32,48,32,0,ACM,0.7877354924683213,0.37407940907953124,/autodl-fs/data/recap/tuning_hyperparams/interaction_tuning/k_c_heatmap_results/k_c_paper_v2_auprc_best/checkpoints/k48__C32/recap/trial_0/model.pt
k48__C32,48,32,0,BlogCatalog,0.735526279956427,0.3346740254340287,/autodl-fs/data/recap/tuning_hyperparams/interaction_tuning/k_c_heatmap_results/k_c_paper_v2_auprc_best/checkpoints/k48__C32/recap/trial_0/model.pt
k48__C32,48,32,0,weibo,0.7742194574354843,0.33270465521622283,/autodl-fs/data/recap/tuning_hyperparams/interaction_tuning/k_c_heatmap_results/k_c_paper_v2_auprc_best/checkpoints/k48__C32/recap/trial_0/model.pt
k48__C32,48,32,0,Reddit,0.5873146126744254,0.04657568101559926,/autodl-fs/data/recap/tuning_hyperparams/interaction_tuning/k_c_heatmap_results/k_c_paper_v2_auprc_best/checkpoints/k48__C32/recap/trial_0/model.pt
k48__C32,48,32,0,Amazon,0.6994363195181577,0.12075263238856404,/autodl-fs/data/recap/tuning_hyperparams/interaction_tuning/k_c_heatmap_results/k_c_paper_v2_auprc_best/checkpoints/k48__C32/recap/trial_0/model.pt
k48__C32,48,32,1,Facebook,0.5913636363636364,0.04418852460750541,/autodl-fs/data/recap/tuning_hyperparams/interaction_tuning/k_c_heatmap_results/k_c_paper_v2_auprc_best/checkpoints/k48__C32/recap/trial_1/model.pt
k48__C32,48,32,1,cora,0.8246416471201459,0.42698335051319825,/autodl-fs/data/recap/tuning_hyperparams/interaction_tuning/k_c_heatmap_results/k_c_paper_v2_auprc_best/checkpoints/k48__C32/recap/trial_1/model.pt
k48__C32,48,32,1,citeseer,0.9030552932535936,0.4686599154955751,/autodl-fs/data/recap/tuning_hyperparams/interaction_tuning/k_c_heatmap_results/k_c_paper_v2_auprc_best/checkpoints/k48__C32/recap/trial_1/model.pt
k48__C32,48,32,1,ACM,0.7841810761703863,0.3717974433111758,/autodl-fs/data/recap/tuning_hyperparams/interaction_tuning/k_c_heatmap_results/k_c_paper_v2_auprc_best/checkpoints/k48__C32/recap/trial_1/model.pt
k48__C32,48,32,1,BlogCatalog,0.7276647603485839,0.32971929328914684,/autodl-fs/data/recap/tuning_hyperparams/interaction_tuning/k_c_heatmap_results/k_c_paper_v2_auprc_best/checkpoints/k48__C32/recap/trial_1/model.pt
k48__C32,48,32,1,weibo,0.8064370916076695,0.3460551445986756,/autodl-fs/data/recap/tuning_hyperparams/interaction_tuning/k_c_heatmap_results/k_c_paper_v2_auprc_best/checkpoints/k48__C32/recap/trial_1/model.pt
k48__C32,48,32,1,Reddit,0.592849470998315,0.04718257242774332,/autodl-fs/data/recap/tuning_hyperparams/interaction_tuning/k_c_heatmap_results/k_c_paper_v2_auprc_best/checkpoints/k48__C32/recap/trial_1/model.pt
k48__C32,48,32,1,Amazon,0.7410306733567672,0.13645688950542675,/autodl-fs/data/recap/tuning_hyperparams/interaction_tuning/k_c_heatmap_results/k_c_paper_v2_auprc_best/checkpoints/k48__C32/recap/trial_1/model.pt
k48__C32,48,32,2,Facebook,0.588219696969697,0.0355707028103077,/autodl-fs/data/recap/tuning_hyperparams/interaction_tuning/k_c_heatmap_results/k_c_paper_v2_auprc_best/checkpoints/k48__C32/recap/trial_2/model.pt
k48__C32,48,32,2,cora,0.8253557466770914,0.4143038741427847,/autodl-fs/data/recap/tuning_hyperparams/interaction_tuning/k_c_heatmap_results/k_c_paper_v2_auprc_best/checkpoints/k48__C32/recap/trial_2/model.pt
k48__C32,48,32,2,citeseer,0.9056436890147938,0.4601074426459702,/autodl-fs/data/recap/tuning_hyperparams/interaction_tuning/k_c_heatmap_results/k_c_paper_v2_auprc_best/checkpoints/k48__C32/recap/trial_2/model.pt
k48__C32,48,32,2,ACM,0.7856742431023795,0.3752698407480515,/autodl-fs/data/recap/tuning_hyperparams/interaction_tuning/k_c_heatmap_results/k_c_paper_v2_auprc_best/checkpoints/k48__C32/recap/trial_2/model.pt
k48__C32,48,32,2,BlogCatalog,0.7323495370370371,0.33522037953471084,/autodl-fs/data/recap/tuning_hyperparams/interaction_tuning/k_c_heatmap_results/k_c_paper_v2_auprc_best/checkpoints/k48__C32/recap/trial_2/model.pt
k48__C32,48,32,2,weibo,0.7825652281310818,0.31903458679144114,/autodl-fs/data/recap/tuning_hyperparams/interaction_tuning/k_c_heatmap_results/k_c_paper_v2_auprc_best/checkpoints/k48__C32/recap/trial_2/model.pt
k48__C32,48,32,2,Reddit,0.5891139337571933,0.04541063708108418,/autodl-fs/data/recap/tuning_hyperparams/interaction_tuning/k_c_heatmap_results/k_c_paper_v2_auprc_best/checkpoints/k48__C32/recap/trial_2/model.pt
k48__C32,48,32,2,Amazon,0.745906234732171,0.13915087895547107,/autodl-fs/data/recap/tuning_hyperparams/interaction_tuning/k_c_heatmap_results/k_c_paper_v2_auprc_best/checkpoints/k48__C32/recap/trial_2/model.pt
k48__C36,48,36,0,Facebook,0.5956818181818182,0.07189537673063429,/autodl-fs/data/recap/tuning_hyperparams/interaction_tuning/k_c_heatmap_results/k_c_paper_v2_auprc_best/checkpoints/k48__C36/recap/trial_0/model.pt
k48__C36,48,36,0,cora,0.8242011988532708,0.4270567525772447,/autodl-fs/data/recap/tuning_hyperparams/interaction_tuning/k_c_heatmap_results/k_c_paper_v2_auprc_best/checkpoints/k48__C36/recap/trial_0/model.pt
k48__C36,48,36,0,citeseer,0.9047109432378554,0.4607089699831876,/autodl-fs/data/recap/tuning_hyperparams/interaction_tuning/k_c_heatmap_results/k_c_paper_v2_auprc_best/checkpoints/k48__C36/recap/trial_0/model.pt
k48__C36,48,36,0,ACM,0.7831993732114972,0.37339125452232336,/autodl-fs/data/recap/tuning_hyperparams/interaction_tuning/k_c_heatmap_results/k_c_paper_v2_auprc_best/checkpoints/k48__C36/recap/trial_0/model.pt
k48__C36,48,36,0,BlogCatalog,0.7201586328976035,0.32808117151778093,/autodl-fs/data/recap/tuning_hyperparams/interaction_tuning/k_c_heatmap_results/k_c_paper_v2_auprc_best/checkpoints/k48__C36/recap/trial_0/model.pt
k48__C36,48,36,0,weibo,0.8035982547542722,0.34790442133298294,/autodl-fs/data/recap/tuning_hyperparams/interaction_tuning/k_c_heatmap_results/k_c_paper_v2_auprc_best/checkpoints/k48__C36/recap/trial_0/model.pt
k48__C36,48,36,0,Reddit,0.591605835847365,0.04759082709921772,/autodl-fs/data/recap/tuning_hyperparams/interaction_tuning/k_c_heatmap_results/k_c_paper_v2_auprc_best/checkpoints/k48__C36/recap/trial_0/model.pt
k48__C36,48,36,0,Amazon,0.7195358413488726,0.12981889684143744,/autodl-fs/data/recap/tuning_hyperparams/interaction_tuning/k_c_heatmap_results/k_c_paper_v2_auprc_best/checkpoints/k48__C36/recap/trial_0/model.pt
k48__C36,48,36,1,Facebook,0.598560606060606,0.048957309156017106,/autodl-fs/data/recap/tuning_hyperparams/interaction_tuning/k_c_heatmap_results/k_c_paper_v2_auprc_best/checkpoints/k48__C36/recap/trial_1/model.pt
k48__C36,48,36,1,cora,0.8245113369820173,0.4215799272993416,/autodl-fs/data/recap/tuning_hyperparams/interaction_tuning/k_c_heatmap_results/k_c_paper_v2_auprc_best/checkpoints/k48__C36/recap/trial_1/model.pt
k48__C36,48,36,1,citeseer,0.9023376350855105,0.4683038477325256,/autodl-fs/data/recap/tuning_hyperparams/interaction_tuning/k_c_heatmap_results/k_c_paper_v2_auprc_best/checkpoints/k48__C36/recap/trial_1/model.pt
k48__C36,48,36,1,ACM,0.7836644458945237,0.37187290761110725,/autodl-fs/data/recap/tuning_hyperparams/interaction_tuning/k_c_heatmap_results/k_c_paper_v2_auprc_best/checkpoints/k48__C36/recap/trial_1/model.pt
k48__C36,48,36,1,BlogCatalog,0.7269556781045752,0.3299766678607106,/autodl-fs/data/recap/tuning_hyperparams/interaction_tuning/k_c_heatmap_results/k_c_paper_v2_auprc_best/checkpoints/k48__C36/recap/trial_1/model.pt
k48__C36,48,36,1,weibo,0.8080026401243879,0.3433717930151444,/autodl-fs/data/recap/tuning_hyperparams/interaction_tuning/k_c_heatmap_results/k_c_paper_v2_auprc_best/checkpoints/k48__C36/recap/trial_1/model.pt
k48__C36,48,36,1,Reddit,0.5932071479815182,0.04685956152823831,/autodl-fs/data/recap/tuning_hyperparams/interaction_tuning/k_c_heatmap_results/k_c_paper_v2_auprc_best/checkpoints/k48__C36/recap/trial_1/model.pt
k48__C36,48,36,1,Amazon,0.7384835812597852,0.13608273651697764,/autodl-fs/data/recap/tuning_hyperparams/interaction_tuning/k_c_heatmap_results/k_c_paper_v2_auprc_best/checkpoints/k48__C36/recap/trial_1/model.pt
k48__C36,48,36,2,Facebook,0.5911742424242423,0.03614900342271514,/autodl-fs/data/recap/tuning_hyperparams/interaction_tuning/k_c_heatmap_results/k_c_paper_v2_auprc_best/checkpoints/k48__C36/recap/trial_2/model.pt
k48__C36,48,36,2,cora,0.8223977065415687,0.402624093232458,/autodl-fs/data/recap/tuning_hyperparams/interaction_tuning/k_c_heatmap_results/k_c_paper_v2_auprc_best/checkpoints/k48__C36/recap/trial_2/model.pt
k48__C36,48,36,2,citeseer,0.9043500157381178,0.45829467955827113,/autodl-fs/data/recap/tuning_hyperparams/interaction_tuning/k_c_heatmap_results/k_c_paper_v2_auprc_best/checkpoints/k48__C36/recap/trial_2/model.pt
k48__C36,48,36,2,ACM,0.7824795174546701,0.3710024920401186,/autodl-fs/data/recap/tuning_hyperparams/interaction_tuning/k_c_heatmap_results/k_c_paper_v2_auprc_best/checkpoints/k48__C36/recap/trial_2/model.pt
k48__C36,48,36,2,BlogCatalog,0.7347562636165578,0.3247559937683737,/autodl-fs/data/recap/tuning_hyperparams/interaction_tuning/k_c_heatmap_results/k_c_paper_v2_auprc_best/checkpoints/k48__C36/recap/trial_2/model.pt
k48__C36,48,36,2,weibo,0.8183307205191714,0.3335630683263535,/autodl-fs/data/recap/tuning_hyperparams/interaction_tuning/k_c_heatmap_results/k_c_paper_v2_auprc_best/checkpoints/k48__C36/recap/trial_2/model.pt
k48__C36,48,36,2,Reddit,0.5917399003856736,0.046424545315874,/autodl-fs/data/recap/tuning_hyperparams/interaction_tuning/k_c_heatmap_results/k_c_paper_v2_auprc_best/checkpoints/k48__C36/recap/trial_2/model.pt
k48__C36,48,36,2,Amazon,0.730234884783201,0.13505028502738833,/autodl-fs/data/recap/tuning_hyperparams/interaction_tuning/k_c_heatmap_results/k_c_paper_v2_auprc_best/checkpoints/k48__C36/recap/trial_2/model.pt
k48__C40,48,40,0,Facebook,0.5978787878787879,0.07267597672061438,/autodl-fs/data/recap/tuning_hyperparams/interaction_tuning/k_c_heatmap_results/k_c_paper_v2_auprc_best/checkpoints/k48__C40/recap/trial_0/model.pt
k48__C40,48,40,0,cora,0.8226765702371646,0.42641278240199665,/autodl-fs/data/recap/tuning_hyperparams/interaction_tuning/k_c_heatmap_results/k_c_paper_v2_auprc_best/checkpoints/k48__C40/recap/trial_0/model.pt
k48__C40,48,40,0,citeseer,0.9065166299443921,0.46332425198887317,/autodl-fs/data/recap/tuning_hyperparams/interaction_tuning/k_c_heatmap_results/k_c_paper_v2_auprc_best/checkpoints/k48__C40/recap/trial_0/model.pt
k48__C40,48,40,0,ACM,0.7870659290873283,0.3737501941429866,/autodl-fs/data/recap/tuning_hyperparams/interaction_tuning/k_c_heatmap_results/k_c_paper_v2_auprc_best/checkpoints/k48__C40/recap/trial_0/model.pt
k48__C40,48,40,0,BlogCatalog,0.7270656318082788,0.33055666902799835,/autodl-fs/data/recap/tuning_hyperparams/interaction_tuning/k_c_heatmap_results/k_c_paper_v2_auprc_best/checkpoints/k48__C40/recap/trial_0/model.pt
k48__C40,48,40,0,weibo,0.7847082656437152,0.3417253322315844,/autodl-fs/data/recap/tuning_hyperparams/interaction_tuning/k_c_heatmap_results/k_c_paper_v2_auprc_best/checkpoints/k48__C40/recap/trial_0/model.pt
k48__C40,48,40,0,Reddit,0.5900934283158715,0.04723536479509764,/autodl-fs/data/recap/tuning_hyperparams/interaction_tuning/k_c_heatmap_results/k_c_paper_v2_auprc_best/checkpoints/k48__C40/recap/trial_0/model.pt
k48__C40,48,40,0,Amazon,0.7119324909693181,0.1252332688688748,/autodl-fs/data/recap/tuning_hyperparams/interaction_tuning/k_c_heatmap_results/k_c_paper_v2_auprc_best/checkpoints/k48__C40/recap/trial_0/model.pt
k48__C40,48,40,1,Facebook,0.5995833333333334,0.05570830834989522,/autodl-fs/data/recap/tuning_hyperparams/interaction_tuning/k_c_heatmap_results/k_c_paper_v2_auprc_best/checkpoints/k48__C40/recap/trial_1/model.pt
k48__C40,48,40,1,cora,0.8267604899661194,0.43036274694838456,/autodl-fs/data/recap/tuning_hyperparams/interaction_tuning/k_c_heatmap_results/k_c_paper_v2_auprc_best/checkpoints/k48__C40/recap/trial_1/model.pt
k48__C40,48,40,1,citeseer,0.9013681670338893,0.4680000586485417,/autodl-fs/data/recap/tuning_hyperparams/interaction_tuning/k_c_heatmap_results/k_c_paper_v2_auprc_best/checkpoints/k48__C40/recap/trial_1/model.pt
k48__C40,48,40,1,ACM,0.7840431675171561,0.371417215864196,/autodl-fs/data/recap/tuning_hyperparams/interaction_tuning/k_c_heatmap_results/k_c_paper_v2_auprc_best/checkpoints/k48__C40/recap/trial_1/model.pt
k48__C40,48,40,1,BlogCatalog,0.7353152233115469,0.330150793935379,/autodl-fs/data/recap/tuning_hyperparams/interaction_tuning/k_c_heatmap_results/k_c_paper_v2_auprc_best/checkpoints/k48__C40/recap/trial_1/model.pt
k48__C40,48,40,1,weibo,0.8074535058687433,0.3378941612786297,/autodl-fs/data/recap/tuning_hyperparams/interaction_tuning/k_c_heatmap_results/k_c_paper_v2_auprc_best/checkpoints/k48__C40/recap/trial_1/model.pt
k48__C40,48,40,1,Reddit,0.5933728630730166,0.04691124051906953,/autodl-fs/data/recap/tuning_hyperparams/interaction_tuning/k_c_heatmap_results/k_c_paper_v2_auprc_best/checkpoints/k48__C40/recap/trial_1/model.pt
k48__C40,48,40,1,Amazon,0.72034583586362,0.12849679936436412,/autodl-fs/data/recap/tuning_hyperparams/interaction_tuning/k_c_heatmap_results/k_c_paper_v2_auprc_best/checkpoints/k48__C40/recap/trial_1/model.pt
k48__C40,48,40,2,Facebook,0.5869696969696969,0.03349651571272094,/autodl-fs/data/recap/tuning_hyperparams/interaction_tuning/k_c_heatmap_results/k_c_paper_v2_auprc_best/checkpoints/k48__C40/recap/trial_2/model.pt
k48__C40,48,40,2,cora,0.8174016158457128,0.3992980884037361,/autodl-fs/data/recap/tuning_hyperparams/interaction_tuning/k_c_heatmap_results/k_c_paper_v2_auprc_best/checkpoints/k48__C40/recap/trial_2/model.pt
k48__C40,48,40,2,citeseer,0.9039911866540761,0.45683773277751155,/autodl-fs/data/recap/tuning_hyperparams/interaction_tuning/k_c_heatmap_results/k_c_paper_v2_auprc_best/checkpoints/k48__C40/recap/trial_2/model.pt
k48__C40,48,40,2,ACM,0.7846556379809287,0.37374750897625153,/autodl-fs/data/recap/tuning_hyperparams/interaction_tuning/k_c_heatmap_results/k_c_paper_v2_auprc_best/checkpoints/k48__C40/recap/trial_2/model.pt
k48__C40,48,40,2,BlogCatalog,0.7353676470588235,0.3228938376498995,/autodl-fs/data/recap/tuning_hyperparams/interaction_tuning/k_c_heatmap_results/k_c_paper_v2_auprc_best/checkpoints/k48__C40/recap/trial_2/model.pt
k48__C40,48,40,2,weibo,0.8244994432993851,0.3406452215639945,/autodl-fs/data/recap/tuning_hyperparams/interaction_tuning/k_c_heatmap_results/k_c_paper_v2_auprc_best/checkpoints/k48__C40/recap/trial_2/model.pt
k48__C40,48,40,2,Reddit,0.5911137083434975,0.04576745763285394,/autodl-fs/data/recap/tuning_hyperparams/interaction_tuning/k_c_heatmap_results/k_c_paper_v2_auprc_best/checkpoints/k48__C40/recap/trial_2/model.pt
k48__C40,48,40,2,Amazon,0.7348530647240121,0.13793553540862152,/autodl-fs/data/recap/tuning_hyperparams/interaction_tuning/k_c_heatmap_results/k_c_paper_v2_auprc_best/checkpoints/k48__C40/recap/trial_2/model.pt
k48__C48,48,48,0,Facebook,0.5965151515151514,0.07085646433820669,/autodl-fs/data/recap/tuning_hyperparams/interaction_tuning/k_c_heatmap_results/k_c_paper_v2_auprc_best/checkpoints/k48__C48/recap/trial_0/model.pt
k48__C48,48,48,0,cora,0.8237737816002084,0.43734778098985916,/autodl-fs/data/recap/tuning_hyperparams/interaction_tuning/k_c_heatmap_results/k_c_paper_v2_auprc_best/checkpoints/k48__C48/recap/trial_0/model.pt
k48__C48,48,48,0,citeseer,0.9035379288637079,0.458705752629779,/autodl-fs/data/recap/tuning_hyperparams/interaction_tuning/k_c_heatmap_results/k_c_paper_v2_auprc_best/checkpoints/k48__C48/recap/trial_0/model.pt
k48__C48,48,48,0,ACM,0.7706240124058743,0.36858671832283924,/autodl-fs/data/recap/tuning_hyperparams/interaction_tuning/k_c_heatmap_results/k_c_paper_v2_auprc_best/checkpoints/k48__C48/recap/trial_0/model.pt
k48__C48,48,48,0,BlogCatalog,0.7281859340958605,0.33091494859241183,/autodl-fs/data/recap/tuning_hyperparams/interaction_tuning/k_c_heatmap_results/k_c_paper_v2_auprc_best/checkpoints/k48__C48/recap/trial_0/model.pt
k48__C48,48,48,0,weibo,0.8135909696495752,0.3428293110995302,/autodl-fs/data/recap/tuning_hyperparams/interaction_tuning/k_c_heatmap_results/k_c_paper_v2_auprc_best/checkpoints/k48__C48/recap/trial_0/model.pt
k48__C48,48,48,0,Reddit,0.5923269795491108,0.047694197402156434,/autodl-fs/data/recap/tuning_hyperparams/interaction_tuning/k_c_heatmap_results/k_c_paper_v2_auprc_best/checkpoints/k48__C48/recap/trial_0/model.pt
k48__C48,48,48,0,Amazon,0.7156159221000267,0.12784828029637246,/autodl-fs/data/recap/tuning_hyperparams/interaction_tuning/k_c_heatmap_results/k_c_paper_v2_auprc_best/checkpoints/k48__C48/recap/trial_0/model.pt
k48__C48,48,48,1,Facebook,0.5887121212121212,0.056703950336754336,/autodl-fs/data/recap/tuning_hyperparams/interaction_tuning/k_c_heatmap_results/k_c_paper_v2_auprc_best/checkpoints/k48__C48/recap/trial_1/model.pt
k48__C48,48,48,1,cora,0.8265624185561636,0.42752063230784193,/autodl-fs/data/recap/tuning_hyperparams/interaction_tuning/k_c_heatmap_results/k_c_paper_v2_auprc_best/checkpoints/k48__C48/recap/trial_1/model.pt
k48__C48,48,48,1,citeseer,0.9012863288217394,0.4682033380548625,/autodl-fs/data/recap/tuning_hyperparams/interaction_tuning/k_c_heatmap_results/k_c_paper_v2_auprc_best/checkpoints/k48__C48/recap/trial_1/model.pt
k48__C48,48,48,1,ACM,0.7861377342641536,0.37251989844258404,/autodl-fs/data/recap/tuning_hyperparams/interaction_tuning/k_c_heatmap_results/k_c_paper_v2_auprc_best/checkpoints/k48__C48/recap/trial_1/model.pt
k48__C48,48,48,1,BlogCatalog,0.7349383850762528,0.336744155129336,/autodl-fs/data/recap/tuning_hyperparams/interaction_tuning/k_c_heatmap_results/k_c_paper_v2_auprc_best/checkpoints/k48__C48/recap/trial_1/model.pt
k48__C48,48,48,1,weibo,0.7897912540835412,0.3126101726097047,/autodl-fs/data/recap/tuning_hyperparams/interaction_tuning/k_c_heatmap_results/k_c_paper_v2_auprc_best/checkpoints/k48__C48/recap/trial_1/model.pt
k48__C48,48,48,1,Reddit,0.5954893329916102,0.04703102119097148,/autodl-fs/data/recap/tuning_hyperparams/interaction_tuning/k_c_heatmap_results/k_c_paper_v2_auprc_best/checkpoints/k48__C48/recap/trial_1/model.pt
k48__C48,48,48,1,Amazon,0.7118654960959021,0.12485332394694124,/autodl-fs/data/recap/tuning_hyperparams/interaction_tuning/k_c_heatmap_results/k_c_paper_v2_auprc_best/checkpoints/k48__C48/recap/trial_1/model.pt
k48__C48,48,48,2,Facebook,0.5918939393939394,0.03667766140104735,/autodl-fs/data/recap/tuning_hyperparams/interaction_tuning/k_c_heatmap_results/k_c_paper_v2_auprc_best/checkpoints/k48__C48/recap/trial_2/model.pt
k48__C48,48,48,2,cora,0.8187672660933021,0.40445016542532186,/autodl-fs/data/recap/tuning_hyperparams/interaction_tuning/k_c_heatmap_results/k_c_paper_v2_auprc_best/checkpoints/k48__C48/recap/trial_2/model.pt
k48__C48,48,48,2,citeseer,0.9042199139649565,0.4549763658392119,/autodl-fs/data/recap/tuning_hyperparams/interaction_tuning/k_c_heatmap_results/k_c_paper_v2_auprc_best/checkpoints/k48__C48/recap/trial_2/model.pt
k48__C48,48,48,2,ACM,0.7806106337904246,0.37094141072688924,/autodl-fs/data/recap/tuning_hyperparams/interaction_tuning/k_c_heatmap_results/k_c_paper_v2_auprc_best/checkpoints/k48__C48/recap/trial_2/model.pt
k48__C48,48,48,2,BlogCatalog,0.7330739379084968,0.3241418249586153,/autodl-fs/data/recap/tuning_hyperparams/interaction_tuning/k_c_heatmap_results/k_c_paper_v2_auprc_best/checkpoints/k48__C48/recap/trial_2/model.pt
k48__C48,48,48,2,weibo,0.8234357966138174,0.33840509241263045,/autodl-fs/data/recap/tuning_hyperparams/interaction_tuning/k_c_heatmap_results/k_c_paper_v2_auprc_best/checkpoints/k48__C48/recap/trial_2/model.pt
k48__C48,48,48,2,Reddit,0.5913266419432102,0.045875987606619734,/autodl-fs/data/recap/tuning_hyperparams/interaction_tuning/k_c_heatmap_results/k_c_paper_v2_auprc_best/checkpoints/k48__C48/recap/trial_2/model.pt
k48__C48,48,48,2,Amazon,0.7271340440997349,0.1358510105428548,/autodl-fs/data/recap/tuning_hyperparams/interaction_tuning/k_c_heatmap_results/k_c_paper_v2_auprc_best/checkpoints/k48__C48/recap/trial_2/model.pt
k64__C16,64,16,0,Facebook,0.6107954545454545,0.043790629279228624,/autodl-fs/data/recap/tuning_hyperparams/interaction_tuning/k_c_heatmap_results/k_c_paper_v2_auprc_best/checkpoints/k64__C16/recap/trial_0/model.pt
k64__C16,64,16,0,cora,0.8198201720093823,0.4031713382525807,/autodl-fs/data/recap/tuning_hyperparams/interaction_tuning/k_c_heatmap_results/k_c_paper_v2_auprc_best/checkpoints/k64__C16/recap/trial_0/model.pt
k64__C16,64,16,0,citeseer,0.9049407197565839,0.45472682172632656,/autodl-fs/data/recap/tuning_hyperparams/interaction_tuning/k_c_heatmap_results/k_c_paper_v2_auprc_best/checkpoints/k64__C16/recap/trial_0/model.pt
k64__C16,64,16,0,ACM,0.7853282062523018,0.3712175557783293,/autodl-fs/data/recap/tuning_hyperparams/interaction_tuning/k_c_heatmap_results/k_c_paper_v2_auprc_best/checkpoints/k64__C16/recap/trial_0/model.pt
k64__C16,64,16,0,BlogCatalog,0.7316346677559913,0.32295098026220304,/autodl-fs/data/recap/tuning_hyperparams/interaction_tuning/k_c_heatmap_results/k_c_paper_v2_auprc_best/checkpoints/k64__C16/recap/trial_0/model.pt
k64__C16,64,16,0,weibo,0.8189111902020692,0.3528746552150542,/autodl-fs/data/recap/tuning_hyperparams/interaction_tuning/k_c_heatmap_results/k_c_paper_v2_auprc_best/checkpoints/k64__C16/recap/trial_0/model.pt
k64__C16,64,16,0,Reddit,0.5924516518500906,0.048790144720983614,/autodl-fs/data/recap/tuning_hyperparams/interaction_tuning/k_c_heatmap_results/k_c_paper_v2_auprc_best/checkpoints/k64__C16/recap/trial_0/model.pt
k64__C16,64,16,0,Amazon,0.7359283135172338,0.1354754189270713,/autodl-fs/data/recap/tuning_hyperparams/interaction_tuning/k_c_heatmap_results/k_c_paper_v2_auprc_best/checkpoints/k64__C16/recap/trial_0/model.pt
k64__C16,64,16,1,Facebook,0.5883333333333333,0.049671932185779574,/autodl-fs/data/recap/tuning_hyperparams/interaction_tuning/k_c_heatmap_results/k_c_paper_v2_auprc_best/checkpoints/k64__C16/recap/trial_1/model.pt
k64__C16,64,16,1,cora,0.8302580140734948,0.42401486900451885,/autodl-fs/data/recap/tuning_hyperparams/interaction_tuning/k_c_heatmap_results/k_c_paper_v2_auprc_best/checkpoints/k64__C16/recap/trial_1/model.pt
k64__C16,64,16,1,citeseer,0.9015570244465427,0.47075473545354024,/autodl-fs/data/recap/tuning_hyperparams/interaction_tuning/k_c_heatmap_results/k_c_paper_v2_auprc_best/checkpoints/k64__C16/recap/trial_1/model.pt
k64__C16,64,16,1,ACM,0.7887148231453316,0.37247204430678116,/autodl-fs/data/recap/tuning_hyperparams/interaction_tuning/k_c_heatmap_results/k_c_paper_v2_auprc_best/checkpoints/k64__C16/recap/trial_1/model.pt
k64__C16,64,16,1,BlogCatalog,0.7264692265795207,0.33631721631028216,/autodl-fs/data/recap/tuning_hyperparams/interaction_tuning/k_c_heatmap_results/k_c_paper_v2_auprc_best/checkpoints/k64__C16/recap/trial_1/model.pt
k64__C16,64,16,1,weibo,0.7741766578275286,0.3089286358913892,/autodl-fs/data/recap/tuning_hyperparams/interaction_tuning/k_c_heatmap_results/k_c_paper_v2_auprc_best/checkpoints/k64__C16/recap/trial_1/model.pt
k64__C16,64,16,1,Reddit,0.5933068600901449,0.04665072268003823,/autodl-fs/data/recap/tuning_hyperparams/interaction_tuning/k_c_heatmap_results/k_c_paper_v2_auprc_best/checkpoints/k64__C16/recap/trial_1/model.pt
k64__C16,64,16,1,Amazon,0.7409128835002301,0.13340267246898643,/autodl-fs/data/recap/tuning_hyperparams/interaction_tuning/k_c_heatmap_results/k_c_paper_v2_auprc_best/checkpoints/k64__C16/recap/trial_1/model.pt
k64__C16,64,16,2,Facebook,0.5932575757575758,0.03776304702064385,/autodl-fs/data/recap/tuning_hyperparams/interaction_tuning/k_c_heatmap_results/k_c_paper_v2_auprc_best/checkpoints/k64__C16/recap/trial_2/model.pt
k64__C16,64,16,2,cora,0.817946312223091,0.4169794255330516,/autodl-fs/data/recap/tuning_hyperparams/interaction_tuning/k_c_heatmap_results/k_c_paper_v2_auprc_best/checkpoints/k64__C16/recap/trial_2/model.pt
k64__C16,64,16,2,citeseer,0.9043332284125485,0.46949253147198533,/autodl-fs/data/recap/tuning_hyperparams/interaction_tuning/k_c_heatmap_results/k_c_paper_v2_auprc_best/checkpoints/k64__C16/recap/trial_2/model.pt
k64__C16,64,16,2,ACM,0.78578231372131,0.3744832945717494,/autodl-fs/data/recap/tuning_hyperparams/interaction_tuning/k_c_heatmap_results/k_c_paper_v2_auprc_best/checkpoints/k64__C16/recap/trial_2/model.pt
k64__C16,64,16,2,BlogCatalog,0.7343426606753813,0.3311105038913105,/autodl-fs/data/recap/tuning_hyperparams/interaction_tuning/k_c_heatmap_results/k_c_paper_v2_auprc_best/checkpoints/k64__C16/recap/trial_2/model.pt
k64__C16,64,16,2,weibo,0.8165795287029456,0.34221210874324803,/autodl-fs/data/recap/tuning_hyperparams/interaction_tuning/k_c_heatmap_results/k_c_paper_v2_auprc_best/checkpoints/k64__C16/recap/trial_2/model.pt
k64__C16,64,16,2,Reddit,0.5879629343716772,0.04530834192183271,/autodl-fs/data/recap/tuning_hyperparams/interaction_tuning/k_c_heatmap_results/k_c_paper_v2_auprc_best/checkpoints/k64__C16/recap/trial_2/model.pt
k64__C16,64,16,2,Amazon,0.7247426677706816,0.13173640293930933,/autodl-fs/data/recap/tuning_hyperparams/interaction_tuning/k_c_heatmap_results/k_c_paper_v2_auprc_best/checkpoints/k64__C16/recap/trial_2/model.pt
k64__C20,64,20,0,Facebook,0.6050378787878787,0.07309005729960039,/autodl-fs/data/recap/tuning_hyperparams/interaction_tuning/k_c_heatmap_results/k_c_paper_v2_auprc_best/checkpoints/k64__C20/recap/trial_0/model.pt
k64__C20,64,20,0,cora,0.8269324993484493,0.43883871648577133,/autodl-fs/data/recap/tuning_hyperparams/interaction_tuning/k_c_heatmap_results/k_c_paper_v2_auprc_best/checkpoints/k64__C20/recap/trial_0/model.pt
k64__C20,64,20,0,citeseer,0.9034770748085196,0.45499136582889305,/autodl-fs/data/recap/tuning_hyperparams/interaction_tuning/k_c_heatmap_results/k_c_paper_v2_auprc_best/checkpoints/k64__C20/recap/trial_0/model.pt
k64__C20,64,20,0,ACM,0.7912378239996694,0.3716386999592339,/autodl-fs/data/recap/tuning_hyperparams/interaction_tuning/k_c_heatmap_results/k_c_paper_v2_auprc_best/checkpoints/k64__C20/recap/trial_0/model.pt
k64__C20,64,20,0,BlogCatalog,0.7251814406318083,0.3282700446350341,/autodl-fs/data/recap/tuning_hyperparams/interaction_tuning/k_c_heatmap_results/k_c_paper_v2_auprc_best/checkpoints/k64__C20/recap/trial_0/model.pt
k64__C20,64,20,0,weibo,0.7917954221539332,0.3313791319767948,/autodl-fs/data/recap/tuning_hyperparams/interaction_tuning/k_c_heatmap_results/k_c_paper_v2_auprc_best/checkpoints/k64__C20/recap/trial_0/model.pt
k64__C20,64,20,0,Reddit,0.5957237529424722,0.04837274666698632,/autodl-fs/data/recap/tuning_hyperparams/interaction_tuning/k_c_heatmap_results/k_c_paper_v2_auprc_best/checkpoints/k64__C20/recap/trial_0/model.pt
k64__C20,64,20,0,Amazon,0.7419278747575884,0.138493731376374,/autodl-fs/data/recap/tuning_hyperparams/interaction_tuning/k_c_heatmap_results/k_c_paper_v2_auprc_best/checkpoints/k64__C20/recap/trial_0/model.pt
k64__C20,64,20,1,Facebook,0.583030303030303,0.05034916258463355,/autodl-fs/data/recap/tuning_hyperparams/interaction_tuning/k_c_heatmap_results/k_c_paper_v2_auprc_best/checkpoints/k64__C20/recap/trial_1/model.pt
k64__C20,64,20,1,cora,0.8256763096168882,0.4134338792324127,/autodl-fs/data/recap/tuning_hyperparams/interaction_tuning/k_c_heatmap_results/k_c_paper_v2_auprc_best/checkpoints/k64__C20/recap/trial_1/model.pt
k64__C20,64,20,1,citeseer,0.899535200923303,0.4678641203173008,/autodl-fs/data/recap/tuning_hyperparams/interaction_tuning/k_c_heatmap_results/k_c_paper_v2_auprc_best/checkpoints/k64__C20/recap/trial_1/model.pt
k64__C20,64,20,1,ACM,0.7780910068480926,0.37477737768120134,/autodl-fs/data/recap/tuning_hyperparams/interaction_tuning/k_c_heatmap_results/k_c_paper_v2_auprc_best/checkpoints/k64__C20/recap/trial_1/model.pt
k64__C20,64,20,1,BlogCatalog,0.730490876906318,0.3372841440010903,/autodl-fs/data/recap/tuning_hyperparams/interaction_tuning/k_c_heatmap_results/k_c_paper_v2_auprc_best/checkpoints/k64__C20/recap/trial_1/model.pt
k64__C20,64,20,1,weibo,0.7866914160494861,0.3119939406795049,/autodl-fs/data/recap/tuning_hyperparams/interaction_tuning/k_c_heatmap_results/k_c_paper_v2_auprc_best/checkpoints/k64__C20/recap/trial_1/model.pt
k64__C20,64,20,1,Reddit,0.5922302266385465,0.04647718745503995,/autodl-fs/data/recap/tuning_hyperparams/interaction_tuning/k_c_heatmap_results/k_c_paper_v2_auprc_best/checkpoints/k64__C20/recap/trial_1/model.pt
k64__C20,64,20,1,Amazon,0.7222736228087188,0.12493048383777275,/autodl-fs/data/recap/tuning_hyperparams/interaction_tuning/k_c_heatmap_results/k_c_paper_v2_auprc_best/checkpoints/k64__C20/recap/trial_1/model.pt
k64__C20,64,20,2,Facebook,0.5768560606060606,0.06998390795559016,/autodl-fs/data/recap/tuning_hyperparams/interaction_tuning/k_c_heatmap_results/k_c_paper_v2_auprc_best/checkpoints/k64__C20/recap/trial_2/model.pt
k64__C20,64,20,2,cora,0.8169324993484492,0.39094140214312634,/autodl-fs/data/recap/tuning_hyperparams/interaction_tuning/k_c_heatmap_results/k_c_paper_v2_auprc_best/checkpoints/k64__C20/recap/trial_2/model.pt
k64__C20,64,20,2,citeseer,0.9019620186758998,0.4446074979715539,/autodl-fs/data/recap/tuning_hyperparams/interaction_tuning/k_c_heatmap_results/k_c_paper_v2_auprc_best/checkpoints/k64__C20/recap/trial_2/model.pt
k64__C20,64,20,2,ACM,0.7851373693544832,0.3792002369741857,/autodl-fs/data/recap/tuning_hyperparams/interaction_tuning/k_c_heatmap_results/k_c_paper_v2_auprc_best/checkpoints/k64__C20/recap/trial_2/model.pt
k64__C20,64,20,2,BlogCatalog,0.7379323257080611,0.33302823059077025,/autodl-fs/data/recap/tuning_hyperparams/interaction_tuning/k_c_heatmap_results/k_c_paper_v2_auprc_best/checkpoints/k64__C20/recap/trial_2/model.pt
k64__C20,64,20,2,weibo,0.8174209231386298,0.3522330386675611,/autodl-fs/data/recap/tuning_hyperparams/interaction_tuning/k_c_heatmap_results/k_c_paper_v2_auprc_best/checkpoints/k64__C20/recap/trial_2/model.pt
k64__C20,64,20,2,Reddit,0.5930909672923699,0.04627365757904961,/autodl-fs/data/recap/tuning_hyperparams/interaction_tuning/k_c_heatmap_results/k_c_paper_v2_auprc_best/checkpoints/k64__C20/recap/trial_2/model.pt
k64__C20,64,20,2,Amazon,0.7028953745982388,0.12402030809906757,/autodl-fs/data/recap/tuning_hyperparams/interaction_tuning/k_c_heatmap_results/k_c_paper_v2_auprc_best/checkpoints/k64__C20/recap/trial_2/model.pt
k64__C24,64,24,0,Facebook,0.617310606060606,0.05628808776611077,/autodl-fs/data/recap/tuning_hyperparams/interaction_tuning/k_c_heatmap_results/k_c_paper_v2_auprc_best/checkpoints/k64__C24/recap/trial_0/model.pt
k64__C24,64,24,0,cora,0.8262210059942663,0.41977005362643754,/autodl-fs/data/recap/tuning_hyperparams/interaction_tuning/k_c_heatmap_results/k_c_paper_v2_auprc_best/checkpoints/k64__C24/recap/trial_0/model.pt
k64__C24,64,24,0,citeseer,0.9068282446752702,0.45857541813938185,/autodl-fs/data/recap/tuning_hyperparams/interaction_tuning/k_c_heatmap_results/k_c_paper_v2_auprc_best/checkpoints/k64__C24/recap/trial_0/model.pt
k64__C24,64,24,0,ACM,0.789808023352532,0.372008230392905,/autodl-fs/data/recap/tuning_hyperparams/interaction_tuning/k_c_heatmap_results/k_c_paper_v2_auprc_best/checkpoints/k64__C24/recap/trial_0/model.pt
k64__C24,64,24,0,BlogCatalog,0.7305606617647058,0.3236006912883252,/autodl-fs/data/recap/tuning_hyperparams/interaction_tuning/k_c_heatmap_results/k_c_paper_v2_auprc_best/checkpoints/k64__C24/recap/trial_0/model.pt
k64__C24,64,24,0,weibo,0.8165374169458322,0.34557475947521965,/autodl-fs/data/recap/tuning_hyperparams/interaction_tuning/k_c_heatmap_results/k_c_paper_v2_auprc_best/checkpoints/k64__C24/recap/trial_0/model.pt
k64__C24,64,24,0,Reddit,0.5916008180767374,0.04763564421562092,/autodl-fs/data/recap/tuning_hyperparams/interaction_tuning/k_c_heatmap_results/k_c_paper_v2_auprc_best/checkpoints/k64__C24/recap/trial_0/model.pt
k64__C24,64,24,0,Amazon,0.7383865333188594,0.1377315247613629,/autodl-fs/data/recap/tuning_hyperparams/interaction_tuning/k_c_heatmap_results/k_c_paper_v2_auprc_best/checkpoints/k64__C24/recap/trial_0/model.pt
k64__C24,64,24,1,Facebook,0.5940530303030302,0.05119241337319341,/autodl-fs/data/recap/tuning_hyperparams/interaction_tuning/k_c_heatmap_results/k_c_paper_v2_auprc_best/checkpoints/k64__C24/recap/trial_1/model.pt
k64__C24,64,24,1,cora,0.8282538441490748,0.43252832186035944,/autodl-fs/data/recap/tuning_hyperparams/interaction_tuning/k_c_heatmap_results/k_c_paper_v2_auprc_best/checkpoints/k64__C24/recap/trial_1/model.pt
k64__C24,64,24,1,citeseer,0.9012065890252859,0.4692200756355981,/autodl-fs/data/recap/tuning_hyperparams/interaction_tuning/k_c_heatmap_results/k_c_paper_v2_auprc_best/checkpoints/k64__C24/recap/trial_1/model.pt
k64__C24,64,24,1,ACM,0.7874057452871457,0.3752264279814086,/autodl-fs/data/recap/tuning_hyperparams/interaction_tuning/k_c_heatmap_results/k_c_paper_v2_auprc_best/checkpoints/k64__C24/recap/trial_1/model.pt
k64__C24,64,24,1,BlogCatalog,0.7277491830065359,0.3367284788221871,/autodl-fs/data/recap/tuning_hyperparams/interaction_tuning/k_c_heatmap_results/k_c_paper_v2_auprc_best/checkpoints/k64__C24/recap/trial_1/model.pt
k64__C24,64,24,1,weibo,0.7749442229394893,0.3085974529788834,/autodl-fs/data/recap/tuning_hyperparams/interaction_tuning/k_c_heatmap_results/k_c_paper_v2_auprc_best/checkpoints/k64__C24/recap/trial_1/model.pt
k64__C24,64,24,1,Reddit,0.5894130700830736,0.04585402017852704,/autodl-fs/data/recap/tuning_hyperparams/interaction_tuning/k_c_heatmap_results/k_c_paper_v2_auprc_best/checkpoints/k64__C24/recap/trial_1/model.pt
k64__C24,64,24,1,Amazon,0.7266548604288611,0.12800340898015053,/autodl-fs/data/recap/tuning_hyperparams/interaction_tuning/k_c_heatmap_results/k_c_paper_v2_auprc_best/checkpoints/k64__C24/recap/trial_1/model.pt
k64__C24,64,24,2,Facebook,0.5906439393939393,0.03751507029076771,/autodl-fs/data/recap/tuning_hyperparams/interaction_tuning/k_c_heatmap_results/k_c_paper_v2_auprc_best/checkpoints/k64__C24/recap/trial_2/model.pt
k64__C24,64,24,2,cora,0.8191138910607244,0.40635329069010556,/autodl-fs/data/recap/tuning_hyperparams/interaction_tuning/k_c_heatmap_results/k_c_paper_v2_auprc_best/checkpoints/k64__C24/recap/trial_2/model.pt
k64__C24,64,24,2,citeseer,0.9006547056971985,0.4487411756493352,/autodl-fs/data/recap/tuning_hyperparams/interaction_tuning/k_c_heatmap_results/k_c_paper_v2_auprc_best/checkpoints/k64__C24/recap/trial_2/model.pt
k64__C24,64,24,2,ACM,0.7800162981036822,0.37466870966029997,/autodl-fs/data/recap/tuning_hyperparams/interaction_tuning/k_c_heatmap_results/k_c_paper_v2_auprc_best/checkpoints/k64__C24/recap/trial_2/model.pt
k64__C24,64,24,2,BlogCatalog,0.722817265795207,0.32527052995838024,/autodl-fs/data/recap/tuning_hyperparams/interaction_tuning/k_c_heatmap_results/k_c_paper_v2_auprc_best/checkpoints/k64__C24/recap/trial_2/model.pt
k64__C24,64,24,2,weibo,0.7982739835245967,0.34555922061880845,/autodl-fs/data/recap/tuning_hyperparams/interaction_tuning/k_c_heatmap_results/k_c_paper_v2_auprc_best/checkpoints/k64__C24/recap/trial_2/model.pt
k64__C24,64,24,2,Reddit,0.5866346404239836,0.04523208839076015,/autodl-fs/data/recap/tuning_hyperparams/interaction_tuning/k_c_heatmap_results/k_c_paper_v2_auprc_best/checkpoints/k64__C24/recap/trial_2/model.pt
k64__C24,64,24,2,Amazon,0.7026381445644903,0.12479273047215136,/autodl-fs/data/recap/tuning_hyperparams/interaction_tuning/k_c_heatmap_results/k_c_paper_v2_auprc_best/checkpoints/k64__C24/recap/trial_2/model.pt
k64__C28,64,28,0,Facebook,0.6038636363636364,0.05283648382274435,/autodl-fs/data/recap/tuning_hyperparams/interaction_tuning/k_c_heatmap_results/k_c_paper_v2_auprc_best/checkpoints/k64__C28/recap/trial_0/model.pt
k64__C28,64,28,0,cora,0.8273807662236122,0.4352154310966408,/autodl-fs/data/recap/tuning_hyperparams/interaction_tuning/k_c_heatmap_results/k_c_paper_v2_auprc_best/checkpoints/k64__C28/recap/trial_0/model.pt
k64__C28,64,28,0,citeseer,0.9055020459553038,0.46545690675074447,/autodl-fs/data/recap/tuning_hyperparams/interaction_tuning/k_c_heatmap_results/k_c_paper_v2_auprc_best/checkpoints/k64__C28/recap/trial_0/model.pt
k64__C28,64,28,0,ACM,0.7934500032104882,0.3742744474345799,/autodl-fs/data/recap/tuning_hyperparams/interaction_tuning/k_c_heatmap_results/k_c_paper_v2_auprc_best/checkpoints/k64__C28/recap/trial_0/model.pt
k64__C28,64,28,0,BlogCatalog,0.7165352668845316,0.32571953536553805,/autodl-fs/data/recap/tuning_hyperparams/interaction_tuning/k_c_heatmap_results/k_c_paper_v2_auprc_best/checkpoints/k64__C28/recap/trial_0/model.pt
k64__C28,64,28,0,weibo,0.8014015648759514,0.328400861725519,/autodl-fs/data/recap/tuning_hyperparams/interaction_tuning/k_c_heatmap_results/k_c_paper_v2_auprc_best/checkpoints/k64__C28/recap/trial_0/model.pt
k64__C28,64,28,0,Reddit,0.5938917520202316,0.04752693465381506,/autodl-fs/data/recap/tuning_hyperparams/interaction_tuning/k_c_heatmap_results/k_c_paper_v2_auprc_best/checkpoints/k64__C28/recap/trial_0/model.pt
k64__C28,64,28,0,Amazon,0.733121796074267,0.1362907722840936,/autodl-fs/data/recap/tuning_hyperparams/interaction_tuning/k_c_heatmap_results/k_c_paper_v2_auprc_best/checkpoints/k64__C28/recap/trial_0/model.pt
k64__C28,64,28,1,Facebook,0.5907954545454546,0.050468310957323306,/autodl-fs/data/recap/tuning_hyperparams/interaction_tuning/k_c_heatmap_results/k_c_paper_v2_auprc_best/checkpoints/k64__C28/recap/trial_1/model.pt
k64__C28,64,28,1,cora,0.8283659108678655,0.43107424359888985,/autodl-fs/data/recap/tuning_hyperparams/interaction_tuning/k_c_heatmap_results/k_c_paper_v2_auprc_best/checkpoints/k64__C28/recap/trial_1/model.pt
k64__C28,64,28,1,citeseer,0.9010722904207324,0.4708394776634473,/autodl-fs/data/recap/tuning_hyperparams/interaction_tuning/k_c_heatmap_results/k_c_paper_v2_auprc_best/checkpoints/k64__C28/recap/trial_1/model.pt
k64__C28,64,28,1,ACM,0.7869195329367088,0.37178960057034643,/autodl-fs/data/recap/tuning_hyperparams/interaction_tuning/k_c_heatmap_results/k_c_paper_v2_auprc_best/checkpoints/k64__C28/recap/trial_1/model.pt
k64__C28,64,28,1,BlogCatalog,0.728289760348584,0.3366834486581397,/autodl-fs/data/recap/tuning_hyperparams/interaction_tuning/k_c_heatmap_results/k_c_paper_v2_auprc_best/checkpoints/k64__C28/recap/trial_1/model.pt
k64__C28,64,28,1,weibo,0.7794111263083687,0.3103029790415647,/autodl-fs/data/recap/tuning_hyperparams/interaction_tuning/k_c_heatmap_results/k_c_paper_v2_auprc_best/checkpoints/k64__C28/recap/trial_1/model.pt
k64__C28,64,28,1,Reddit,0.593083118984465,0.04636580961235501,/autodl-fs/data/recap/tuning_hyperparams/interaction_tuning/k_c_heatmap_results/k_c_paper_v2_auprc_best/checkpoints/k64__C28/recap/trial_1/model.pt
k64__C28,64,28,1,Amazon,0.7212503045049472,0.1273764813237231,/autodl-fs/data/recap/tuning_hyperparams/interaction_tuning/k_c_heatmap_results/k_c_paper_v2_auprc_best/checkpoints/k64__C28/recap/trial_1/model.pt
k64__C28,64,28,2,Facebook,0.5854166666666667,0.03696504542539577,/autodl-fs/data/recap/tuning_hyperparams/interaction_tuning/k_c_heatmap_results/k_c_paper_v2_auprc_best/checkpoints/k64__C28/recap/trial_2/model.pt
k64__C28,64,28,2,cora,0.8199609069585614,0.4063822911997279,/autodl-fs/data/recap/tuning_hyperparams/interaction_tuning/k_c_heatmap_results/k_c_paper_v2_auprc_best/checkpoints/k64__C28/recap/trial_2/model.pt
k64__C28,64,28,2,citeseer,0.9033784492708007,0.4536325193010342,/autodl-fs/data/recap/tuning_hyperparams/interaction_tuning/k_c_heatmap_results/k_c_paper_v2_auprc_best/checkpoints/k64__C28/recap/trial_2/model.pt
k64__C28,64,28,2,ACM,0.7872022562193061,0.3752969605366284,/autodl-fs/data/recap/tuning_hyperparams/interaction_tuning/k_c_heatmap_results/k_c_paper_v2_auprc_best/checkpoints/k64__C28/recap/trial_2/model.pt
k64__C28,64,28,2,BlogCatalog,0.7326126770152506,0.33772244164742726,/autodl-fs/data/recap/tuning_hyperparams/interaction_tuning/k_c_heatmap_results/k_c_paper_v2_auprc_best/checkpoints/k64__C28/recap/trial_2/model.pt
k64__C28,64,28,2,weibo,0.775272174935449,0.3087520282919511,/autodl-fs/data/recap/tuning_hyperparams/interaction_tuning/k_c_heatmap_results/k_c_paper_v2_auprc_best/checkpoints/k64__C28/recap/trial_2/model.pt
k64__C28,64,28,2,Reddit,0.5888620159395273,0.0460226935793355,/autodl-fs/data/recap/tuning_hyperparams/interaction_tuning/k_c_heatmap_results/k_c_paper_v2_auprc_best/checkpoints/k64__C28/recap/trial_2/model.pt
k64__C28,64,28,2,Amazon,0.7340946221966053,0.13204091552897448,/autodl-fs/data/recap/tuning_hyperparams/interaction_tuning/k_c_heatmap_results/k_c_paper_v2_auprc_best/checkpoints/k64__C28/recap/trial_2/model.pt
k64__C32,64,32,0,Facebook,0.6027651515151515,0.07290540311152298,/autodl-fs/data/recap/tuning_hyperparams/interaction_tuning/k_c_heatmap_results/k_c_paper_v2_auprc_best/checkpoints/k64__C32/recap/trial_0/model.pt
k64__C32,64,32,0,cora,0.8237425071670577,0.42666174920523425,/autodl-fs/data/recap/tuning_hyperparams/interaction_tuning/k_c_heatmap_results/k_c_paper_v2_auprc_best/checkpoints/k64__C32/recap/trial_0/model.pt
k64__C32,64,32,0,citeseer,0.9070926450529849,0.4669805596494226,/autodl-fs/data/recap/tuning_hyperparams/interaction_tuning/k_c_heatmap_results/k_c_paper_v2_auprc_best/checkpoints/k64__C32/recap/trial_0/model.pt
k64__C32,64,32,0,ACM,0.7853232508190435,0.37376699214895065,/autodl-fs/data/recap/tuning_hyperparams/interaction_tuning/k_c_heatmap_results/k_c_paper_v2_auprc_best/checkpoints/k64__C32/recap/trial_0/model.pt
k64__C32,64,32,0,BlogCatalog,0.7312384259259259,0.3323172118317805,/autodl-fs/data/recap/tuning_hyperparams/interaction_tuning/k_c_heatmap_results/k_c_paper_v2_auprc_best/checkpoints/k64__C32/recap/trial_0/model.pt
k64__C32,64,32,0,weibo,0.7873405943887269,0.3338813929399142,/autodl-fs/data/recap/tuning_hyperparams/interaction_tuning/k_c_heatmap_results/k_c_paper_v2_auprc_best/checkpoints/k64__C32/recap/trial_0/model.pt
k64__C32,64,32,0,Reddit,0.5934961201053578,0.04832517531006858,/autodl-fs/data/recap/tuning_hyperparams/interaction_tuning/k_c_heatmap_results/k_c_paper_v2_auprc_best/checkpoints/k64__C32/recap/trial_0/model.pt
k64__C32,64,32,0,Amazon,0.6860267467758813,0.11968616840748843,/autodl-fs/data/recap/tuning_hyperparams/interaction_tuning/k_c_heatmap_results/k_c_paper_v2_auprc_best/checkpoints/k64__C32/recap/trial_0/model.pt
k64__C32,64,32,1,Facebook,0.5925378787878788,0.04769745652177354,/autodl-fs/data/recap/tuning_hyperparams/interaction_tuning/k_c_heatmap_results/k_c_paper_v2_auprc_best/checkpoints/k64__C32/recap/trial_1/model.pt
k64__C32,64,32,1,cora,0.8253531404743288,0.4262353019176567,/autodl-fs/data/recap/tuning_hyperparams/interaction_tuning/k_c_heatmap_results/k_c_paper_v2_auprc_best/checkpoints/k64__C32/recap/trial_1/model.pt
k64__C32,64,32,1,citeseer,0.9036113734130732,0.46899538233540977,/autodl-fs/data/recap/tuning_hyperparams/interaction_tuning/k_c_heatmap_results/k_c_paper_v2_auprc_best/checkpoints/k64__C32/recap/trial_1/model.pt
k64__C32,64,32,1,ACM,0.7855893681284879,0.3721109923869584,/autodl-fs/data/recap/tuning_hyperparams/interaction_tuning/k_c_heatmap_results/k_c_paper_v2_auprc_best/checkpoints/k64__C32/recap/trial_1/model.pt
k64__C32,64,32,1,BlogCatalog,0.72776075708061,0.3299721879138195,/autodl-fs/data/recap/tuning_hyperparams/interaction_tuning/k_c_heatmap_results/k_c_paper_v2_auprc_best/checkpoints/k64__C32/recap/trial_1/model.pt
k64__C32,64,32,1,weibo,0.8088619951098391,0.34523854433834417,/autodl-fs/data/recap/tuning_hyperparams/interaction_tuning/k_c_heatmap_results/k_c_paper_v2_auprc_best/checkpoints/k64__C32/recap/trial_1/model.pt
k64__C32,64,32,1,Reddit,0.5930799024648319,0.04729059120928826,/autodl-fs/data/recap/tuning_hyperparams/interaction_tuning/k_c_heatmap_results/k_c_paper_v2_auprc_best/checkpoints/k64__C32/recap/trial_1/model.pt
k64__C32,64,32,1,Amazon,0.7449042639473864,0.1386852499556645,/autodl-fs/data/recap/tuning_hyperparams/interaction_tuning/k_c_heatmap_results/k_c_paper_v2_auprc_best/checkpoints/k64__C32/recap/trial_1/model.pt
k64__C32,64,32,2,Facebook,0.5925,0.03757137087061979,/autodl-fs/data/recap/tuning_hyperparams/interaction_tuning/k_c_heatmap_results/k_c_paper_v2_auprc_best/checkpoints/k64__C32/recap/trial_2/model.pt
k64__C32,64,32,2,cora,0.8249830596820432,0.4146221760767378,/autodl-fs/data/recap/tuning_hyperparams/interaction_tuning/k_c_heatmap_results/k_c_paper_v2_auprc_best/checkpoints/k64__C32/recap/trial_2/model.pt
k64__C32,64,32,2,citeseer,0.9065701395446437,0.4609827104337312,/autodl-fs/data/recap/tuning_hyperparams/interaction_tuning/k_c_heatmap_results/k_c_paper_v2_auprc_best/checkpoints/k64__C32/recap/trial_2/model.pt
k64__C32,64,32,2,ACM,0.7838761588728771,0.37586825599584767,/autodl-fs/data/recap/tuning_hyperparams/interaction_tuning/k_c_heatmap_results/k_c_paper_v2_auprc_best/checkpoints/k64__C32/recap/trial_2/model.pt
k64__C32,64,32,2,BlogCatalog,0.7327141203703704,0.3326128569026064,/autodl-fs/data/recap/tuning_hyperparams/interaction_tuning/k_c_heatmap_results/k_c_paper_v2_auprc_best/checkpoints/k64__C32/recap/trial_2/model.pt
k64__C32,64,32,2,weibo,0.7942778758432287,0.3287925948368167,/autodl-fs/data/recap/tuning_hyperparams/interaction_tuning/k_c_heatmap_results/k_c_paper_v2_auprc_best/checkpoints/k64__C32/recap/trial_2/model.pt
k64__C32,64,32,2,Reddit,0.5936095989180142,0.0469472355224828,/autodl-fs/data/recap/tuning_hyperparams/interaction_tuning/k_c_heatmap_results/k_c_paper_v2_auprc_best/checkpoints/k64__C32/recap/trial_2/model.pt
k64__C32,64,32,2,Amazon,0.7328787977198427,0.1340905186295982,/autodl-fs/data/recap/tuning_hyperparams/interaction_tuning/k_c_heatmap_results/k_c_paper_v2_auprc_best/checkpoints/k64__C32/recap/trial_2/model.pt
k64__C36,64,36,0,Facebook,0.5979166666666667,0.07185699481812638,/autodl-fs/data/recap/tuning_hyperparams/interaction_tuning/k_c_heatmap_results/k_c_paper_v2_auprc_best/checkpoints/k64__C36/recap/trial_0/model.pt
k64__C36,64,36,0,cora,0.8239770654156894,0.42785601942214385,/autodl-fs/data/recap/tuning_hyperparams/interaction_tuning/k_c_heatmap_results/k_c_paper_v2_auprc_best/checkpoints/k64__C36/recap/trial_0/model.pt
k64__C36,64,36,0,citeseer,0.9049564578743048,0.460167315198991,/autodl-fs/data/recap/tuning_hyperparams/interaction_tuning/k_c_heatmap_results/k_c_paper_v2_auprc_best/checkpoints/k64__C36/recap/trial_0/model.pt
k64__C36,64,36,0,ACM,0.7830152314203147,0.37332507382054225,/autodl-fs/data/recap/tuning_hyperparams/interaction_tuning/k_c_heatmap_results/k_c_paper_v2_auprc_best/checkpoints/k64__C36/recap/trial_0/model.pt
k64__C36,64,36,0,BlogCatalog,0.7223801742919391,0.3297863157167689,/autodl-fs/data/recap/tuning_hyperparams/interaction_tuning/k_c_heatmap_results/k_c_paper_v2_auprc_best/checkpoints/k64__C36/recap/trial_0/model.pt
k64__C36,64,36,0,weibo,0.803448761837913,0.34706203267664126,/autodl-fs/data/recap/tuning_hyperparams/interaction_tuning/k_c_heatmap_results/k_c_paper_v2_auprc_best/checkpoints/k64__C36/recap/trial_0/model.pt
k64__C36,64,36,0,Reddit,0.5933000410685227,0.04785254236978107,/autodl-fs/data/recap/tuning_hyperparams/interaction_tuning/k_c_heatmap_results/k_c_paper_v2_auprc_best/checkpoints/k64__C36/recap/trial_0/model.pt
k64__C36,64,36,0,Amazon,0.7179798948763381,0.12972271911374236,/autodl-fs/data/recap/tuning_hyperparams/interaction_tuning/k_c_heatmap_results/k_c_paper_v2_auprc_best/checkpoints/k64__C36/recap/trial_0/model.pt
k64__C36,64,36,1,Facebook,0.5962121212121212,0.05553224617815009,/autodl-fs/data/recap/tuning_hyperparams/interaction_tuning/k_c_heatmap_results/k_c_paper_v2_auprc_best/checkpoints/k64__C36/recap/trial_1/model.pt
k64__C36,64,36,1,cora,0.8268699504821475,0.41808315939893376,/autodl-fs/data/recap/tuning_hyperparams/interaction_tuning/k_c_heatmap_results/k_c_paper_v2_auprc_best/checkpoints/k64__C36/recap/trial_1/model.pt
k64__C36,64,36,1,citeseer,0.9036575385583885,0.4733509014190048,/autodl-fs/data/recap/tuning_hyperparams/interaction_tuning/k_c_heatmap_results/k_c_paper_v2_auprc_best/checkpoints/k64__C36/recap/trial_1/model.pt
k64__C36,64,36,1,ACM,0.7848669819376567,0.37164083233694506,/autodl-fs/data/recap/tuning_hyperparams/interaction_tuning/k_c_heatmap_results/k_c_paper_v2_auprc_best/checkpoints/k64__C36/recap/trial_1/model.pt
k64__C36,64,36,1,BlogCatalog,0.7273386437908497,0.3297383388849708,/autodl-fs/data/recap/tuning_hyperparams/interaction_tuning/k_c_heatmap_results/k_c_paper_v2_auprc_best/checkpoints/k64__C36/recap/trial_1/model.pt
k64__C36,64,36,1,weibo,0.8095842384940897,0.34327061693555666,/autodl-fs/data/recap/tuning_hyperparams/interaction_tuning/k_c_heatmap_results/k_c_paper_v2_auprc_best/checkpoints/k64__C36/recap/trial_1/model.pt
k64__C36,64,36,1,Reddit,0.5922876093488014,0.0469480730315472,/autodl-fs/data/recap/tuning_hyperparams/interaction_tuning/k_c_heatmap_results/k_c_paper_v2_auprc_best/checkpoints/k64__C36/recap/trial_1/model.pt
k64__C36,64,36,1,Amazon,0.7394976641120803,0.13773465128770868,/autodl-fs/data/recap/tuning_hyperparams/interaction_tuning/k_c_heatmap_results/k_c_paper_v2_auprc_best/checkpoints/k64__C36/recap/trial_1/model.pt
k64__C36,64,36,2,Facebook,0.5878787878787879,0.03604036117108826,/autodl-fs/data/recap/tuning_hyperparams/interaction_tuning/k_c_heatmap_results/k_c_paper_v2_auprc_best/checkpoints/k64__C36/recap/trial_2/model.pt
k64__C36,64,36,2,cora,0.823145686734428,0.40740728089513484,/autodl-fs/data/recap/tuning_hyperparams/interaction_tuning/k_c_heatmap_results/k_c_paper_v2_auprc_best/checkpoints/k64__C36/recap/trial_2/model.pt
k64__C36,64,36,2,citeseer,0.9047571083831707,0.45810334718648094,/autodl-fs/data/recap/tuning_hyperparams/interaction_tuning/k_c_heatmap_results/k_c_paper_v2_auprc_best/checkpoints/k64__C36/recap/trial_2/model.pt
k64__C36,64,36,2,ACM,0.782438714206352,0.3708300074135808,/autodl-fs/data/recap/tuning_hyperparams/interaction_tuning/k_c_heatmap_results/k_c_paper_v2_auprc_best/checkpoints/k64__C36/recap/trial_2/model.pt
k64__C36,64,36,2,BlogCatalog,0.7343504901960785,0.3254189578296595,/autodl-fs/data/recap/tuning_hyperparams/interaction_tuning/k_c_heatmap_results/k_c_paper_v2_auprc_best/checkpoints/k64__C36/recap/trial_2/model.pt
k64__C36,64,36,2,weibo,0.8212527108965967,0.33712678622971143,/autodl-fs/data/recap/tuning_hyperparams/interaction_tuning/k_c_heatmap_results/k_c_paper_v2_auprc_best/checkpoints/k64__C36/recap/trial_2/model.pt
k64__C36,64,36,2,Reddit,0.5910612147430849,0.04623196924592167,/autodl-fs/data/recap/tuning_hyperparams/interaction_tuning/k_c_heatmap_results/k_c_paper_v2_auprc_best/checkpoints/k64__C36/recap/trial_2/model.pt
k64__C36,64,36,2,Amazon,0.7313740247325391,0.13583135700538965,/autodl-fs/data/recap/tuning_hyperparams/interaction_tuning/k_c_heatmap_results/k_c_paper_v2_auprc_best/checkpoints/k64__C36/recap/trial_2/model.pt
k64__C40,64,40,0,Facebook,0.5985606060606061,0.07247437071083158,/autodl-fs/data/recap/tuning_hyperparams/interaction_tuning/k_c_heatmap_results/k_c_paper_v2_auprc_best/checkpoints/k64__C40/recap/trial_0/model.pt
k64__C40,64,40,0,cora,0.8214464425332291,0.41925013826434115,/autodl-fs/data/recap/tuning_hyperparams/interaction_tuning/k_c_heatmap_results/k_c_paper_v2_auprc_best/checkpoints/k64__C40/recap/trial_0/model.pt
k64__C40,64,40,0,citeseer,0.9060161578008603,0.466704728475067,/autodl-fs/data/recap/tuning_hyperparams/interaction_tuning/k_c_heatmap_results/k_c_paper_v2_auprc_best/checkpoints/k64__C40/recap/trial_0/model.pt
k64__C40,64,40,0,ACM,0.7837708295574514,0.3726494237890863,/autodl-fs/data/recap/tuning_hyperparams/interaction_tuning/k_c_heatmap_results/k_c_paper_v2_auprc_best/checkpoints/k64__C40/recap/trial_0/model.pt
k64__C40,64,40,0,BlogCatalog,0.719917619825708,0.3276903100740069,/autodl-fs/data/recap/tuning_hyperparams/interaction_tuning/k_c_heatmap_results/k_c_paper_v2_auprc_best/checkpoints/k64__C40/recap/trial_0/model.pt
k64__C40,64,40,0,weibo,0.7939271483416069,0.34028991407334097,/autodl-fs/data/recap/tuning_hyperparams/interaction_tuning/k_c_heatmap_results/k_c_paper_v2_auprc_best/checkpoints/k64__C40/recap/trial_0/model.pt
k64__C40,64,40,0,Reddit,0.5903281055883041,0.047504585163099286,/autodl-fs/data/recap/tuning_hyperparams/interaction_tuning/k_c_heatmap_results/k_c_paper_v2_auprc_best/checkpoints/k64__C40/recap/trial_0/model.pt
k64__C40,64,40,0,Amazon,0.7147038834165054,0.12630481092030071,/autodl-fs/data/recap/tuning_hyperparams/interaction_tuning/k_c_heatmap_results/k_c_paper_v2_auprc_best/checkpoints/k64__C40/recap/trial_0/model.pt
k64__C40,64,40,1,Facebook,0.6009469696969697,0.05699226229553309,/autodl-fs/data/recap/tuning_hyperparams/interaction_tuning/k_c_heatmap_results/k_c_paper_v2_auprc_best/checkpoints/k64__C40/recap/trial_1/model.pt
k64__C40,64,40,1,cora,0.8276179306750066,0.42928804592025227,/autodl-fs/data/recap/tuning_hyperparams/interaction_tuning/k_c_heatmap_results/k_c_paper_v2_auprc_best/checkpoints/k64__C40/recap/trial_1/model.pt
k64__C40,64,40,1,citeseer,0.9015192529640123,0.4665089620408702,/autodl-fs/data/recap/tuning_hyperparams/interaction_tuning/k_c_heatmap_results/k_c_paper_v2_auprc_best/checkpoints/k64__C40/recap/trial_1/model.pt
k64__C40,64,40,1,ACM,0.7863110689934429,0.37061241997302863,/autodl-fs/data/recap/tuning_hyperparams/interaction_tuning/k_c_heatmap_results/k_c_paper_v2_auprc_best/checkpoints/k64__C40/recap/trial_1/model.pt
k64__C40,64,40,1,BlogCatalog,0.7361917892156862,0.3331658429934023,/autodl-fs/data/recap/tuning_hyperparams/interaction_tuning/k_c_heatmap_results/k_c_paper_v2_auprc_best/checkpoints/k64__C40/recap/trial_1/model.pt
k64__C40,64,40,1,weibo,0.8161066694629076,0.34023883867946303,/autodl-fs/data/recap/tuning_hyperparams/interaction_tuning/k_c_heatmap_results/k_c_paper_v2_auprc_best/checkpoints/k64__C40/recap/trial_1/model.pt
k64__C40,64,40,1,Reddit,0.5926252152494939,0.04683038537717641,/autodl-fs/data/recap/tuning_hyperparams/interaction_tuning/k_c_heatmap_results/k_c_paper_v2_auprc_best/checkpoints/k64__C40/recap/trial_1/model.pt
k64__C40,64,40,1,Amazon,0.7185105548341304,0.12770828375501864,/autodl-fs/data/recap/tuning_hyperparams/interaction_tuning/k_c_heatmap_results/k_c_paper_v2_auprc_best/checkpoints/k64__C40/recap/trial_1/model.pt
k64__C40,64,40,2,Facebook,0.5894318181818182,0.036482427272532314,/autodl-fs/data/recap/tuning_hyperparams/interaction_tuning/k_c_heatmap_results/k_c_paper_v2_auprc_best/checkpoints/k64__C40/recap/trial_2/model.pt
k64__C40,64,40,2,cora,0.8192415949960907,0.3945608015595289,/autodl-fs/data/recap/tuning_hyperparams/interaction_tuning/k_c_heatmap_results/k_c_paper_v2_auprc_best/checkpoints/k64__C40/recap/trial_2/model.pt
k64__C40,64,40,2,citeseer,0.9043867380128003,0.45942032313748615,/autodl-fs/data/recap/tuning_hyperparams/interaction_tuning/k_c_heatmap_results/k_c_paper_v2_auprc_best/checkpoints/k64__C40/recap/trial_2/model.pt
k64__C40,64,40,2,ACM,0.7848735716095427,0.37297000091797694,/autodl-fs/data/recap/tuning_hyperparams/interaction_tuning/k_c_heatmap_results/k_c_paper_v2_auprc_best/checkpoints/k64__C40/recap/trial_2/model.pt
k64__C40,64,40,2,BlogCatalog,0.7363126361655773,0.32493337834484826,/autodl-fs/data/recap/tuning_hyperparams/interaction_tuning/k_c_heatmap_results/k_c_paper_v2_auprc_best/checkpoints/k64__C40/recap/trial_2/model.pt
k64__C40,64,40,2,weibo,0.8243261813150363,0.33965403345267897,/autodl-fs/data/recap/tuning_hyperparams/interaction_tuning/k_c_heatmap_results/k_c_paper_v2_auprc_best/checkpoints/k64__C40/recap/trial_2/model.pt
k64__C40,64,40,2,Reddit,0.5907063682971591,0.04591978608109841,/autodl-fs/data/recap/tuning_hyperparams/interaction_tuning/k_c_heatmap_results/k_c_paper_v2_auprc_best/checkpoints/k64__C40/recap/trial_2/model.pt
k64__C40,64,40,2,Amazon,0.7316969627325309,0.1359142577464742,/autodl-fs/data/recap/tuning_hyperparams/interaction_tuning/k_c_heatmap_results/k_c_paper_v2_auprc_best/checkpoints/k64__C40/recap/trial_2/model.pt
k64__C48,64,48,0,Facebook,0.5971590909090909,0.07063009226084531,/autodl-fs/data/recap/tuning_hyperparams/interaction_tuning/k_c_heatmap_results/k_c_paper_v2_auprc_best/checkpoints/k64__C48/recap/trial_0/model.pt
k64__C48,64,48,0,cora,0.8240891321344801,0.4407062641247646,/autodl-fs/data/recap/tuning_hyperparams/interaction_tuning/k_c_heatmap_results/k_c_paper_v2_auprc_best/checkpoints/k64__C48/recap/trial_0/model.pt
k64__C48,64,48,0,citeseer,0.9028444024761305,0.4537047785367018,/autodl-fs/data/recap/tuning_hyperparams/interaction_tuning/k_c_heatmap_results/k_c_paper_v2_auprc_best/checkpoints/k64__C48/recap/trial_0/model.pt
k64__C48,64,48,0,ACM,0.7705113553753113,0.36678465614624084,/autodl-fs/data/recap/tuning_hyperparams/interaction_tuning/k_c_heatmap_results/k_c_paper_v2_auprc_best/checkpoints/k64__C48/recap/trial_0/model.pt
k64__C48,64,48,0,BlogCatalog,0.7283891612200436,0.33140651447684166,/autodl-fs/data/recap/tuning_hyperparams/interaction_tuning/k_c_heatmap_results/k_c_paper_v2_auprc_best/checkpoints/k64__C48/recap/trial_0/model.pt
k64__C48,64,48,0,weibo,0.8093286636922976,0.34369722515596446,/autodl-fs/data/recap/tuning_hyperparams/interaction_tuning/k_c_heatmap_results/k_c_paper_v2_auprc_best/checkpoints/k64__C48/recap/trial_0/model.pt
k64__C48,64,48,0,Reddit,0.5916714528478807,0.04756233388400511,/autodl-fs/data/recap/tuning_hyperparams/interaction_tuning/k_c_heatmap_results/k_c_paper_v2_auprc_best/checkpoints/k64__C48/recap/trial_0/model.pt
k64__C48,64,48,0,Amazon,0.7215328184796237,0.13072710226219802,/autodl-fs/data/recap/tuning_hyperparams/interaction_tuning/k_c_heatmap_results/k_c_paper_v2_auprc_best/checkpoints/k64__C48/recap/trial_0/model.pt
k64__C48,64,48,1,Facebook,0.5917424242424243,0.05825251027856756,/autodl-fs/data/recap/tuning_hyperparams/interaction_tuning/k_c_heatmap_results/k_c_paper_v2_auprc_best/checkpoints/k64__C48/recap/trial_1/model.pt
k64__C48,64,48,1,cora,0.827977586656242,0.4229624114324595,/autodl-fs/data/recap/tuning_hyperparams/interaction_tuning/k_c_heatmap_results/k_c_paper_v2_auprc_best/checkpoints/k64__C48/recap/trial_1/model.pt
k64__C48,64,48,1,citeseer,0.9010785856678208,0.4666641202357469,/autodl-fs/data/recap/tuning_hyperparams/interaction_tuning/k_c_heatmap_results/k_c_paper_v2_auprc_best/checkpoints/k64__C48/recap/trial_1/model.pt
k64__C48,64,48,1,ACM,0.7870846964728597,0.371655863723401,/autodl-fs/data/recap/tuning_hyperparams/interaction_tuning/k_c_heatmap_results/k_c_paper_v2_auprc_best/checkpoints/k64__C48/recap/trial_1/model.pt
k64__C48,64,48,1,BlogCatalog,0.7379210920479303,0.3365055888637365,/autodl-fs/data/recap/tuning_hyperparams/interaction_tuning/k_c_heatmap_results/k_c_paper_v2_auprc_best/checkpoints/k64__C48/recap/trial_1/model.pt
k64__C48,64,48,1,weibo,0.796785168590713,0.31400220326673844,/autodl-fs/data/recap/tuning_hyperparams/interaction_tuning/k_c_heatmap_results/k_c_paper_v2_auprc_best/checkpoints/k64__C48/recap/trial_1/model.pt
k64__C48,64,48,1,Reddit,0.5945154995074865,0.0468898110784222,/autodl-fs/data/recap/tuning_hyperparams/interaction_tuning/k_c_heatmap_results/k_c_paper_v2_auprc_best/checkpoints/k64__C48/recap/trial_1/model.pt
k64__C48,64,48,1,Amazon,0.7150059281000419,0.1260682209336867,/autodl-fs/data/recap/tuning_hyperparams/interaction_tuning/k_c_heatmap_results/k_c_paper_v2_auprc_best/checkpoints/k64__C48/recap/trial_1/model.pt
k64__C48,64,48,2,Facebook,0.594659090909091,0.03751582198009898,/autodl-fs/data/recap/tuning_hyperparams/interaction_tuning/k_c_heatmap_results/k_c_paper_v2_auprc_best/checkpoints/k64__C48/recap/trial_2/model.pt
k64__C48,64,48,2,cora,0.8185222830336202,0.40446689346000747,/autodl-fs/data/recap/tuning_hyperparams/interaction_tuning/k_c_heatmap_results/k_c_paper_v2_auprc_best/checkpoints/k64__C48/recap/trial_2/model.pt
k64__C48,64,48,2,citeseer,0.9045546112684922,0.45698995145780097,/autodl-fs/data/recap/tuning_hyperparams/interaction_tuning/k_c_heatmap_results/k_c_paper_v2_auprc_best/checkpoints/k64__C48/recap/trial_2/model.pt
k64__C48,64,48,2,ACM,0.7831883025627288,0.3716508505741586,/autodl-fs/data/recap/tuning_hyperparams/interaction_tuning/k_c_heatmap_results/k_c_paper_v2_auprc_best/checkpoints/k64__C48/recap/trial_2/model.pt
k64__C48,64,48,2,BlogCatalog,0.732749183006536,0.32481121608872243,/autodl-fs/data/recap/tuning_hyperparams/interaction_tuning/k_c_heatmap_results/k_c_paper_v2_auprc_best/checkpoints/k64__C48/recap/trial_2/model.pt
k64__C48,64,48,2,weibo,0.8249567876815391,0.34074917842480174,/autodl-fs/data/recap/tuning_hyperparams/interaction_tuning/k_c_heatmap_results/k_c_paper_v2_auprc_best/checkpoints/k64__C48/recap/trial_2/model.pt
k64__C48,64,48,2,Reddit,0.5903251463902416,0.045753593689792524,/autodl-fs/data/recap/tuning_hyperparams/interaction_tuning/k_c_heatmap_results/k_c_paper_v2_auprc_best/checkpoints/k64__C48/recap/trial_2/model.pt
k64__C48,64,48,2,Amazon,0.727333968914076,0.1355890362415641,/autodl-fs/data/recap/tuning_hyperparams/interaction_tuning/k_c_heatmap_results/k_c_paper_v2_auprc_best/checkpoints/k64__C48/recap/trial_2/model.pt
k80__C16,80,16,0,Facebook,0.6101515151515152,0.04394102507946849,/autodl-fs/data/recap/tuning_hyperparams/interaction_tuning/k_c_heatmap_results/k_c_paper_v2_auprc_best/checkpoints/k80__C16/recap/trial_0/model.pt
k80__C16,80,16,0,cora,0.8191086786551993,0.4007320652385539,/autodl-fs/data/recap/tuning_hyperparams/interaction_tuning/k_c_heatmap_results/k_c_paper_v2_auprc_best/checkpoints/k80__C16/recap/trial_0/model.pt
k80__C16,80,16,0,citeseer,0.9051222327143007,0.4545357281588047,/autodl-fs/data/recap/tuning_hyperparams/interaction_tuning/k_c_heatmap_results/k_c_paper_v2_auprc_best/checkpoints/k80__C16/recap/trial_0/model.pt
k80__C16,80,16,0,ACM,0.7860421049457438,0.37128113190700496,/autodl-fs/data/recap/tuning_hyperparams/interaction_tuning/k_c_heatmap_results/k_c_paper_v2_auprc_best/checkpoints/k80__C16/recap/trial_0/model.pt
k80__C16,80,16,0,BlogCatalog,0.7306876361655773,0.322882174813496,/autodl-fs/data/recap/tuning_hyperparams/interaction_tuning/k_c_heatmap_results/k_c_paper_v2_auprc_best/checkpoints/k80__C16/recap/trial_0/model.pt
k80__C16,80,16,0,weibo,0.8206749926170677,0.35551874231390673,/autodl-fs/data/recap/tuning_hyperparams/interaction_tuning/k_c_heatmap_results/k_c_paper_v2_auprc_best/checkpoints/k80__C16/recap/trial_0/model.pt
k80__C16,80,16,0,Reddit,0.5929852081268328,0.04892236816291774,/autodl-fs/data/recap/tuning_hyperparams/interaction_tuning/k_c_heatmap_results/k_c_paper_v2_auprc_best/checkpoints/k80__C16/recap/trial_0/model.pt
k80__C16,80,16,0,Amazon,0.7375953882091748,0.1359159705679983,/autodl-fs/data/recap/tuning_hyperparams/interaction_tuning/k_c_heatmap_results/k_c_paper_v2_auprc_best/checkpoints/k80__C16/recap/trial_0/model.pt
k80__C16,80,16,1,Facebook,0.5888636363636364,0.04970579043766153,/autodl-fs/data/recap/tuning_hyperparams/interaction_tuning/k_c_heatmap_results/k_c_paper_v2_auprc_best/checkpoints/k80__C16/recap/trial_1/model.pt
k80__C16,80,16,1,cora,0.8300521240552516,0.425046603602524,/autodl-fs/data/recap/tuning_hyperparams/interaction_tuning/k_c_heatmap_results/k_c_paper_v2_auprc_best/checkpoints/k80__C16/recap/trial_1/model.pt
k80__C16,80,16,1,citeseer,0.9019001154128632,0.4715168543146721,/autodl-fs/data/recap/tuning_hyperparams/interaction_tuning/k_c_heatmap_results/k_c_paper_v2_auprc_best/checkpoints/k80__C16/recap/trial_1/model.pt
k80__C16,80,16,1,ACM,0.7889299100356907,0.3720150568198998,/autodl-fs/data/recap/tuning_hyperparams/interaction_tuning/k_c_heatmap_results/k_c_paper_v2_auprc_best/checkpoints/k80__C16/recap/trial_1/model.pt
k80__C16,80,16,1,BlogCatalog,0.724614651416122,0.3368139711929604,/autodl-fs/data/recap/tuning_hyperparams/interaction_tuning/k_c_heatmap_results/k_c_paper_v2_auprc_best/checkpoints/k80__C16/recap/trial_1/model.pt
k80__C16,80,16,1,weibo,0.7727818491754044,0.30662640899230015,/autodl-fs/data/recap/tuning_hyperparams/interaction_tuning/k_c_heatmap_results/k_c_paper_v2_auprc_best/checkpoints/k80__C16/recap/trial_1/model.pt
k80__C16,80,16,1,Reddit,0.5933964079967309,0.04673207813560836,/autodl-fs/data/recap/tuning_hyperparams/interaction_tuning/k_c_heatmap_results/k_c_paper_v2_auprc_best/checkpoints/k80__C16/recap/trial_1/model.pt
k80__C16,80,16,1,Amazon,0.7418093278968317,0.13393079851897588,/autodl-fs/data/recap/tuning_hyperparams/interaction_tuning/k_c_heatmap_results/k_c_paper_v2_auprc_best/checkpoints/k80__C16/recap/trial_1/model.pt
k80__C16,80,16,2,Facebook,0.5895075757575757,0.03846225059927198,/autodl-fs/data/recap/tuning_hyperparams/interaction_tuning/k_c_heatmap_results/k_c_paper_v2_auprc_best/checkpoints/k80__C16/recap/trial_2/model.pt
k80__C16,80,16,2,cora,0.8184623403700807,0.42082099513821114,/autodl-fs/data/recap/tuning_hyperparams/interaction_tuning/k_c_heatmap_results/k_c_paper_v2_auprc_best/checkpoints/k80__C16/recap/trial_2/model.pt
k80__C16,80,16,2,citeseer,0.9053467631937887,0.46707918309110963,/autodl-fs/data/recap/tuning_hyperparams/interaction_tuning/k_c_heatmap_results/k_c_paper_v2_auprc_best/checkpoints/k80__C16/recap/trial_2/model.pt
k80__C16,80,16,2,ACM,0.7869142611992002,0.3726226012414795,/autodl-fs/data/recap/tuning_hyperparams/interaction_tuning/k_c_heatmap_results/k_c_paper_v2_auprc_best/checkpoints/k80__C16/recap/trial_2/model.pt
k80__C16,80,16,2,BlogCatalog,0.7360021786492374,0.33094662283113235,/autodl-fs/data/recap/tuning_hyperparams/interaction_tuning/k_c_heatmap_results/k_c_paper_v2_auprc_best/checkpoints/k80__C16/recap/trial_2/model.pt
k80__C16,80,16,2,weibo,0.8179347477177109,0.34400254109325906,/autodl-fs/data/recap/tuning_hyperparams/interaction_tuning/k_c_heatmap_results/k_c_paper_v2_auprc_best/checkpoints/k80__C16/recap/trial_2/model.pt
k80__C16,80,16,2,Reddit,0.5885977466864701,0.04537325351973907,/autodl-fs/data/recap/tuning_hyperparams/interaction_tuning/k_c_heatmap_results/k_c_paper_v2_auprc_best/checkpoints/k80__C16/recap/trial_2/model.pt
k80__C16,80,16,2,Amazon,0.7358390627197678,0.13514672181374304,/autodl-fs/data/recap/tuning_hyperparams/interaction_tuning/k_c_heatmap_results/k_c_paper_v2_auprc_best/checkpoints/k80__C16/recap/trial_2/model.pt
k80__C20,80,20,0,Facebook,0.6138636363636363,0.055276177058309554,/autodl-fs/data/recap/tuning_hyperparams/interaction_tuning/k_c_heatmap_results/k_c_paper_v2_auprc_best/checkpoints/k80__C20/recap/trial_0/model.pt
k80__C20,80,20,0,cora,0.8268230388324213,0.4209110755832354,/autodl-fs/data/recap/tuning_hyperparams/interaction_tuning/k_c_heatmap_results/k_c_paper_v2_auprc_best/checkpoints/k80__C20/recap/trial_0/model.pt
k80__C20,80,20,0,citeseer,0.9063204280768019,0.45430815576146755,/autodl-fs/data/recap/tuning_hyperparams/interaction_tuning/k_c_heatmap_results/k_c_paper_v2_auprc_best/checkpoints/k80__C20/recap/trial_0/model.pt
k80__C20,80,20,0,ACM,0.7899880004710824,0.3732433744537048,/autodl-fs/data/recap/tuning_hyperparams/interaction_tuning/k_c_heatmap_results/k_c_paper_v2_auprc_best/checkpoints/k80__C20/recap/trial_0/model.pt
k80__C20,80,20,0,BlogCatalog,0.7279949618736383,0.3227935196939868,/autodl-fs/data/recap/tuning_hyperparams/interaction_tuning/k_c_heatmap_results/k_c_paper_v2_auprc_best/checkpoints/k80__C20/recap/trial_0/model.pt
k80__C20,80,20,0,weibo,0.8207321606648369,0.3515593574330147,/autodl-fs/data/recap/tuning_hyperparams/interaction_tuning/k_c_heatmap_results/k_c_paper_v2_auprc_best/checkpoints/k80__C20/recap/trial_0/model.pt
k80__C20,80,20,0,Reddit,0.5931974984226187,0.047613556426537924,/autodl-fs/data/recap/tuning_hyperparams/interaction_tuning/k_c_heatmap_results/k_c_paper_v2_auprc_best/checkpoints/k80__C20/recap/trial_0/model.pt
k80__C20,80,20,0,Amazon,0.7380331637492481,0.13706929614054839,/autodl-fs/data/recap/tuning_hyperparams/interaction_tuning/k_c_heatmap_results/k_c_paper_v2_auprc_best/checkpoints/k80__C20/recap/trial_0/model.pt
k80__C20,80,20,1,Facebook,0.5852651515151516,0.049821731058963946,/autodl-fs/data/recap/tuning_hyperparams/interaction_tuning/k_c_heatmap_results/k_c_paper_v2_auprc_best/checkpoints/k80__C20/recap/trial_1/model.pt
k80__C20,80,20,1,cora,0.8248735991660151,0.41305962644865657,/autodl-fs/data/recap/tuning_hyperparams/interaction_tuning/k_c_heatmap_results/k_c_paper_v2_auprc_best/checkpoints/k80__C20/recap/trial_1/model.pt
k80__C20,80,20,1,citeseer,0.8990022033364812,0.4663154643826177,/autodl-fs/data/recap/tuning_hyperparams/interaction_tuning/k_c_heatmap_results/k_c_paper_v2_auprc_best/checkpoints/k80__C20/recap/trial_1/model.pt
k80__C20,80,20,1,ACM,0.7786450664602675,0.3749642872312211,/autodl-fs/data/recap/tuning_hyperparams/interaction_tuning/k_c_heatmap_results/k_c_paper_v2_auprc_best/checkpoints/k80__C20/recap/trial_1/model.pt
k80__C20,80,20,1,BlogCatalog,0.7296912445533769,0.3363177080446095,/autodl-fs/data/recap/tuning_hyperparams/interaction_tuning/k_c_heatmap_results/k_c_paper_v2_auprc_best/checkpoints/k80__C20/recap/trial_1/model.pt
k80__C20,80,20,1,weibo,0.784382606483896,0.3087125990203601,/autodl-fs/data/recap/tuning_hyperparams/interaction_tuning/k_c_heatmap_results/k_c_paper_v2_auprc_best/checkpoints/k80__C20/recap/trial_1/model.pt
k80__C20,80,20,1,Reddit,0.5945021187858127,0.04700282785068151,/autodl-fs/data/recap/tuning_hyperparams/interaction_tuning/k_c_heatmap_results/k_c_paper_v2_auprc_best/checkpoints/k80__C20/recap/trial_1/model.pt
k80__C20,80,20,1,Amazon,0.7142250025473192,0.12165069384762803,/autodl-fs/data/recap/tuning_hyperparams/interaction_tuning/k_c_heatmap_results/k_c_paper_v2_auprc_best/checkpoints/k80__C20/recap/trial_1/model.pt
k80__C20,80,20,2,Facebook,0.5849621212121212,0.038452798467897994,/autodl-fs/data/recap/tuning_hyperparams/interaction_tuning/k_c_heatmap_results/k_c_paper_v2_auprc_best/checkpoints/k80__C20/recap/trial_2/model.pt
k80__C20,80,20,2,cora,0.8215480844409697,0.40265063579015387,/autodl-fs/data/recap/tuning_hyperparams/interaction_tuning/k_c_heatmap_results/k_c_paper_v2_auprc_best/checkpoints/k80__C20/recap/trial_2/model.pt
k80__C20,80,20,2,citeseer,0.9011520302171862,0.4507933131901503,/autodl-fs/data/recap/tuning_hyperparams/interaction_tuning/k_c_heatmap_results/k_c_paper_v2_auprc_best/checkpoints/k80__C20/recap/trial_2/model.pt
k80__C20,80,20,2,ACM,0.7791608005407538,0.37888748827382607,/autodl-fs/data/recap/tuning_hyperparams/interaction_tuning/k_c_heatmap_results/k_c_paper_v2_auprc_best/checkpoints/k80__C20/recap/trial_2/model.pt
k80__C20,80,20,2,BlogCatalog,0.7322201797385621,0.33169656322646235,/autodl-fs/data/recap/tuning_hyperparams/interaction_tuning/k_c_heatmap_results/k_c_paper_v2_auprc_best/checkpoints/k80__C20/recap/trial_2/model.pt
k80__C20,80,20,2,weibo,0.8198830470141465,0.3553344246720215,/autodl-fs/data/recap/tuning_hyperparams/interaction_tuning/k_c_heatmap_results/k_c_paper_v2_auprc_best/checkpoints/k80__C20/recap/trial_2/model.pt
k80__C20,80,20,2,Reddit,0.5913213668510119,0.046712529713316825,/autodl-fs/data/recap/tuning_hyperparams/interaction_tuning/k_c_heatmap_results/k_c_paper_v2_auprc_best/checkpoints/k80__C20/recap/trial_2/model.pt
k80__C20,80,20,2,Amazon,0.7119129602604579,0.12703899515428152,/autodl-fs/data/recap/tuning_hyperparams/interaction_tuning/k_c_heatmap_results/k_c_paper_v2_auprc_best/checkpoints/k80__C20/recap/trial_2/model.pt
k80__C24,80,24,0,Facebook,0.5970454545454545,0.07281993270522198,/autodl-fs/data/recap/tuning_hyperparams/interaction_tuning/k_c_heatmap_results/k_c_paper_v2_auprc_best/checkpoints/k80__C24/recap/trial_0/model.pt
k80__C24,80,24,0,cora,0.8216601511597602,0.42698031630364913,/autodl-fs/data/recap/tuning_hyperparams/interaction_tuning/k_c_heatmap_results/k_c_paper_v2_auprc_best/checkpoints/k80__C24/recap/trial_0/model.pt
k80__C24,80,24,0,citeseer,0.9052670233973351,0.47156762529227014,/autodl-fs/data/recap/tuning_hyperparams/interaction_tuning/k_c_heatmap_results/k_c_paper_v2_auprc_best/checkpoints/k80__C24/recap/trial_0/model.pt
k80__C24,80,24,0,ACM,0.7836664491547771,0.37368732112984043,/autodl-fs/data/recap/tuning_hyperparams/interaction_tuning/k_c_heatmap_results/k_c_paper_v2_auprc_best/checkpoints/k80__C24/recap/trial_0/model.pt
k80__C24,80,24,0,BlogCatalog,0.7194795070806103,0.3303662330107816,/autodl-fs/data/recap/tuning_hyperparams/interaction_tuning/k_c_heatmap_results/k_c_paper_v2_auprc_best/checkpoints/k80__C24/recap/trial_0/model.pt
k80__C24,80,24,0,weibo,0.8023851915802166,0.34614146156905357,/autodl-fs/data/recap/tuning_hyperparams/interaction_tuning/k_c_heatmap_results/k_c_paper_v2_auprc_best/checkpoints/k80__C24/recap/trial_0/model.pt
k80__C24,80,24,0,Reddit,0.5924610440874194,0.04774037540761777,/autodl-fs/data/recap/tuning_hyperparams/interaction_tuning/k_c_heatmap_results/k_c_paper_v2_auprc_best/checkpoints/k80__C24/recap/trial_0/model.pt
k80__C24,80,24,0,Amazon,0.7111361982309418,0.12794901108476092,/autodl-fs/data/recap/tuning_hyperparams/interaction_tuning/k_c_heatmap_results/k_c_paper_v2_auprc_best/checkpoints/k80__C24/recap/trial_0/model.pt
k80__C24,80,24,1,Facebook,0.5918181818181819,0.050653780475106915,/autodl-fs/data/recap/tuning_hyperparams/interaction_tuning/k_c_heatmap_results/k_c_paper_v2_auprc_best/checkpoints/k80__C24/recap/trial_1/model.pt
k80__C24,80,24,1,cora,0.8282746937711755,0.4321463368981335,/autodl-fs/data/recap/tuning_hyperparams/interaction_tuning/k_c_heatmap_results/k_c_paper_v2_auprc_best/checkpoints/k80__C24/recap/trial_1/model.pt
k80__C24,80,24,1,citeseer,0.9011583254642744,0.4701082688957371,/autodl-fs/data/recap/tuning_hyperparams/interaction_tuning/k_c_heatmap_results/k_c_paper_v2_auprc_best/checkpoints/k80__C24/recap/trial_1/model.pt
k80__C24,80,24,1,ACM,0.7873044224922265,0.3739744143387239,/autodl-fs/data/recap/tuning_hyperparams/interaction_tuning/k_c_heatmap_results/k_c_paper_v2_auprc_best/checkpoints/k80__C24/recap/trial_1/model.pt
k80__C24,80,24,1,BlogCatalog,0.7285157952069716,0.33726723824463034,/autodl-fs/data/recap/tuning_hyperparams/interaction_tuning/k_c_heatmap_results/k_c_paper_v2_auprc_best/checkpoints/k80__C24/recap/trial_1/model.pt
k80__C24,80,24,1,weibo,0.7794195333742171,0.3092508096350548,/autodl-fs/data/recap/tuning_hyperparams/interaction_tuning/k_c_heatmap_results/k_c_paper_v2_auprc_best/checkpoints/k80__C24/recap/trial_1/model.pt
k80__C24,80,24,1,Reddit,0.5911640147105596,0.04612012810190869,/autodl-fs/data/recap/tuning_hyperparams/interaction_tuning/k_c_heatmap_results/k_c_paper_v2_auprc_best/checkpoints/k80__C24/recap/trial_1/model.pt
k80__C24,80,24,1,Amazon,0.7252260906651842,0.12778746820764492,/autodl-fs/data/recap/tuning_hyperparams/interaction_tuning/k_c_heatmap_results/k_c_paper_v2_auprc_best/checkpoints/k80__C24/recap/trial_1/model.pt
k80__C24,80,24,2,Facebook,0.5900378787878787,0.035769325928531166,/autodl-fs/data/recap/tuning_hyperparams/interaction_tuning/k_c_heatmap_results/k_c_paper_v2_auprc_best/checkpoints/k80__C24/recap/trial_2/model.pt
k80__C24,80,24,2,cora,0.8185301016419076,0.40637334278423926,/autodl-fs/data/recap/tuning_hyperparams/interaction_tuning/k_c_heatmap_results/k_c_paper_v2_auprc_best/checkpoints/k80__C24/recap/trial_2/model.pt
k80__C24,80,24,2,citeseer,0.9013387892141433,0.45119165357755414,/autodl-fs/data/recap/tuning_hyperparams/interaction_tuning/k_c_heatmap_results/k_c_paper_v2_auprc_best/checkpoints/k80__C24/recap/trial_2/model.pt
k80__C24,80,24,2,ACM,0.7802494143363216,0.374691340692133,/autodl-fs/data/recap/tuning_hyperparams/interaction_tuning/k_c_heatmap_results/k_c_paper_v2_auprc_best/checkpoints/k80__C24/recap/trial_2/model.pt
k80__C24,80,24,2,BlogCatalog,0.7231634667755991,0.32500538517957267,/autodl-fs/data/recap/tuning_hyperparams/interaction_tuning/k_c_heatmap_results/k_c_paper_v2_auprc_best/checkpoints/k80__C24/recap/trial_2/model.pt
k80__C24,80,24,2,weibo,0.8058368271060923,0.3492382644522779,/autodl-fs/data/recap/tuning_hyperparams/interaction_tuning/k_c_heatmap_results/k_c_paper_v2_auprc_best/checkpoints/k80__C24/recap/trial_2/model.pt
k80__C24,80,24,2,Reddit,0.588670568690964,0.04545576933754476,/autodl-fs/data/recap/tuning_hyperparams/interaction_tuning/k_c_heatmap_results/k_c_paper_v2_auprc_best/checkpoints/k80__C24/recap/trial_2/model.pt
k80__C24,80,24,2,Amazon,0.7019521473408789,0.12522531200980236,/autodl-fs/data/recap/tuning_hyperparams/interaction_tuning/k_c_heatmap_results/k_c_paper_v2_auprc_best/checkpoints/k80__C24/recap/trial_2/model.pt
k80__C28,80,28,0,Facebook,0.6030681818181818,0.07231011474625693,/autodl-fs/data/recap/tuning_hyperparams/interaction_tuning/k_c_heatmap_results/k_c_paper_v2_auprc_best/checkpoints/k80__C28/recap/trial_0/model.pt
k80__C28,80,28,0,cora,0.8274824081313527,0.43784036561195494,/autodl-fs/data/recap/tuning_hyperparams/interaction_tuning/k_c_heatmap_results/k_c_paper_v2_auprc_best/checkpoints/k80__C28/recap/trial_0/model.pt
k80__C28,80,28,0,citeseer,0.9050173119294933,0.4560823479506309,/autodl-fs/data/recap/tuning_hyperparams/interaction_tuning/k_c_heatmap_results/k_c_paper_v2_auprc_best/checkpoints/k80__C28/recap/trial_0/model.pt
k80__C28,80,28,0,ACM,0.793530766229123,0.37244876740334537,/autodl-fs/data/recap/tuning_hyperparams/interaction_tuning/k_c_heatmap_results/k_c_paper_v2_auprc_best/checkpoints/k80__C28/recap/trial_0/model.pt
k80__C28,80,28,0,BlogCatalog,0.711675517429194,0.3245362957181472,/autodl-fs/data/recap/tuning_hyperparams/interaction_tuning/k_c_heatmap_results/k_c_paper_v2_auprc_best/checkpoints/k80__C28/recap/trial_0/model.pt
k80__C28,80,28,0,weibo,0.8092487965667378,0.3313729358839381,/autodl-fs/data/recap/tuning_hyperparams/interaction_tuning/k_c_heatmap_results/k_c_paper_v2_auprc_best/checkpoints/k80__C28/recap/trial_0/model.pt
k80__C28,80,28,0,Reddit,0.5920876704884067,0.04768817744703743,/autodl-fs/data/recap/tuning_hyperparams/interaction_tuning/k_c_heatmap_results/k_c_paper_v2_auprc_best/checkpoints/k80__C28/recap/trial_0/model.pt
k80__C28,80,28,0,Amazon,0.7367761582429508,0.1378952537434221,/autodl-fs/data/recap/tuning_hyperparams/interaction_tuning/k_c_heatmap_results/k_c_paper_v2_auprc_best/checkpoints/k80__C28/recap/trial_0/model.pt
k80__C28,80,28,1,Facebook,0.5914772727272727,0.05730679858685407,/autodl-fs/data/recap/tuning_hyperparams/interaction_tuning/k_c_heatmap_results/k_c_paper_v2_auprc_best/checkpoints/k80__C28/recap/trial_1/model.pt
k80__C28,80,28,1,cora,0.8283346364347146,0.430317484576335,/autodl-fs/data/recap/tuning_hyperparams/interaction_tuning/k_c_heatmap_results/k_c_paper_v2_auprc_best/checkpoints/k80__C28/recap/trial_1/model.pt
k80__C28,80,28,1,citeseer,0.900577064316441,0.4697678299868412,/autodl-fs/data/recap/tuning_hyperparams/interaction_tuning/k_c_heatmap_results/k_c_paper_v2_auprc_best/checkpoints/k80__C28/recap/trial_1/model.pt
k80__C28,80,28,1,ACM,0.7875170316659565,0.37126167804043897,/autodl-fs/data/recap/tuning_hyperparams/interaction_tuning/k_c_heatmap_results/k_c_paper_v2_auprc_best/checkpoints/k80__C28/recap/trial_1/model.pt
k80__C28,80,28,1,BlogCatalog,0.7278039896514162,0.3369423866001725,/autodl-fs/data/recap/tuning_hyperparams/interaction_tuning/k_c_heatmap_results/k_c_paper_v2_auprc_best/checkpoints/k80__C28/recap/trial_1/model.pt
k80__C28,80,28,1,weibo,0.783820020922894,0.3134221958994241,/autodl-fs/data/recap/tuning_hyperparams/interaction_tuning/k_c_heatmap_results/k_c_paper_v2_auprc_best/checkpoints/k80__C28/recap/trial_1/model.pt
k80__C28,80,28,1,Reddit,0.5905402672233047,0.045954513577553674,/autodl-fs/data/recap/tuning_hyperparams/interaction_tuning/k_c_heatmap_results/k_c_paper_v2_auprc_best/checkpoints/k80__C28/recap/trial_1/model.pt
k80__C28,80,28,1,Amazon,0.725365379441552,0.12833317435020195,/autodl-fs/data/recap/tuning_hyperparams/interaction_tuning/k_c_heatmap_results/k_c_paper_v2_auprc_best/checkpoints/k80__C28/recap/trial_1/model.pt
k80__C28,80,28,2,Facebook,0.5893560606060607,0.0383215234498975,/autodl-fs/data/recap/tuning_hyperparams/interaction_tuning/k_c_heatmap_results/k_c_paper_v2_auprc_best/checkpoints/k80__C28/recap/trial_2/model.pt
k80__C28,80,28,2,cora,0.8211415168100079,0.41203493323646606,/autodl-fs/data/recap/tuning_hyperparams/interaction_tuning/k_c_heatmap_results/k_c_paper_v2_auprc_best/checkpoints/k80__C28/recap/trial_2/model.pt
k80__C28,80,28,2,citeseer,0.90362396390725,0.45490579993617203,/autodl-fs/data/recap/tuning_hyperparams/interaction_tuning/k_c_heatmap_results/k_c_paper_v2_auprc_best/checkpoints/k80__C28/recap/trial_2/model.pt
k80__C28,80,28,2,ACM,0.7867294340821416,0.3734766728807755,/autodl-fs/data/recap/tuning_hyperparams/interaction_tuning/k_c_heatmap_results/k_c_paper_v2_auprc_best/checkpoints/k80__C28/recap/trial_2/model.pt
k80__C28,80,28,2,BlogCatalog,0.731079452614379,0.33870923703374317,/autodl-fs/data/recap/tuning_hyperparams/interaction_tuning/k_c_heatmap_results/k_c_paper_v2_auprc_best/checkpoints/k80__C28/recap/trial_2/model.pt
k80__C28,80,28,2,weibo,0.7555310086216752,0.3025404273087281,/autodl-fs/data/recap/tuning_hyperparams/interaction_tuning/k_c_heatmap_results/k_c_paper_v2_auprc_best/checkpoints/k80__C28/recap/trial_2/model.pt
k80__C28,80,28,2,Reddit,0.5870810933490608,0.045507771980674905,/autodl-fs/data/recap/tuning_hyperparams/interaction_tuning/k_c_heatmap_results/k_c_paper_v2_auprc_best/checkpoints/k80__C28/recap/trial_2/model.pt
k80__C28,80,28,2,Amazon,0.7345046156818269,0.1327231830860185,/autodl-fs/data/recap/tuning_hyperparams/interaction_tuning/k_c_heatmap_results/k_c_paper_v2_auprc_best/checkpoints/k80__C28/recap/trial_2/model.pt
k80__C32,80,32,0,Facebook,0.5984469696969698,0.07179141473344562,/autodl-fs/data/recap/tuning_hyperparams/interaction_tuning/k_c_heatmap_results/k_c_paper_v2_auprc_best/checkpoints/k80__C32/recap/trial_0/model.pt
k80__C32,80,32,0,cora,0.8204508730779254,0.4274449887581086,/autodl-fs/data/recap/tuning_hyperparams/interaction_tuning/k_c_heatmap_results/k_c_paper_v2_auprc_best/checkpoints/k80__C32/recap/trial_0/model.pt
k80__C32,80,32,0,citeseer,0.9040331549679992,0.46531440942362334,/autodl-fs/data/recap/tuning_hyperparams/interaction_tuning/k_c_heatmap_results/k_c_paper_v2_auprc_best/checkpoints/k80__C32/recap/trial_0/model.pt
k80__C32,80,32,0,ACM,0.7821052768089203,0.3716440955031085,/autodl-fs/data/recap/tuning_hyperparams/interaction_tuning/k_c_heatmap_results/k_c_paper_v2_auprc_best/checkpoints/k80__C32/recap/trial_0/model.pt
k80__C32,80,32,0,BlogCatalog,0.7186536628540305,0.32550201809273505,/autodl-fs/data/recap/tuning_hyperparams/interaction_tuning/k_c_heatmap_results/k_c_paper_v2_auprc_best/checkpoints/k80__C32/recap/trial_0/model.pt
k80__C32,80,32,0,weibo,0.8096537114291462,0.34861089383352006,/autodl-fs/data/recap/tuning_hyperparams/interaction_tuning/k_c_heatmap_results/k_c_paper_v2_auprc_best/checkpoints/k80__C32/recap/trial_0/model.pt
k80__C32,80,32,0,Reddit,0.588892379884864,0.047314781859318214,/autodl-fs/data/recap/tuning_hyperparams/interaction_tuning/k_c_heatmap_results/k_c_paper_v2_auprc_best/checkpoints/k80__C32/recap/trial_0/model.pt
k80__C32,80,32,0,Amazon,0.6969812034338317,0.12202598732390729,/autodl-fs/data/recap/tuning_hyperparams/interaction_tuning/k_c_heatmap_results/k_c_paper_v2_auprc_best/checkpoints/k80__C32/recap/trial_0/model.pt
k80__C32,80,32,1,Facebook,0.5921590909090909,0.047683730723631065,/autodl-fs/data/recap/tuning_hyperparams/interaction_tuning/k_c_heatmap_results/k_c_paper_v2_auprc_best/checkpoints/k80__C32/recap/trial_1/model.pt
k80__C32,80,32,1,cora,0.8251237946312223,0.4253801082334315,/autodl-fs/data/recap/tuning_hyperparams/interaction_tuning/k_c_heatmap_results/k_c_paper_v2_auprc_best/checkpoints/k80__C32/recap/trial_1/model.pt
k80__C32,80,32,1,citeseer,0.9033658587766238,0.46975298360105533,/autodl-fs/data/recap/tuning_hyperparams/interaction_tuning/k_c_heatmap_results/k_c_paper_v2_auprc_best/checkpoints/k80__C32/recap/trial_1/model.pt
k80__C32,80,32,1,ACM,0.7857950186087062,0.3726606672172606,/autodl-fs/data/recap/tuning_hyperparams/interaction_tuning/k_c_heatmap_results/k_c_paper_v2_auprc_best/checkpoints/k80__C32/recap/trial_1/model.pt
k80__C32,80,32,1,BlogCatalog,0.7266193491285403,0.3299799760105833,/autodl-fs/data/recap/tuning_hyperparams/interaction_tuning/k_c_heatmap_results/k_c_paper_v2_auprc_best/checkpoints/k80__C32/recap/trial_1/model.pt
k80__C32,80,32,1,weibo,0.8124193303817908,0.34879214453347174,/autodl-fs/data/recap/tuning_hyperparams/interaction_tuning/k_c_heatmap_results/k_c_paper_v2_auprc_best/checkpoints/k80__C32/recap/trial_1/model.pt
k80__C32,80,32,1,Reddit,0.5934925176033686,0.047394613138313085,/autodl-fs/data/recap/tuning_hyperparams/interaction_tuning/k_c_heatmap_results/k_c_paper_v2_auprc_best/checkpoints/k80__C32/recap/trial_1/model.pt
k80__C32,80,32,1,Amazon,0.7491660463017088,0.14063186772677255,/autodl-fs/data/recap/tuning_hyperparams/interaction_tuning/k_c_heatmap_results/k_c_paper_v2_auprc_best/checkpoints/k80__C32/recap/trial_1/model.pt
k80__C32,80,32,2,Facebook,0.5901515151515152,0.03819518602344619,/autodl-fs/data/recap/tuning_hyperparams/interaction_tuning/k_c_heatmap_results/k_c_paper_v2_auprc_best/checkpoints/k80__C32/recap/trial_2/model.pt
k80__C32,80,32,2,cora,0.8250742767787335,0.4186566078607558,/autodl-fs/data/recap/tuning_hyperparams/interaction_tuning/k_c_heatmap_results/k_c_paper_v2_auprc_best/checkpoints/k80__C32/recap/trial_2/model.pt
k80__C32,80,32,2,citeseer,0.9053089917112579,0.4594409115179582,/autodl-fs/data/recap/tuning_hyperparams/interaction_tuning/k_c_heatmap_results/k_c_paper_v2_auprc_best/checkpoints/k80__C32/recap/trial_2/model.pt
k80__C32,80,32,2,ACM,0.7902451558267619,0.3734820798850066,/autodl-fs/data/recap/tuning_hyperparams/interaction_tuning/k_c_heatmap_results/k_c_paper_v2_auprc_best/checkpoints/k80__C32/recap/trial_2/model.pt
k80__C32,80,32,2,BlogCatalog,0.7338786764705882,0.3372775361403299,/autodl-fs/data/recap/tuning_hyperparams/interaction_tuning/k_c_heatmap_results/k_c_paper_v2_auprc_best/checkpoints/k80__C32/recap/trial_2/model.pt
k80__C32,80,32,2,weibo,0.7633419370735707,0.2996981124876937,/autodl-fs/data/recap/tuning_hyperparams/interaction_tuning/k_c_heatmap_results/k_c_paper_v2_auprc_best/checkpoints/k80__C32/recap/trial_2/model.pt
k80__C32,80,32,2,Reddit,0.5870966613040852,0.04538178735849345,/autodl-fs/data/recap/tuning_hyperparams/interaction_tuning/k_c_heatmap_results/k_c_paper_v2_auprc_best/checkpoints/k80__C32/recap/trial_2/model.pt
k80__C32,80,32,2,Amazon,0.7385746488673778,0.13378170073919768,/autodl-fs/data/recap/tuning_hyperparams/interaction_tuning/k_c_heatmap_results/k_c_paper_v2_auprc_best/checkpoints/k80__C32/recap/trial_2/model.pt
k80__C36,80,36,0,Facebook,0.5970833333333334,0.07181376396646058,/autodl-fs/data/recap/tuning_hyperparams/interaction_tuning/k_c_heatmap_results/k_c_paper_v2_auprc_best/checkpoints/k80__C36/recap/trial_0/model.pt
k80__C36,80,36,0,cora,0.8227234818868907,0.4280608594624979,/autodl-fs/data/recap/tuning_hyperparams/interaction_tuning/k_c_heatmap_results/k_c_paper_v2_auprc_best/checkpoints/k80__C36/recap/trial_0/model.pt
k80__C36,80,36,0,citeseer,0.9049648515370895,0.46364075709058106,/autodl-fs/data/recap/tuning_hyperparams/interaction_tuning/k_c_heatmap_results/k_c_paper_v2_auprc_best/checkpoints/k80__C36/recap/trial_0/model.pt
k80__C36,80,36,0,ACM,0.7828937178707367,0.3730045254278294,/autodl-fs/data/recap/tuning_hyperparams/interaction_tuning/k_c_heatmap_results/k_c_paper_v2_auprc_best/checkpoints/k80__C36/recap/trial_0/model.pt
k80__C36,80,36,0,BlogCatalog,0.7201130174291938,0.328925883188228,/autodl-fs/data/recap/tuning_hyperparams/interaction_tuning/k_c_heatmap_results/k_c_paper_v2_auprc_best/checkpoints/k80__C36/recap/trial_0/model.pt
k80__C36,80,36,0,weibo,0.8108174786261815,0.35030187819822856,/autodl-fs/data/recap/tuning_hyperparams/interaction_tuning/k_c_heatmap_results/k_c_paper_v2_auprc_best/checkpoints/k80__C36/recap/trial_0/model.pt
k80__C36,80,36,0,Reddit,0.5922963582822035,0.0478522879259686,/autodl-fs/data/recap/tuning_hyperparams/interaction_tuning/k_c_heatmap_results/k_c_paper_v2_auprc_best/checkpoints/k80__C36/recap/trial_0/model.pt
k80__C36,80,36,0,Amazon,0.7207791450787987,0.1306608468617515,/autodl-fs/data/recap/tuning_hyperparams/interaction_tuning/k_c_heatmap_results/k_c_paper_v2_auprc_best/checkpoints/k80__C36/recap/trial_0/model.pt
k80__C36,80,36,1,Facebook,0.5981439393939394,0.049004212564943694,/autodl-fs/data/recap/tuning_hyperparams/interaction_tuning/k_c_heatmap_results/k_c_paper_v2_auprc_best/checkpoints/k80__C36/recap/trial_1/model.pt
k80__C36,80,36,1,cora,0.8249752410737555,0.42267703632096904,/autodl-fs/data/recap/tuning_hyperparams/interaction_tuning/k_c_heatmap_results/k_c_paper_v2_auprc_best/checkpoints/k80__C36/recap/trial_1/model.pt
k80__C36,80,36,1,citeseer,0.9027363340677789,0.4711612085861763,/autodl-fs/data/recap/tuning_hyperparams/interaction_tuning/k_c_heatmap_results/k_c_paper_v2_auprc_best/checkpoints/k80__C36/recap/trial_1/model.pt
k80__C36,80,36,1,ACM,0.785243963886911,0.3726579028210842,/autodl-fs/data/recap/tuning_hyperparams/interaction_tuning/k_c_heatmap_results/k_c_paper_v2_auprc_best/checkpoints/k80__C36/recap/trial_1/model.pt
k80__C36,80,36,1,BlogCatalog,0.7270540577342048,0.33038752418146844,/autodl-fs/data/recap/tuning_hyperparams/interaction_tuning/k_c_heatmap_results/k_c_paper_v2_auprc_best/checkpoints/k80__C36/recap/trial_1/model.pt
k80__C36,80,36,1,weibo,0.8169772593454473,0.3461331153627644,/autodl-fs/data/recap/tuning_hyperparams/interaction_tuning/k_c_heatmap_results/k_c_paper_v2_auprc_best/checkpoints/k80__C36/recap/trial_1/model.pt
k80__C36,80,36,1,Reddit,0.5939993124367633,0.04698698515375454,/autodl-fs/data/recap/tuning_hyperparams/interaction_tuning/k_c_heatmap_results/k_c_paper_v2_auprc_best/checkpoints/k80__C36/recap/trial_1/model.pt
k80__C36,80,36,1,Amazon,0.7404481586099466,0.1368219783800651,/autodl-fs/data/recap/tuning_hyperparams/interaction_tuning/k_c_heatmap_results/k_c_paper_v2_auprc_best/checkpoints/k80__C36/recap/trial_1/model.pt
k80__C36,80,36,2,Facebook,0.5905681818181818,0.03703219994321802,/autodl-fs/data/recap/tuning_hyperparams/interaction_tuning/k_c_heatmap_results/k_c_paper_v2_auprc_best/checkpoints/k80__C36/recap/trial_2/model.pt
k80__C36,80,36,2,cora,0.8229945269741986,0.4026921579101681,/autodl-fs/data/recap/tuning_hyperparams/interaction_tuning/k_c_heatmap_results/k_c_paper_v2_auprc_best/checkpoints/k80__C36/recap/trial_2/model.pt
k80__C36,80,36,2,citeseer,0.903764557758892,0.46085447593389745,/autodl-fs/data/recap/tuning_hyperparams/interaction_tuning/k_c_heatmap_results/k_c_paper_v2_auprc_best/checkpoints/k80__C36/recap/trial_2/model.pt
k80__C36,80,36,2,ACM,0.7832161373367752,0.3714031940606174,/autodl-fs/data/recap/tuning_hyperparams/interaction_tuning/k_c_heatmap_results/k_c_paper_v2_auprc_best/checkpoints/k80__C36/recap/trial_2/model.pt
k80__C36,80,36,2,BlogCatalog,0.7318249591503269,0.3241875838872063,/autodl-fs/data/recap/tuning_hyperparams/interaction_tuning/k_c_heatmap_results/k_c_paper_v2_auprc_best/checkpoints/k80__C36/recap/trial_2/model.pt
k80__C36,80,36,2,weibo,0.8243202963689424,0.3376131402297632,/autodl-fs/data/recap/tuning_hyperparams/interaction_tuning/k_c_heatmap_results/k_c_paper_v2_auprc_best/checkpoints/k80__C36/recap/trial_2/model.pt
k80__C36,80,36,2,Reddit,0.592254157544617,0.046323439994034446,/autodl-fs/data/recap/tuning_hyperparams/interaction_tuning/k_c_heatmap_results/k_c_paper_v2_auprc_best/checkpoints/k80__C36/recap/trial_2/model.pt
k80__C36,80,36,2,Amazon,0.7309205792051243,0.13567013794488847,/autodl-fs/data/recap/tuning_hyperparams/interaction_tuning/k_c_heatmap_results/k_c_paper_v2_auprc_best/checkpoints/k80__C36/recap/trial_2/model.pt
k80__C40,80,40,0,Facebook,0.6046969696969697,0.0727141211094312,/autodl-fs/data/recap/tuning_hyperparams/interaction_tuning/k_c_heatmap_results/k_c_paper_v2_auprc_best/checkpoints/k80__C40/recap/trial_0/model.pt
k80__C40,80,40,0,cora,0.8252384675527755,0.4294080249473987,/autodl-fs/data/recap/tuning_hyperparams/interaction_tuning/k_c_heatmap_results/k_c_paper_v2_auprc_best/checkpoints/k80__C40/recap/trial_0/model.pt
k80__C40,80,40,0,citeseer,0.9077095792676529,0.46272290871899263,/autodl-fs/data/recap/tuning_hyperparams/interaction_tuning/k_c_heatmap_results/k_c_paper_v2_auprc_best/checkpoints/k80__C40/recap/trial_0/model.pt
k80__C40,80,40,0,ACM,0.790170402588887,0.37398644282208215,/autodl-fs/data/recap/tuning_hyperparams/interaction_tuning/k_c_heatmap_results/k_c_paper_v2_auprc_best/checkpoints/k80__C40/recap/trial_0/model.pt
k80__C40,80,40,0,BlogCatalog,0.7333244825708061,0.3331300692295762,/autodl-fs/data/recap/tuning_hyperparams/interaction_tuning/k_c_heatmap_results/k_c_paper_v2_auprc_best/checkpoints/k80__C40/recap/trial_0/model.pt
k80__C40,80,40,0,weibo,0.7784814576812762,0.3315158679261871,/autodl-fs/data/recap/tuning_hyperparams/interaction_tuning/k_c_heatmap_results/k_c_paper_v2_auprc_best/checkpoints/k80__C40/recap/trial_0/model.pt
k80__C40,80,40,0,Reddit,0.5940226000389071,0.047995910746855004,/autodl-fs/data/recap/tuning_hyperparams/interaction_tuning/k_c_heatmap_results/k_c_paper_v2_auprc_best/checkpoints/k80__C40/recap/trial_0/model.pt
k80__C40,80,40,0,Amazon,0.7133321160705486,0.12479839559817395,/autodl-fs/data/recap/tuning_hyperparams/interaction_tuning/k_c_heatmap_results/k_c_paper_v2_auprc_best/checkpoints/k80__C40/recap/trial_0/model.pt
k80__C40,80,40,1,Facebook,0.6031060606060605,0.05618060353715835,/autodl-fs/data/recap/tuning_hyperparams/interaction_tuning/k_c_heatmap_results/k_c_paper_v2_auprc_best/checkpoints/k80__C40/recap/trial_1/model.pt
k80__C40,80,40,1,cora,0.8267604899661194,0.4267516049548063,/autodl-fs/data/recap/tuning_hyperparams/interaction_tuning/k_c_heatmap_results/k_c_paper_v2_auprc_best/checkpoints/k80__C40/recap/trial_1/model.pt
k80__C40,80,40,1,citeseer,0.9018529010597001,0.4693198350654276,/autodl-fs/data/recap/tuning_hyperparams/interaction_tuning/k_c_heatmap_results/k_c_paper_v2_auprc_best/checkpoints/k80__C40/recap/trial_1/model.pt
k80__C40,80,40,1,ACM,0.7843130804776066,0.3714121078021787,/autodl-fs/data/recap/tuning_hyperparams/interaction_tuning/k_c_heatmap_results/k_c_paper_v2_auprc_best/checkpoints/k80__C40/recap/trial_1/model.pt
k80__C40,80,40,1,BlogCatalog,0.739128540305011,0.3348748214478718,/autodl-fs/data/recap/tuning_hyperparams/interaction_tuning/k_c_heatmap_results/k_c_paper_v2_auprc_best/checkpoints/k80__C40/recap/trial_1/model.pt
k80__C40,80,40,1,weibo,0.816773044073202,0.34221411643642513,/autodl-fs/data/recap/tuning_hyperparams/interaction_tuning/k_c_heatmap_results/k_c_paper_v2_auprc_best/checkpoints/k80__C40/recap/trial_1/model.pt
k80__C40,80,40,1,Reddit,0.5936493551006796,0.04678410261716831,/autodl-fs/data/recap/tuning_hyperparams/interaction_tuning/k_c_heatmap_results/k_c_paper_v2_auprc_best/checkpoints/k80__C40/recap/trial_1/model.pt
k80__C40,80,40,1,Amazon,0.7215573454163318,0.12795312872071463,/autodl-fs/data/recap/tuning_hyperparams/interaction_tuning/k_c_heatmap_results/k_c_paper_v2_auprc_best/checkpoints/k80__C40/recap/trial_1/model.pt
k80__C40,80,40,2,Facebook,0.590530303030303,0.03645898881236367,/autodl-fs/data/recap/tuning_hyperparams/interaction_tuning/k_c_heatmap_results/k_c_paper_v2_auprc_best/checkpoints/k80__C40/recap/trial_2/model.pt
k80__C40,80,40,2,cora,0.8192859004430544,0.39597697126932985,/autodl-fs/data/recap/tuning_hyperparams/interaction_tuning/k_c_heatmap_results/k_c_paper_v2_auprc_best/checkpoints/k80__C40/recap/trial_2/model.pt
k80__C40,80,40,2,citeseer,0.903903053194838,0.46057092886112616,/autodl-fs/data/recap/tuning_hyperparams/interaction_tuning/k_c_heatmap_results/k_c_paper_v2_auprc_best/checkpoints/k80__C40/recap/trial_2/model.pt
k80__C40,80,40,2,ACM,0.7834522057424194,0.37314692067856414,/autodl-fs/data/recap/tuning_hyperparams/interaction_tuning/k_c_heatmap_results/k_c_paper_v2_auprc_best/checkpoints/k80__C40/recap/trial_2/model.pt
k80__C40,80,40,2,BlogCatalog,0.733790168845316,0.32348639970791193,/autodl-fs/data/recap/tuning_hyperparams/interaction_tuning/k_c_heatmap_results/k_c_paper_v2_auprc_best/checkpoints/k80__C40/recap/trial_2/model.pt
k80__C40,80,40,2,weibo,0.8282570960221434,0.34464533163469463,/autodl-fs/data/recap/tuning_hyperparams/interaction_tuning/k_c_heatmap_results/k_c_paper_v2_auprc_best/checkpoints/k80__C40/recap/trial_2/model.pt
k80__C40,80,40,2,Reddit,0.5899672120854678,0.04575186259916912,/autodl-fs/data/recap/tuning_hyperparams/interaction_tuning/k_c_heatmap_results/k_c_paper_v2_auprc_best/checkpoints/k80__C40/recap/trial_2/model.pt
k80__C40,80,40,2,Amazon,0.7322842466059336,0.135778724202667,/autodl-fs/data/recap/tuning_hyperparams/interaction_tuning/k_c_heatmap_results/k_c_paper_v2_auprc_best/checkpoints/k80__C40/recap/trial_2/model.pt
k80__C48,80,48,0,Facebook,0.5963257575757576,0.07055526369611201,/autodl-fs/data/recap/tuning_hyperparams/interaction_tuning/k_c_heatmap_results/k_c_paper_v2_auprc_best/checkpoints/k80__C48/recap/trial_0/model.pt
k80__C48,80,48,0,cora,0.8241594996090695,0.43759080021101343,/autodl-fs/data/recap/tuning_hyperparams/interaction_tuning/k_c_heatmap_results/k_c_paper_v2_auprc_best/checkpoints/k80__C48/recap/trial_0/model.pt
k80__C48,80,48,0,citeseer,0.9032399538348546,0.45257539329040675,/autodl-fs/data/recap/tuning_hyperparams/interaction_tuning/k_c_heatmap_results/k_c_paper_v2_auprc_best/checkpoints/k80__C48/recap/trial_0/model.pt
k80__C48,80,48,0,ACM,0.7710868182417723,0.36672365935556733,/autodl-fs/data/recap/tuning_hyperparams/interaction_tuning/k_c_heatmap_results/k_c_paper_v2_auprc_best/checkpoints/k80__C48/recap/trial_0/model.pt
k80__C48,80,48,0,BlogCatalog,0.7303410947712417,0.3316814364569437,/autodl-fs/data/recap/tuning_hyperparams/interaction_tuning/k_c_heatmap_results/k_c_paper_v2_auprc_best/checkpoints/k80__C48/recap/trial_0/model.pt
k80__C48,80,48,0,weibo,0.8126447161743998,0.34406188102268404,/autodl-fs/data/recap/tuning_hyperparams/interaction_tuning/k_c_heatmap_results/k_c_paper_v2_auprc_best/checkpoints/k80__C48/recap/trial_0/model.pt
k80__C48,80,48,0,Reddit,0.591596700931607,0.04763396956149533,/autodl-fs/data/recap/tuning_hyperparams/interaction_tuning/k_c_heatmap_results/k_c_paper_v2_auprc_best/checkpoints/k80__C48/recap/trial_0/model.pt
k80__C48,80,48,0,Amazon,0.719082244420614,0.13005281814307879,/autodl-fs/data/recap/tuning_hyperparams/interaction_tuning/k_c_heatmap_results/k_c_paper_v2_auprc_best/checkpoints/k80__C48/recap/trial_0/model.pt
k80__C48,80,48,1,Facebook,0.5942045454545455,0.05855211998307515,/autodl-fs/data/recap/tuning_hyperparams/interaction_tuning/k_c_heatmap_results/k_c_paper_v2_auprc_best/checkpoints/k80__C48/recap/trial_1/model.pt
k80__C48,80,48,1,cora,0.828835027365129,0.4260323944467925,/autodl-fs/data/recap/tuning_hyperparams/interaction_tuning/k_c_heatmap_results/k_c_paper_v2_auprc_best/checkpoints/k80__C48/recap/trial_1/model.pt
k80__C48,80,48,1,citeseer,0.9012464589235127,0.4663659470460232,/autodl-fs/data/recap/tuning_hyperparams/interaction_tuning/k_c_heatmap_results/k_c_paper_v2_auprc_best/checkpoints/k80__C48/recap/trial_1/model.pt
k80__C48,80,48,1,ACM,0.7876318501088982,0.3720206247600547,/autodl-fs/data/recap/tuning_hyperparams/interaction_tuning/k_c_heatmap_results/k_c_paper_v2_auprc_best/checkpoints/k80__C48/recap/trial_1/model.pt
k80__C48,80,48,1,BlogCatalog,0.7367037717864924,0.3365014521507854,/autodl-fs/data/recap/tuning_hyperparams/interaction_tuning/k_c_heatmap_results/k_c_paper_v2_auprc_best/checkpoints/k80__C48/recap/trial_1/model.pt
k80__C48,80,48,1,weibo,0.7947061776342699,0.3137049204223525,/autodl-fs/data/recap/tuning_hyperparams/interaction_tuning/k_c_heatmap_results/k_c_paper_v2_auprc_best/checkpoints/k80__C48/recap/trial_1/model.pt
k80__C48,80,48,1,Reddit,0.596924544051909,0.0471553339199686,/autodl-fs/data/recap/tuning_hyperparams/interaction_tuning/k_c_heatmap_results/k_c_paper_v2_auprc_best/checkpoints/k80__C48/recap/trial_1/model.pt
k80__C48,80,48,1,Amazon,0.7173739886991383,0.12690802763168227,/autodl-fs/data/recap/tuning_hyperparams/interaction_tuning/k_c_heatmap_results/k_c_paper_v2_auprc_best/checkpoints/k80__C48/recap/trial_1/model.pt
k80__C48,80,48,2,Facebook,0.5916666666666666,0.037451563466535887,/autodl-fs/data/recap/tuning_hyperparams/interaction_tuning/k_c_heatmap_results/k_c_paper_v2_auprc_best/checkpoints/k80__C48/recap/trial_2/model.pt
k80__C48,80,48,2,cora,0.8175058639562158,0.40351441772082225,/autodl-fs/data/recap/tuning_hyperparams/interaction_tuning/k_c_heatmap_results/k_c_paper_v2_auprc_best/checkpoints/k80__C48/recap/trial_2/model.pt
k80__C48,80,48,2,citeseer,0.903974399328507,0.4570992248586332,/autodl-fs/data/recap/tuning_hyperparams/interaction_tuning/k_c_heatmap_results/k_c_paper_v2_auprc_best/checkpoints/k80__C48/recap/trial_2/model.pt
k80__C48,80,48,2,ACM,0.7838619251816035,0.37233283438066656,/autodl-fs/data/recap/tuning_hyperparams/interaction_tuning/k_c_heatmap_results/k_c_paper_v2_auprc_best/checkpoints/k80__C48/recap/trial_2/model.pt
k80__C48,80,48,2,BlogCatalog,0.7316452205882352,0.3245376050734412,/autodl-fs/data/recap/tuning_hyperparams/interaction_tuning/k_c_heatmap_results/k_c_paper_v2_auprc_best/checkpoints/k80__C48/recap/trial_2/model.pt
k80__C48,80,48,2,weibo,0.826514081988152,0.34025831851563826,/autodl-fs/data/recap/tuning_hyperparams/interaction_tuning/k_c_heatmap_results/k_c_paper_v2_auprc_best/checkpoints/k80__C48/recap/trial_2/model.pt
k80__C48,80,48,2,Reddit,0.5910572262587399,0.04582545379432009,/autodl-fs/data/recap/tuning_hyperparams/interaction_tuning/k_c_heatmap_results/k_c_paper_v2_auprc_best/checkpoints/k80__C48/recap/trial_2/model.pt
k80__C48,80,48,2,Amazon,0.7300613794161167,0.13677499794626266,/autodl-fs/data/recap/tuning_hyperparams/interaction_tuning/k_c_heatmap_results/k_c_paper_v2_auprc_best/checkpoints/k80__C48/recap/trial_2/model.pt
k96__C16,96,16,0,Facebook,0.611439393939394,0.042950120912417344,/autodl-fs/data/recap/tuning_hyperparams/interaction_tuning/k_c_heatmap_results/k_c_paper_v2_auprc_best/checkpoints/k96__C16/recap/trial_0/model.pt
k96__C16,96,16,0,cora,0.8175579880114673,0.3945715967359944,/autodl-fs/data/recap/tuning_hyperparams/interaction_tuning/k_c_heatmap_results/k_c_paper_v2_auprc_best/checkpoints/k96__C16/recap/trial_0/model.pt
k96__C16,96,16,0,citeseer,0.9045745462176057,0.45183585929484454,/autodl-fs/data/recap/tuning_hyperparams/interaction_tuning/k_c_heatmap_results/k_c_paper_v2_auprc_best/checkpoints/k96__C16/recap/trial_0/model.pt
k96__C16,96,16,0,ACM,0.7869174242417054,0.3708161643402441,/autodl-fs/data/recap/tuning_hyperparams/interaction_tuning/k_c_heatmap_results/k_c_paper_v2_auprc_best/checkpoints/k96__C16/recap/trial_0/model.pt
k96__C16,96,16,0,BlogCatalog,0.7330518110021786,0.32332056637162127,/autodl-fs/data/recap/tuning_hyperparams/interaction_tuning/k_c_heatmap_results/k_c_paper_v2_auprc_best/checkpoints/k96__C16/recap/trial_0/model.pt
k96__C16,96,16,0,weibo,0.824648019081288,0.3588257342379226,/autodl-fs/data/recap/tuning_hyperparams/interaction_tuning/k_c_heatmap_results/k_c_paper_v2_auprc_best/checkpoints/k96__C16/recap/trial_0/model.pt
k96__C16,96,16,0,Reddit,0.592780894799737,0.04887985831967558,/autodl-fs/data/recap/tuning_hyperparams/interaction_tuning/k_c_heatmap_results/k_c_paper_v2_auprc_best/checkpoints/k96__C16/recap/trial_0/model.pt
k96__C16,96,16,0,Amazon,0.7405745783145847,0.13640609916413132,/autodl-fs/data/recap/tuning_hyperparams/interaction_tuning/k_c_heatmap_results/k_c_paper_v2_auprc_best/checkpoints/k96__C16/recap/trial_0/model.pt
k96__C16,96,16,1,Facebook,0.5891666666666667,0.04972168890401055,/autodl-fs/data/recap/tuning_hyperparams/interaction_tuning/k_c_heatmap_results/k_c_paper_v2_auprc_best/checkpoints/k96__C16/recap/trial_1/model.pt
k96__C16,96,16,1,cora,0.82973677352098,0.425570101146656,/autodl-fs/data/recap/tuning_hyperparams/interaction_tuning/k_c_heatmap_results/k_c_paper_v2_auprc_best/checkpoints/k96__C16/recap/trial_1/model.pt
k96__C16,96,16,1,citeseer,0.9022589444969048,0.4731006821353844,/autodl-fs/data/recap/tuning_hyperparams/interaction_tuning/k_c_heatmap_results/k_c_paper_v2_auprc_best/checkpoints/k96__C16/recap/trial_1/model.pt
k96__C16,96,16,1,ACM,0.7894003071736011,0.3717231515381601,/autodl-fs/data/recap/tuning_hyperparams/interaction_tuning/k_c_heatmap_results/k_c_paper_v2_auprc_best/checkpoints/k96__C16/recap/trial_1/model.pt
k96__C16,96,16,1,BlogCatalog,0.7253928376906318,0.33726096413233786,/autodl-fs/data/recap/tuning_hyperparams/interaction_tuning/k_c_heatmap_results/k_c_paper_v2_auprc_best/checkpoints/k96__C16/recap/trial_1/model.pt
k96__C16,96,16,1,weibo,0.7713150454684692,0.30585213326872085,/autodl-fs/data/recap/tuning_hyperparams/interaction_tuning/k_c_heatmap_results/k_c_paper_v2_auprc_best/checkpoints/k96__C16/recap/trial_1/model.pt
k96__C16,96,16,1,Reddit,0.5928790629789398,0.04661030853212327,/autodl-fs/data/recap/tuning_hyperparams/interaction_tuning/k_c_heatmap_results/k_c_paper_v2_auprc_best/checkpoints/k96__C16/recap/trial_1/model.pt
k96__C16,96,16,1,Amazon,0.7424785953271947,0.13448519366376416,/autodl-fs/data/recap/tuning_hyperparams/interaction_tuning/k_c_heatmap_results/k_c_paper_v2_auprc_best/checkpoints/k96__C16/recap/trial_1/model.pt
k96__C16,96,16,2,Facebook,0.594280303030303,0.040227310969113285,/autodl-fs/data/recap/tuning_hyperparams/interaction_tuning/k_c_heatmap_results/k_c_paper_v2_auprc_best/checkpoints/k96__C16/recap/trial_2/model.pt
k96__C16,96,16,2,cora,0.819994787594475,0.41406252231639057,/autodl-fs/data/recap/tuning_hyperparams/interaction_tuning/k_c_heatmap_results/k_c_paper_v2_auprc_best/checkpoints/k96__C16/recap/trial_2/model.pt
k96__C16,96,16,2,citeseer,0.9034875668870004,0.46796149594146,/autodl-fs/data/recap/tuning_hyperparams/interaction_tuning/k_c_heatmap_results/k_c_paper_v2_auprc_best/checkpoints/k96__C16/recap/trial_2/model.pt
k96__C16,96,16,2,ACM,0.7869837426995661,0.37429667357958696,/autodl-fs/data/recap/tuning_hyperparams/interaction_tuning/k_c_heatmap_results/k_c_paper_v2_auprc_best/checkpoints/k96__C16/recap/trial_2/model.pt
k96__C16,96,16,2,BlogCatalog,0.7379864515250545,0.32961243663271145,/autodl-fs/data/recap/tuning_hyperparams/interaction_tuning/k_c_heatmap_results/k_c_paper_v2_auprc_best/checkpoints/k96__C16/recap/trial_2/model.pt
k96__C16,96,16,2,weibo,0.8212100641443839,0.34222100020923335,/autodl-fs/data/recap/tuning_hyperparams/interaction_tuning/k_c_heatmap_results/k_c_paper_v2_auprc_best/checkpoints/k96__C16/recap/trial_2/model.pt
k96__C16,96,16,2,Reddit,0.5857279678697994,0.044867807878593347,/autodl-fs/data/recap/tuning_hyperparams/interaction_tuning/k_c_heatmap_results/k_c_paper_v2_auprc_best/checkpoints/k96__C16/recap/trial_2/model.pt
k96__C16,96,16,2,Amazon,0.732512256276814,0.13523869227935442,/autodl-fs/data/recap/tuning_hyperparams/interaction_tuning/k_c_heatmap_results/k_c_paper_v2_auprc_best/checkpoints/k96__C16/recap/trial_2/model.pt
k96__C20,96,20,0,Facebook,0.6135606060606061,0.05482515289308878,/autodl-fs/data/recap/tuning_hyperparams/interaction_tuning/k_c_heatmap_results/k_c_paper_v2_auprc_best/checkpoints/k96__C20/recap/trial_0/model.pt
k96__C20,96,20,0,cora,0.8267943706020328,0.42128137944102395,/autodl-fs/data/recap/tuning_hyperparams/interaction_tuning/k_c_heatmap_results/k_c_paper_v2_auprc_best/checkpoints/k96__C20/recap/trial_0/model.pt
k96__C20,96,20,0,citeseer,0.9065029902423669,0.45236481574153975,/autodl-fs/data/recap/tuning_hyperparams/interaction_tuning/k_c_heatmap_results/k_c_paper_v2_auprc_best/checkpoints/k96__C20/recap/trial_0/model.pt
k96__C20,96,20,0,ACM,0.7906973654702669,0.37299258720760964,/autodl-fs/data/recap/tuning_hyperparams/interaction_tuning/k_c_heatmap_results/k_c_paper_v2_auprc_best/checkpoints/k96__C20/recap/trial_0/model.pt
k96__C20,96,20,0,BlogCatalog,0.729041394335512,0.32476189316784626,/autodl-fs/data/recap/tuning_hyperparams/interaction_tuning/k_c_heatmap_results/k_c_paper_v2_auprc_best/checkpoints/k96__C20/recap/trial_0/model.pt
k96__C20,96,20,0,weibo,0.8211646659888024,0.35221990626273525,/autodl-fs/data/recap/tuning_hyperparams/interaction_tuning/k_c_heatmap_results/k_c_paper_v2_auprc_best/checkpoints/k96__C20/recap/trial_0/model.pt
k96__C20,96,20,0,Reddit,0.5942997353704967,0.047721357546349756,/autodl-fs/data/recap/tuning_hyperparams/interaction_tuning/k_c_heatmap_results/k_c_paper_v2_auprc_best/checkpoints/k96__C20/recap/trial_0/model.pt
k96__C20,96,20,0,Amazon,0.7382709387745584,0.1370898487121484,/autodl-fs/data/recap/tuning_hyperparams/interaction_tuning/k_c_heatmap_results/k_c_paper_v2_auprc_best/checkpoints/k96__C20/recap/trial_0/model.pt
k96__C20,96,20,1,Facebook,0.5817045454545454,0.051375138732227224,/autodl-fs/data/recap/tuning_hyperparams/interaction_tuning/k_c_heatmap_results/k_c_paper_v2_auprc_best/checkpoints/k96__C20/recap/trial_1/model.pt
k96__C20,96,20,1,cora,0.8235965598123534,0.41179908669623283,/autodl-fs/data/recap/tuning_hyperparams/interaction_tuning/k_c_heatmap_results/k_c_paper_v2_auprc_best/checkpoints/k96__C20/recap/trial_1/model.pt
k96__C20,96,20,1,citeseer,0.8990966320428077,0.46962371267126646,/autodl-fs/data/recap/tuning_hyperparams/interaction_tuning/k_c_heatmap_results/k_c_paper_v2_auprc_best/checkpoints/k96__C20/recap/trial_1/model.pt
k96__C20,96,20,1,ACM,0.7785912420203026,0.3742869592134468,/autodl-fs/data/recap/tuning_hyperparams/interaction_tuning/k_c_heatmap_results/k_c_paper_v2_auprc_best/checkpoints/k96__C20/recap/trial_1/model.pt
k96__C20,96,20,1,BlogCatalog,0.728774850217865,0.33804278165247514,/autodl-fs/data/recap/tuning_hyperparams/interaction_tuning/k_c_heatmap_results/k_c_paper_v2_auprc_best/checkpoints/k96__C20/recap/trial_1/model.pt
k96__C20,96,20,1,weibo,0.779593253925794,0.3073937916466357,/autodl-fs/data/recap/tuning_hyperparams/interaction_tuning/k_c_heatmap_results/k_c_paper_v2_auprc_best/checkpoints/k96__C20/recap/trial_1/model.pt
k96__C20,96,20,1,Reddit,0.5932345527287923,0.04659260292064417,/autodl-fs/data/recap/tuning_hyperparams/interaction_tuning/k_c_heatmap_results/k_c_paper_v2_auprc_best/checkpoints/k96__C20/recap/trial_1/model.pt
k96__C20,96,20,1,Amazon,0.7172446923784663,0.12474505009984081,/autodl-fs/data/recap/tuning_hyperparams/interaction_tuning/k_c_heatmap_results/k_c_paper_v2_auprc_best/checkpoints/k96__C20/recap/trial_1/model.pt
k96__C20,96,20,2,Facebook,0.5820454545454545,0.07101476979909896,/autodl-fs/data/recap/tuning_hyperparams/interaction_tuning/k_c_heatmap_results/k_c_paper_v2_auprc_best/checkpoints/k96__C20/recap/trial_2/model.pt
k96__C20,96,20,2,cora,0.8173364607766486,0.3909487132901407,/autodl-fs/data/recap/tuning_hyperparams/interaction_tuning/k_c_heatmap_results/k_c_paper_v2_auprc_best/checkpoints/k96__C20/recap/trial_2/model.pt
k96__C20,96,20,2,citeseer,0.8984597628790264,0.44439180954486557,/autodl-fs/data/recap/tuning_hyperparams/interaction_tuning/k_c_heatmap_results/k_c_paper_v2_auprc_best/checkpoints/k96__C20/recap/trial_2/model.pt
k96__C20,96,20,2,ACM,0.7857511050352579,0.3804706756305328,/autodl-fs/data/recap/tuning_hyperparams/interaction_tuning/k_c_heatmap_results/k_c_paper_v2_auprc_best/checkpoints/k96__C20/recap/trial_2/model.pt
k96__C20,96,20,2,BlogCatalog,0.7405385348583878,0.3397954347953983,/autodl-fs/data/recap/tuning_hyperparams/interaction_tuning/k_c_heatmap_results/k_c_paper_v2_auprc_best/checkpoints/k96__C20/recap/trial_2/model.pt
k96__C20,96,20,2,weibo,0.8067518215818856,0.33948275244524845,/autodl-fs/data/recap/tuning_hyperparams/interaction_tuning/k_c_heatmap_results/k_c_paper_v2_auprc_best/checkpoints/k96__C20/recap/trial_2/model.pt
k96__C20,96,20,2,Reddit,0.5869629827481326,0.045400214320538756,/autodl-fs/data/recap/tuning_hyperparams/interaction_tuning/k_c_heatmap_results/k_c_paper_v2_auprc_best/checkpoints/k96__C20/recap/trial_2/model.pt
k96__C20,96,20,2,Amazon,0.7049426168091577,0.12501211421955663,/autodl-fs/data/recap/tuning_hyperparams/interaction_tuning/k_c_heatmap_results/k_c_paper_v2_auprc_best/checkpoints/k96__C20/recap/trial_2/model.pt
k96__C24,96,24,0,Facebook,0.6148863636363636,0.05593417430719326,/autodl-fs/data/recap/tuning_hyperparams/interaction_tuning/k_c_heatmap_results/k_c_paper_v2_auprc_best/checkpoints/k96__C24/recap/trial_0/model.pt
k96__C24,96,24,0,cora,0.8267604899661193,0.421303600857923,/autodl-fs/data/recap/tuning_hyperparams/interaction_tuning/k_c_heatmap_results/k_c_paper_v2_auprc_best/checkpoints/k96__C24/recap/trial_0/model.pt
k96__C24,96,24,0,citeseer,0.9070548735704542,0.46379409058919946,/autodl-fs/data/recap/tuning_hyperparams/interaction_tuning/k_c_heatmap_results/k_c_paper_v2_auprc_best/checkpoints/k96__C24/recap/trial_0/model.pt
k96__C24,96,24,0,ACM,0.7910767197014004,0.3725522608674001,/autodl-fs/data/recap/tuning_hyperparams/interaction_tuning/k_c_heatmap_results/k_c_paper_v2_auprc_best/checkpoints/k96__C24/recap/trial_0/model.pt
k96__C24,96,24,0,BlogCatalog,0.7287173202614379,0.3242235314360515,/autodl-fs/data/recap/tuning_hyperparams/interaction_tuning/k_c_heatmap_results/k_c_paper_v2_auprc_best/checkpoints/k96__C24/recap/trial_0/model.pt
k96__C24,96,24,0,weibo,0.8188133625267422,0.3463464607813382,/autodl-fs/data/recap/tuning_hyperparams/interaction_tuning/k_c_heatmap_results/k_c_paper_v2_auprc_best/checkpoints/k96__C24/recap/trial_0/model.pt
k96__C24,96,24,0,Reddit,0.5919523193422449,0.04760938885830858,/autodl-fs/data/recap/tuning_hyperparams/interaction_tuning/k_c_heatmap_results/k_c_paper_v2_auprc_best/checkpoints/k96__C24/recap/trial_0/model.pt
k96__C24,96,24,0,Amazon,0.7379307410783648,0.1380810049432302,/autodl-fs/data/recap/tuning_hyperparams/interaction_tuning/k_c_heatmap_results/k_c_paper_v2_auprc_best/checkpoints/k96__C24/recap/trial_0/model.pt
k96__C24,96,24,1,Facebook,0.5914015151515152,0.05040312715466037,/autodl-fs/data/recap/tuning_hyperparams/interaction_tuning/k_c_heatmap_results/k_c_paper_v2_auprc_best/checkpoints/k96__C24/recap/trial_1/model.pt
k96__C24,96,24,1,cora,0.8292025019546522,0.4333062902652348,/autodl-fs/data/recap/tuning_hyperparams/interaction_tuning/k_c_heatmap_results/k_c_paper_v2_auprc_best/checkpoints/k96__C24/recap/trial_1/model.pt
k96__C24,96,24,1,citeseer,0.9009054663728885,0.4705882513699944,/autodl-fs/data/recap/tuning_hyperparams/interaction_tuning/k_c_heatmap_results/k_c_paper_v2_auprc_best/checkpoints/k96__C24/recap/trial_1/model.pt
k96__C24,96,24,1,ACM,0.7882236026442614,0.37248717318589386,/autodl-fs/data/recap/tuning_hyperparams/interaction_tuning/k_c_heatmap_results/k_c_paper_v2_auprc_best/checkpoints/k96__C24/recap/trial_1/model.pt
k96__C24,96,24,1,BlogCatalog,0.7239797794117647,0.33689729426616055,/autodl-fs/data/recap/tuning_hyperparams/interaction_tuning/k_c_heatmap_results/k_c_paper_v2_auprc_best/checkpoints/k96__C24/recap/trial_1/model.pt
k96__C24,96,24,1,weibo,0.7712660552029343,0.3079360025946893,/autodl-fs/data/recap/tuning_hyperparams/interaction_tuning/k_c_heatmap_results/k_c_paper_v2_auprc_best/checkpoints/k96__C24/recap/trial_1/model.pt
k96__C24,96,24,1,Reddit,0.5914595485344507,0.04640260699033803,/autodl-fs/data/recap/tuning_hyperparams/interaction_tuning/k_c_heatmap_results/k_c_paper_v2_auprc_best/checkpoints/k96__C24/recap/trial_1/model.pt
k96__C24,96,24,1,Amazon,0.7232297948382305,0.1271185799975025,/autodl-fs/data/recap/tuning_hyperparams/interaction_tuning/k_c_heatmap_results/k_c_paper_v2_auprc_best/checkpoints/k96__C24/recap/trial_1/model.pt
k96__C24,96,24,2,Facebook,0.5894318181818181,0.03747113328686256,/autodl-fs/data/recap/tuning_hyperparams/interaction_tuning/k_c_heatmap_results/k_c_paper_v2_auprc_best/checkpoints/k96__C24/recap/trial_2/model.pt
k96__C24,96,24,2,cora,0.8192155329684649,0.40449910630498837,/autodl-fs/data/recap/tuning_hyperparams/interaction_tuning/k_c_heatmap_results/k_c_paper_v2_auprc_best/checkpoints/k96__C24/recap/trial_2/model.pt
k96__C24,96,24,2,citeseer,0.9006421152030217,0.4488700906532749,/autodl-fs/data/recap/tuning_hyperparams/interaction_tuning/k_c_heatmap_results/k_c_paper_v2_auprc_best/checkpoints/k96__C24/recap/trial_2/model.pt
k96__C24,96,24,2,ACM,0.7812895281468081,0.3748831907742696,/autodl-fs/data/recap/tuning_hyperparams/interaction_tuning/k_c_heatmap_results/k_c_paper_v2_auprc_best/checkpoints/k96__C24/recap/trial_2/model.pt
k96__C24,96,24,2,BlogCatalog,0.7223876633986928,0.32529911624204394,/autodl-fs/data/recap/tuning_hyperparams/interaction_tuning/k_c_heatmap_results/k_c_paper_v2_auprc_best/checkpoints/k96__C24/recap/trial_2/model.pt
k96__C24,96,24,2,weibo,0.8061422328800039,0.34828761970660543,/autodl-fs/data/recap/tuning_hyperparams/interaction_tuning/k_c_heatmap_results/k_c_paper_v2_auprc_best/checkpoints/k96__C24/recap/trial_2/model.pt
k96__C24,96,24,2,Reddit,0.5884488861578493,0.04551309787764024,/autodl-fs/data/recap/tuning_hyperparams/interaction_tuning/k_c_heatmap_results/k_c_paper_v2_auprc_best/checkpoints/k96__C24/recap/trial_2/model.pt
k96__C24,96,24,2,Amazon,0.6990932452059302,0.12392959371186858,/autodl-fs/data/recap/tuning_hyperparams/interaction_tuning/k_c_heatmap_results/k_c_paper_v2_auprc_best/checkpoints/k96__C24/recap/trial_2/model.pt
k96__C28,96,28,0,Facebook,0.6041287878787879,0.07137113339778406,/autodl-fs/data/recap/tuning_hyperparams/interaction_tuning/k_c_heatmap_results/k_c_paper_v2_auprc_best/checkpoints/k96__C28/recap/trial_0/model.pt
k96__C28,96,28,0,cora,0.8272426374771957,0.4376550529125511,/autodl-fs/data/recap/tuning_hyperparams/interaction_tuning/k_c_heatmap_results/k_c_paper_v2_auprc_best/checkpoints/k96__C28/recap/trial_0/model.pt
k96__C28,96,28,0,citeseer,0.9054684713041653,0.45541110816982555,/autodl-fs/data/recap/tuning_hyperparams/interaction_tuning/k_c_heatmap_results/k_c_paper_v2_auprc_best/checkpoints/k96__C28/recap/trial_0/model.pt
k96__C28,96,28,0,ACM,0.7924100475521266,0.3732240332582028,/autodl-fs/data/recap/tuning_hyperparams/interaction_tuning/k_c_heatmap_results/k_c_paper_v2_auprc_best/checkpoints/k96__C28/recap/trial_0/model.pt
k96__C28,96,28,0,BlogCatalog,0.7149482570806102,0.32492612271039656,/autodl-fs/data/recap/tuning_hyperparams/interaction_tuning/k_c_heatmap_results/k_c_paper_v2_auprc_best/checkpoints/k96__C28/recap/trial_0/model.pt
k96__C28,96,28,0,weibo,0.8109730093443771,0.3357388104373953,/autodl-fs/data/recap/tuning_hyperparams/interaction_tuning/k_c_heatmap_results/k_c_paper_v2_auprc_best/checkpoints/k96__C28/recap/trial_0/model.pt
k96__C28,96,28,0,Reddit,0.591994777401402,0.04759884867518134,/autodl-fs/data/recap/tuning_hyperparams/interaction_tuning/k_c_heatmap_results/k_c_paper_v2_auprc_best/checkpoints/k96__C28/recap/trial_0/model.pt
k96__C28,96,28,0,Amazon,0.7355186228337,0.13702352227166578,/autodl-fs/data/recap/tuning_hyperparams/interaction_tuning/k_c_heatmap_results/k_c_paper_v2_auprc_best/checkpoints/k96__C28/recap/trial_0/model.pt
k96__C28,96,28,1,Facebook,0.5993560606060606,0.05753756941158303,/autodl-fs/data/recap/tuning_hyperparams/interaction_tuning/k_c_heatmap_results/k_c_paper_v2_auprc_best/checkpoints/k96__C28/recap/trial_1/model.pt
k96__C28,96,28,1,cora,0.8257310398749024,0.4250250099308507,/autodl-fs/data/recap/tuning_hyperparams/interaction_tuning/k_c_heatmap_results/k_c_paper_v2_auprc_best/checkpoints/k96__C28/recap/trial_1/model.pt
k96__C28,96,28,1,citeseer,0.9002748924561957,0.4633610770881701,/autodl-fs/data/recap/tuning_hyperparams/interaction_tuning/k_c_heatmap_results/k_c_paper_v2_auprc_best/checkpoints/k96__C28/recap/trial_1/model.pt
k96__C28,96,28,1,ACM,0.7931101342932955,0.3729913187705602,/autodl-fs/data/recap/tuning_hyperparams/interaction_tuning/k_c_heatmap_results/k_c_paper_v2_auprc_best/checkpoints/k96__C28/recap/trial_1/model.pt
k96__C28,96,28,1,BlogCatalog,0.7196248638344227,0.33223543611885725,/autodl-fs/data/recap/tuning_hyperparams/interaction_tuning/k_c_heatmap_results/k_c_paper_v2_auprc_best/checkpoints/k96__C28/recap/trial_1/model.pt
k96__C28,96,28,1,weibo,0.8133034479975592,0.34707880534109786,/autodl-fs/data/recap/tuning_hyperparams/interaction_tuning/k_c_heatmap_results/k_c_paper_v2_auprc_best/checkpoints/k96__C28/recap/trial_1/model.pt
k96__C28,96,28,1,Reddit,0.5907288839345909,0.04632615563067992,/autodl-fs/data/recap/tuning_hyperparams/interaction_tuning/k_c_heatmap_results/k_c_paper_v2_auprc_best/checkpoints/k96__C28/recap/trial_1/model.pt
k96__C28,96,28,1,Amazon,0.723070142648361,0.12825598242068798,/autodl-fs/data/recap/tuning_hyperparams/interaction_tuning/k_c_heatmap_results/k_c_paper_v2_auprc_best/checkpoints/k96__C28/recap/trial_1/model.pt
k96__C28,96,28,2,Facebook,0.5931818181818183,0.038782923267876315,/autodl-fs/data/recap/tuning_hyperparams/interaction_tuning/k_c_heatmap_results/k_c_paper_v2_auprc_best/checkpoints/k96__C28/recap/trial_2/model.pt
k96__C28,96,28,2,cora,0.8222335157675268,0.41123353883351066,/autodl-fs/data/recap/tuning_hyperparams/interaction_tuning/k_c_heatmap_results/k_c_paper_v2_auprc_best/checkpoints/k96__C28/recap/trial_2/model.pt
k96__C28,96,28,2,citeseer,0.9032504459133355,0.45388441329131207,/autodl-fs/data/recap/tuning_hyperparams/interaction_tuning/k_c_heatmap_results/k_c_paper_v2_auprc_best/checkpoints/k96__C28/recap/trial_2/model.pt
k96__C28,96,28,2,ACM,0.7892573903697376,0.3753418065420192,/autodl-fs/data/recap/tuning_hyperparams/interaction_tuning/k_c_heatmap_results/k_c_paper_v2_auprc_best/checkpoints/k96__C28/recap/trial_2/model.pt
k96__C28,96,28,2,BlogCatalog,0.7283738425925925,0.33601556399922616,/autodl-fs/data/recap/tuning_hyperparams/interaction_tuning/k_c_heatmap_results/k_c_paper_v2_auprc_best/checkpoints/k96__C28/recap/trial_2/model.pt
k96__C28,96,28,2,weibo,0.7488244629107768,0.30071259253723726,/autodl-fs/data/recap/tuning_hyperparams/interaction_tuning/k_c_heatmap_results/k_c_paper_v2_auprc_best/checkpoints/k96__C28/recap/trial_2/model.pt
k96__C28,96,28,2,Reddit,0.5889377971420837,0.045557644568703815,/autodl-fs/data/recap/tuning_hyperparams/interaction_tuning/k_c_heatmap_results/k_c_paper_v2_auprc_best/checkpoints/k96__C28/recap/trial_2/model.pt
k96__C28,96,28,2,Amazon,0.7306424558549204,0.1300668432622138,/autodl-fs/data/recap/tuning_hyperparams/interaction_tuning/k_c_heatmap_results/k_c_paper_v2_auprc_best/checkpoints/k96__C28/recap/trial_2/model.pt
k96__C32,96,32,0,Facebook,0.6025378787878788,0.0722981760282663,/autodl-fs/data/recap/tuning_hyperparams/interaction_tuning/k_c_heatmap_results/k_c_paper_v2_auprc_best/checkpoints/k96__C32/recap/trial_0/model.pt
k96__C32,96,32,0,cora,0.8216419077404222,0.42975845244089966,/autodl-fs/data/recap/tuning_hyperparams/interaction_tuning/k_c_heatmap_results/k_c_paper_v2_auprc_best/checkpoints/k96__C32/recap/trial_0/model.pt
k96__C32,96,32,0,citeseer,0.9064085615360402,0.4640257678751674,/autodl-fs/data/recap/tuning_hyperparams/interaction_tuning/k_c_heatmap_results/k_c_paper_v2_auprc_best/checkpoints/k96__C32/recap/trial_0/model.pt
k96__C32,96,32,0,ACM,0.7836457839437425,0.37361514576127464,/autodl-fs/data/recap/tuning_hyperparams/interaction_tuning/k_c_heatmap_results/k_c_paper_v2_auprc_best/checkpoints/k96__C32/recap/trial_0/model.pt
k96__C32,96,32,0,BlogCatalog,0.7263466775599128,0.33198901499303746,/autodl-fs/data/recap/tuning_hyperparams/interaction_tuning/k_c_heatmap_results/k_c_paper_v2_auprc_best/checkpoints/k96__C32/recap/trial_0/model.pt
k96__C32,96,32,0,weibo,0.8054966466507167,0.34853756743772474,/autodl-fs/data/recap/tuning_hyperparams/interaction_tuning/k_c_heatmap_results/k_c_paper_v2_auprc_best/checkpoints/k96__C32/recap/trial_0/model.pt
k96__C32,96,32,0,Reddit,0.5936124294552914,0.048147972635598606,/autodl-fs/data/recap/tuning_hyperparams/interaction_tuning/k_c_heatmap_results/k_c_paper_v2_auprc_best/checkpoints/k96__C32/recap/trial_0/model.pt
k96__C32,96,32,0,Amazon,0.6842956295269799,0.1182185005263038,/autodl-fs/data/recap/tuning_hyperparams/interaction_tuning/k_c_heatmap_results/k_c_paper_v2_auprc_best/checkpoints/k96__C32/recap/trial_0/model.pt
k96__C32,96,32,1,Facebook,0.5916666666666667,0.047654187930337245,/autodl-fs/data/recap/tuning_hyperparams/interaction_tuning/k_c_heatmap_results/k_c_paper_v2_auprc_best/checkpoints/k96__C32/recap/trial_1/model.pt
k96__C32,96,32,1,cora,0.8251472504560854,0.4251709488322371,/autodl-fs/data/recap/tuning_hyperparams/interaction_tuning/k_c_heatmap_results/k_c_paper_v2_auprc_best/checkpoints/k96__C32/recap/trial_1/model.pt
k96__C32,96,32,1,citeseer,0.9031371314657434,0.4693986238193744,/autodl-fs/data/recap/tuning_hyperparams/interaction_tuning/k_c_heatmap_results/k_c_paper_v2_auprc_best/checkpoints/k96__C32/recap/trial_1/model.pt
k96__C32,96,32,1,ACM,0.785415189921197,0.37167716536147044,/autodl-fs/data/recap/tuning_hyperparams/interaction_tuning/k_c_heatmap_results/k_c_paper_v2_auprc_best/checkpoints/k96__C32/recap/trial_1/model.pt
k96__C32,96,32,1,BlogCatalog,0.7285021786492375,0.33040422571767253,/autodl-fs/data/recap/tuning_hyperparams/interaction_tuning/k_c_heatmap_results/k_c_paper_v2_auprc_best/checkpoints/k96__C32/recap/trial_1/model.pt
k96__C32,96,32,1,weibo,0.81493143808517,0.35102697717063464,/autodl-fs/data/recap/tuning_hyperparams/interaction_tuning/k_c_heatmap_results/k_c_paper_v2_auprc_best/checkpoints/k96__C32/recap/trial_1/model.pt
k96__C32,96,32,1,Reddit,0.5936963162873232,0.04748188813142446,/autodl-fs/data/recap/tuning_hyperparams/interaction_tuning/k_c_heatmap_results/k_c_paper_v2_auprc_best/checkpoints/k96__C32/recap/trial_1/model.pt
k96__C32,96,32,1,Amazon,0.7503827034831126,0.1411301645514142,/autodl-fs/data/recap/tuning_hyperparams/interaction_tuning/k_c_heatmap_results/k_c_paper_v2_auprc_best/checkpoints/k96__C32/recap/trial_1/model.pt
k96__C32,96,32,2,Facebook,0.5865530303030304,0.03769503129372041,/autodl-fs/data/recap/tuning_hyperparams/interaction_tuning/k_c_heatmap_results/k_c_paper_v2_auprc_best/checkpoints/k96__C32/recap/trial_2/model.pt
k96__C32,96,32,2,cora,0.8245843106593693,0.4165804806727268,/autodl-fs/data/recap/tuning_hyperparams/interaction_tuning/k_c_heatmap_results/k_c_paper_v2_auprc_best/checkpoints/k96__C32/recap/trial_2/model.pt
k96__C32,96,32,2,citeseer,0.9051306263770853,0.45994455429556363,/autodl-fs/data/recap/tuning_hyperparams/interaction_tuning/k_c_heatmap_results/k_c_paper_v2_auprc_best/checkpoints/k96__C32/recap/trial_2/model.pt
k96__C32,96,32,2,ACM,0.791267556599219,0.37396392230114583,/autodl-fs/data/recap/tuning_hyperparams/interaction_tuning/k_c_heatmap_results/k_c_paper_v2_auprc_best/checkpoints/k96__C32/recap/trial_2/model.pt
k96__C32,96,32,2,BlogCatalog,0.7334912854030501,0.3377765003133939,/autodl-fs/data/recap/tuning_hyperparams/interaction_tuning/k_c_heatmap_results/k_c_paper_v2_auprc_best/checkpoints/k96__C32/recap/trial_2/model.pt
k96__C32,96,32,2,weibo,0.7655920500339646,0.30028245706991685,/autodl-fs/data/recap/tuning_hyperparams/interaction_tuning/k_c_heatmap_results/k_c_paper_v2_auprc_best/checkpoints/k96__C32/recap/trial_2/model.pt
k96__C32,96,32,2,Reddit,0.5870617942312621,0.04528341870881002,/autodl-fs/data/recap/tuning_hyperparams/interaction_tuning/k_c_heatmap_results/k_c_paper_v2_auprc_best/checkpoints/k96__C32/recap/trial_2/model.pt
k96__C32,96,32,2,Amazon,0.7355413329602817,0.13247828728111247,/autodl-fs/data/recap/tuning_hyperparams/interaction_tuning/k_c_heatmap_results/k_c_paper_v2_auprc_best/checkpoints/k96__C32/recap/trial_2/model.pt
k96__C36,96,36,0,Facebook,0.5944318181818182,0.071616629592318,/autodl-fs/data/recap/tuning_hyperparams/interaction_tuning/k_c_heatmap_results/k_c_paper_v2_auprc_best/checkpoints/k96__C36/recap/trial_0/model.pt
k96__C36,96,36,0,cora,0.8229997393797237,0.4284387150044852,/autodl-fs/data/recap/tuning_hyperparams/interaction_tuning/k_c_heatmap_results/k_c_paper_v2_auprc_best/checkpoints/k96__C36/recap/trial_0/model.pt
k96__C36,96,36,0,citeseer,0.9049060958975974,0.46383593793914446,/autodl-fs/data/recap/tuning_hyperparams/interaction_tuning/k_c_heatmap_results/k_c_paper_v2_auprc_best/checkpoints/k96__C36/recap/trial_0/model.pt
k96__C36,96,36,0,ACM,0.7828347798453883,0.3731749964490549,/autodl-fs/data/recap/tuning_hyperparams/interaction_tuning/k_c_heatmap_results/k_c_paper_v2_auprc_best/checkpoints/k96__C36/recap/trial_0/model.pt
k96__C36,96,36,0,BlogCatalog,0.721111111111111,0.3285447903835922,/autodl-fs/data/recap/tuning_hyperparams/interaction_tuning/k_c_heatmap_results/k_c_paper_v2_auprc_best/checkpoints/k96__C36/recap/trial_0/model.pt
k96__C36,96,36,0,weibo,0.8161142358221714,0.3523277476072473,/autodl-fs/data/recap/tuning_hyperparams/interaction_tuning/k_c_heatmap_results/k_c_paper_v2_auprc_best/checkpoints/k96__C36/recap/trial_0/model.pt
k96__C36,96,36,0,Reddit,0.5918886322535091,0.047801186328904344,/autodl-fs/data/recap/tuning_hyperparams/interaction_tuning/k_c_heatmap_results/k_c_paper_v2_auprc_best/checkpoints/k96__C36/recap/trial_0/model.pt
k96__C36,96,36,0,Amazon,0.716336438716042,0.12882008937687972,/autodl-fs/data/recap/tuning_hyperparams/interaction_tuning/k_c_heatmap_results/k_c_paper_v2_auprc_best/checkpoints/k96__C36/recap/trial_0/model.pt
k96__C36,96,36,1,Facebook,0.5983712121212121,0.04905103811701997,/autodl-fs/data/recap/tuning_hyperparams/interaction_tuning/k_c_heatmap_results/k_c_paper_v2_auprc_best/checkpoints/k96__C36/recap/trial_1/model.pt
k96__C36,96,36,1,cora,0.8250794891842584,0.4218250125698433,/autodl-fs/data/recap/tuning_hyperparams/interaction_tuning/k_c_heatmap_results/k_c_paper_v2_auprc_best/checkpoints/k96__C36/recap/trial_1/model.pt
k96__C36,96,36,1,citeseer,0.9030091281082783,0.4701315633536087,/autodl-fs/data/recap/tuning_hyperparams/interaction_tuning/k_c_heatmap_results/k_c_paper_v2_auprc_best/checkpoints/k96__C36/recap/trial_1/model.pt
k96__C36,96,36,1,ACM,0.7845045499839265,0.37195441491715275,/autodl-fs/data/recap/tuning_hyperparams/interaction_tuning/k_c_heatmap_results/k_c_paper_v2_auprc_best/checkpoints/k96__C36/recap/trial_1/model.pt
k96__C36,96,36,1,BlogCatalog,0.7272766884531591,0.33066527330576795,/autodl-fs/data/recap/tuning_hyperparams/interaction_tuning/k_c_heatmap_results/k_c_paper_v2_auprc_best/checkpoints/k96__C36/recap/trial_1/model.pt
k96__C36,96,36,1,weibo,0.8152271375194202,0.3466784837495746,/autodl-fs/data/recap/tuning_hyperparams/interaction_tuning/k_c_heatmap_results/k_c_paper_v2_auprc_best/checkpoints/k96__C36/recap/trial_1/model.pt
k96__C36,96,36,1,Reddit,0.593910150512533,0.04706101132602649,/autodl-fs/data/recap/tuning_hyperparams/interaction_tuning/k_c_heatmap_results/k_c_paper_v2_auprc_best/checkpoints/k96__C36/recap/trial_1/model.pt
k96__C36,96,36,1,Amazon,0.7408947153989648,0.13728622084494835,/autodl-fs/data/recap/tuning_hyperparams/interaction_tuning/k_c_heatmap_results/k_c_paper_v2_auprc_best/checkpoints/k96__C36/recap/trial_1/model.pt
k96__C36,96,36,2,Facebook,0.5895833333333333,0.03629665348413492,/autodl-fs/data/recap/tuning_hyperparams/interaction_tuning/k_c_heatmap_results/k_c_paper_v2_auprc_best/checkpoints/k96__C36/recap/trial_2/model.pt
k96__C36,96,36,2,cora,0.8234923117018503,0.4024442658779872,/autodl-fs/data/recap/tuning_hyperparams/interaction_tuning/k_c_heatmap_results/k_c_paper_v2_auprc_best/checkpoints/k96__C36/recap/trial_2/model.pt
k96__C36,96,36,2,citeseer,0.9044822159269752,0.46185536459268206,/autodl-fs/data/recap/tuning_hyperparams/interaction_tuning/k_c_heatmap_results/k_c_paper_v2_auprc_best/checkpoints/k96__C36/recap/trial_2/model.pt
k96__C36,96,36,2,ACM,0.782829771694755,0.3715190599090644,/autodl-fs/data/recap/tuning_hyperparams/interaction_tuning/k_c_heatmap_results/k_c_paper_v2_auprc_best/checkpoints/k96__C36/recap/trial_2/model.pt
k96__C36,96,36,2,BlogCatalog,0.7332958877995642,0.3255099962595319,/autodl-fs/data/recap/tuning_hyperparams/interaction_tuning/k_c_heatmap_results/k_c_paper_v2_auprc_best/checkpoints/k96__C36/recap/trial_2/model.pt
k96__C36,96,36,2,weibo,0.8268631280766039,0.34067490736372236,/autodl-fs/data/recap/tuning_hyperparams/interaction_tuning/k_c_heatmap_results/k_c_paper_v2_auprc_best/checkpoints/k96__C36/recap/trial_2/model.pt
k96__C36,96,36,2,Reddit,0.5919924615072663,0.046332243239584486,/autodl-fs/data/recap/tuning_hyperparams/interaction_tuning/k_c_heatmap_results/k_c_paper_v2_auprc_best/checkpoints/k96__C36/recap/trial_2/model.pt
k96__C36,96,36,2,Amazon,0.7321694847662742,0.13623150655526062,/autodl-fs/data/recap/tuning_hyperparams/interaction_tuning/k_c_heatmap_results/k_c_paper_v2_auprc_best/checkpoints/k96__C36/recap/trial_2/model.pt
k96__C40,96,40,0,Facebook,0.6014015151515152,0.05136202926817698,/autodl-fs/data/recap/tuning_hyperparams/interaction_tuning/k_c_heatmap_results/k_c_paper_v2_auprc_best/checkpoints/k96__C40/recap/trial_0/model.pt
k96__C40,96,40,0,cora,0.8237138389366694,0.429512709286048,/autodl-fs/data/recap/tuning_hyperparams/interaction_tuning/k_c_heatmap_results/k_c_paper_v2_auprc_best/checkpoints/k96__C40/recap/trial_0/model.pt
k96__C40,96,40,0,citeseer,0.9051809883537929,0.46184543987458815,/autodl-fs/data/recap/tuning_hyperparams/interaction_tuning/k_c_heatmap_results/k_c_paper_v2_auprc_best/checkpoints/k96__C40/recap/trial_0/model.pt
k96__C40,96,40,0,ACM,0.7864787102462228,0.3761431691146401,/autodl-fs/data/recap/tuning_hyperparams/interaction_tuning/k_c_heatmap_results/k_c_paper_v2_auprc_best/checkpoints/k96__C40/recap/trial_0/model.pt
k96__C40,96,40,0,BlogCatalog,0.7379554738562093,0.3349261383474095,/autodl-fs/data/recap/tuning_hyperparams/interaction_tuning/k_c_heatmap_results/k_c_paper_v2_auprc_best/checkpoints/k96__C40/recap/trial_0/model.pt
k96__C40,96,40,0,weibo,0.7867846580525322,0.31699570316120323,/autodl-fs/data/recap/tuning_hyperparams/interaction_tuning/k_c_heatmap_results/k_c_paper_v2_auprc_best/checkpoints/k96__C40/recap/trial_0/model.pt
k96__C40,96,40,0,Reddit,0.5911780387361599,0.047508088681594715,/autodl-fs/data/recap/tuning_hyperparams/interaction_tuning/k_c_heatmap_results/k_c_paper_v2_auprc_best/checkpoints/k96__C40/recap/trial_0/model.pt
k96__C40,96,40,0,Amazon,0.7290754571207829,0.1332698008847316,/autodl-fs/data/recap/tuning_hyperparams/interaction_tuning/k_c_heatmap_results/k_c_paper_v2_auprc_best/checkpoints/k96__C40/recap/trial_0/model.pt
k96__C40,96,40,1,Facebook,0.6057954545454545,0.057621970528777655,/autodl-fs/data/recap/tuning_hyperparams/interaction_tuning/k_c_heatmap_results/k_c_paper_v2_auprc_best/checkpoints/k96__C40/recap/trial_1/model.pt
k96__C40,96,40,1,cora,0.8270185040396142,0.42814786964456625,/autodl-fs/data/recap/tuning_hyperparams/interaction_tuning/k_c_heatmap_results/k_c_paper_v2_auprc_best/checkpoints/k96__C40/recap/trial_1/model.pt
k96__C40,96,40,1,citeseer,0.9016178785017314,0.46979512041654325,/autodl-fs/data/recap/tuning_hyperparams/interaction_tuning/k_c_heatmap_results/k_c_paper_v2_auprc_best/checkpoints/k96__C40/recap/trial_1/model.pt
k96__C40,96,40,1,ACM,0.784376130458212,0.3717032961396308,/autodl-fs/data/recap/tuning_hyperparams/interaction_tuning/k_c_heatmap_results/k_c_paper_v2_auprc_best/checkpoints/k96__C40/recap/trial_1/model.pt
k96__C40,96,40,1,BlogCatalog,0.7402832244008715,0.33439292612661564,/autodl-fs/data/recap/tuning_hyperparams/interaction_tuning/k_c_heatmap_results/k_c_paper_v2_auprc_best/checkpoints/k96__C40/recap/trial_1/model.pt
k96__C40,96,40,1,weibo,0.814925323855462,0.34101602135602616,/autodl-fs/data/recap/tuning_hyperparams/interaction_tuning/k_c_heatmap_results/k_c_paper_v2_auprc_best/checkpoints/k96__C40/recap/trial_1/model.pt
k96__C40,96,40,1,Reddit,0.5932673612290502,0.046807856907345166,/autodl-fs/data/recap/tuning_hyperparams/interaction_tuning/k_c_heatmap_results/k_c_paper_v2_auprc_best/checkpoints/k96__C40/recap/trial_1/model.pt
k96__C40,96,40,1,Amazon,0.7223337289437383,0.12924522196103247,/autodl-fs/data/recap/tuning_hyperparams/interaction_tuning/k_c_heatmap_results/k_c_paper_v2_auprc_best/checkpoints/k96__C40/recap/trial_1/model.pt
k96__C40,96,40,2,Facebook,0.5918181818181819,0.036703509226992975,/autodl-fs/data/recap/tuning_hyperparams/interaction_tuning/k_c_heatmap_results/k_c_paper_v2_auprc_best/checkpoints/k96__C40/recap/trial_2/model.pt
k96__C40,96,40,2,cora,0.8185744070888714,0.39831775426964117,/autodl-fs/data/recap/tuning_hyperparams/interaction_tuning/k_c_heatmap_results/k_c_paper_v2_auprc_best/checkpoints/k96__C40/recap/trial_2/model.pt
k96__C40,96,40,2,citeseer,0.904129682090022,0.46233597850716845,/autodl-fs/data/recap/tuning_hyperparams/interaction_tuning/k_c_heatmap_results/k_c_paper_v2_auprc_best/checkpoints/k96__C40/recap/trial_2/model.pt
k96__C40,96,40,2,ACM,0.7851790160808026,0.37315885101559093,/autodl-fs/data/recap/tuning_hyperparams/interaction_tuning/k_c_heatmap_results/k_c_paper_v2_auprc_best/checkpoints/k96__C40/recap/trial_2/model.pt
k96__C40,96,40,2,BlogCatalog,0.7322446895424837,0.32299947879906904,/autodl-fs/data/recap/tuning_hyperparams/interaction_tuning/k_c_heatmap_results/k_c_paper_v2_auprc_best/checkpoints/k96__C40/recap/trial_2/model.pt
k96__C40,96,40,2,weibo,0.8298072061088493,0.34656280425494174,/autodl-fs/data/recap/tuning_hyperparams/interaction_tuning/k_c_heatmap_results/k_c_paper_v2_auprc_best/checkpoints/k96__C40/recap/trial_2/model.pt
k96__C40,96,40,2,Reddit,0.5915785597608761,0.04598442963287465,/autodl-fs/data/recap/tuning_hyperparams/interaction_tuning/k_c_heatmap_results/k_c_paper_v2_auprc_best/checkpoints/k96__C40/recap/trial_2/model.pt
k96__C40,96,40,2,Amazon,0.7315266367831681,0.13589030359411702,/autodl-fs/data/recap/tuning_hyperparams/interaction_tuning/k_c_heatmap_results/k_c_paper_v2_auprc_best/checkpoints/k96__C40/recap/trial_2/model.pt
k96__C48,96,48,0,Facebook,0.5947727272727272,0.0703293349472096,/autodl-fs/data/recap/tuning_hyperparams/interaction_tuning/k_c_heatmap_results/k_c_paper_v2_auprc_best/checkpoints/k96__C48/recap/trial_0/model.pt
k96__C48,96,48,0,cora,0.824279384936148,0.43692779885795874,/autodl-fs/data/recap/tuning_hyperparams/interaction_tuning/k_c_heatmap_results/k_c_paper_v2_auprc_best/checkpoints/k96__C48/recap/trial_0/model.pt
k96__C48,96,48,0,citeseer,0.9031654600776414,0.452975503353536,/autodl-fs/data/recap/tuning_hyperparams/interaction_tuning/k_c_heatmap_results/k_c_paper_v2_auprc_best/checkpoints/k96__C48/recap/trial_0/model.pt
k96__C48,96,48,0,ACM,0.771203429075467,0.36720108959624526,/autodl-fs/data/recap/tuning_hyperparams/interaction_tuning/k_c_heatmap_results/k_c_paper_v2_auprc_best/checkpoints/k96__C48/recap/trial_0/model.pt
k96__C48,96,48,0,BlogCatalog,0.7304874727668844,0.33163497310741824,/autodl-fs/data/recap/tuning_hyperparams/interaction_tuning/k_c_heatmap_results/k_c_paper_v2_auprc_best/checkpoints/k96__C48/recap/trial_0/model.pt
k96__C48,96,48,0,weibo,0.8163291509964055,0.34668048544501917,/autodl-fs/data/recap/tuning_hyperparams/interaction_tuning/k_c_heatmap_results/k_c_paper_v2_auprc_best/checkpoints/k96__C48/recap/trial_0/model.pt
k96__C48,96,48,0,Reddit,0.5908853354495458,0.047398085928374765,/autodl-fs/data/recap/tuning_hyperparams/interaction_tuning/k_c_heatmap_results/k_c_paper_v2_auprc_best/checkpoints/k96__C48/recap/trial_0/model.pt
k96__C48,96,48,0,Amazon,0.7204171456610865,0.13056870455942174,/autodl-fs/data/recap/tuning_hyperparams/interaction_tuning/k_c_heatmap_results/k_c_paper_v2_auprc_best/checkpoints/k96__C48/recap/trial_0/model.pt
k96__C48,96,48,1,Facebook,0.595,0.05723560224286321,/autodl-fs/data/recap/tuning_hyperparams/interaction_tuning/k_c_heatmap_results/k_c_paper_v2_auprc_best/checkpoints/k96__C48/recap/trial_1/model.pt
k96__C48,96,48,1,cora,0.8264659890539483,0.4245906431674756,/autodl-fs/data/recap/tuning_hyperparams/interaction_tuning/k_c_heatmap_results/k_c_paper_v2_auprc_best/checkpoints/k96__C48/recap/trial_1/model.pt
k96__C48,96,48,1,citeseer,0.9015234497954046,0.4687848993829319,/autodl-fs/data/recap/tuning_hyperparams/interaction_tuning/k_c_heatmap_results/k_c_paper_v2_auprc_best/checkpoints/k96__C48/recap/trial_1/model.pt
k96__C48,96,48,1,ACM,0.7878580076480258,0.37188254368793,/autodl-fs/data/recap/tuning_hyperparams/interaction_tuning/k_c_heatmap_results/k_c_paper_v2_auprc_best/checkpoints/k96__C48/recap/trial_1/model.pt
k96__C48,96,48,1,BlogCatalog,0.7383813316993464,0.3375985469232479,/autodl-fs/data/recap/tuning_hyperparams/interaction_tuning/k_c_heatmap_results/k_c_paper_v2_auprc_best/checkpoints/k96__C48/recap/trial_1/model.pt
k96__C48,96,48,1,weibo,0.7921106106953774,0.3123843701525142,/autodl-fs/data/recap/tuning_hyperparams/interaction_tuning/k_c_heatmap_results/k_c_paper_v2_auprc_best/checkpoints/k96__C48/recap/trial_1/model.pt
k96__C48,96,48,1,Reddit,0.5968665180377275,0.04731926450406136,/autodl-fs/data/recap/tuning_hyperparams/interaction_tuning/k_c_heatmap_results/k_c_paper_v2_auprc_best/checkpoints/k96__C48/recap/trial_1/model.pt
k96__C48,96,48,1,Amazon,0.7180736119986985,0.12597178670448145,/autodl-fs/data/recap/tuning_hyperparams/interaction_tuning/k_c_heatmap_results/k_c_paper_v2_auprc_best/checkpoints/k96__C48/recap/trial_1/model.pt
k96__C48,96,48,2,Facebook,0.5945075757575757,0.03719707856179965,/autodl-fs/data/recap/tuning_hyperparams/interaction_tuning/k_c_heatmap_results/k_c_paper_v2_auprc_best/checkpoints/k96__C48/recap/trial_2/model.pt
k96__C48,96,48,2,cora,0.8161141516810009,0.39947936985024224,/autodl-fs/data/recap/tuning_hyperparams/interaction_tuning/k_c_heatmap_results/k_c_paper_v2_auprc_best/checkpoints/k96__C48/recap/trial_2/model.pt
k96__C48,96,48,2,citeseer,0.9044108697933061,0.4609458247773705,/autodl-fs/data/recap/tuning_hyperparams/interaction_tuning/k_c_heatmap_results/k_c_paper_v2_auprc_best/checkpoints/k96__C48/recap/trial_2/model.pt
k96__C48,96,48,2,ACM,0.7841501837885847,0.3728893066984377,/autodl-fs/data/recap/tuning_hyperparams/interaction_tuning/k_c_heatmap_results/k_c_paper_v2_auprc_best/checkpoints/k96__C48/recap/trial_2/model.pt
k96__C48,96,48,2,BlogCatalog,0.7313405501089324,0.3258472148829327,/autodl-fs/data/recap/tuning_hyperparams/interaction_tuning/k_c_heatmap_results/k_c_paper_v2_auprc_best/checkpoints/k96__C48/recap/trial_2/model.pt
k96__C48,96,48,2,weibo,0.8299443941379212,0.34500571434553917,/autodl-fs/data/recap/tuning_hyperparams/interaction_tuning/k_c_heatmap_results/k_c_paper_v2_auprc_best/checkpoints/k96__C48/recap/trial_2/model.pt
k96__C48,96,48,2,Reddit,0.5890820258824329,0.04556950608495276,/autodl-fs/data/recap/tuning_hyperparams/interaction_tuning/k_c_heatmap_results/k_c_paper_v2_auprc_best/checkpoints/k96__C48/recap/trial_2/model.pt
k96__C48,96,48,2,Amazon,0.7295055869182404,0.13574683454698674,/autodl-fs/data/recap/tuning_hyperparams/interaction_tuning/k_c_heatmap_results/k_c_paper_v2_auprc_best/checkpoints/k96__C48/recap/trial_2/model.pt
