run_id,stage,trial,dataset,AUROC,AUPRC,overrides,checkpoint
baseline,baseline,0,Facebook,0.5270833333333333,0.06971387247836337,"{""beta"": 0.03, ""knn_k"": 4, ""lambda_E"": 0.1, ""lambda_H"": 0.5, ""lambda_bal"": 0.05, ""num_clusters"": 4, ""num_hops"": 3, ""tau_s"": 0.15}",/autodl-fs/data/recap/tuning_hyperparams/interaction_tuning/results/interaction_paper_v1/checkpoints/baseline/recap/trial_0/model.pt
baseline,baseline,0,cora,0.6300390930414387,0.17377800827123305,"{""beta"": 0.03, ""knn_k"": 4, ""lambda_E"": 0.1, ""lambda_H"": 0.5, ""lambda_bal"": 0.05, ""num_clusters"": 4, ""num_hops"": 3, ""tau_s"": 0.15}",/autodl-fs/data/recap/tuning_hyperparams/interaction_tuning/results/interaction_paper_v1/checkpoints/baseline/recap/trial_0/model.pt
baseline,baseline,0,citeseer,0.7315664673171756,0.20455318839382217,"{""beta"": 0.03, ""knn_k"": 4, ""lambda_E"": 0.1, ""lambda_H"": 0.5, ""lambda_bal"": 0.05, ""num_clusters"": 4, ""num_hops"": 3, ""tau_s"": 0.15}",/autodl-fs/data/recap/tuning_hyperparams/interaction_tuning/results/interaction_paper_v1/checkpoints/baseline/recap/trial_0/model.pt
baseline,baseline,0,ACM,0.6984461237388554,0.25762424644857296,"{""beta"": 0.03, ""knn_k"": 4, ""lambda_E"": 0.1, ""lambda_H"": 0.5, ""lambda_bal"": 0.05, ""num_clusters"": 4, ""num_hops"": 3, ""tau_s"": 0.15}",/autodl-fs/data/recap/tuning_hyperparams/interaction_tuning/results/interaction_paper_v1/checkpoints/baseline/recap/trial_0/model.pt
baseline,baseline,0,BlogCatalog,0.7030255991285402,0.30205413080532817,"{""beta"": 0.03, ""knn_k"": 4, ""lambda_E"": 0.1, ""lambda_H"": 0.5, ""lambda_bal"": 0.05, ""num_clusters"": 4, ""num_hops"": 3, ""tau_s"": 0.15}",/autodl-fs/data/recap/tuning_hyperparams/interaction_tuning/results/interaction_paper_v1/checkpoints/baseline/recap/trial_0/model.pt
baseline,baseline,0,weibo,0.7483729270468454,0.2532584397942687,"{""beta"": 0.03, ""knn_k"": 4, ""lambda_E"": 0.1, ""lambda_H"": 0.5, ""lambda_bal"": 0.05, ""num_clusters"": 4, ""num_hops"": 3, ""tau_s"": 0.15}",/autodl-fs/data/recap/tuning_hyperparams/interaction_tuning/results/interaction_paper_v1/checkpoints/baseline/recap/trial_0/model.pt
baseline,baseline,0,Reddit,0.5290584243479729,0.03601127308903566,"{""beta"": 0.03, ""knn_k"": 4, ""lambda_E"": 0.1, ""lambda_H"": 0.5, ""lambda_bal"": 0.05, ""num_clusters"": 4, ""num_hops"": 3, ""tau_s"": 0.15}",/autodl-fs/data/recap/tuning_hyperparams/interaction_tuning/results/interaction_paper_v1/checkpoints/baseline/recap/trial_0/model.pt
baseline,baseline,0,Amazon,0.6193473170180755,0.10996529107808989,"{""beta"": 0.03, ""knn_k"": 4, ""lambda_E"": 0.1, ""lambda_H"": 0.5, ""lambda_bal"": 0.05, ""num_clusters"": 4, ""num_hops"": 3, ""tau_s"": 0.15}",/autodl-fs/data/recap/tuning_hyperparams/interaction_tuning/results/interaction_paper_v1/checkpoints/baseline/recap/trial_0/model.pt
baseline,baseline,1,Facebook,0.5180303030303031,0.11282535668115101,"{""beta"": 0.03, ""knn_k"": 4, ""lambda_E"": 0.1, ""lambda_H"": 0.5, ""lambda_bal"": 0.05, ""num_clusters"": 4, ""num_hops"": 3, ""tau_s"": 0.15}",/autodl-fs/data/recap/tuning_hyperparams/interaction_tuning/results/interaction_paper_v1/checkpoints/baseline/recap/trial_1/model.pt
baseline,baseline,1,cora,0.6799895751889496,0.14608241345070327,"{""beta"": 0.03, ""knn_k"": 4, ""lambda_E"": 0.1, ""lambda_H"": 0.5, ""lambda_bal"": 0.05, ""num_clusters"": 4, ""num_hops"": 3, ""tau_s"": 0.15}",/autodl-fs/data/recap/tuning_hyperparams/interaction_tuning/results/interaction_paper_v1/checkpoints/baseline/recap/trial_1/model.pt
baseline,baseline,1,citeseer,0.6823523239953836,0.1410726220800133,"{""beta"": 0.03, ""knn_k"": 4, ""lambda_E"": 0.1, ""lambda_H"": 0.5, ""lambda_bal"": 0.05, ""num_clusters"": 4, ""num_hops"": 3, ""tau_s"": 0.15}",/autodl-fs/data/recap/tuning_hyperparams/interaction_tuning/results/interaction_paper_v1/checkpoints/baseline/recap/trial_1/model.pt
baseline,baseline,1,ACM,0.7181438127883706,0.27934932027793996,"{""beta"": 0.03, ""knn_k"": 4, ""lambda_E"": 0.1, ""lambda_H"": 0.5, ""lambda_bal"": 0.05, ""num_clusters"": 4, ""num_hops"": 3, ""tau_s"": 0.15}",/autodl-fs/data/recap/tuning_hyperparams/interaction_tuning/results/interaction_paper_v1/checkpoints/baseline/recap/trial_1/model.pt
baseline,baseline,1,BlogCatalog,0.6888759531590414,0.3049854858565666,"{""beta"": 0.03, ""knn_k"": 4, ""lambda_E"": 0.1, ""lambda_H"": 0.5, ""lambda_bal"": 0.05, ""num_clusters"": 4, ""num_hops"": 3, ""tau_s"": 0.15}",/autodl-fs/data/recap/tuning_hyperparams/interaction_tuning/results/interaction_paper_v1/checkpoints/baseline/recap/trial_1/model.pt
baseline,baseline,1,weibo,0.7137596612472172,0.305780704241278,"{""beta"": 0.03, ""knn_k"": 4, ""lambda_E"": 0.1, ""lambda_H"": 0.5, ""lambda_bal"": 0.05, ""num_clusters"": 4, ""num_hops"": 3, ""tau_s"": 0.15}",/autodl-fs/data/recap/tuning_hyperparams/interaction_tuning/results/interaction_paper_v1/checkpoints/baseline/recap/trial_1/model.pt
baseline,baseline,1,Reddit,0.539826688775736,0.03613131848912492,"{""beta"": 0.03, ""knn_k"": 4, ""lambda_E"": 0.1, ""lambda_H"": 0.5, ""lambda_bal"": 0.05, ""num_clusters"": 4, ""num_hops"": 3, ""tau_s"": 0.15}",/autodl-fs/data/recap/tuning_hyperparams/interaction_tuning/results/interaction_paper_v1/checkpoints/baseline/recap/trial_1/model.pt
baseline,baseline,1,Amazon,0.5329121210455803,0.08359586206450678,"{""beta"": 0.03, ""knn_k"": 4, ""lambda_E"": 0.1, ""lambda_H"": 0.5, ""lambda_bal"": 0.05, ""num_clusters"": 4, ""num_hops"": 3, ""tau_s"": 0.15}",/autodl-fs/data/recap/tuning_hyperparams/interaction_tuning/results/interaction_paper_v1/checkpoints/baseline/recap/trial_1/model.pt
baseline,baseline,2,Facebook,0.5059848484848486,0.08468709435031999,"{""beta"": 0.03, ""knn_k"": 4, ""lambda_E"": 0.1, ""lambda_H"": 0.5, ""lambda_bal"": 0.05, ""num_clusters"": 4, ""num_hops"": 3, ""tau_s"": 0.15}",/autodl-fs/data/recap/tuning_hyperparams/interaction_tuning/results/interaction_paper_v1/checkpoints/baseline/recap/trial_2/model.pt
baseline,baseline,2,cora,0.671264008339849,0.15968563246295092,"{""beta"": 0.03, ""knn_k"": 4, ""lambda_E"": 0.1, ""lambda_H"": 0.5, ""lambda_bal"": 0.05, ""num_clusters"": 4, ""num_hops"": 3, ""tau_s"": 0.15}",/autodl-fs/data/recap/tuning_hyperparams/interaction_tuning/results/interaction_paper_v1/checkpoints/baseline/recap/trial_2/model.pt
baseline,baseline,2,citeseer,0.660069247717973,0.155623470623606,"{""beta"": 0.03, ""knn_k"": 4, ""lambda_E"": 0.1, ""lambda_H"": 0.5, ""lambda_bal"": 0.05, ""num_clusters"": 4, ""num_hops"": 3, ""tau_s"": 0.15}",/autodl-fs/data/recap/tuning_hyperparams/interaction_tuning/results/interaction_paper_v1/checkpoints/baseline/recap/trial_2/model.pt
baseline,baseline,2,ACM,0.7215138237082477,0.2890500609638623,"{""beta"": 0.03, ""knn_k"": 4, ""lambda_E"": 0.1, ""lambda_H"": 0.5, ""lambda_bal"": 0.05, ""num_clusters"": 4, ""num_hops"": 3, ""tau_s"": 0.15}",/autodl-fs/data/recap/tuning_hyperparams/interaction_tuning/results/interaction_paper_v1/checkpoints/baseline/recap/trial_2/model.pt
baseline,baseline,2,BlogCatalog,0.7024407679738562,0.2833292514646346,"{""beta"": 0.03, ""knn_k"": 4, ""lambda_E"": 0.1, ""lambda_H"": 0.5, ""lambda_bal"": 0.05, ""num_clusters"": 4, ""num_hops"": 3, ""tau_s"": 0.15}",/autodl-fs/data/recap/tuning_hyperparams/interaction_tuning/results/interaction_paper_v1/checkpoints/baseline/recap/trial_2/model.pt
baseline,baseline,2,weibo,0.70693763302271,0.3056716068183497,"{""beta"": 0.03, ""knn_k"": 4, ""lambda_E"": 0.1, ""lambda_H"": 0.5, ""lambda_bal"": 0.05, ""num_clusters"": 4, ""num_hops"": 3, ""tau_s"": 0.15}",/autodl-fs/data/recap/tuning_hyperparams/interaction_tuning/results/interaction_paper_v1/checkpoints/baseline/recap/trial_2/model.pt
baseline,baseline,2,Reddit,0.5701709490122454,0.04468544412153938,"{""beta"": 0.03, ""knn_k"": 4, ""lambda_E"": 0.1, ""lambda_H"": 0.5, ""lambda_bal"": 0.05, ""num_clusters"": 4, ""num_hops"": 3, ""tau_s"": 0.15}",/autodl-fs/data/recap/tuning_hyperparams/interaction_tuning/results/interaction_paper_v1/checkpoints/baseline/recap/trial_2/model.pt
baseline,baseline,2,Amazon,0.579414057538074,0.08224077434345073,"{""beta"": 0.03, ""knn_k"": 4, ""lambda_E"": 0.1, ""lambda_H"": 0.5, ""lambda_bal"": 0.05, ""num_clusters"": 4, ""num_hops"": 3, ""tau_s"": 0.15}",/autodl-fs/data/recap/tuning_hyperparams/interaction_tuning/results/interaction_paper_v1/checkpoints/baseline/recap/trial_2/model.pt
graph__k16__C20__L1,graph_core,0,Facebook,0.5540151515151515,0.03868289099272175,"{""beta"": 0.005, ""knn_k"": 16, ""lambda_E"": 0.1, ""lambda_H"": 0.35, ""lambda_bal"": 0.01, ""num_clusters"": 20, ""num_hops"": 1, ""tau_s"": 0.05}",/autodl-fs/data/recap/tuning_hyperparams/interaction_tuning/results/interaction_paper_v1/checkpoints/graph__k16__C20__L1/recap/trial_0/model.pt
graph__k16__C20__L1,graph_core,0,cora,0.8342220484753714,0.37490756667737,"{""beta"": 0.005, ""knn_k"": 16, ""lambda_E"": 0.1, ""lambda_H"": 0.35, ""lambda_bal"": 0.01, ""num_clusters"": 20, ""num_hops"": 1, ""tau_s"": 0.05}",/autodl-fs/data/recap/tuning_hyperparams/interaction_tuning/results/interaction_paper_v1/checkpoints/graph__k16__C20__L1/recap/trial_0/model.pt
graph__k16__C20__L1,graph_core,0,citeseer,0.8721708110376667,0.3206143653730852,"{""beta"": 0.005, ""knn_k"": 16, ""lambda_E"": 0.1, ""lambda_H"": 0.35, ""lambda_bal"": 0.01, ""num_clusters"": 20, ""num_hops"": 1, ""tau_s"": 0.05}",/autodl-fs/data/recap/tuning_hyperparams/interaction_tuning/results/interaction_paper_v1/checkpoints/graph__k16__C20__L1/recap/trial_0/model.pt
graph__k16__C20__L1,graph_core,0,ACM,0.8070017952374913,0.3536710227750095,"{""beta"": 0.005, ""knn_k"": 16, ""lambda_E"": 0.1, ""lambda_H"": 0.35, ""lambda_bal"": 0.01, ""num_clusters"": 20, ""num_hops"": 1, ""tau_s"": 0.05}",/autodl-fs/data/recap/tuning_hyperparams/interaction_tuning/results/interaction_paper_v1/checkpoints/graph__k16__C20__L1/recap/trial_0/model.pt
graph__k16__C20__L1,graph_core,0,BlogCatalog,0.72224026416122,0.327224206524506,"{""beta"": 0.005, ""knn_k"": 16, ""lambda_E"": 0.1, ""lambda_H"": 0.35, ""lambda_bal"": 0.01, ""num_clusters"": 20, ""num_hops"": 1, ""tau_s"": 0.05}",/autodl-fs/data/recap/tuning_hyperparams/interaction_tuning/results/interaction_paper_v1/checkpoints/graph__k16__C20__L1/recap/trial_0/model.pt
graph__k16__C20__L1,graph_core,0,weibo,0.7066753325682393,0.29916553304063076,"{""beta"": 0.005, ""knn_k"": 16, ""lambda_E"": 0.1, ""lambda_H"": 0.35, ""lambda_bal"": 0.01, ""num_clusters"": 20, ""num_hops"": 1, ""tau_s"": 0.05}",/autodl-fs/data/recap/tuning_hyperparams/interaction_tuning/results/interaction_paper_v1/checkpoints/graph__k16__C20__L1/recap/trial_0/model.pt
graph__k16__C20__L1,graph_core,0,Reddit,0.6057107890817428,0.04678593953693655,"{""beta"": 0.005, ""knn_k"": 16, ""lambda_E"": 0.1, ""lambda_H"": 0.35, ""lambda_bal"": 0.01, ""num_clusters"": 20, ""num_hops"": 1, ""tau_s"": 0.05}",/autodl-fs/data/recap/tuning_hyperparams/interaction_tuning/results/interaction_paper_v1/checkpoints/graph__k16__C20__L1/recap/trial_0/model.pt
graph__k16__C20__L1,graph_core,0,Amazon,0.7056959874082945,0.12475816983963822,"{""beta"": 0.005, ""knn_k"": 16, ""lambda_E"": 0.1, ""lambda_H"": 0.35, ""lambda_bal"": 0.01, ""num_clusters"": 20, ""num_hops"": 1, ""tau_s"": 0.05}",/autodl-fs/data/recap/tuning_hyperparams/interaction_tuning/results/interaction_paper_v1/checkpoints/graph__k16__C20__L1/recap/trial_0/model.pt
graph__k16__C20__L1,graph_core,1,Facebook,0.5447348484848484,0.0346746477594197,"{""beta"": 0.005, ""knn_k"": 16, ""lambda_E"": 0.1, ""lambda_H"": 0.35, ""lambda_bal"": 0.01, ""num_clusters"": 20, ""num_hops"": 1, ""tau_s"": 0.05}",/autodl-fs/data/recap/tuning_hyperparams/interaction_tuning/results/interaction_paper_v1/checkpoints/graph__k16__C20__L1/recap/trial_1/model.pt
graph__k16__C20__L1,graph_core,1,cora,0.8327365129007037,0.3537362148704362,"{""beta"": 0.005, ""knn_k"": 16, ""lambda_E"": 0.1, ""lambda_H"": 0.35, ""lambda_bal"": 0.01, ""num_clusters"": 20, ""num_hops"": 1, ""tau_s"": 0.05}",/autodl-fs/data/recap/tuning_hyperparams/interaction_tuning/results/interaction_paper_v1/checkpoints/graph__k16__C20__L1/recap/trial_1/model.pt
graph__k16__C20__L1,graph_core,1,citeseer,0.8722022872731089,0.3427135781700127,"{""beta"": 0.005, ""knn_k"": 16, ""lambda_E"": 0.1, ""lambda_H"": 0.35, ""lambda_bal"": 0.01, ""num_clusters"": 20, ""num_hops"": 1, ""tau_s"": 0.05}",/autodl-fs/data/recap/tuning_hyperparams/interaction_tuning/results/interaction_paper_v1/checkpoints/graph__k16__C20__L1/recap/trial_1/model.pt
graph__k16__C20__L1,graph_core,1,ACM,0.804234765653871,0.34916541304440374,"{""beta"": 0.005, ""knn_k"": 16, ""lambda_E"": 0.1, ""lambda_H"": 0.35, ""lambda_bal"": 0.01, ""num_clusters"": 20, ""num_hops"": 1, ""tau_s"": 0.05}",/autodl-fs/data/recap/tuning_hyperparams/interaction_tuning/results/interaction_paper_v1/checkpoints/graph__k16__C20__L1/recap/trial_1/model.pt
graph__k16__C20__L1,graph_core,1,BlogCatalog,0.7210369008714597,0.3291118731165693,"{""beta"": 0.005, ""knn_k"": 16, ""lambda_E"": 0.1, ""lambda_H"": 0.35, ""lambda_bal"": 0.01, ""num_clusters"": 20, ""num_hops"": 1, ""tau_s"": 0.05}",/autodl-fs/data/recap/tuning_hyperparams/interaction_tuning/results/interaction_paper_v1/checkpoints/graph__k16__C20__L1/recap/trial_1/model.pt
graph__k16__C20__L1,graph_core,1,weibo,0.6994376895793348,0.2943321386717864,"{""beta"": 0.005, ""knn_k"": 16, ""lambda_E"": 0.1, ""lambda_H"": 0.35, ""lambda_bal"": 0.01, ""num_clusters"": 20, ""num_hops"": 1, ""tau_s"": 0.05}",/autodl-fs/data/recap/tuning_hyperparams/interaction_tuning/results/interaction_paper_v1/checkpoints/graph__k16__C20__L1/recap/trial_1/model.pt
graph__k16__C20__L1,graph_core,1,Reddit,0.6038708111908122,0.04562932705739278,"{""beta"": 0.005, ""knn_k"": 16, ""lambda_E"": 0.1, ""lambda_H"": 0.35, ""lambda_bal"": 0.01, ""num_clusters"": 20, ""num_hops"": 1, ""tau_s"": 0.05}",/autodl-fs/data/recap/tuning_hyperparams/interaction_tuning/results/interaction_paper_v1/checkpoints/graph__k16__C20__L1/recap/trial_1/model.pt
graph__k16__C20__L1,graph_core,1,Amazon,0.7187157786780073,0.13010540510143784,"{""beta"": 0.005, ""knn_k"": 16, ""lambda_E"": 0.1, ""lambda_H"": 0.35, ""lambda_bal"": 0.01, ""num_clusters"": 20, ""num_hops"": 1, ""tau_s"": 0.05}",/autodl-fs/data/recap/tuning_hyperparams/interaction_tuning/results/interaction_paper_v1/checkpoints/graph__k16__C20__L1/recap/trial_1/model.pt
graph__k16__C20__L1,graph_core,2,Facebook,0.5362121212121213,0.0290503169512784,"{""beta"": 0.005, ""knn_k"": 16, ""lambda_E"": 0.1, ""lambda_H"": 0.35, ""lambda_bal"": 0.01, ""num_clusters"": 20, ""num_hops"": 1, ""tau_s"": 0.05}",/autodl-fs/data/recap/tuning_hyperparams/interaction_tuning/results/interaction_paper_v1/checkpoints/graph__k16__C20__L1/recap/trial_2/model.pt
graph__k16__C20__L1,graph_core,2,cora,0.8268647380766223,0.33845327695928623,"{""beta"": 0.005, ""knn_k"": 16, ""lambda_E"": 0.1, ""lambda_H"": 0.35, ""lambda_bal"": 0.01, ""num_clusters"": 20, ""num_hops"": 1, ""tau_s"": 0.05}",/autodl-fs/data/recap/tuning_hyperparams/interaction_tuning/results/interaction_paper_v1/checkpoints/graph__k16__C20__L1/recap/trial_2/model.pt
graph__k16__C20__L1,graph_core,2,citeseer,0.8733438254118141,0.32164186139329637,"{""beta"": 0.005, ""knn_k"": 16, ""lambda_E"": 0.1, ""lambda_H"": 0.35, ""lambda_bal"": 0.01, ""num_clusters"": 20, ""num_hops"": 1, ""tau_s"": 0.05}",/autodl-fs/data/recap/tuning_hyperparams/interaction_tuning/results/interaction_paper_v1/checkpoints/graph__k16__C20__L1/recap/trial_2/model.pt
graph__k16__C20__L1,graph_core,2,ACM,0.8065128943009249,0.3543023305812364,"{""beta"": 0.005, ""knn_k"": 16, ""lambda_E"": 0.1, ""lambda_H"": 0.35, ""lambda_bal"": 0.01, ""num_clusters"": 20, ""num_hops"": 1, ""tau_s"": 0.05}",/autodl-fs/data/recap/tuning_hyperparams/interaction_tuning/results/interaction_paper_v1/checkpoints/graph__k16__C20__L1/recap/trial_2/model.pt
graph__k16__C20__L1,graph_core,2,BlogCatalog,0.7271977124183008,0.33061532698050006,"{""beta"": 0.005, ""knn_k"": 16, ""lambda_E"": 0.1, ""lambda_H"": 0.35, ""lambda_bal"": 0.01, ""num_clusters"": 20, ""num_hops"": 1, ""tau_s"": 0.05}",/autodl-fs/data/recap/tuning_hyperparams/interaction_tuning/results/interaction_paper_v1/checkpoints/graph__k16__C20__L1/recap/trial_2/model.pt
graph__k16__C20__L1,graph_core,2,weibo,0.6951008664474919,0.28831460635642614,"{""beta"": 0.005, ""knn_k"": 16, ""lambda_E"": 0.1, ""lambda_H"": 0.35, ""lambda_bal"": 0.01, ""num_clusters"": 20, ""num_hops"": 1, ""tau_s"": 0.05}",/autodl-fs/data/recap/tuning_hyperparams/interaction_tuning/results/interaction_paper_v1/checkpoints/graph__k16__C20__L1/recap/trial_2/model.pt
graph__k16__C20__L1,graph_core,2,Reddit,0.6027199404660813,0.04530118909711437,"{""beta"": 0.005, ""knn_k"": 16, ""lambda_E"": 0.1, ""lambda_H"": 0.35, ""lambda_bal"": 0.01, ""num_clusters"": 20, ""num_hops"": 1, ""tau_s"": 0.05}",/autodl-fs/data/recap/tuning_hyperparams/interaction_tuning/results/interaction_paper_v1/checkpoints/graph__k16__C20__L1/recap/trial_2/model.pt
graph__k16__C20__L1,graph_core,2,Amazon,0.7061871317458349,0.12570089777080778,"{""beta"": 0.005, ""knn_k"": 16, ""lambda_E"": 0.1, ""lambda_H"": 0.35, ""lambda_bal"": 0.01, ""num_clusters"": 20, ""num_hops"": 1, ""tau_s"": 0.05}",/autodl-fs/data/recap/tuning_hyperparams/interaction_tuning/results/interaction_paper_v1/checkpoints/graph__k16__C20__L1/recap/trial_2/model.pt
graph__k16__C20__L2,graph_core,0,Facebook,0.5684469696969696,0.04054544622007002,"{""beta"": 0.005, ""knn_k"": 16, ""lambda_E"": 0.1, ""lambda_H"": 0.35, ""lambda_bal"": 0.01, ""num_clusters"": 20, ""num_hops"": 2, ""tau_s"": 0.05}",/autodl-fs/data/recap/tuning_hyperparams/interaction_tuning/results/interaction_paper_v1/checkpoints/graph__k16__C20__L2/recap/trial_0/model.pt
graph__k16__C20__L2,graph_core,0,cora,0.8406333072713057,0.43740988296645666,"{""beta"": 0.005, ""knn_k"": 16, ""lambda_E"": 0.1, ""lambda_H"": 0.35, ""lambda_bal"": 0.01, ""num_clusters"": 20, ""num_hops"": 2, ""tau_s"": 0.05}",/autodl-fs/data/recap/tuning_hyperparams/interaction_tuning/results/interaction_paper_v1/checkpoints/graph__k16__C20__L2/recap/trial_0/model.pt
graph__k16__C20__L2,graph_core,0,citeseer,0.9015989927604658,0.41877292050984594,"{""beta"": 0.005, ""knn_k"": 16, ""lambda_E"": 0.1, ""lambda_H"": 0.35, ""lambda_bal"": 0.01, ""num_clusters"": 20, ""num_hops"": 2, ""tau_s"": 0.05}",/autodl-fs/data/recap/tuning_hyperparams/interaction_tuning/results/interaction_paper_v1/checkpoints/graph__k16__C20__L2/recap/trial_0/model.pt
graph__k16__C20__L2,graph_core,0,ACM,0.8009612275304049,0.36784862771370985,"{""beta"": 0.005, ""knn_k"": 16, ""lambda_E"": 0.1, ""lambda_H"": 0.35, ""lambda_bal"": 0.01, ""num_clusters"": 20, ""num_hops"": 2, ""tau_s"": 0.05}",/autodl-fs/data/recap/tuning_hyperparams/interaction_tuning/results/interaction_paper_v1/checkpoints/graph__k16__C20__L2/recap/trial_0/model.pt
graph__k16__C20__L2,graph_core,0,BlogCatalog,0.7234698393246188,0.33218310895540804,"{""beta"": 0.005, ""knn_k"": 16, ""lambda_E"": 0.1, ""lambda_H"": 0.35, ""lambda_bal"": 0.01, ""num_clusters"": 20, ""num_hops"": 2, ""tau_s"": 0.05}",/autodl-fs/data/recap/tuning_hyperparams/interaction_tuning/results/interaction_paper_v1/checkpoints/graph__k16__C20__L2/recap/trial_0/model.pt
graph__k16__C20__L2,graph_core,0,weibo,0.750300896529502,0.30869860758304013,"{""beta"": 0.005, ""knn_k"": 16, ""lambda_E"": 0.1, ""lambda_H"": 0.35, ""lambda_bal"": 0.01, ""num_clusters"": 20, ""num_hops"": 2, ""tau_s"": 0.05}",/autodl-fs/data/recap/tuning_hyperparams/interaction_tuning/results/interaction_paper_v1/checkpoints/graph__k16__C20__L2/recap/trial_0/model.pt
graph__k16__C20__L2,graph_core,0,Reddit,0.5981484941027042,0.046986311062384656,"{""beta"": 0.005, ""knn_k"": 16, ""lambda_E"": 0.1, ""lambda_H"": 0.35, ""lambda_bal"": 0.01, ""num_clusters"": 20, ""num_hops"": 2, ""tau_s"": 0.05}",/autodl-fs/data/recap/tuning_hyperparams/interaction_tuning/results/interaction_paper_v1/checkpoints/graph__k16__C20__L2/recap/trial_0/model.pt
graph__k16__C20__L2,graph_core,0,Amazon,0.7212027646399696,0.12969981199871455,"{""beta"": 0.005, ""knn_k"": 16, ""lambda_E"": 0.1, ""lambda_H"": 0.35, ""lambda_bal"": 0.01, ""num_clusters"": 20, ""num_hops"": 2, ""tau_s"": 0.05}",/autodl-fs/data/recap/tuning_hyperparams/interaction_tuning/results/interaction_paper_v1/checkpoints/graph__k16__C20__L2/recap/trial_0/model.pt
graph__k16__C20__L2,graph_core,1,Facebook,0.5628030303030304,0.04411845049532931,"{""beta"": 0.005, ""knn_k"": 16, ""lambda_E"": 0.1, ""lambda_H"": 0.35, ""lambda_bal"": 0.01, ""num_clusters"": 20, ""num_hops"": 2, ""tau_s"": 0.05}",/autodl-fs/data/recap/tuning_hyperparams/interaction_tuning/results/interaction_paper_v1/checkpoints/graph__k16__C20__L2/recap/trial_1/model.pt
graph__k16__C20__L2,graph_core,1,cora,0.8425957779515245,0.42503284341819153,"{""beta"": 0.005, ""knn_k"": 16, ""lambda_E"": 0.1, ""lambda_H"": 0.35, ""lambda_bal"": 0.01, ""num_clusters"": 20, ""num_hops"": 2, ""tau_s"": 0.05}",/autodl-fs/data/recap/tuning_hyperparams/interaction_tuning/results/interaction_paper_v1/checkpoints/graph__k16__C20__L2/recap/trial_1/model.pt
graph__k16__C20__L2,graph_core,1,citeseer,0.8991071241212883,0.44172705829412884,"{""beta"": 0.005, ""knn_k"": 16, ""lambda_E"": 0.1, ""lambda_H"": 0.35, ""lambda_bal"": 0.01, ""num_clusters"": 20, ""num_hops"": 2, ""tau_s"": 0.05}",/autodl-fs/data/recap/tuning_hyperparams/interaction_tuning/results/interaction_paper_v1/checkpoints/graph__k16__C20__L2/recap/trial_1/model.pt
graph__k16__C20__L2,graph_core,1,ACM,0.7971976286881208,0.36622784122740315,"{""beta"": 0.005, ""knn_k"": 16, ""lambda_E"": 0.1, ""lambda_H"": 0.35, ""lambda_bal"": 0.01, ""num_clusters"": 20, ""num_hops"": 2, ""tau_s"": 0.05}",/autodl-fs/data/recap/tuning_hyperparams/interaction_tuning/results/interaction_paper_v1/checkpoints/graph__k16__C20__L2/recap/trial_1/model.pt
graph__k16__C20__L2,graph_core,1,BlogCatalog,0.7226599945533769,0.33372637436938285,"{""beta"": 0.005, ""knn_k"": 16, ""lambda_E"": 0.1, ""lambda_H"": 0.35, ""lambda_bal"": 0.01, ""num_clusters"": 20, ""num_hops"": 2, ""tau_s"": 0.05}",/autodl-fs/data/recap/tuning_hyperparams/interaction_tuning/results/interaction_paper_v1/checkpoints/graph__k16__C20__L2/recap/trial_1/model.pt
graph__k16__C20__L2,graph_core,1,weibo,0.7394851298876388,0.3037403207971147,"{""beta"": 0.005, ""knn_k"": 16, ""lambda_E"": 0.1, ""lambda_H"": 0.35, ""lambda_bal"": 0.01, ""num_clusters"": 20, ""num_hops"": 2, ""tau_s"": 0.05}",/autodl-fs/data/recap/tuning_hyperparams/interaction_tuning/results/interaction_paper_v1/checkpoints/graph__k16__C20__L2/recap/trial_1/model.pt
graph__k16__C20__L2,graph_core,1,Reddit,0.5966102257533603,0.045711689022366844,"{""beta"": 0.005, ""knn_k"": 16, ""lambda_E"": 0.1, ""lambda_H"": 0.35, ""lambda_bal"": 0.01, ""num_clusters"": 20, ""num_hops"": 2, ""tau_s"": 0.05}",/autodl-fs/data/recap/tuning_hyperparams/interaction_tuning/results/interaction_paper_v1/checkpoints/graph__k16__C20__L2/recap/trial_1/model.pt
graph__k16__C20__L2,graph_core,1,Amazon,0.7353538987155607,0.13541797179205844,"{""beta"": 0.005, ""knn_k"": 16, ""lambda_E"": 0.1, ""lambda_H"": 0.35, ""lambda_bal"": 0.01, ""num_clusters"": 20, ""num_hops"": 2, ""tau_s"": 0.05}",/autodl-fs/data/recap/tuning_hyperparams/interaction_tuning/results/interaction_paper_v1/checkpoints/graph__k16__C20__L2/recap/trial_1/model.pt
graph__k16__C20__L2,graph_core,2,Facebook,0.5564772727272727,0.03183581285257277,"{""beta"": 0.005, ""knn_k"": 16, ""lambda_E"": 0.1, ""lambda_H"": 0.35, ""lambda_bal"": 0.01, ""num_clusters"": 20, ""num_hops"": 2, ""tau_s"": 0.05}",/autodl-fs/data/recap/tuning_hyperparams/interaction_tuning/results/interaction_paper_v1/checkpoints/graph__k16__C20__L2/recap/trial_2/model.pt
graph__k16__C20__L2,graph_core,2,cora,0.8345295804013553,0.40870223474999917,"{""beta"": 0.005, ""knn_k"": 16, ""lambda_E"": 0.1, ""lambda_H"": 0.35, ""lambda_bal"": 0.01, ""num_clusters"": 20, ""num_hops"": 2, ""tau_s"": 0.05}",/autodl-fs/data/recap/tuning_hyperparams/interaction_tuning/results/interaction_paper_v1/checkpoints/graph__k16__C20__L2/recap/trial_2/model.pt
graph__k16__C20__L2,graph_core,2,citeseer,0.9009400902318748,0.42199187445949116,"{""beta"": 0.005, ""knn_k"": 16, ""lambda_E"": 0.1, ""lambda_H"": 0.35, ""lambda_bal"": 0.01, ""num_clusters"": 20, ""num_hops"": 2, ""tau_s"": 0.05}",/autodl-fs/data/recap/tuning_hyperparams/interaction_tuning/results/interaction_paper_v1/checkpoints/graph__k16__C20__L2/recap/trial_2/model.pt
graph__k16__C20__L2,graph_core,2,ACM,0.8002321462329376,0.3707560343526735,"{""beta"": 0.005, ""knn_k"": 16, ""lambda_E"": 0.1, ""lambda_H"": 0.35, ""lambda_bal"": 0.01, ""num_clusters"": 20, ""num_hops"": 2, ""tau_s"": 0.05}",/autodl-fs/data/recap/tuning_hyperparams/interaction_tuning/results/interaction_paper_v1/checkpoints/graph__k16__C20__L2/recap/trial_2/model.pt
graph__k16__C20__L2,graph_core,2,BlogCatalog,0.7280814270152506,0.33508361044003665,"{""beta"": 0.005, ""knn_k"": 16, ""lambda_E"": 0.1, ""lambda_H"": 0.35, ""lambda_bal"": 0.01, ""num_clusters"": 20, ""num_hops"": 2, ""tau_s"": 0.05}",/autodl-fs/data/recap/tuning_hyperparams/interaction_tuning/results/interaction_paper_v1/checkpoints/graph__k16__C20__L2/recap/trial_2/model.pt
graph__k16__C20__L2,graph_core,2,weibo,0.7369868556289738,0.29712739647551695,"{""beta"": 0.005, ""knn_k"": 16, ""lambda_E"": 0.1, ""lambda_H"": 0.35, ""lambda_bal"": 0.01, ""num_clusters"": 20, ""num_hops"": 2, ""tau_s"": 0.05}",/autodl-fs/data/recap/tuning_hyperparams/interaction_tuning/results/interaction_paper_v1/checkpoints/graph__k16__C20__L2/recap/trial_2/model.pt
graph__k16__C20__L2,graph_core,2,Reddit,0.5937953850920233,0.044965042503897226,"{""beta"": 0.005, ""knn_k"": 16, ""lambda_E"": 0.1, ""lambda_H"": 0.35, ""lambda_bal"": 0.01, ""num_clusters"": 20, ""num_hops"": 2, ""tau_s"": 0.05}",/autodl-fs/data/recap/tuning_hyperparams/interaction_tuning/results/interaction_paper_v1/checkpoints/graph__k16__C20__L2/recap/trial_2/model.pt
graph__k16__C20__L2,graph_core,2,Amazon,0.7200656686020235,0.12903911509494959,"{""beta"": 0.005, ""knn_k"": 16, ""lambda_E"": 0.1, ""lambda_H"": 0.35, ""lambda_bal"": 0.01, ""num_clusters"": 20, ""num_hops"": 2, ""tau_s"": 0.05}",/autodl-fs/data/recap/tuning_hyperparams/interaction_tuning/results/interaction_paper_v1/checkpoints/graph__k16__C20__L2/recap/trial_2/model.pt
graph__k16__C20__L3,graph_core,0,Facebook,0.5816666666666667,0.04946661645817642,"{""beta"": 0.005, ""knn_k"": 16, ""lambda_E"": 0.1, ""lambda_H"": 0.35, ""lambda_bal"": 0.01, ""num_clusters"": 20, ""num_hops"": 3, ""tau_s"": 0.05}",/autodl-fs/data/recap/tuning_hyperparams/interaction_tuning/results/interaction_paper_v1/checkpoints/graph__k16__C20__L3/recap/trial_0/model.pt
graph__k16__C20__L3,graph_core,0,cora,0.8319338024498306,0.4292942313478077,"{""beta"": 0.005, ""knn_k"": 16, ""lambda_E"": 0.1, ""lambda_H"": 0.35, ""lambda_bal"": 0.01, ""num_clusters"": 20, ""num_hops"": 3, ""tau_s"": 0.05}",/autodl-fs/data/recap/tuning_hyperparams/interaction_tuning/results/interaction_paper_v1/checkpoints/graph__k16__C20__L3/recap/trial_0/model.pt
graph__k16__C20__L3,graph_core,0,citeseer,0.9038957087399014,0.4384756514812186,"{""beta"": 0.005, ""knn_k"": 16, ""lambda_E"": 0.1, ""lambda_H"": 0.35, ""lambda_bal"": 0.01, ""num_clusters"": 20, ""num_hops"": 3, ""tau_s"": 0.05}",/autodl-fs/data/recap/tuning_hyperparams/interaction_tuning/results/interaction_paper_v1/checkpoints/graph__k16__C20__L3/recap/trial_0/model.pt
graph__k16__C20__L3,graph_core,0,ACM,0.7966329201661778,0.3729572963015745,"{""beta"": 0.005, ""knn_k"": 16, ""lambda_E"": 0.1, ""lambda_H"": 0.35, ""lambda_bal"": 0.01, ""num_clusters"": 20, ""num_hops"": 3, ""tau_s"": 0.05}",/autodl-fs/data/recap/tuning_hyperparams/interaction_tuning/results/interaction_paper_v1/checkpoints/graph__k16__C20__L3/recap/trial_0/model.pt
graph__k16__C20__L3,graph_core,0,BlogCatalog,0.7244178921568627,0.3343838810799871,"{""beta"": 0.005, ""knn_k"": 16, ""lambda_E"": 0.1, ""lambda_H"": 0.35, ""lambda_bal"": 0.01, ""num_clusters"": 20, ""num_hops"": 3, ""tau_s"": 0.05}",/autodl-fs/data/recap/tuning_hyperparams/interaction_tuning/results/interaction_paper_v1/checkpoints/graph__k16__C20__L3/recap/trial_0/model.pt
graph__k16__C20__L3,graph_core,0,weibo,0.7575705627965018,0.3097687165302947,"{""beta"": 0.005, ""knn_k"": 16, ""lambda_E"": 0.1, ""lambda_H"": 0.35, ""lambda_bal"": 0.01, ""num_clusters"": 20, ""num_hops"": 3, ""tau_s"": 0.05}",/autodl-fs/data/recap/tuning_hyperparams/interaction_tuning/results/interaction_paper_v1/checkpoints/graph__k16__C20__L3/recap/trial_0/model.pt
graph__k16__C20__L3,graph_core,0,Reddit,0.5974848617719987,0.047754687353868605,"{""beta"": 0.005, ""knn_k"": 16, ""lambda_E"": 0.1, ""lambda_H"": 0.35, ""lambda_bal"": 0.01, ""num_clusters"": 20, ""num_hops"": 3, ""tau_s"": 0.05}",/autodl-fs/data/recap/tuning_hyperparams/interaction_tuning/results/interaction_paper_v1/checkpoints/graph__k16__C20__L3/recap/trial_0/model.pt
graph__k16__C20__L3,graph_core,0,Amazon,0.7256086805976638,0.13037694791972018,"{""beta"": 0.005, ""knn_k"": 16, ""lambda_E"": 0.1, ""lambda_H"": 0.35, ""lambda_bal"": 0.01, ""num_clusters"": 20, ""num_hops"": 3, ""tau_s"": 0.05}",/autodl-fs/data/recap/tuning_hyperparams/interaction_tuning/results/interaction_paper_v1/checkpoints/graph__k16__C20__L3/recap/trial_0/model.pt
graph__k16__C20__L3,graph_core,1,Facebook,0.5788636363636364,0.04352962151293742,"{""beta"": 0.005, ""knn_k"": 16, ""lambda_E"": 0.1, ""lambda_H"": 0.35, ""lambda_bal"": 0.01, ""num_clusters"": 20, ""num_hops"": 3, ""tau_s"": 0.05}",/autodl-fs/data/recap/tuning_hyperparams/interaction_tuning/results/interaction_paper_v1/checkpoints/graph__k16__C20__L3/recap/trial_1/model.pt
graph__k16__C20__L3,graph_core,1,cora,0.8321344800625489,0.4253610526476366,"{""beta"": 0.005, ""knn_k"": 16, ""lambda_E"": 0.1, ""lambda_H"": 0.35, ""lambda_bal"": 0.01, ""num_clusters"": 20, ""num_hops"": 3, ""tau_s"": 0.05}",/autodl-fs/data/recap/tuning_hyperparams/interaction_tuning/results/interaction_paper_v1/checkpoints/graph__k16__C20__L3/recap/trial_1/model.pt
graph__k16__C20__L3,graph_core,1,citeseer,0.8999118665407617,0.45838438137650983,"{""beta"": 0.005, ""knn_k"": 16, ""lambda_E"": 0.1, ""lambda_H"": 0.35, ""lambda_bal"": 0.01, ""num_clusters"": 20, ""num_hops"": 3, ""tau_s"": 0.05}",/autodl-fs/data/recap/tuning_hyperparams/interaction_tuning/results/interaction_paper_v1/checkpoints/graph__k16__C20__L3/recap/trial_1/model.pt
graph__k16__C20__L3,graph_core,1,ACM,0.7929094392463355,0.3716945362665828,"{""beta"": 0.005, ""knn_k"": 16, ""lambda_E"": 0.1, ""lambda_H"": 0.35, ""lambda_bal"": 0.01, ""num_clusters"": 20, ""num_hops"": 3, ""tau_s"": 0.05}",/autodl-fs/data/recap/tuning_hyperparams/interaction_tuning/results/interaction_paper_v1/checkpoints/graph__k16__C20__L3/recap/trial_1/model.pt
graph__k16__C20__L3,graph_core,1,BlogCatalog,0.7239154411764706,0.3361889036811804,"{""beta"": 0.005, ""knn_k"": 16, ""lambda_E"": 0.1, ""lambda_H"": 0.35, ""lambda_bal"": 0.01, ""num_clusters"": 20, ""num_hops"": 3, ""tau_s"": 0.05}",/autodl-fs/data/recap/tuning_hyperparams/interaction_tuning/results/interaction_paper_v1/checkpoints/graph__k16__C20__L3/recap/trial_1/model.pt
graph__k16__C20__L3,graph_core,1,weibo,0.7512146681593539,0.3048063137597542,"{""beta"": 0.005, ""knn_k"": 16, ""lambda_E"": 0.1, ""lambda_H"": 0.35, ""lambda_bal"": 0.01, ""num_clusters"": 20, ""num_hops"": 3, ""tau_s"": 0.05}",/autodl-fs/data/recap/tuning_hyperparams/interaction_tuning/results/interaction_paper_v1/checkpoints/graph__k16__C20__L3/recap/trial_1/model.pt
graph__k16__C20__L3,graph_core,1,Reddit,0.595933212700981,0.04609096605187002,"{""beta"": 0.005, ""knn_k"": 16, ""lambda_E"": 0.1, ""lambda_H"": 0.35, ""lambda_bal"": 0.01, ""num_clusters"": 20, ""num_hops"": 3, ""tau_s"": 0.05}",/autodl-fs/data/recap/tuning_hyperparams/interaction_tuning/results/interaction_paper_v1/checkpoints/graph__k16__C20__L3/recap/trial_1/model.pt
graph__k16__C20__L3,graph_core,1,Amazon,0.7433516482934172,0.13843470876917124,"{""beta"": 0.005, ""knn_k"": 16, ""lambda_E"": 0.1, ""lambda_H"": 0.35, ""lambda_bal"": 0.01, ""num_clusters"": 20, ""num_hops"": 3, ""tau_s"": 0.05}",/autodl-fs/data/recap/tuning_hyperparams/interaction_tuning/results/interaction_paper_v1/checkpoints/graph__k16__C20__L3/recap/trial_1/model.pt
graph__k16__C20__L3,graph_core,2,Facebook,0.5781060606060606,0.036483773826045784,"{""beta"": 0.005, ""knn_k"": 16, ""lambda_E"": 0.1, ""lambda_H"": 0.35, ""lambda_bal"": 0.01, ""num_clusters"": 20, ""num_hops"": 3, ""tau_s"": 0.05}",/autodl-fs/data/recap/tuning_hyperparams/interaction_tuning/results/interaction_paper_v1/checkpoints/graph__k16__C20__L3/recap/trial_2/model.pt
graph__k16__C20__L3,graph_core,2,cora,0.8248579619494395,0.4068726257798626,"{""beta"": 0.005, ""knn_k"": 16, ""lambda_E"": 0.1, ""lambda_H"": 0.35, ""lambda_bal"": 0.01, ""num_clusters"": 20, ""num_hops"": 3, ""tau_s"": 0.05}",/autodl-fs/data/recap/tuning_hyperparams/interaction_tuning/results/interaction_paper_v1/checkpoints/graph__k16__C20__L3/recap/trial_2/model.pt
graph__k16__C20__L3,graph_core,2,citeseer,0.901207638233134,0.4389147847563145,"{""beta"": 0.005, ""knn_k"": 16, ""lambda_E"": 0.1, ""lambda_H"": 0.35, ""lambda_bal"": 0.01, ""num_clusters"": 20, ""num_hops"": 3, ""tau_s"": 0.05}",/autodl-fs/data/recap/tuning_hyperparams/interaction_tuning/results/interaction_paper_v1/checkpoints/graph__k16__C20__L3/recap/trial_2/model.pt
graph__k16__C20__L3,graph_core,2,ACM,0.795607672655466,0.3752360191511129,"{""beta"": 0.005, ""knn_k"": 16, ""lambda_E"": 0.1, ""lambda_H"": 0.35, ""lambda_bal"": 0.01, ""num_clusters"": 20, ""num_hops"": 3, ""tau_s"": 0.05}",/autodl-fs/data/recap/tuning_hyperparams/interaction_tuning/results/interaction_paper_v1/checkpoints/graph__k16__C20__L3/recap/trial_2/model.pt
graph__k16__C20__L3,graph_core,2,BlogCatalog,0.7287973175381264,0.3371648506212103,"{""beta"": 0.005, ""knn_k"": 16, ""lambda_E"": 0.1, ""lambda_H"": 0.35, ""lambda_bal"": 0.01, ""num_clusters"": 20, ""num_hops"": 3, ""tau_s"": 0.05}",/autodl-fs/data/recap/tuning_hyperparams/interaction_tuning/results/interaction_paper_v1/checkpoints/graph__k16__C20__L3/recap/trial_2/model.pt
graph__k16__C20__L3,graph_core,2,weibo,0.747368435533702,0.29950852734372935,"{""beta"": 0.005, ""knn_k"": 16, ""lambda_E"": 0.1, ""lambda_H"": 0.35, ""lambda_bal"": 0.01, ""num_clusters"": 20, ""num_hops"": 3, ""tau_s"": 0.05}",/autodl-fs/data/recap/tuning_hyperparams/interaction_tuning/results/interaction_paper_v1/checkpoints/graph__k16__C20__L3/recap/trial_2/model.pt
graph__k16__C20__L3,graph_core,2,Reddit,0.5917184140345244,0.04506784551409897,"{""beta"": 0.005, ""knn_k"": 16, ""lambda_E"": 0.1, ""lambda_H"": 0.35, ""lambda_bal"": 0.01, ""num_clusters"": 20, ""num_hops"": 3, ""tau_s"": 0.05}",/autodl-fs/data/recap/tuning_hyperparams/interaction_tuning/results/interaction_paper_v1/checkpoints/graph__k16__C20__L3/recap/trial_2/model.pt
graph__k16__C20__L3,graph_core,2,Amazon,0.7274441130279972,0.13157192468742424,"{""beta"": 0.005, ""knn_k"": 16, ""lambda_E"": 0.1, ""lambda_H"": 0.35, ""lambda_bal"": 0.01, ""num_clusters"": 20, ""num_hops"": 3, ""tau_s"": 0.05}",/autodl-fs/data/recap/tuning_hyperparams/interaction_tuning/results/interaction_paper_v1/checkpoints/graph__k16__C20__L3/recap/trial_2/model.pt
graph__k16__C28__L1,graph_core,0,Facebook,0.5540151515151515,0.03866983536228076,"{""beta"": 0.005, ""knn_k"": 16, ""lambda_E"": 0.1, ""lambda_H"": 0.35, ""lambda_bal"": 0.01, ""num_clusters"": 28, ""num_hops"": 1, ""tau_s"": 0.05}",/autodl-fs/data/recap/tuning_hyperparams/interaction_tuning/results/interaction_paper_v1/checkpoints/graph__k16__C28__L1/recap/trial_0/model.pt
graph__k16__C28__L1,graph_core,0,cora,0.8345790982538441,0.3763672051158673,"{""beta"": 0.005, ""knn_k"": 16, ""lambda_E"": 0.1, ""lambda_H"": 0.35, ""lambda_bal"": 0.01, ""num_clusters"": 28, ""num_hops"": 1, ""tau_s"": 0.05}",/autodl-fs/data/recap/tuning_hyperparams/interaction_tuning/results/interaction_paper_v1/checkpoints/graph__k16__C28__L1/recap/trial_0/model.pt
graph__k16__C28__L1,graph_core,0,citeseer,0.8718969677893191,0.318483801506184,"{""beta"": 0.005, ""knn_k"": 16, ""lambda_E"": 0.1, ""lambda_H"": 0.35, ""lambda_bal"": 0.01, ""num_clusters"": 28, ""num_hops"": 1, ""tau_s"": 0.05}",/autodl-fs/data/recap/tuning_hyperparams/interaction_tuning/results/interaction_paper_v1/checkpoints/graph__k16__C28__L1/recap/trial_0/model.pt
graph__k16__C28__L1,graph_core,0,ACM,0.8069837658952111,0.3538305829557597,"{""beta"": 0.005, ""knn_k"": 16, ""lambda_E"": 0.1, ""lambda_H"": 0.35, ""lambda_bal"": 0.01, ""num_clusters"": 28, ""num_hops"": 1, ""tau_s"": 0.05}",/autodl-fs/data/recap/tuning_hyperparams/interaction_tuning/results/interaction_paper_v1/checkpoints/graph__k16__C28__L1/recap/trial_0/model.pt
graph__k16__C28__L1,graph_core,0,BlogCatalog,0.7219158496732027,0.3272817835216237,"{""beta"": 0.005, ""knn_k"": 16, ""lambda_E"": 0.1, ""lambda_H"": 0.35, ""lambda_bal"": 0.01, ""num_clusters"": 28, ""num_hops"": 1, ""tau_s"": 0.05}",/autodl-fs/data/recap/tuning_hyperparams/interaction_tuning/results/interaction_paper_v1/checkpoints/graph__k16__C28__L1/recap/trial_0/model.pt
graph__k16__C28__L1,graph_core,0,weibo,0.7069854004423034,0.2992366761513142,"{""beta"": 0.005, ""knn_k"": 16, ""lambda_E"": 0.1, ""lambda_H"": 0.35, ""lambda_bal"": 0.01, ""num_clusters"": 28, ""num_hops"": 1, ""tau_s"": 0.05}",/autodl-fs/data/recap/tuning_hyperparams/interaction_tuning/results/interaction_paper_v1/checkpoints/graph__k16__C28__L1/recap/trial_0/model.pt
graph__k16__C28__L1,graph_core,0,Reddit,0.6057285442701177,0.04678800752811348,"{""beta"": 0.005, ""knn_k"": 16, ""lambda_E"": 0.1, ""lambda_H"": 0.35, ""lambda_bal"": 0.01, ""num_clusters"": 28, ""num_hops"": 1, ""tau_s"": 0.05}",/autodl-fs/data/recap/tuning_hyperparams/interaction_tuning/results/interaction_paper_v1/checkpoints/graph__k16__C28__L1/recap/trial_0/model.pt
graph__k16__C28__L1,graph_core,0,Amazon,0.7050379993408007,0.12458674493344378,"{""beta"": 0.005, ""knn_k"": 16, ""lambda_E"": 0.1, ""lambda_H"": 0.35, ""lambda_bal"": 0.01, ""num_clusters"": 28, ""num_hops"": 1, ""tau_s"": 0.05}",/autodl-fs/data/recap/tuning_hyperparams/interaction_tuning/results/interaction_paper_v1/checkpoints/graph__k16__C28__L1/recap/trial_0/model.pt
graph__k16__C28__L1,graph_core,1,Facebook,0.5442803030303031,0.03520882611104392,"{""beta"": 0.005, ""knn_k"": 16, ""lambda_E"": 0.1, ""lambda_H"": 0.35, ""lambda_bal"": 0.01, ""num_clusters"": 28, ""num_hops"": 1, ""tau_s"": 0.05}",/autodl-fs/data/recap/tuning_hyperparams/interaction_tuning/results/interaction_paper_v1/checkpoints/graph__k16__C28__L1/recap/trial_1/model.pt
graph__k16__C28__L1,graph_core,1,cora,0.8333124837112327,0.3551703348640406,"{""beta"": 0.005, ""knn_k"": 16, ""lambda_E"": 0.1, ""lambda_H"": 0.35, ""lambda_bal"": 0.01, ""num_clusters"": 28, ""num_hops"": 1, ""tau_s"": 0.05}",/autodl-fs/data/recap/tuning_hyperparams/interaction_tuning/results/interaction_paper_v1/checkpoints/graph__k16__C28__L1/recap/trial_1/model.pt
graph__k16__C28__L1,graph_core,1,citeseer,0.872275731822474,0.34450973914321226,"{""beta"": 0.005, ""knn_k"": 16, ""lambda_E"": 0.1, ""lambda_H"": 0.35, ""lambda_bal"": 0.01, ""num_clusters"": 28, ""num_hops"": 1, ""tau_s"": 0.05}",/autodl-fs/data/recap/tuning_hyperparams/interaction_tuning/results/interaction_paper_v1/checkpoints/graph__k16__C28__L1/recap/trial_1/model.pt
graph__k16__C28__L1,graph_core,1,ACM,0.8043418873600499,0.34900692898973484,"{""beta"": 0.005, ""knn_k"": 16, ""lambda_E"": 0.1, ""lambda_H"": 0.35, ""lambda_bal"": 0.01, ""num_clusters"": 28, ""num_hops"": 1, ""tau_s"": 0.05}",/autodl-fs/data/recap/tuning_hyperparams/interaction_tuning/results/interaction_paper_v1/checkpoints/graph__k16__C28__L1/recap/trial_1/model.pt
graph__k16__C28__L1,graph_core,1,BlogCatalog,0.721292211328976,0.32894481818814736,"{""beta"": 0.005, ""knn_k"": 16, ""lambda_E"": 0.1, ""lambda_H"": 0.35, ""lambda_bal"": 0.01, ""num_clusters"": 28, ""num_hops"": 1, ""tau_s"": 0.05}",/autodl-fs/data/recap/tuning_hyperparams/interaction_tuning/results/interaction_paper_v1/checkpoints/graph__k16__C28__L1/recap/trial_1/model.pt
graph__k16__C28__L1,graph_core,1,weibo,0.6987633664704203,0.29432644783790296,"{""beta"": 0.005, ""knn_k"": 16, ""lambda_E"": 0.1, ""lambda_H"": 0.35, ""lambda_bal"": 0.01, ""num_clusters"": 28, ""num_hops"": 1, ""tau_s"": 0.05}",/autodl-fs/data/recap/tuning_hyperparams/interaction_tuning/results/interaction_paper_v1/checkpoints/graph__k16__C28__L1/recap/trial_1/model.pt
graph__k16__C28__L1,graph_core,1,Reddit,0.6039368141736838,0.04565100531097446,"{""beta"": 0.005, ""knn_k"": 16, ""lambda_E"": 0.1, ""lambda_H"": 0.35, ""lambda_bal"": 0.01, ""num_clusters"": 28, ""num_hops"": 1, ""tau_s"": 0.05}",/autodl-fs/data/recap/tuning_hyperparams/interaction_tuning/results/interaction_paper_v1/checkpoints/graph__k16__C28__L1/recap/trial_1/model.pt
graph__k16__C28__L1,graph_core,1,Amazon,0.7190899658636517,0.1302531416044094,"{""beta"": 0.005, ""knn_k"": 16, ""lambda_E"": 0.1, ""lambda_H"": 0.35, ""lambda_bal"": 0.01, ""num_clusters"": 28, ""num_hops"": 1, ""tau_s"": 0.05}",/autodl-fs/data/recap/tuning_hyperparams/interaction_tuning/results/interaction_paper_v1/checkpoints/graph__k16__C28__L1/recap/trial_1/model.pt
graph__k16__C28__L1,graph_core,2,Facebook,0.5367424242424242,0.029132735370123498,"{""beta"": 0.005, ""knn_k"": 16, ""lambda_E"": 0.1, ""lambda_H"": 0.35, ""lambda_bal"": 0.01, ""num_clusters"": 28, ""num_hops"": 1, ""tau_s"": 0.05}",/autodl-fs/data/recap/tuning_hyperparams/interaction_tuning/results/interaction_paper_v1/checkpoints/graph__k16__C28__L1/recap/trial_2/model.pt
graph__k16__C28__L1,graph_core,2,cora,0.8263591347406828,0.3381121679414728,"{""beta"": 0.005, ""knn_k"": 16, ""lambda_E"": 0.1, ""lambda_H"": 0.35, ""lambda_bal"": 0.01, ""num_clusters"": 28, ""num_hops"": 1, ""tau_s"": 0.05}",/autodl-fs/data/recap/tuning_hyperparams/interaction_tuning/results/interaction_paper_v1/checkpoints/graph__k16__C28__L1/recap/trial_2/model.pt
graph__k16__C28__L1,graph_core,2,citeseer,0.8733228412548525,0.3218261736432667,"{""beta"": 0.005, ""knn_k"": 16, ""lambda_E"": 0.1, ""lambda_H"": 0.35, ""lambda_bal"": 0.01, ""num_clusters"": 28, ""num_hops"": 1, ""tau_s"": 0.05}",/autodl-fs/data/recap/tuning_hyperparams/interaction_tuning/results/interaction_paper_v1/checkpoints/graph__k16__C28__L1/recap/trial_2/model.pt
graph__k16__C28__L1,graph_core,2,ACM,0.8065356682069629,0.3542825870442732,"{""beta"": 0.005, ""knn_k"": 16, ""lambda_E"": 0.1, ""lambda_H"": 0.35, ""lambda_bal"": 0.01, ""num_clusters"": 28, ""num_hops"": 1, ""tau_s"": 0.05}",/autodl-fs/data/recap/tuning_hyperparams/interaction_tuning/results/interaction_paper_v1/checkpoints/graph__k16__C28__L1/recap/trial_2/model.pt
graph__k16__C28__L1,graph_core,2,BlogCatalog,0.7272269880174292,0.3309742978433679,"{""beta"": 0.005, ""knn_k"": 16, ""lambda_E"": 0.1, ""lambda_H"": 0.35, ""lambda_bal"": 0.01, ""num_clusters"": 28, ""num_hops"": 1, ""tau_s"": 0.05}",/autodl-fs/data/recap/tuning_hyperparams/interaction_tuning/results/interaction_paper_v1/checkpoints/graph__k16__C28__L1/recap/trial_2/model.pt
graph__k16__C28__L1,graph_core,2,weibo,0.6947245356089681,0.2880479379146905,"{""beta"": 0.005, ""knn_k"": 16, ""lambda_E"": 0.1, ""lambda_H"": 0.35, ""lambda_bal"": 0.01, ""num_clusters"": 28, ""num_hops"": 1, ""tau_s"": 0.05}",/autodl-fs/data/recap/tuning_hyperparams/interaction_tuning/results/interaction_paper_v1/checkpoints/graph__k16__C28__L1/recap/trial_2/model.pt
graph__k16__C28__L1,graph_core,2,Reddit,0.6029045686930226,0.04531095928039924,"{""beta"": 0.005, ""knn_k"": 16, ""lambda_E"": 0.1, ""lambda_H"": 0.35, ""lambda_bal"": 0.01, ""num_clusters"": 28, ""num_hops"": 1, ""tau_s"": 0.05}",/autodl-fs/data/recap/tuning_hyperparams/interaction_tuning/results/interaction_paper_v1/checkpoints/graph__k16__C28__L1/recap/trial_2/model.pt
graph__k16__C28__L1,graph_core,2,Amazon,0.7057573047500653,0.1255488627468765,"{""beta"": 0.005, ""knn_k"": 16, ""lambda_E"": 0.1, ""lambda_H"": 0.35, ""lambda_bal"": 0.01, ""num_clusters"": 28, ""num_hops"": 1, ""tau_s"": 0.05}",/autodl-fs/data/recap/tuning_hyperparams/interaction_tuning/results/interaction_paper_v1/checkpoints/graph__k16__C28__L1/recap/trial_2/model.pt
graph__k16__C28__L2,graph_core,0,Facebook,0.5685227272727272,0.0404746901629579,"{""beta"": 0.005, ""knn_k"": 16, ""lambda_E"": 0.1, ""lambda_H"": 0.35, ""lambda_bal"": 0.01, ""num_clusters"": 28, ""num_hops"": 2, ""tau_s"": 0.05}",/autodl-fs/data/recap/tuning_hyperparams/interaction_tuning/results/interaction_paper_v1/checkpoints/graph__k16__C28__L2/recap/trial_0/model.pt
graph__k16__C28__L2,graph_core,0,cora,0.8405629397967161,0.43981258591454175,"{""beta"": 0.005, ""knn_k"": 16, ""lambda_E"": 0.1, ""lambda_H"": 0.35, ""lambda_bal"": 0.01, ""num_clusters"": 28, ""num_hops"": 2, ""tau_s"": 0.05}",/autodl-fs/data/recap/tuning_hyperparams/interaction_tuning/results/interaction_paper_v1/checkpoints/graph__k16__C28__L2/recap/trial_0/model.pt
graph__k16__C28__L2,graph_core,0,citeseer,0.9017521771062846,0.41787763576175574,"{""beta"": 0.005, ""knn_k"": 16, ""lambda_E"": 0.1, ""lambda_H"": 0.35, ""lambda_bal"": 0.01, ""num_clusters"": 28, ""num_hops"": 2, ""tau_s"": 0.05}",/autodl-fs/data/recap/tuning_hyperparams/interaction_tuning/results/interaction_paper_v1/checkpoints/graph__k16__C28__L2/recap/trial_0/model.pt
graph__k16__C28__L2,graph_core,0,ACM,0.8009689242671679,0.3679910936055537,"{""beta"": 0.005, ""knn_k"": 16, ""lambda_E"": 0.1, ""lambda_H"": 0.35, ""lambda_bal"": 0.01, ""num_clusters"": 28, ""num_hops"": 2, ""tau_s"": 0.05}",/autodl-fs/data/recap/tuning_hyperparams/interaction_tuning/results/interaction_paper_v1/checkpoints/graph__k16__C28__L2/recap/trial_0/model.pt
graph__k16__C28__L2,graph_core,0,BlogCatalog,0.7232009123093681,0.3319646262345023,"{""beta"": 0.005, ""knn_k"": 16, ""lambda_E"": 0.1, ""lambda_H"": 0.35, ""lambda_bal"": 0.01, ""num_clusters"": 28, ""num_hops"": 2, ""tau_s"": 0.05}",/autodl-fs/data/recap/tuning_hyperparams/interaction_tuning/results/interaction_paper_v1/checkpoints/graph__k16__C28__L2/recap/trial_0/model.pt
graph__k16__C28__L2,graph_core,0,weibo,0.7484581441233998,0.30901059275216364,"{""beta"": 0.005, ""knn_k"": 16, ""lambda_E"": 0.1, ""lambda_H"": 0.35, ""lambda_bal"": 0.01, ""num_clusters"": 28, ""num_hops"": 2, ""tau_s"": 0.05}",/autodl-fs/data/recap/tuning_hyperparams/interaction_tuning/results/interaction_paper_v1/checkpoints/graph__k16__C28__L2/recap/trial_0/model.pt
graph__k16__C28__L2,graph_core,0,Reddit,0.598278312835097,0.047102315933781766,"{""beta"": 0.005, ""knn_k"": 16, ""lambda_E"": 0.1, ""lambda_H"": 0.35, ""lambda_bal"": 0.01, ""num_clusters"": 28, ""num_hops"": 2, ""tau_s"": 0.05}",/autodl-fs/data/recap/tuning_hyperparams/interaction_tuning/results/interaction_paper_v1/checkpoints/graph__k16__C28__L2/recap/trial_0/model.pt
graph__k16__C28__L2,graph_core,0,Amazon,0.7209293347159258,0.12961199394724005,"{""beta"": 0.005, ""knn_k"": 16, ""lambda_E"": 0.1, ""lambda_H"": 0.35, ""lambda_bal"": 0.01, ""num_clusters"": 28, ""num_hops"": 2, ""tau_s"": 0.05}",/autodl-fs/data/recap/tuning_hyperparams/interaction_tuning/results/interaction_paper_v1/checkpoints/graph__k16__C28__L2/recap/trial_0/model.pt
graph__k16__C28__L2,graph_core,1,Facebook,0.563030303030303,0.04215664251251757,"{""beta"": 0.005, ""knn_k"": 16, ""lambda_E"": 0.1, ""lambda_H"": 0.35, ""lambda_bal"": 0.01, ""num_clusters"": 28, ""num_hops"": 2, ""tau_s"": 0.05}",/autodl-fs/data/recap/tuning_hyperparams/interaction_tuning/results/interaction_paper_v1/checkpoints/graph__k16__C28__L2/recap/trial_1/model.pt
graph__k16__C28__L2,graph_core,1,cora,0.8417044566067241,0.4239760288946289,"{""beta"": 0.005, ""knn_k"": 16, ""lambda_E"": 0.1, ""lambda_H"": 0.35, ""lambda_bal"": 0.01, ""num_clusters"": 28, ""num_hops"": 2, ""tau_s"": 0.05}",/autodl-fs/data/recap/tuning_hyperparams/interaction_tuning/results/interaction_paper_v1/checkpoints/graph__k16__C28__L2/recap/trial_1/model.pt
graph__k16__C28__L2,graph_core,1,citeseer,0.8990798447172385,0.4417896580769865,"{""beta"": 0.005, ""knn_k"": 16, ""lambda_E"": 0.1, ""lambda_H"": 0.35, ""lambda_bal"": 0.01, ""num_clusters"": 28, ""num_hops"": 2, ""tau_s"": 0.05}",/autodl-fs/data/recap/tuning_hyperparams/interaction_tuning/results/interaction_paper_v1/checkpoints/graph__k16__C28__L2/recap/trial_1/model.pt
graph__k16__C28__L2,graph_core,1,ACM,0.797380452544926,0.3663901650090287,"{""beta"": 0.005, ""knn_k"": 16, ""lambda_E"": 0.1, ""lambda_H"": 0.35, ""lambda_bal"": 0.01, ""num_clusters"": 28, ""num_hops"": 2, ""tau_s"": 0.05}",/autodl-fs/data/recap/tuning_hyperparams/interaction_tuning/results/interaction_paper_v1/checkpoints/graph__k16__C28__L2/recap/trial_1/model.pt
graph__k16__C28__L2,graph_core,1,BlogCatalog,0.7226548883442266,0.3335300798845189,"{""beta"": 0.005, ""knn_k"": 16, ""lambda_E"": 0.1, ""lambda_H"": 0.35, ""lambda_bal"": 0.01, ""num_clusters"": 28, ""num_hops"": 2, ""tau_s"": 0.05}",/autodl-fs/data/recap/tuning_hyperparams/interaction_tuning/results/interaction_paper_v1/checkpoints/graph__k16__C28__L2/recap/trial_1/model.pt
graph__k16__C28__L2,graph_core,1,weibo,0.7410421949106375,0.30425252680807774,"{""beta"": 0.005, ""knn_k"": 16, ""lambda_E"": 0.1, ""lambda_H"": 0.35, ""lambda_bal"": 0.01, ""num_clusters"": 28, ""num_hops"": 2, ""tau_s"": 0.05}",/autodl-fs/data/recap/tuning_hyperparams/interaction_tuning/results/interaction_paper_v1/checkpoints/graph__k16__C28__L2/recap/trial_1/model.pt
graph__k16__C28__L2,graph_core,1,Reddit,0.5971759472264337,0.045823067415709455,"{""beta"": 0.005, ""knn_k"": 16, ""lambda_E"": 0.1, ""lambda_H"": 0.35, ""lambda_bal"": 0.01, ""num_clusters"": 28, ""num_hops"": 2, ""tau_s"": 0.05}",/autodl-fs/data/recap/tuning_hyperparams/interaction_tuning/results/interaction_paper_v1/checkpoints/graph__k16__C28__L2/recap/trial_1/model.pt
graph__k16__C28__L2,graph_core,1,Amazon,0.7352285388168296,0.1352901621723616,"{""beta"": 0.005, ""knn_k"": 16, ""lambda_E"": 0.1, ""lambda_H"": 0.35, ""lambda_bal"": 0.01, ""num_clusters"": 28, ""num_hops"": 2, ""tau_s"": 0.05}",/autodl-fs/data/recap/tuning_hyperparams/interaction_tuning/results/interaction_paper_v1/checkpoints/graph__k16__C28__L2/recap/trial_1/model.pt
graph__k16__C28__L2,graph_core,2,Facebook,0.556969696969697,0.03182445504207046,"{""beta"": 0.005, ""knn_k"": 16, ""lambda_E"": 0.1, ""lambda_H"": 0.35, ""lambda_bal"": 0.01, ""num_clusters"": 28, ""num_hops"": 2, ""tau_s"": 0.05}",/autodl-fs/data/recap/tuning_hyperparams/interaction_tuning/results/interaction_paper_v1/checkpoints/graph__k16__C28__L2/recap/trial_2/model.pt
graph__k16__C28__L2,graph_core,2,cora,0.8345165493875424,0.409701232644895,"{""beta"": 0.005, ""knn_k"": 16, ""lambda_E"": 0.1, ""lambda_H"": 0.35, ""lambda_bal"": 0.01, ""num_clusters"": 28, ""num_hops"": 2, ""tau_s"": 0.05}",/autodl-fs/data/recap/tuning_hyperparams/interaction_tuning/results/interaction_paper_v1/checkpoints/graph__k16__C28__L2/recap/trial_2/model.pt
graph__k16__C28__L2,graph_core,2,citeseer,0.9008823838002309,0.42168307542270383,"{""beta"": 0.005, ""knn_k"": 16, ""lambda_E"": 0.1, ""lambda_H"": 0.35, ""lambda_bal"": 0.01, ""num_clusters"": 28, ""num_hops"": 2, ""tau_s"": 0.05}",/autodl-fs/data/recap/tuning_hyperparams/interaction_tuning/results/interaction_paper_v1/checkpoints/graph__k16__C28__L2/recap/trial_2/model.pt
graph__k16__C28__L2,graph_core,2,ACM,0.8001249190920086,0.3708210759841009,"{""beta"": 0.005, ""knn_k"": 16, ""lambda_E"": 0.1, ""lambda_H"": 0.35, ""lambda_bal"": 0.01, ""num_clusters"": 28, ""num_hops"": 2, ""tau_s"": 0.05}",/autodl-fs/data/recap/tuning_hyperparams/interaction_tuning/results/interaction_paper_v1/checkpoints/graph__k16__C28__L2/recap/trial_2/model.pt
graph__k16__C28__L2,graph_core,2,BlogCatalog,0.7277852668845315,0.33500063293235405,"{""beta"": 0.005, ""knn_k"": 16, ""lambda_E"": 0.1, ""lambda_H"": 0.35, ""lambda_bal"": 0.01, ""num_clusters"": 28, ""num_hops"": 2, ""tau_s"": 0.05}",/autodl-fs/data/recap/tuning_hyperparams/interaction_tuning/results/interaction_paper_v1/checkpoints/graph__k16__C28__L2/recap/trial_2/model.pt
graph__k16__C28__L2,graph_core,2,weibo,0.7343474190919269,0.2971125112246108,"{""beta"": 0.005, ""knn_k"": 16, ""lambda_E"": 0.1, ""lambda_H"": 0.35, ""lambda_bal"": 0.01, ""num_clusters"": 28, ""num_hops"": 2, ""tau_s"": 0.05}",/autodl-fs/data/recap/tuning_hyperparams/interaction_tuning/results/interaction_paper_v1/checkpoints/graph__k16__C28__L2/recap/trial_2/model.pt
graph__k16__C28__L2,graph_core,2,Reddit,0.5942406800700327,0.04502496695185771,"{""beta"": 0.005, ""knn_k"": 16, ""lambda_E"": 0.1, ""lambda_H"": 0.35, ""lambda_bal"": 0.01, ""num_clusters"": 28, ""num_hops"": 2, ""tau_s"": 0.05}",/autodl-fs/data/recap/tuning_hyperparams/interaction_tuning/results/interaction_paper_v1/checkpoints/graph__k16__C28__L2/recap/trial_2/model.pt
graph__k16__C28__L2,graph_core,2,Amazon,0.7225679460492176,0.13093128885707872,"{""beta"": 0.005, ""knn_k"": 16, ""lambda_E"": 0.1, ""lambda_H"": 0.35, ""lambda_bal"": 0.01, ""num_clusters"": 28, ""num_hops"": 2, ""tau_s"": 0.05}",/autodl-fs/data/recap/tuning_hyperparams/interaction_tuning/results/interaction_paper_v1/checkpoints/graph__k16__C28__L2/recap/trial_2/model.pt
graph__k16__C28__L3,graph_core,0,Facebook,0.5820075757575758,0.049484679623370664,"{""beta"": 0.005, ""knn_k"": 16, ""lambda_E"": 0.1, ""lambda_H"": 0.35, ""lambda_bal"": 0.01, ""num_clusters"": 28, ""num_hops"": 3, ""tau_s"": 0.05}",/autodl-fs/data/recap/tuning_hyperparams/interaction_tuning/results/interaction_paper_v1/checkpoints/graph__k16__C28__L3/recap/trial_0/model.pt
graph__k16__C28__L3,graph_core,0,cora,0.8317982799061768,0.4291010034626967,"{""beta"": 0.005, ""knn_k"": 16, ""lambda_E"": 0.1, ""lambda_H"": 0.35, ""lambda_bal"": 0.01, ""num_clusters"": 28, ""num_hops"": 3, ""tau_s"": 0.05}",/autodl-fs/data/recap/tuning_hyperparams/interaction_tuning/results/interaction_paper_v1/checkpoints/graph__k16__C28__L3/recap/trial_0/model.pt
graph__k16__C28__L3,graph_core,0,citeseer,0.9039702024971146,0.438943751062321,"{""beta"": 0.005, ""knn_k"": 16, ""lambda_E"": 0.1, ""lambda_H"": 0.35, ""lambda_bal"": 0.01, ""num_clusters"": 28, ""num_hops"": 3, ""tau_s"": 0.05}",/autodl-fs/data/recap/tuning_hyperparams/interaction_tuning/results/interaction_paper_v1/checkpoints/graph__k16__C28__L3/recap/trial_0/model.pt
graph__k16__C28__L3,graph_core,0,ACM,0.79660123702375,0.3731721771266564,"{""beta"": 0.005, ""knn_k"": 16, ""lambda_E"": 0.1, ""lambda_H"": 0.35, ""lambda_bal"": 0.01, ""num_clusters"": 28, ""num_hops"": 3, ""tau_s"": 0.05}",/autodl-fs/data/recap/tuning_hyperparams/interaction_tuning/results/interaction_paper_v1/checkpoints/graph__k16__C28__L3/recap/trial_0/model.pt
graph__k16__C28__L3,graph_core,0,BlogCatalog,0.7254503676470588,0.33449068688754147,"{""beta"": 0.005, ""knn_k"": 16, ""lambda_E"": 0.1, ""lambda_H"": 0.35, ""lambda_bal"": 0.01, ""num_clusters"": 28, ""num_hops"": 3, ""tau_s"": 0.05}",/autodl-fs/data/recap/tuning_hyperparams/interaction_tuning/results/interaction_paper_v1/checkpoints/graph__k16__C28__L3/recap/trial_0/model.pt
graph__k16__C28__L3,graph_core,0,weibo,0.7556354090939383,0.3094674263278495,"{""beta"": 0.005, ""knn_k"": 16, ""lambda_E"": 0.1, ""lambda_H"": 0.35, ""lambda_bal"": 0.01, ""num_clusters"": 28, ""num_hops"": 3, ""tau_s"": 0.05}",/autodl-fs/data/recap/tuning_hyperparams/interaction_tuning/results/interaction_paper_v1/checkpoints/graph__k16__C28__L3/recap/trial_0/model.pt
graph__k16__C28__L3,graph_core,0,Reddit,0.5976575245459046,0.04782346524445388,"{""beta"": 0.005, ""knn_k"": 16, ""lambda_E"": 0.1, ""lambda_H"": 0.35, ""lambda_bal"": 0.01, ""num_clusters"": 28, ""num_hops"": 3, ""tau_s"": 0.05}",/autodl-fs/data/recap/tuning_hyperparams/interaction_tuning/results/interaction_paper_v1/checkpoints/graph__k16__C28__L3/recap/trial_0/model.pt
graph__k16__C28__L3,graph_core,0,Amazon,0.7260798400238123,0.130691856304961,"{""beta"": 0.005, ""knn_k"": 16, ""lambda_E"": 0.1, ""lambda_H"": 0.35, ""lambda_bal"": 0.01, ""num_clusters"": 28, ""num_hops"": 3, ""tau_s"": 0.05}",/autodl-fs/data/recap/tuning_hyperparams/interaction_tuning/results/interaction_paper_v1/checkpoints/graph__k16__C28__L3/recap/trial_0/model.pt
graph__k16__C28__L3,graph_core,1,Facebook,0.5774242424242424,0.04543034170165443,"{""beta"": 0.005, ""knn_k"": 16, ""lambda_E"": 0.1, ""lambda_H"": 0.35, ""lambda_bal"": 0.01, ""num_clusters"": 28, ""num_hops"": 3, ""tau_s"": 0.05}",/autodl-fs/data/recap/tuning_hyperparams/interaction_tuning/results/interaction_paper_v1/checkpoints/graph__k16__C28__L3/recap/trial_1/model.pt
graph__k16__C28__L3,graph_core,1,cora,0.8323429762835549,0.42213999926452445,"{""beta"": 0.005, ""knn_k"": 16, ""lambda_E"": 0.1, ""lambda_H"": 0.35, ""lambda_bal"": 0.01, ""num_clusters"": 28, ""num_hops"": 3, ""tau_s"": 0.05}",/autodl-fs/data/recap/tuning_hyperparams/interaction_tuning/results/interaction_paper_v1/checkpoints/graph__k16__C28__L3/recap/trial_1/model.pt
graph__k16__C28__L3,graph_core,1,citeseer,0.9004018466058127,0.4583687164640952,"{""beta"": 0.005, ""knn_k"": 16, ""lambda_E"": 0.1, ""lambda_H"": 0.35, ""lambda_bal"": 0.01, ""num_clusters"": 28, ""num_hops"": 3, ""tau_s"": 0.05}",/autodl-fs/data/recap/tuning_hyperparams/interaction_tuning/results/interaction_paper_v1/checkpoints/graph__k16__C28__L3/recap/trial_1/model.pt
graph__k16__C28__L3,graph_core,1,ACM,0.792874434909277,0.37157178178057315,"{""beta"": 0.005, ""knn_k"": 16, ""lambda_E"": 0.1, ""lambda_H"": 0.35, ""lambda_bal"": 0.01, ""num_clusters"": 28, ""num_hops"": 3, ""tau_s"": 0.05}",/autodl-fs/data/recap/tuning_hyperparams/interaction_tuning/results/interaction_paper_v1/checkpoints/graph__k16__C28__L3/recap/trial_1/model.pt
graph__k16__C28__L3,graph_core,1,BlogCatalog,0.7226279956427015,0.3357857578180319,"{""beta"": 0.005, ""knn_k"": 16, ""lambda_E"": 0.1, ""lambda_H"": 0.35, ""lambda_bal"": 0.01, ""num_clusters"": 28, ""num_hops"": 3, ""tau_s"": 0.05}",/autodl-fs/data/recap/tuning_hyperparams/interaction_tuning/results/interaction_paper_v1/checkpoints/graph__k16__C28__L3/recap/trial_1/model.pt
graph__k16__C28__L3,graph_core,1,weibo,0.7504660571594879,0.3043562126226487,"{""beta"": 0.005, ""knn_k"": 16, ""lambda_E"": 0.1, ""lambda_H"": 0.35, ""lambda_bal"": 0.01, ""num_clusters"": 28, ""num_hops"": 3, ""tau_s"": 0.05}",/autodl-fs/data/recap/tuning_hyperparams/interaction_tuning/results/interaction_paper_v1/checkpoints/graph__k16__C28__L3/recap/trial_1/model.pt
graph__k16__C28__L3,graph_core,1,Reddit,0.5962350509033532,0.046162694110892605,"{""beta"": 0.005, ""knn_k"": 16, ""lambda_E"": 0.1, ""lambda_H"": 0.35, ""lambda_bal"": 0.01, ""num_clusters"": 28, ""num_hops"": 3, ""tau_s"": 0.05}",/autodl-fs/data/recap/tuning_hyperparams/interaction_tuning/results/interaction_paper_v1/checkpoints/graph__k16__C28__L3/recap/trial_1/model.pt
graph__k16__C28__L3,graph_core,1,Amazon,0.743617659576111,0.1385364028265875,"{""beta"": 0.005, ""knn_k"": 16, ""lambda_E"": 0.1, ""lambda_H"": 0.35, ""lambda_bal"": 0.01, ""num_clusters"": 28, ""num_hops"": 3, ""tau_s"": 0.05}",/autodl-fs/data/recap/tuning_hyperparams/interaction_tuning/results/interaction_paper_v1/checkpoints/graph__k16__C28__L3/recap/trial_1/model.pt
graph__k16__C28__L3,graph_core,2,Facebook,0.5776136363636364,0.03644002733206027,"{""beta"": 0.005, ""knn_k"": 16, ""lambda_E"": 0.1, ""lambda_H"": 0.35, ""lambda_bal"": 0.01, ""num_clusters"": 28, ""num_hops"": 3, ""tau_s"": 0.05}",/autodl-fs/data/recap/tuning_hyperparams/interaction_tuning/results/interaction_paper_v1/checkpoints/graph__k16__C28__L3/recap/trial_2/model.pt
graph__k16__C28__L3,graph_core,2,cora,0.8248579619494397,0.40802773571694434,"{""beta"": 0.005, ""knn_k"": 16, ""lambda_E"": 0.1, ""lambda_H"": 0.35, ""lambda_bal"": 0.01, ""num_clusters"": 28, ""num_hops"": 3, ""tau_s"": 0.05}",/autodl-fs/data/recap/tuning_hyperparams/interaction_tuning/results/interaction_paper_v1/checkpoints/graph__k16__C28__L3/recap/trial_2/model.pt
graph__k16__C28__L3,graph_core,2,citeseer,0.901670338894135,0.44027429990786227,"{""beta"": 0.005, ""knn_k"": 16, ""lambda_E"": 0.1, ""lambda_H"": 0.35, ""lambda_bal"": 0.01, ""num_clusters"": 28, ""num_hops"": 3, ""tau_s"": 0.05}",/autodl-fs/data/recap/tuning_hyperparams/interaction_tuning/results/interaction_paper_v1/checkpoints/graph__k16__C28__L3/recap/trial_2/model.pt
graph__k16__C28__L3,graph_core,2,ACM,0.7958679383362756,0.37559421135260096,"{""beta"": 0.005, ""knn_k"": 16, ""lambda_E"": 0.1, ""lambda_H"": 0.35, ""lambda_bal"": 0.01, ""num_clusters"": 28, ""num_hops"": 3, ""tau_s"": 0.05}",/autodl-fs/data/recap/tuning_hyperparams/interaction_tuning/results/interaction_paper_v1/checkpoints/graph__k16__C28__L3/recap/trial_2/model.pt
graph__k16__C28__L3,graph_core,2,BlogCatalog,0.7292963643790851,0.3370390652621208,"{""beta"": 0.005, ""knn_k"": 16, ""lambda_E"": 0.1, ""lambda_H"": 0.35, ""lambda_bal"": 0.01, ""num_clusters"": 28, ""num_hops"": 3, ""tau_s"": 0.05}",/autodl-fs/data/recap/tuning_hyperparams/interaction_tuning/results/interaction_paper_v1/checkpoints/graph__k16__C28__L3/recap/trial_2/model.pt
graph__k16__C28__L3,graph_core,2,weibo,0.7442357335149667,0.29949660452974636,"{""beta"": 0.005, ""knn_k"": 16, ""lambda_E"": 0.1, ""lambda_H"": 0.35, ""lambda_bal"": 0.01, ""num_clusters"": 28, ""num_hops"": 3, ""tau_s"": 0.05}",/autodl-fs/data/recap/tuning_hyperparams/interaction_tuning/results/interaction_paper_v1/checkpoints/graph__k16__C28__L3/recap/trial_2/model.pt
graph__k16__C28__L3,graph_core,2,Reddit,0.5917748961192819,0.04508990777039404,"{""beta"": 0.005, ""knn_k"": 16, ""lambda_E"": 0.1, ""lambda_H"": 0.35, ""lambda_bal"": 0.01, ""num_clusters"": 28, ""num_hops"": 3, ""tau_s"": 0.05}",/autodl-fs/data/recap/tuning_hyperparams/interaction_tuning/results/interaction_paper_v1/checkpoints/graph__k16__C28__L3/recap/trial_2/model.pt
graph__k16__C28__L3,graph_core,2,Amazon,0.7288666753570751,0.1324070724050989,"{""beta"": 0.005, ""knn_k"": 16, ""lambda_E"": 0.1, ""lambda_H"": 0.35, ""lambda_bal"": 0.01, ""num_clusters"": 28, ""num_hops"": 3, ""tau_s"": 0.05}",/autodl-fs/data/recap/tuning_hyperparams/interaction_tuning/results/interaction_paper_v1/checkpoints/graph__k16__C28__L3/recap/trial_2/model.pt
graph__k16__C36__L1,graph_core,0,Facebook,0.5557954545454545,0.03880279173139257,"{""beta"": 0.005, ""knn_k"": 16, ""lambda_E"": 0.1, ""lambda_H"": 0.35, ""lambda_bal"": 0.01, ""num_clusters"": 36, ""num_hops"": 1, ""tau_s"": 0.05}",/autodl-fs/data/recap/tuning_hyperparams/interaction_tuning/results/interaction_paper_v1/checkpoints/graph__k16__C36__L1/recap/trial_0/model.pt
graph__k16__C36__L1,graph_core,0,cora,0.8341777430284076,0.374205336533617,"{""beta"": 0.005, ""knn_k"": 16, ""lambda_E"": 0.1, ""lambda_H"": 0.35, ""lambda_bal"": 0.01, ""num_clusters"": 36, ""num_hops"": 1, ""tau_s"": 0.05}",/autodl-fs/data/recap/tuning_hyperparams/interaction_tuning/results/interaction_paper_v1/checkpoints/graph__k16__C36__L1/recap/trial_0/model.pt
graph__k16__C36__L1,graph_core,0,citeseer,0.8720081838212149,0.3198077689996678,"{""beta"": 0.005, ""knn_k"": 16, ""lambda_E"": 0.1, ""lambda_H"": 0.35, ""lambda_bal"": 0.01, ""num_clusters"": 36, ""num_hops"": 1, ""tau_s"": 0.05}",/autodl-fs/data/recap/tuning_hyperparams/interaction_tuning/results/interaction_paper_v1/checkpoints/graph__k16__C36__L1/recap/trial_0/model.pt
graph__k16__C36__L1,graph_core,0,ACM,0.8069180273284764,0.35345288478274894,"{""beta"": 0.005, ""knn_k"": 16, ""lambda_E"": 0.1, ""lambda_H"": 0.35, ""lambda_bal"": 0.01, ""num_clusters"": 36, ""num_hops"": 1, ""tau_s"": 0.05}",/autodl-fs/data/recap/tuning_hyperparams/interaction_tuning/results/interaction_paper_v1/checkpoints/graph__k16__C36__L1/recap/trial_0/model.pt
graph__k16__C36__L1,graph_core,0,BlogCatalog,0.7218355119825707,0.32698082293169517,"{""beta"": 0.005, ""knn_k"": 16, ""lambda_E"": 0.1, ""lambda_H"": 0.35, ""lambda_bal"": 0.01, ""num_clusters"": 36, ""num_hops"": 1, ""tau_s"": 0.05}",/autodl-fs/data/recap/tuning_hyperparams/interaction_tuning/results/interaction_paper_v1/checkpoints/graph__k16__C36__L1/recap/trial_0/model.pt
graph__k16__C36__L1,graph_core,0,weibo,0.7080751090320012,0.29909313240581065,"{""beta"": 0.005, ""knn_k"": 16, ""lambda_E"": 0.1, ""lambda_H"": 0.35, ""lambda_bal"": 0.01, ""num_clusters"": 36, ""num_hops"": 1, ""tau_s"": 0.05}",/autodl-fs/data/recap/tuning_hyperparams/interaction_tuning/results/interaction_paper_v1/checkpoints/graph__k16__C36__L1/recap/trial_0/model.pt
graph__k16__C36__L1,graph_core,0,Reddit,0.6052154450582421,0.046730624189240004,"{""beta"": 0.005, ""knn_k"": 16, ""lambda_E"": 0.1, ""lambda_H"": 0.35, ""lambda_bal"": 0.01, ""num_clusters"": 36, ""num_hops"": 1, ""tau_s"": 0.05}",/autodl-fs/data/recap/tuning_hyperparams/interaction_tuning/results/interaction_paper_v1/checkpoints/graph__k16__C36__L1/recap/trial_0/model.pt
graph__k16__C36__L1,graph_core,0,Amazon,0.7059005299483738,0.1248160528834403,"{""beta"": 0.005, ""knn_k"": 16, ""lambda_E"": 0.1, ""lambda_H"": 0.35, ""lambda_bal"": 0.01, ""num_clusters"": 36, ""num_hops"": 1, ""tau_s"": 0.05}",/autodl-fs/data/recap/tuning_hyperparams/interaction_tuning/results/interaction_paper_v1/checkpoints/graph__k16__C36__L1/recap/trial_0/model.pt
graph__k16__C36__L1,graph_core,1,Facebook,0.5440909090909091,0.03519545678363165,"{""beta"": 0.005, ""knn_k"": 16, ""lambda_E"": 0.1, ""lambda_H"": 0.35, ""lambda_bal"": 0.01, ""num_clusters"": 36, ""num_hops"": 1, ""tau_s"": 0.05}",/autodl-fs/data/recap/tuning_hyperparams/interaction_tuning/results/interaction_paper_v1/checkpoints/graph__k16__C36__L1/recap/trial_1/model.pt
graph__k16__C36__L1,graph_core,1,cora,0.8334662496742247,0.35721433654126383,"{""beta"": 0.005, ""knn_k"": 16, ""lambda_E"": 0.1, ""lambda_H"": 0.35, ""lambda_bal"": 0.01, ""num_clusters"": 36, ""num_hops"": 1, ""tau_s"": 0.05}",/autodl-fs/data/recap/tuning_hyperparams/interaction_tuning/results/interaction_paper_v1/checkpoints/graph__k16__C36__L1/recap/trial_1/model.pt
graph__k16__C36__L1,graph_core,1,citeseer,0.872315601720701,0.344586769669493,"{""beta"": 0.005, ""knn_k"": 16, ""lambda_E"": 0.1, ""lambda_H"": 0.35, ""lambda_bal"": 0.01, ""num_clusters"": 36, ""num_hops"": 1, ""tau_s"": 0.05}",/autodl-fs/data/recap/tuning_hyperparams/interaction_tuning/results/interaction_paper_v1/checkpoints/graph__k16__C36__L1/recap/trial_1/model.pt
graph__k16__C36__L1,graph_core,1,ACM,0.8041685526307605,0.34866639659058896,"{""beta"": 0.005, ""knn_k"": 16, ""lambda_E"": 0.1, ""lambda_H"": 0.35, ""lambda_bal"": 0.01, ""num_clusters"": 36, ""num_hops"": 1, ""tau_s"": 0.05}",/autodl-fs/data/recap/tuning_hyperparams/interaction_tuning/results/interaction_paper_v1/checkpoints/graph__k16__C36__L1/recap/trial_1/model.pt
graph__k16__C36__L1,graph_core,1,BlogCatalog,0.7211628540305011,0.3291801868333924,"{""beta"": 0.005, ""knn_k"": 16, ""lambda_E"": 0.1, ""lambda_H"": 0.35, ""lambda_bal"": 0.01, ""num_clusters"": 36, ""num_hops"": 1, ""tau_s"": 0.05}",/autodl-fs/data/recap/tuning_hyperparams/interaction_tuning/results/interaction_paper_v1/checkpoints/graph__k16__C36__L1/recap/trial_1/model.pt
graph__k16__C36__L1,graph_core,1,weibo,0.6987772763430058,0.2942273111695856,"{""beta"": 0.005, ""knn_k"": 16, ""lambda_E"": 0.1, ""lambda_H"": 0.35, ""lambda_bal"": 0.01, ""num_clusters"": 36, ""num_hops"": 1, ""tau_s"": 0.05}",/autodl-fs/data/recap/tuning_hyperparams/interaction_tuning/results/interaction_paper_v1/checkpoints/graph__k16__C36__L1/recap/trial_1/model.pt
graph__k16__C36__L1,graph_core,1,Reddit,0.6040272627057672,0.0457027143685024,"{""beta"": 0.005, ""knn_k"": 16, ""lambda_E"": 0.1, ""lambda_H"": 0.35, ""lambda_bal"": 0.01, ""num_clusters"": 36, ""num_hops"": 1, ""tau_s"": 0.05}",/autodl-fs/data/recap/tuning_hyperparams/interaction_tuning/results/interaction_paper_v1/checkpoints/graph__k16__C36__L1/recap/trial_1/model.pt
graph__k16__C36__L1,graph_core,1,Amazon,0.7198920875345176,0.13063745043468553,"{""beta"": 0.005, ""knn_k"": 16, ""lambda_E"": 0.1, ""lambda_H"": 0.35, ""lambda_bal"": 0.01, ""num_clusters"": 36, ""num_hops"": 1, ""tau_s"": 0.05}",/autodl-fs/data/recap/tuning_hyperparams/interaction_tuning/results/interaction_paper_v1/checkpoints/graph__k16__C36__L1/recap/trial_1/model.pt
graph__k16__C36__L1,graph_core,2,Facebook,0.5364393939393939,0.02914599458464599,"{""beta"": 0.005, ""knn_k"": 16, ""lambda_E"": 0.1, ""lambda_H"": 0.35, ""lambda_bal"": 0.01, ""num_clusters"": 36, ""num_hops"": 1, ""tau_s"": 0.05}",/autodl-fs/data/recap/tuning_hyperparams/interaction_tuning/results/interaction_paper_v1/checkpoints/graph__k16__C36__L1/recap/trial_2/model.pt
graph__k16__C36__L1,graph_core,2,cora,0.8267318217357311,0.33767446585999844,"{""beta"": 0.005, ""knn_k"": 16, ""lambda_E"": 0.1, ""lambda_H"": 0.35, ""lambda_bal"": 0.01, ""num_clusters"": 36, ""num_hops"": 1, ""tau_s"": 0.05}",/autodl-fs/data/recap/tuning_hyperparams/interaction_tuning/results/interaction_paper_v1/checkpoints/graph__k16__C36__L1/recap/trial_2/model.pt
graph__k16__C36__L1,graph_core,2,citeseer,0.873256741160424,0.3213907139248079,"{""beta"": 0.005, ""knn_k"": 16, ""lambda_E"": 0.1, ""lambda_H"": 0.35, ""lambda_bal"": 0.01, ""num_clusters"": 36, ""num_hops"": 1, ""tau_s"": 0.05}",/autodl-fs/data/recap/tuning_hyperparams/interaction_tuning/results/interaction_paper_v1/checkpoints/graph__k16__C36__L1/recap/trial_2/model.pt
graph__k16__C36__L1,graph_core,2,ACM,0.8065386203799679,0.35418761353218825,"{""beta"": 0.005, ""knn_k"": 16, ""lambda_E"": 0.1, ""lambda_H"": 0.35, ""lambda_bal"": 0.01, ""num_clusters"": 36, ""num_hops"": 1, ""tau_s"": 0.05}",/autodl-fs/data/recap/tuning_hyperparams/interaction_tuning/results/interaction_paper_v1/checkpoints/graph__k16__C36__L1/recap/trial_2/model.pt
graph__k16__C36__L1,graph_core,2,BlogCatalog,0.7273338779956426,0.33091557656367754,"{""beta"": 0.005, ""knn_k"": 16, ""lambda_E"": 0.1, ""lambda_H"": 0.35, ""lambda_bal"": 0.01, ""num_clusters"": 36, ""num_hops"": 1, ""tau_s"": 0.05}",/autodl-fs/data/recap/tuning_hyperparams/interaction_tuning/results/interaction_paper_v1/checkpoints/graph__k16__C36__L1/recap/trial_2/model.pt
graph__k16__C36__L1,graph_core,2,weibo,0.6952860511797712,0.28822528560119687,"{""beta"": 0.005, ""knn_k"": 16, ""lambda_E"": 0.1, ""lambda_H"": 0.35, ""lambda_bal"": 0.01, ""num_clusters"": 36, ""num_hops"": 1, ""tau_s"": 0.05}",/autodl-fs/data/recap/tuning_hyperparams/interaction_tuning/results/interaction_paper_v1/checkpoints/graph__k16__C36__L1/recap/trial_2/model.pt
graph__k16__C36__L1,graph_core,2,Reddit,0.6023707550947098,0.04529533963540697,"{""beta"": 0.005, ""knn_k"": 16, ""lambda_E"": 0.1, ""lambda_H"": 0.35, ""lambda_bal"": 0.01, ""num_clusters"": 36, ""num_hops"": 1, ""tau_s"": 0.05}",/autodl-fs/data/recap/tuning_hyperparams/interaction_tuning/results/interaction_paper_v1/checkpoints/graph__k16__C36__L1/recap/trial_2/model.pt
graph__k16__C36__L1,graph_core,2,Amazon,0.7059698715348701,0.1257100035712923,"{""beta"": 0.005, ""knn_k"": 16, ""lambda_E"": 0.1, ""lambda_H"": 0.35, ""lambda_bal"": 0.01, ""num_clusters"": 36, ""num_hops"": 1, ""tau_s"": 0.05}",/autodl-fs/data/recap/tuning_hyperparams/interaction_tuning/results/interaction_paper_v1/checkpoints/graph__k16__C36__L1/recap/trial_2/model.pt
graph__k16__C36__L2,graph_core,0,Facebook,0.5687878787878788,0.040457286485587794,"{""beta"": 0.005, ""knn_k"": 16, ""lambda_E"": 0.1, ""lambda_H"": 0.35, ""lambda_bal"": 0.01, ""num_clusters"": 36, ""num_hops"": 2, ""tau_s"": 0.05}",/autodl-fs/data/recap/tuning_hyperparams/interaction_tuning/results/interaction_paper_v1/checkpoints/graph__k16__C36__L2/recap/trial_0/model.pt
graph__k16__C36__L2,graph_core,0,cora,0.8408365910867864,0.4399330212520281,"{""beta"": 0.005, ""knn_k"": 16, ""lambda_E"": 0.1, ""lambda_H"": 0.35, ""lambda_bal"": 0.01, ""num_clusters"": 36, ""num_hops"": 2, ""tau_s"": 0.05}",/autodl-fs/data/recap/tuning_hyperparams/interaction_tuning/results/interaction_paper_v1/checkpoints/graph__k16__C36__L2/recap/trial_0/model.pt
graph__k16__C36__L2,graph_core,0,citeseer,0.9019746091700768,0.4188547417541112,"{""beta"": 0.005, ""knn_k"": 16, ""lambda_E"": 0.1, ""lambda_H"": 0.35, ""lambda_bal"": 0.01, ""num_clusters"": 36, ""num_hops"": 2, ""tau_s"": 0.05}",/autodl-fs/data/recap/tuning_hyperparams/interaction_tuning/results/interaction_paper_v1/checkpoints/graph__k16__C36__L2/recap/trial_0/model.pt
graph__k16__C36__L2,graph_core,0,ACM,0.801072672061341,0.36858841415371063,"{""beta"": 0.005, ""knn_k"": 16, ""lambda_E"": 0.1, ""lambda_H"": 0.35, ""lambda_bal"": 0.01, ""num_clusters"": 36, ""num_hops"": 2, ""tau_s"": 0.05}",/autodl-fs/data/recap/tuning_hyperparams/interaction_tuning/results/interaction_paper_v1/checkpoints/graph__k16__C36__L2/recap/trial_0/model.pt
graph__k16__C36__L2,graph_core,0,BlogCatalog,0.7237588507625273,0.33222762976274844,"{""beta"": 0.005, ""knn_k"": 16, ""lambda_E"": 0.1, ""lambda_H"": 0.35, ""lambda_bal"": 0.01, ""num_clusters"": 36, ""num_hops"": 2, ""tau_s"": 0.05}",/autodl-fs/data/recap/tuning_hyperparams/interaction_tuning/results/interaction_paper_v1/checkpoints/graph__k16__C36__L2/recap/trial_0/model.pt
graph__k16__C36__L2,graph_core,0,weibo,0.7479497459231845,0.3092430683028463,"{""beta"": 0.005, ""knn_k"": 16, ""lambda_E"": 0.1, ""lambda_H"": 0.35, ""lambda_bal"": 0.01, ""num_clusters"": 36, ""num_hops"": 2, ""tau_s"": 0.05}",/autodl-fs/data/recap/tuning_hyperparams/interaction_tuning/results/interaction_paper_v1/checkpoints/graph__k16__C36__L2/recap/trial_0/model.pt
graph__k16__C36__L2,graph_core,0,Reddit,0.59802009063895,0.04707762704250936,"{""beta"": 0.005, ""knn_k"": 16, ""lambda_E"": 0.1, ""lambda_H"": 0.35, ""lambda_bal"": 0.01, ""num_clusters"": 36, ""num_hops"": 2, ""tau_s"": 0.05}",/autodl-fs/data/recap/tuning_hyperparams/interaction_tuning/results/interaction_paper_v1/checkpoints/graph__k16__C36__L2/recap/trial_0/model.pt
graph__k16__C36__L2,graph_core,0,Amazon,0.7213267619311056,0.1298155783679088,"{""beta"": 0.005, ""knn_k"": 16, ""lambda_E"": 0.1, ""lambda_H"": 0.35, ""lambda_bal"": 0.01, ""num_clusters"": 36, ""num_hops"": 2, ""tau_s"": 0.05}",/autodl-fs/data/recap/tuning_hyperparams/interaction_tuning/results/interaction_paper_v1/checkpoints/graph__k16__C36__L2/recap/trial_0/model.pt
graph__k16__C36__L2,graph_core,1,Facebook,0.5617424242424243,0.042068409232271675,"{""beta"": 0.005, ""knn_k"": 16, ""lambda_E"": 0.1, ""lambda_H"": 0.35, ""lambda_bal"": 0.01, ""num_clusters"": 36, ""num_hops"": 2, ""tau_s"": 0.05}",/autodl-fs/data/recap/tuning_hyperparams/interaction_tuning/results/interaction_paper_v1/checkpoints/graph__k16__C36__L2/recap/trial_1/model.pt
graph__k16__C36__L2,graph_core,1,cora,0.8421449048735992,0.4251230883289576,"{""beta"": 0.005, ""knn_k"": 16, ""lambda_E"": 0.1, ""lambda_H"": 0.35, ""lambda_bal"": 0.01, ""num_clusters"": 36, ""num_hops"": 2, ""tau_s"": 0.05}",/autodl-fs/data/recap/tuning_hyperparams/interaction_tuning/results/interaction_paper_v1/checkpoints/graph__k16__C36__L2/recap/trial_1/model.pt
graph__k16__C36__L2,graph_core,1,citeseer,0.8992057496590073,0.44224586965802976,"{""beta"": 0.005, ""knn_k"": 16, ""lambda_E"": 0.1, ""lambda_H"": 0.35, ""lambda_bal"": 0.01, ""num_clusters"": 36, ""num_hops"": 2, ""tau_s"": 0.05}",/autodl-fs/data/recap/tuning_hyperparams/interaction_tuning/results/interaction_paper_v1/checkpoints/graph__k16__C36__L2/recap/trial_1/model.pt
graph__k16__C36__L2,graph_core,1,ACM,0.7976752481064183,0.36652861113868307,"{""beta"": 0.005, ""knn_k"": 16, ""lambda_E"": 0.1, ""lambda_H"": 0.35, ""lambda_bal"": 0.01, ""num_clusters"": 36, ""num_hops"": 2, ""tau_s"": 0.05}",/autodl-fs/data/recap/tuning_hyperparams/interaction_tuning/results/interaction_paper_v1/checkpoints/graph__k16__C36__L2/recap/trial_1/model.pt
graph__k16__C36__L2,graph_core,1,BlogCatalog,0.7222419662309368,0.3333912372369623,"{""beta"": 0.005, ""knn_k"": 16, ""lambda_E"": 0.1, ""lambda_H"": 0.35, ""lambda_bal"": 0.01, ""num_clusters"": 36, ""num_hops"": 2, ""tau_s"": 0.05}",/autodl-fs/data/recap/tuning_hyperparams/interaction_tuning/results/interaction_paper_v1/checkpoints/graph__k16__C36__L2/recap/trial_1/model.pt
graph__k16__C36__L2,graph_core,1,weibo,0.7411867964432303,0.30433449690974534,"{""beta"": 0.005, ""knn_k"": 16, ""lambda_E"": 0.1, ""lambda_H"": 0.35, ""lambda_bal"": 0.01, ""num_clusters"": 36, ""num_hops"": 2, ""tau_s"": 0.05}",/autodl-fs/data/recap/tuning_hyperparams/interaction_tuning/results/interaction_paper_v1/checkpoints/graph__k16__C36__L2/recap/trial_1/model.pt
graph__k16__C36__L2,graph_core,1,Reddit,0.5976563665988366,0.04592850816964799,"{""beta"": 0.005, ""knn_k"": 16, ""lambda_E"": 0.1, ""lambda_H"": 0.35, ""lambda_bal"": 0.01, ""num_clusters"": 36, ""num_hops"": 2, ""tau_s"": 0.05}",/autodl-fs/data/recap/tuning_hyperparams/interaction_tuning/results/interaction_paper_v1/checkpoints/graph__k16__C36__L2/recap/trial_1/model.pt
graph__k16__C36__L2,graph_core,1,Amazon,0.735711053306269,0.13559640852337687,"{""beta"": 0.005, ""knn_k"": 16, ""lambda_E"": 0.1, ""lambda_H"": 0.35, ""lambda_bal"": 0.01, ""num_clusters"": 36, ""num_hops"": 2, ""tau_s"": 0.05}",/autodl-fs/data/recap/tuning_hyperparams/interaction_tuning/results/interaction_paper_v1/checkpoints/graph__k16__C36__L2/recap/trial_1/model.pt
graph__k16__C36__L2,graph_core,2,Facebook,0.5560227272727273,0.03189454553518675,"{""beta"": 0.005, ""knn_k"": 16, ""lambda_E"": 0.1, ""lambda_H"": 0.35, ""lambda_bal"": 0.01, ""num_clusters"": 36, ""num_hops"": 2, ""tau_s"": 0.05}",/autodl-fs/data/recap/tuning_hyperparams/interaction_tuning/results/interaction_paper_v1/checkpoints/graph__k16__C36__L2/recap/trial_2/model.pt
graph__k16__C36__L2,graph_core,2,cora,0.8345582486317435,0.40946875599376586,"{""beta"": 0.005, ""knn_k"": 16, ""lambda_E"": 0.1, ""lambda_H"": 0.35, ""lambda_bal"": 0.01, ""num_clusters"": 36, ""num_hops"": 2, ""tau_s"": 0.05}",/autodl-fs/data/recap/tuning_hyperparams/interaction_tuning/results/interaction_paper_v1/checkpoints/graph__k16__C36__L2/recap/trial_2/model.pt
graph__k16__C36__L2,graph_core,2,citeseer,0.900954779141748,0.4215726593016691,"{""beta"": 0.005, ""knn_k"": 16, ""lambda_E"": 0.1, ""lambda_H"": 0.35, ""lambda_bal"": 0.01, ""num_clusters"": 36, ""num_hops"": 2, ""tau_s"": 0.05}",/autodl-fs/data/recap/tuning_hyperparams/interaction_tuning/results/interaction_paper_v1/checkpoints/graph__k16__C36__L2/recap/trial_2/model.pt
graph__k16__C36__L2,graph_core,2,ACM,0.8004568276855628,0.37087385223575586,"{""beta"": 0.005, ""knn_k"": 16, ""lambda_E"": 0.1, ""lambda_H"": 0.35, ""lambda_bal"": 0.01, ""num_clusters"": 36, ""num_hops"": 2, ""tau_s"": 0.05}",/autodl-fs/data/recap/tuning_hyperparams/interaction_tuning/results/interaction_paper_v1/checkpoints/graph__k16__C36__L2/recap/trial_2/model.pt
graph__k16__C36__L2,graph_core,2,BlogCatalog,0.7285440495642701,0.33545781094322347,"{""beta"": 0.005, ""knn_k"": 16, ""lambda_E"": 0.1, ""lambda_H"": 0.35, ""lambda_bal"": 0.01, ""num_clusters"": 36, ""num_hops"": 2, ""tau_s"": 0.05}",/autodl-fs/data/recap/tuning_hyperparams/interaction_tuning/results/interaction_paper_v1/checkpoints/graph__k16__C36__L2/recap/trial_2/model.pt
graph__k16__C36__L2,graph_core,2,weibo,0.7342245995026686,0.29675403923536053,"{""beta"": 0.005, ""knn_k"": 16, ""lambda_E"": 0.1, ""lambda_H"": 0.35, ""lambda_bal"": 0.01, ""num_clusters"": 36, ""num_hops"": 2, ""tau_s"": 0.05}",/autodl-fs/data/recap/tuning_hyperparams/interaction_tuning/results/interaction_paper_v1/checkpoints/graph__k16__C36__L2/recap/trial_2/model.pt
graph__k16__C36__L2,graph_core,2,Reddit,0.5945847190099912,0.045099591043375596,"{""beta"": 0.005, ""knn_k"": 16, ""lambda_E"": 0.1, ""lambda_H"": 0.35, ""lambda_bal"": 0.01, ""num_clusters"": 36, ""num_hops"": 2, ""tau_s"": 0.05}",/autodl-fs/data/recap/tuning_hyperparams/interaction_tuning/results/interaction_paper_v1/checkpoints/graph__k16__C36__L2/recap/trial_2/model.pt
graph__k16__C36__L2,graph_core,2,Amazon,0.7211008718720395,0.12966591362564078,"{""beta"": 0.005, ""knn_k"": 16, ""lambda_E"": 0.1, ""lambda_H"": 0.35, ""lambda_bal"": 0.01, ""num_clusters"": 36, ""num_hops"": 2, ""tau_s"": 0.05}",/autodl-fs/data/recap/tuning_hyperparams/interaction_tuning/results/interaction_paper_v1/checkpoints/graph__k16__C36__L2/recap/trial_2/model.pt
graph__k16__C36__L3,graph_core,0,Facebook,0.5825378787878789,0.04944621869380729,"{""beta"": 0.005, ""knn_k"": 16, ""lambda_E"": 0.1, ""lambda_H"": 0.35, ""lambda_bal"": 0.01, ""num_clusters"": 36, ""num_hops"": 3, ""tau_s"": 0.05}",/autodl-fs/data/recap/tuning_hyperparams/interaction_tuning/results/interaction_paper_v1/checkpoints/graph__k16__C36__L3/recap/trial_0/model.pt
graph__k16__C36__L3,graph_core,0,cora,0.8319390148553557,0.43034205983723295,"{""beta"": 0.005, ""knn_k"": 16, ""lambda_E"": 0.1, ""lambda_H"": 0.35, ""lambda_bal"": 0.01, ""num_clusters"": 36, ""num_hops"": 3, ""tau_s"": 0.05}",/autodl-fs/data/recap/tuning_hyperparams/interaction_tuning/results/interaction_paper_v1/checkpoints/graph__k16__C36__L3/recap/trial_0/model.pt
graph__k16__C36__L3,graph_core,0,citeseer,0.9041244360507815,0.43845804188993953,"{""beta"": 0.005, ""knn_k"": 16, ""lambda_E"": 0.1, ""lambda_H"": 0.35, ""lambda_bal"": 0.01, ""num_clusters"": 36, ""num_hops"": 3, ""tau_s"": 0.05}",/autodl-fs/data/recap/tuning_hyperparams/interaction_tuning/results/interaction_paper_v1/checkpoints/graph__k16__C36__L3/recap/trial_0/model.pt
graph__k16__C36__L3,graph_core,0,ACM,0.7966584880930955,0.37365884574782293,"{""beta"": 0.005, ""knn_k"": 16, ""lambda_E"": 0.1, ""lambda_H"": 0.35, ""lambda_bal"": 0.01, ""num_clusters"": 36, ""num_hops"": 3, ""tau_s"": 0.05}",/autodl-fs/data/recap/tuning_hyperparams/interaction_tuning/results/interaction_paper_v1/checkpoints/graph__k16__C36__L3/recap/trial_0/model.pt
graph__k16__C36__L3,graph_core,0,BlogCatalog,0.7251531862745098,0.33432181846698744,"{""beta"": 0.005, ""knn_k"": 16, ""lambda_E"": 0.1, ""lambda_H"": 0.35, ""lambda_bal"": 0.01, ""num_clusters"": 36, ""num_hops"": 3, ""tau_s"": 0.05}",/autodl-fs/data/recap/tuning_hyperparams/interaction_tuning/results/interaction_paper_v1/checkpoints/graph__k16__C36__L3/recap/trial_0/model.pt
graph__k16__C36__L3,graph_core,0,weibo,0.7560501067238796,0.30978724611328856,"{""beta"": 0.005, ""knn_k"": 16, ""lambda_E"": 0.1, ""lambda_H"": 0.35, ""lambda_bal"": 0.01, ""num_clusters"": 36, ""num_hops"": 3, ""tau_s"": 0.05}",/autodl-fs/data/recap/tuning_hyperparams/interaction_tuning/results/interaction_paper_v1/checkpoints/graph__k16__C36__L3/recap/trial_0/model.pt
graph__k16__C36__L3,graph_core,0,Reddit,0.5977845127410203,0.04787620921816105,"{""beta"": 0.005, ""knn_k"": 16, ""lambda_E"": 0.1, ""lambda_H"": 0.35, ""lambda_bal"": 0.01, ""num_clusters"": 36, ""num_hops"": 3, ""tau_s"": 0.05}",/autodl-fs/data/recap/tuning_hyperparams/interaction_tuning/results/interaction_paper_v1/checkpoints/graph__k16__C36__L3/recap/trial_0/model.pt
graph__k16__C36__L3,graph_core,0,Amazon,0.7264372974162083,0.13086917014417793,"{""beta"": 0.005, ""knn_k"": 16, ""lambda_E"": 0.1, ""lambda_H"": 0.35, ""lambda_bal"": 0.01, ""num_clusters"": 36, ""num_hops"": 3, ""tau_s"": 0.05}",/autodl-fs/data/recap/tuning_hyperparams/interaction_tuning/results/interaction_paper_v1/checkpoints/graph__k16__C36__L3/recap/trial_0/model.pt
graph__k16__C36__L3,graph_core,1,Facebook,0.5785606060606061,0.04549037760637648,"{""beta"": 0.005, ""knn_k"": 16, ""lambda_E"": 0.1, ""lambda_H"": 0.35, ""lambda_bal"": 0.01, ""num_clusters"": 36, ""num_hops"": 3, ""tau_s"": 0.05}",/autodl-fs/data/recap/tuning_hyperparams/interaction_tuning/results/interaction_paper_v1/checkpoints/graph__k16__C36__L3/recap/trial_1/model.pt
graph__k16__C36__L3,graph_core,1,cora,0.8326713578316394,0.4222474305883607,"{""beta"": 0.005, ""knn_k"": 16, ""lambda_E"": 0.1, ""lambda_H"": 0.35, ""lambda_bal"": 0.01, ""num_clusters"": 36, ""num_hops"": 3, ""tau_s"": 0.05}",/autodl-fs/data/recap/tuning_hyperparams/interaction_tuning/results/interaction_paper_v1/checkpoints/graph__k16__C36__L3/recap/trial_1/model.pt
graph__k16__C36__L3,graph_core,1,citeseer,0.90036512433113,0.45773508559456005,"{""beta"": 0.005, ""knn_k"": 16, ""lambda_E"": 0.1, ""lambda_H"": 0.35, ""lambda_bal"": 0.01, ""num_clusters"": 36, ""num_hops"": 3, ""tau_s"": 0.05}",/autodl-fs/data/recap/tuning_hyperparams/interaction_tuning/results/interaction_paper_v1/checkpoints/graph__k16__C36__L3/recap/trial_1/model.pt
graph__k16__C36__L3,graph_core,1,ACM,0.7929379593462582,0.3721107782063006,"{""beta"": 0.005, ""knn_k"": 16, ""lambda_E"": 0.1, ""lambda_H"": 0.35, ""lambda_bal"": 0.01, ""num_clusters"": 36, ""num_hops"": 3, ""tau_s"": 0.05}",/autodl-fs/data/recap/tuning_hyperparams/interaction_tuning/results/interaction_paper_v1/checkpoints/graph__k16__C36__L3/recap/trial_1/model.pt
graph__k16__C36__L3,graph_core,1,BlogCatalog,0.7231842320261437,0.3356995056887512,"{""beta"": 0.005, ""knn_k"": 16, ""lambda_E"": 0.1, ""lambda_H"": 0.35, ""lambda_bal"": 0.01, ""num_clusters"": 36, ""num_hops"": 3, ""tau_s"": 0.05}",/autodl-fs/data/recap/tuning_hyperparams/interaction_tuning/results/interaction_paper_v1/checkpoints/graph__k16__C36__L3/recap/trial_1/model.pt
graph__k16__C36__L3,graph_core,1,weibo,0.7491397278800926,0.30439268409456705,"{""beta"": 0.005, ""knn_k"": 16, ""lambda_E"": 0.1, ""lambda_H"": 0.35, ""lambda_bal"": 0.01, ""num_clusters"": 36, ""num_hops"": 3, ""tau_s"": 0.05}",/autodl-fs/data/recap/tuning_hyperparams/interaction_tuning/results/interaction_paper_v1/checkpoints/graph__k16__C36__L3/recap/trial_1/model.pt
graph__k16__C36__L3,graph_core,1,Reddit,0.5964773191621198,0.04619784908027637,"{""beta"": 0.005, ""knn_k"": 16, ""lambda_E"": 0.1, ""lambda_H"": 0.35, ""lambda_bal"": 0.01, ""num_clusters"": 36, ""num_hops"": 3, ""tau_s"": 0.05}",/autodl-fs/data/recap/tuning_hyperparams/interaction_tuning/results/interaction_paper_v1/checkpoints/graph__k16__C36__L3/recap/trial_1/model.pt
graph__k16__C36__L3,graph_core,1,Amazon,0.7434621709094481,0.13871447085780492,"{""beta"": 0.005, ""knn_k"": 16, ""lambda_E"": 0.1, ""lambda_H"": 0.35, ""lambda_bal"": 0.01, ""num_clusters"": 36, ""num_hops"": 3, ""tau_s"": 0.05}",/autodl-fs/data/recap/tuning_hyperparams/interaction_tuning/results/interaction_paper_v1/checkpoints/graph__k16__C36__L3/recap/trial_1/model.pt
graph__k16__C36__L3,graph_core,2,Facebook,0.578030303030303,0.0364704268841836,"{""beta"": 0.005, ""knn_k"": 16, ""lambda_E"": 0.1, ""lambda_H"": 0.35, ""lambda_bal"": 0.01, ""num_clusters"": 36, ""num_hops"": 3, ""tau_s"": 0.05}",/autodl-fs/data/recap/tuning_hyperparams/interaction_tuning/results/interaction_paper_v1/checkpoints/graph__k16__C36__L3/recap/trial_2/model.pt
graph__k16__C36__L3,graph_core,2,cora,0.8248553557466772,0.40747312241315803,"{""beta"": 0.005, ""knn_k"": 16, ""lambda_E"": 0.1, ""lambda_H"": 0.35, ""lambda_bal"": 0.01, ""num_clusters"": 36, ""num_hops"": 3, ""tau_s"": 0.05}",/autodl-fs/data/recap/tuning_hyperparams/interaction_tuning/results/interaction_paper_v1/checkpoints/graph__k16__C36__L3/recap/trial_2/model.pt
graph__k16__C36__L3,graph_core,2,citeseer,0.9018014898751443,0.44000022205373107,"{""beta"": 0.005, ""knn_k"": 16, ""lambda_E"": 0.1, ""lambda_H"": 0.35, ""lambda_bal"": 0.01, ""num_clusters"": 36, ""num_hops"": 3, ""tau_s"": 0.05}",/autodl-fs/data/recap/tuning_hyperparams/interaction_tuning/results/interaction_paper_v1/checkpoints/graph__k16__C36__L3/recap/trial_2/model.pt
graph__k16__C36__L3,graph_core,2,ACM,0.7959189160379856,0.376068115064781,"{""beta"": 0.005, ""knn_k"": 16, ""lambda_E"": 0.1, ""lambda_H"": 0.35, ""lambda_bal"": 0.01, ""num_clusters"": 36, ""num_hops"": 3, ""tau_s"": 0.05}",/autodl-fs/data/recap/tuning_hyperparams/interaction_tuning/results/interaction_paper_v1/checkpoints/graph__k16__C36__L3/recap/trial_2/model.pt
graph__k16__C36__L3,graph_core,2,BlogCatalog,0.7292095588235294,0.337407228260985,"{""beta"": 0.005, ""knn_k"": 16, ""lambda_E"": 0.1, ""lambda_H"": 0.35, ""lambda_bal"": 0.01, ""num_clusters"": 36, ""num_hops"": 3, ""tau_s"": 0.05}",/autodl-fs/data/recap/tuning_hyperparams/interaction_tuning/results/interaction_paper_v1/checkpoints/graph__k16__C36__L3/recap/trial_2/model.pt
graph__k16__C36__L3,graph_core,2,weibo,0.7439570010681559,0.29954372243144084,"{""beta"": 0.005, ""knn_k"": 16, ""lambda_E"": 0.1, ""lambda_H"": 0.35, ""lambda_bal"": 0.01, ""num_clusters"": 36, ""num_hops"": 3, ""tau_s"": 0.05}",/autodl-fs/data/recap/tuning_hyperparams/interaction_tuning/results/interaction_paper_v1/checkpoints/graph__k16__C36__L3/recap/trial_2/model.pt
graph__k16__C36__L3,graph_core,2,Reddit,0.5920179363427606,0.04516141516296826,"{""beta"": 0.005, ""knn_k"": 16, ""lambda_E"": 0.1, ""lambda_H"": 0.35, ""lambda_bal"": 0.01, ""num_clusters"": 36, ""num_hops"": 3, ""tau_s"": 0.05}",/autodl-fs/data/recap/tuning_hyperparams/interaction_tuning/results/interaction_paper_v1/checkpoints/graph__k16__C36__L3/recap/trial_2/model.pt
graph__k16__C36__L3,graph_core,2,Amazon,0.7296064198802631,0.1327690222883426,"{""beta"": 0.005, ""knn_k"": 16, ""lambda_E"": 0.1, ""lambda_H"": 0.35, ""lambda_bal"": 0.01, ""num_clusters"": 36, ""num_hops"": 3, ""tau_s"": 0.05}",/autodl-fs/data/recap/tuning_hyperparams/interaction_tuning/results/interaction_paper_v1/checkpoints/graph__k16__C36__L3/recap/trial_2/model.pt
graph__k20__C20__L1,graph_core,0,Facebook,0.5546212121212122,0.03875031451034702,"{""beta"": 0.005, ""knn_k"": 20, ""lambda_E"": 0.1, ""lambda_H"": 0.35, ""lambda_bal"": 0.01, ""num_clusters"": 20, ""num_hops"": 1, ""tau_s"": 0.05}",/autodl-fs/data/recap/tuning_hyperparams/interaction_tuning/results/interaction_paper_v1/checkpoints/graph__k20__C20__L1/recap/trial_0/model.pt
graph__k20__C20__L1,graph_core,0,cora,0.8342038050560333,0.3745999522214122,"{""beta"": 0.005, ""knn_k"": 20, ""lambda_E"": 0.1, ""lambda_H"": 0.35, ""lambda_bal"": 0.01, ""num_clusters"": 20, ""num_hops"": 1, ""tau_s"": 0.05}",/autodl-fs/data/recap/tuning_hyperparams/interaction_tuning/results/interaction_paper_v1/checkpoints/graph__k20__C20__L1/recap/trial_0/model.pt
graph__k20__C20__L1,graph_core,0,citeseer,0.8724184240898122,0.32098571020351724,"{""beta"": 0.005, ""knn_k"": 20, ""lambda_E"": 0.1, ""lambda_H"": 0.35, ""lambda_bal"": 0.01, ""num_clusters"": 20, ""num_hops"": 1, ""tau_s"": 0.05}",/autodl-fs/data/recap/tuning_hyperparams/interaction_tuning/results/interaction_paper_v1/checkpoints/graph__k20__C20__L1/recap/trial_0/model.pt
graph__k20__C20__L1,graph_core,0,ACM,0.8071054375969142,0.3536120191093858,"{""beta"": 0.005, ""knn_k"": 20, ""lambda_E"": 0.1, ""lambda_H"": 0.35, ""lambda_bal"": 0.01, ""num_clusters"": 20, ""num_hops"": 1, ""tau_s"": 0.05}",/autodl-fs/data/recap/tuning_hyperparams/interaction_tuning/results/interaction_paper_v1/checkpoints/graph__k20__C20__L1/recap/trial_0/model.pt
graph__k20__C20__L1,graph_core,0,BlogCatalog,0.7221350762527232,0.32726103455698147,"{""beta"": 0.005, ""knn_k"": 20, ""lambda_E"": 0.1, ""lambda_H"": 0.35, ""lambda_bal"": 0.01, ""num_clusters"": 20, ""num_hops"": 1, ""tau_s"": 0.05}",/autodl-fs/data/recap/tuning_hyperparams/interaction_tuning/results/interaction_paper_v1/checkpoints/graph__k20__C20__L1/recap/trial_0/model.pt
graph__k20__C20__L1,graph_core,0,weibo,0.7065007713100777,0.29907008629383697,"{""beta"": 0.005, ""knn_k"": 20, ""lambda_E"": 0.1, ""lambda_H"": 0.35, ""lambda_bal"": 0.01, ""num_clusters"": 20, ""num_hops"": 1, ""tau_s"": 0.05}",/autodl-fs/data/recap/tuning_hyperparams/interaction_tuning/results/interaction_paper_v1/checkpoints/graph__k20__C20__L1/recap/trial_0/model.pt
graph__k20__C20__L1,graph_core,0,Reddit,0.6056600967323248,0.04678537618690199,"{""beta"": 0.005, ""knn_k"": 20, ""lambda_E"": 0.1, ""lambda_H"": 0.35, ""lambda_bal"": 0.01, ""num_clusters"": 20, ""num_hops"": 1, ""tau_s"": 0.05}",/autodl-fs/data/recap/tuning_hyperparams/interaction_tuning/results/interaction_paper_v1/checkpoints/graph__k20__C20__L1/recap/trial_0/model.pt
graph__k20__C20__L1,graph_core,0,Amazon,0.7055718387163146,0.12468939407445374,"{""beta"": 0.005, ""knn_k"": 20, ""lambda_E"": 0.1, ""lambda_H"": 0.35, ""lambda_bal"": 0.01, ""num_clusters"": 20, ""num_hops"": 1, ""tau_s"": 0.05}",/autodl-fs/data/recap/tuning_hyperparams/interaction_tuning/results/interaction_paper_v1/checkpoints/graph__k20__C20__L1/recap/trial_0/model.pt
graph__k20__C20__L1,graph_core,1,Facebook,0.5441287878787879,0.0346449366544669,"{""beta"": 0.005, ""knn_k"": 20, ""lambda_E"": 0.1, ""lambda_H"": 0.35, ""lambda_bal"": 0.01, ""num_clusters"": 20, ""num_hops"": 1, ""tau_s"": 0.05}",/autodl-fs/data/recap/tuning_hyperparams/interaction_tuning/results/interaction_paper_v1/checkpoints/graph__k20__C20__L1/recap/trial_1/model.pt
graph__k20__C20__L1,graph_core,1,cora,0.8327677873338545,0.3541620734468348,"{""beta"": 0.005, ""knn_k"": 20, ""lambda_E"": 0.1, ""lambda_H"": 0.35, ""lambda_bal"": 0.01, ""num_clusters"": 20, ""num_hops"": 1, ""tau_s"": 0.05}",/autodl-fs/data/recap/tuning_hyperparams/interaction_tuning/results/interaction_paper_v1/checkpoints/graph__k20__C20__L1/recap/trial_1/model.pt
graph__k20__C20__L1,graph_core,1,citeseer,0.8723051096422202,0.34349299979329023,"{""beta"": 0.005, ""knn_k"": 20, ""lambda_E"": 0.1, ""lambda_H"": 0.35, ""lambda_bal"": 0.01, ""num_clusters"": 20, ""num_hops"": 1, ""tau_s"": 0.05}",/autodl-fs/data/recap/tuning_hyperparams/interaction_tuning/results/interaction_paper_v1/checkpoints/graph__k20__C20__L1/recap/trial_1/model.pt
graph__k20__C20__L1,graph_core,1,ACM,0.8042601754286635,0.34903738010050567,"{""beta"": 0.005, ""knn_k"": 20, ""lambda_E"": 0.1, ""lambda_H"": 0.35, ""lambda_bal"": 0.01, ""num_clusters"": 20, ""num_hops"": 1, ""tau_s"": 0.05}",/autodl-fs/data/recap/tuning_hyperparams/interaction_tuning/results/interaction_paper_v1/checkpoints/graph__k20__C20__L1/recap/trial_1/model.pt
graph__k20__C20__L1,graph_core,1,BlogCatalog,0.7211574074074074,0.32897046384233497,"{""beta"": 0.005, ""knn_k"": 20, ""lambda_E"": 0.1, ""lambda_H"": 0.35, ""lambda_bal"": 0.01, ""num_clusters"": 20, ""num_hops"": 1, ""tau_s"": 0.05}",/autodl-fs/data/recap/tuning_hyperparams/interaction_tuning/results/interaction_paper_v1/checkpoints/graph__k20__C20__L1/recap/trial_1/model.pt
graph__k20__C20__L1,graph_core,1,weibo,0.6992781081839576,0.2943696229564809,"{""beta"": 0.005, ""knn_k"": 20, ""lambda_E"": 0.1, ""lambda_H"": 0.35, ""lambda_bal"": 0.01, ""num_clusters"": 20, ""num_hops"": 1, ""tau_s"": 0.05}",/autodl-fs/data/recap/tuning_hyperparams/interaction_tuning/results/interaction_paper_v1/checkpoints/graph__k20__C20__L1/recap/trial_1/model.pt
graph__k20__C20__L1,graph_core,1,Reddit,0.6036393504380128,0.04562870252418248,"{""beta"": 0.005, ""knn_k"": 20, ""lambda_E"": 0.1, ""lambda_H"": 0.35, ""lambda_bal"": 0.01, ""num_clusters"": 20, ""num_hops"": 1, ""tau_s"": 0.05}",/autodl-fs/data/recap/tuning_hyperparams/interaction_tuning/results/interaction_paper_v1/checkpoints/graph__k20__C20__L1/recap/trial_1/model.pt
graph__k20__C20__L1,graph_core,1,Amazon,0.7187508279733649,0.1300226662374016,"{""beta"": 0.005, ""knn_k"": 20, ""lambda_E"": 0.1, ""lambda_H"": 0.35, ""lambda_bal"": 0.01, ""num_clusters"": 20, ""num_hops"": 1, ""tau_s"": 0.05}",/autodl-fs/data/recap/tuning_hyperparams/interaction_tuning/results/interaction_paper_v1/checkpoints/graph__k20__C20__L1/recap/trial_1/model.pt
graph__k20__C20__L1,graph_core,2,Facebook,0.5364015151515151,0.02907036810959428,"{""beta"": 0.005, ""knn_k"": 20, ""lambda_E"": 0.1, ""lambda_H"": 0.35, ""lambda_bal"": 0.01, ""num_clusters"": 20, ""num_hops"": 1, ""tau_s"": 0.05}",/autodl-fs/data/recap/tuning_hyperparams/interaction_tuning/results/interaction_paper_v1/checkpoints/graph__k20__C20__L1/recap/trial_2/model.pt
graph__k20__C20__L1,graph_core,2,cora,0.8269194683346365,0.338617443764382,"{""beta"": 0.005, ""knn_k"": 20, ""lambda_E"": 0.1, ""lambda_H"": 0.35, ""lambda_bal"": 0.01, ""num_clusters"": 20, ""num_hops"": 1, ""tau_s"": 0.05}",/autodl-fs/data/recap/tuning_hyperparams/interaction_tuning/results/interaction_paper_v1/checkpoints/graph__k20__C20__L1/recap/trial_2/model.pt
graph__k20__C20__L1,graph_core,2,citeseer,0.8735914384639596,0.32234211236858906,"{""beta"": 0.005, ""knn_k"": 20, ""lambda_E"": 0.1, ""lambda_H"": 0.35, ""lambda_bal"": 0.01, ""num_clusters"": 20, ""num_hops"": 1, ""tau_s"": 0.05}",/autodl-fs/data/recap/tuning_hyperparams/interaction_tuning/results/interaction_paper_v1/checkpoints/graph__k20__C20__L1/recap/trial_2/model.pt
graph__k20__C20__L1,graph_core,2,ACM,0.8066460583903972,0.35436299181453873,"{""beta"": 0.005, ""knn_k"": 20, ""lambda_E"": 0.1, ""lambda_H"": 0.35, ""lambda_bal"": 0.01, ""num_clusters"": 20, ""num_hops"": 1, ""tau_s"": 0.05}",/autodl-fs/data/recap/tuning_hyperparams/interaction_tuning/results/interaction_paper_v1/checkpoints/graph__k20__C20__L1/recap/trial_2/model.pt
graph__k20__C20__L1,graph_core,2,BlogCatalog,0.72729098583878,0.33079828328031335,"{""beta"": 0.005, ""knn_k"": 20, ""lambda_E"": 0.1, ""lambda_H"": 0.35, ""lambda_bal"": 0.01, ""num_clusters"": 20, ""num_hops"": 1, ""tau_s"": 0.05}",/autodl-fs/data/recap/tuning_hyperparams/interaction_tuning/results/interaction_paper_v1/checkpoints/graph__k20__C20__L1/recap/trial_2/model.pt
graph__k20__C20__L1,graph_core,2,weibo,0.6942867567618796,0.2880292649245349,"{""beta"": 0.005, ""knn_k"": 20, ""lambda_E"": 0.1, ""lambda_H"": 0.35, ""lambda_bal"": 0.01, ""num_clusters"": 20, ""num_hops"": 1, ""tau_s"": 0.05}",/autodl-fs/data/recap/tuning_hyperparams/interaction_tuning/results/interaction_paper_v1/checkpoints/graph__k20__C20__L1/recap/trial_2/model.pt
graph__k20__C20__L1,graph_core,2,Reddit,0.6025167850860536,0.04529684955775289,"{""beta"": 0.005, ""knn_k"": 20, ""lambda_E"": 0.1, ""lambda_H"": 0.35, ""lambda_bal"": 0.01, ""num_clusters"": 20, ""num_hops"": 1, ""tau_s"": 0.05}",/autodl-fs/data/recap/tuning_hyperparams/interaction_tuning/results/interaction_paper_v1/checkpoints/graph__k20__C20__L1/recap/trial_2/model.pt
graph__k20__C20__L1,graph_core,2,Amazon,0.7062417874504748,0.12585796552511944,"{""beta"": 0.005, ""knn_k"": 20, ""lambda_E"": 0.1, ""lambda_H"": 0.35, ""lambda_bal"": 0.01, ""num_clusters"": 20, ""num_hops"": 1, ""tau_s"": 0.05}",/autodl-fs/data/recap/tuning_hyperparams/interaction_tuning/results/interaction_paper_v1/checkpoints/graph__k20__C20__L1/recap/trial_2/model.pt
graph__k20__C20__L2,graph_core,0,Facebook,0.569280303030303,0.04057737465853566,"{""beta"": 0.005, ""knn_k"": 20, ""lambda_E"": 0.1, ""lambda_H"": 0.35, ""lambda_bal"": 0.01, ""num_clusters"": 20, ""num_hops"": 2, ""tau_s"": 0.05}",/autodl-fs/data/recap/tuning_hyperparams/interaction_tuning/results/interaction_paper_v1/checkpoints/graph__k20__C20__L2/recap/trial_0/model.pt
graph__k20__C20__L2,graph_core,0,cora,0.8405837894188167,0.4376165837945859,"{""beta"": 0.005, ""knn_k"": 20, ""lambda_E"": 0.1, ""lambda_H"": 0.35, ""lambda_bal"": 0.01, ""num_clusters"": 20, ""num_hops"": 2, ""tau_s"": 0.05}",/autodl-fs/data/recap/tuning_hyperparams/interaction_tuning/results/interaction_paper_v1/checkpoints/graph__k20__C20__L2/recap/trial_0/model.pt
graph__k20__C20__L2,graph_core,0,citeseer,0.9016556499842618,0.41961839428053793,"{""beta"": 0.005, ""knn_k"": 20, ""lambda_E"": 0.1, ""lambda_H"": 0.35, ""lambda_bal"": 0.01, ""num_clusters"": 20, ""num_hops"": 2, ""tau_s"": 0.05}",/autodl-fs/data/recap/tuning_hyperparams/interaction_tuning/results/interaction_paper_v1/checkpoints/graph__k20__C20__L2/recap/trial_0/model.pt
graph__k20__C20__L2,graph_core,0,ACM,0.8009119895020728,0.3679021928858248,"{""beta"": 0.005, ""knn_k"": 20, ""lambda_E"": 0.1, ""lambda_H"": 0.35, ""lambda_bal"": 0.01, ""num_clusters"": 20, ""num_hops"": 2, ""tau_s"": 0.05}",/autodl-fs/data/recap/tuning_hyperparams/interaction_tuning/results/interaction_paper_v1/checkpoints/graph__k20__C20__L2/recap/trial_0/model.pt
graph__k20__C20__L2,graph_core,0,BlogCatalog,0.7240927968409587,0.33227652807810637,"{""beta"": 0.005, ""knn_k"": 20, ""lambda_E"": 0.1, ""lambda_H"": 0.35, ""lambda_bal"": 0.01, ""num_clusters"": 20, ""num_hops"": 2, ""tau_s"": 0.05}",/autodl-fs/data/recap/tuning_hyperparams/interaction_tuning/results/interaction_paper_v1/checkpoints/graph__k20__C20__L2/recap/trial_0/model.pt
graph__k20__C20__L2,graph_core,0,weibo,0.7468841885408329,0.30792390474467163,"{""beta"": 0.005, ""knn_k"": 20, ""lambda_E"": 0.1, ""lambda_H"": 0.35, ""lambda_bal"": 0.01, ""num_clusters"": 20, ""num_hops"": 2, ""tau_s"": 0.05}",/autodl-fs/data/recap/tuning_hyperparams/interaction_tuning/results/interaction_paper_v1/checkpoints/graph__k20__C20__L2/recap/trial_0/model.pt
graph__k20__C20__L2,graph_core,0,Reddit,0.598007739203559,0.04696968051401444,"{""beta"": 0.005, ""knn_k"": 20, ""lambda_E"": 0.1, ""lambda_H"": 0.35, ""lambda_bal"": 0.01, ""num_clusters"": 20, ""num_hops"": 2, ""tau_s"": 0.05}",/autodl-fs/data/recap/tuning_hyperparams/interaction_tuning/results/interaction_paper_v1/checkpoints/graph__k20__C20__L2/recap/trial_0/model.pt
graph__k20__C20__L2,graph_core,0,Amazon,0.7208027636104437,0.12953456853006595,"{""beta"": 0.005, ""knn_k"": 20, ""lambda_E"": 0.1, ""lambda_H"": 0.35, ""lambda_bal"": 0.01, ""num_clusters"": 20, ""num_hops"": 2, ""tau_s"": 0.05}",/autodl-fs/data/recap/tuning_hyperparams/interaction_tuning/results/interaction_paper_v1/checkpoints/graph__k20__C20__L2/recap/trial_0/model.pt
graph__k20__C20__L2,graph_core,1,Facebook,0.563219696969697,0.04414914017894158,"{""beta"": 0.005, ""knn_k"": 20, ""lambda_E"": 0.1, ""lambda_H"": 0.35, ""lambda_bal"": 0.01, ""num_clusters"": 20, ""num_hops"": 2, ""tau_s"": 0.05}",/autodl-fs/data/recap/tuning_hyperparams/interaction_tuning/results/interaction_paper_v1/checkpoints/graph__k20__C20__L2/recap/trial_1/model.pt
graph__k20__C20__L2,graph_core,1,cora,0.8424472243940578,0.4251045961578943,"{""beta"": 0.005, ""knn_k"": 20, ""lambda_E"": 0.1, ""lambda_H"": 0.35, ""lambda_bal"": 0.01, ""num_clusters"": 20, ""num_hops"": 2, ""tau_s"": 0.05}",/autodl-fs/data/recap/tuning_hyperparams/interaction_tuning/results/interaction_paper_v1/checkpoints/graph__k20__C20__L2/recap/trial_1/model.pt
graph__k20__C20__L2,graph_core,1,citeseer,0.8991648305529324,0.4417376688872934,"{""beta"": 0.005, ""knn_k"": 20, ""lambda_E"": 0.1, ""lambda_H"": 0.35, ""lambda_bal"": 0.01, ""num_clusters"": 20, ""num_hops"": 2, ""tau_s"": 0.05}",/autodl-fs/data/recap/tuning_hyperparams/interaction_tuning/results/interaction_paper_v1/checkpoints/graph__k20__C20__L2/recap/trial_1/model.pt
graph__k20__C20__L2,graph_core,1,ACM,0.7972118096620194,0.36619419501159844,"{""beta"": 0.005, ""knn_k"": 20, ""lambda_E"": 0.1, ""lambda_H"": 0.35, ""lambda_bal"": 0.01, ""num_clusters"": 20, ""num_hops"": 2, ""tau_s"": 0.05}",/autodl-fs/data/recap/tuning_hyperparams/interaction_tuning/results/interaction_paper_v1/checkpoints/graph__k20__C20__L2/recap/trial_1/model.pt
graph__k20__C20__L2,graph_core,1,BlogCatalog,0.7228233932461873,0.3338878145773231,"{""beta"": 0.005, ""knn_k"": 20, ""lambda_E"": 0.1, ""lambda_H"": 0.35, ""lambda_bal"": 0.01, ""num_clusters"": 20, ""num_hops"": 2, ""tau_s"": 0.05}",/autodl-fs/data/recap/tuning_hyperparams/interaction_tuning/results/interaction_paper_v1/checkpoints/graph__k20__C20__L2/recap/trial_1/model.pt
graph__k20__C20__L2,graph_core,1,weibo,0.7417079580979611,0.304110273040559,"{""beta"": 0.005, ""knn_k"": 20, ""lambda_E"": 0.1, ""lambda_H"": 0.35, ""lambda_bal"": 0.01, ""num_clusters"": 20, ""num_hops"": 2, ""tau_s"": 0.05}",/autodl-fs/data/recap/tuning_hyperparams/interaction_tuning/results/interaction_paper_v1/checkpoints/graph__k20__C20__L2/recap/trial_1/model.pt
graph__k20__C20__L2,graph_core,1,Reddit,0.5966248930828875,0.04572467189751302,"{""beta"": 0.005, ""knn_k"": 20, ""lambda_E"": 0.1, ""lambda_H"": 0.35, ""lambda_bal"": 0.01, ""num_clusters"": 20, ""num_hops"": 2, ""tau_s"": 0.05}",/autodl-fs/data/recap/tuning_hyperparams/interaction_tuning/results/interaction_paper_v1/checkpoints/graph__k20__C20__L2/recap/trial_1/model.pt
graph__k20__C20__L2,graph_core,1,Amazon,0.7353019682261105,0.13537844465642307,"{""beta"": 0.005, ""knn_k"": 20, ""lambda_E"": 0.1, ""lambda_H"": 0.35, ""lambda_bal"": 0.01, ""num_clusters"": 20, ""num_hops"": 2, ""tau_s"": 0.05}",/autodl-fs/data/recap/tuning_hyperparams/interaction_tuning/results/interaction_paper_v1/checkpoints/graph__k20__C20__L2/recap/trial_1/model.pt
graph__k20__C20__L2,graph_core,2,Facebook,0.5567045454545454,0.03184824656084299,"{""beta"": 0.005, ""knn_k"": 20, ""lambda_E"": 0.1, ""lambda_H"": 0.35, ""lambda_bal"": 0.01, ""num_clusters"": 20, ""num_hops"": 2, ""tau_s"": 0.05}",/autodl-fs/data/recap/tuning_hyperparams/interaction_tuning/results/interaction_paper_v1/checkpoints/graph__k20__C20__L2/recap/trial_2/model.pt
graph__k20__C20__L2,graph_core,2,cora,0.8345973416731823,0.408699552750229,"{""beta"": 0.005, ""knn_k"": 20, ""lambda_E"": 0.1, ""lambda_H"": 0.35, ""lambda_bal"": 0.01, ""num_clusters"": 20, ""num_hops"": 2, ""tau_s"": 0.05}",/autodl-fs/data/recap/tuning_hyperparams/interaction_tuning/results/interaction_paper_v1/checkpoints/graph__k20__C20__L2/recap/trial_2/model.pt
graph__k20__C20__L2,graph_core,2,citeseer,0.9011027174483265,0.42218148620042656,"{""beta"": 0.005, ""knn_k"": 20, ""lambda_E"": 0.1, ""lambda_H"": 0.35, ""lambda_bal"": 0.01, ""num_clusters"": 20, ""num_hops"": 2, ""tau_s"": 0.05}",/autodl-fs/data/recap/tuning_hyperparams/interaction_tuning/results/interaction_paper_v1/checkpoints/graph__k20__C20__L2/recap/trial_2/model.pt
graph__k20__C20__L2,graph_core,2,ACM,0.8002098995006505,0.37079443639746645,"{""beta"": 0.005, ""knn_k"": 20, ""lambda_E"": 0.1, ""lambda_H"": 0.35, ""lambda_bal"": 0.01, ""num_clusters"": 20, ""num_hops"": 2, ""tau_s"": 0.05}",/autodl-fs/data/recap/tuning_hyperparams/interaction_tuning/results/interaction_paper_v1/checkpoints/graph__k20__C20__L2/recap/trial_2/model.pt
graph__k20__C20__L2,graph_core,2,BlogCatalog,0.7270598447712419,0.335055768009736,"{""beta"": 0.005, ""knn_k"": 20, ""lambda_E"": 0.1, ""lambda_H"": 0.35, ""lambda_bal"": 0.01, ""num_clusters"": 20, ""num_hops"": 2, ""tau_s"": 0.05}",/autodl-fs/data/recap/tuning_hyperparams/interaction_tuning/results/interaction_paper_v1/checkpoints/graph__k20__C20__L2/recap/trial_2/model.pt
graph__k20__C20__L2,graph_core,2,weibo,0.7342161160089489,0.29656761687905564,"{""beta"": 0.005, ""knn_k"": 20, ""lambda_E"": 0.1, ""lambda_H"": 0.35, ""lambda_bal"": 0.01, ""num_clusters"": 20, ""num_hops"": 2, ""tau_s"": 0.05}",/autodl-fs/data/recap/tuning_hyperparams/interaction_tuning/results/interaction_paper_v1/checkpoints/graph__k20__C20__L2/recap/trial_2/model.pt
graph__k20__C20__L2,graph_core,2,Reddit,0.5937711968643822,0.04496983468870609,"{""beta"": 0.005, ""knn_k"": 20, ""lambda_E"": 0.1, ""lambda_H"": 0.35, ""lambda_bal"": 0.01, ""num_clusters"": 20, ""num_hops"": 2, ""tau_s"": 0.05}",/autodl-fs/data/recap/tuning_hyperparams/interaction_tuning/results/interaction_paper_v1/checkpoints/graph__k20__C20__L2/recap/trial_2/model.pt
graph__k20__C20__L2,graph_core,2,Amazon,0.7202191133572939,0.12908839122863836,"{""beta"": 0.005, ""knn_k"": 20, ""lambda_E"": 0.1, ""lambda_H"": 0.35, ""lambda_bal"": 0.01, ""num_clusters"": 20, ""num_hops"": 2, ""tau_s"": 0.05}",/autodl-fs/data/recap/tuning_hyperparams/interaction_tuning/results/interaction_paper_v1/checkpoints/graph__k20__C20__L2/recap/trial_2/model.pt
graph__k20__C20__L3,graph_core,0,Facebook,0.582310606060606,0.0495315171415741,"{""beta"": 0.005, ""knn_k"": 20, ""lambda_E"": 0.1, ""lambda_H"": 0.35, ""lambda_bal"": 0.01, ""num_clusters"": 20, ""num_hops"": 3, ""tau_s"": 0.05}",/autodl-fs/data/recap/tuning_hyperparams/interaction_tuning/results/interaction_paper_v1/checkpoints/graph__k20__C20__L3/recap/trial_0/model.pt
graph__k20__C20__L3,graph_core,0,cora,0.8318060985144645,0.4287874449665762,"{""beta"": 0.005, ""knn_k"": 20, ""lambda_E"": 0.1, ""lambda_H"": 0.35, ""lambda_bal"": 0.01, ""num_clusters"": 20, ""num_hops"": 3, ""tau_s"": 0.05}",/autodl-fs/data/recap/tuning_hyperparams/interaction_tuning/results/interaction_paper_v1/checkpoints/graph__k20__C20__L3/recap/trial_0/model.pt
graph__k20__C20__L3,graph_core,0,citeseer,0.9040048263561012,0.4387126959612021,"{""beta"": 0.005, ""knn_k"": 20, ""lambda_E"": 0.1, ""lambda_H"": 0.35, ""lambda_bal"": 0.01, ""num_clusters"": 20, ""num_hops"": 3, ""tau_s"": 0.05}",/autodl-fs/data/recap/tuning_hyperparams/interaction_tuning/results/interaction_paper_v1/checkpoints/graph__k20__C20__L3/recap/trial_0/model.pt
graph__k20__C20__L3,graph_core,0,ACM,0.7966323402750519,0.3734640809234872,"{""beta"": 0.005, ""knn_k"": 20, ""lambda_E"": 0.1, ""lambda_H"": 0.35, ""lambda_bal"": 0.01, ""num_clusters"": 20, ""num_hops"": 3, ""tau_s"": 0.05}",/autodl-fs/data/recap/tuning_hyperparams/interaction_tuning/results/interaction_paper_v1/checkpoints/graph__k20__C20__L3/recap/trial_0/model.pt
graph__k20__C20__L3,graph_core,0,BlogCatalog,0.7263221677559912,0.33458101351332614,"{""beta"": 0.005, ""knn_k"": 20, ""lambda_E"": 0.1, ""lambda_H"": 0.35, ""lambda_bal"": 0.01, ""num_clusters"": 20, ""num_hops"": 3, ""tau_s"": 0.05}",/autodl-fs/data/recap/tuning_hyperparams/interaction_tuning/results/interaction_paper_v1/checkpoints/graph__k20__C20__L3/recap/trial_0/model.pt
graph__k20__C20__L3,graph_core,0,weibo,0.7572388658348461,0.30953137318302837,"{""beta"": 0.005, ""knn_k"": 20, ""lambda_E"": 0.1, ""lambda_H"": 0.35, ""lambda_bal"": 0.01, ""num_clusters"": 20, ""num_hops"": 3, ""tau_s"": 0.05}",/autodl-fs/data/recap/tuning_hyperparams/interaction_tuning/results/interaction_paper_v1/checkpoints/graph__k20__C20__L3/recap/trial_0/model.pt
graph__k20__C20__L3,graph_core,0,Reddit,0.597256874860403,0.04773746075630705,"{""beta"": 0.005, ""knn_k"": 20, ""lambda_E"": 0.1, ""lambda_H"": 0.35, ""lambda_bal"": 0.01, ""num_clusters"": 20, ""num_hops"": 3, ""tau_s"": 0.05}",/autodl-fs/data/recap/tuning_hyperparams/interaction_tuning/results/interaction_paper_v1/checkpoints/graph__k20__C20__L3/recap/trial_0/model.pt
graph__k20__C20__L3,graph_core,0,Amazon,0.7255743883065255,0.13035872455688557,"{""beta"": 0.005, ""knn_k"": 20, ""lambda_E"": 0.1, ""lambda_H"": 0.35, ""lambda_bal"": 0.01, ""num_clusters"": 20, ""num_hops"": 3, ""tau_s"": 0.05}",/autodl-fs/data/recap/tuning_hyperparams/interaction_tuning/results/interaction_paper_v1/checkpoints/graph__k20__C20__L3/recap/trial_0/model.pt
graph__k20__C20__L3,graph_core,1,Facebook,0.5793181818181818,0.043579746335845444,"{""beta"": 0.005, ""knn_k"": 20, ""lambda_E"": 0.1, ""lambda_H"": 0.35, ""lambda_bal"": 0.01, ""num_clusters"": 20, ""num_hops"": 3, ""tau_s"": 0.05}",/autodl-fs/data/recap/tuning_hyperparams/interaction_tuning/results/interaction_paper_v1/checkpoints/graph__k20__C20__L3/recap/trial_1/model.pt
graph__k20__C20__L3,graph_core,1,cora,0.8321058118321606,0.4251657468636765,"{""beta"": 0.005, ""knn_k"": 20, ""lambda_E"": 0.1, ""lambda_H"": 0.35, ""lambda_bal"": 0.01, ""num_clusters"": 20, ""num_hops"": 3, ""tau_s"": 0.05}",/autodl-fs/data/recap/tuning_hyperparams/interaction_tuning/results/interaction_paper_v1/checkpoints/graph__k20__C20__L3/recap/trial_1/model.pt
graph__k20__C20__L3,graph_core,1,citeseer,0.9000335746511384,0.4589441726924579,"{""beta"": 0.005, ""knn_k"": 20, ""lambda_E"": 0.1, ""lambda_H"": 0.35, ""lambda_bal"": 0.01, ""num_clusters"": 20, ""num_hops"": 3, ""tau_s"": 0.05}",/autodl-fs/data/recap/tuning_hyperparams/interaction_tuning/results/interaction_paper_v1/checkpoints/graph__k20__C20__L3/recap/trial_1/model.pt
graph__k20__C20__L3,graph_core,1,ACM,0.7929471321695235,0.37169150534317397,"{""beta"": 0.005, ""knn_k"": 20, ""lambda_E"": 0.1, ""lambda_H"": 0.35, ""lambda_bal"": 0.01, ""num_clusters"": 20, ""num_hops"": 3, ""tau_s"": 0.05}",/autodl-fs/data/recap/tuning_hyperparams/interaction_tuning/results/interaction_paper_v1/checkpoints/graph__k20__C20__L3/recap/trial_1/model.pt
graph__k20__C20__L3,graph_core,1,BlogCatalog,0.723256399782135,0.3358140532509152,"{""beta"": 0.005, ""knn_k"": 20, ""lambda_E"": 0.1, ""lambda_H"": 0.35, ""lambda_bal"": 0.01, ""num_clusters"": 20, ""num_hops"": 3, ""tau_s"": 0.05}",/autodl-fs/data/recap/tuning_hyperparams/interaction_tuning/results/interaction_paper_v1/checkpoints/graph__k20__C20__L3/recap/trial_1/model.pt
graph__k20__C20__L3,graph_core,1,weibo,0.7527496455275327,0.30473859681224996,"{""beta"": 0.005, ""knn_k"": 20, ""lambda_E"": 0.1, ""lambda_H"": 0.35, ""lambda_bal"": 0.01, ""num_clusters"": 20, ""num_hops"": 3, ""tau_s"": 0.05}",/autodl-fs/data/recap/tuning_hyperparams/interaction_tuning/results/interaction_paper_v1/checkpoints/graph__k20__C20__L3/recap/trial_1/model.pt
graph__k20__C20__L3,graph_core,1,Reddit,0.5957806210095857,0.04608224988517956,"{""beta"": 0.005, ""knn_k"": 20, ""lambda_E"": 0.1, ""lambda_H"": 0.35, ""lambda_bal"": 0.01, ""num_clusters"": 20, ""num_hops"": 3, ""tau_s"": 0.05}",/autodl-fs/data/recap/tuning_hyperparams/interaction_tuning/results/interaction_paper_v1/checkpoints/graph__k20__C20__L3/recap/trial_1/model.pt
graph__k20__C20__L3,graph_core,1,Amazon,0.7431501337702155,0.1383018342840101,"{""beta"": 0.005, ""knn_k"": 20, ""lambda_E"": 0.1, ""lambda_H"": 0.35, ""lambda_bal"": 0.01, ""num_clusters"": 20, ""num_hops"": 3, ""tau_s"": 0.05}",/autodl-fs/data/recap/tuning_hyperparams/interaction_tuning/results/interaction_paper_v1/checkpoints/graph__k20__C20__L3/recap/trial_1/model.pt
graph__k20__C20__L3,graph_core,2,Facebook,0.5787121212121212,0.036346750213884796,"{""beta"": 0.005, ""knn_k"": 20, ""lambda_E"": 0.1, ""lambda_H"": 0.35, ""lambda_bal"": 0.01, ""num_clusters"": 20, ""num_hops"": 3, ""tau_s"": 0.05}",/autodl-fs/data/recap/tuning_hyperparams/interaction_tuning/results/interaction_paper_v1/checkpoints/graph__k20__C20__L3/recap/trial_2/model.pt
graph__k20__C20__L3,graph_core,2,cora,0.8247719572582747,0.40594409931197606,"{""beta"": 0.005, ""knn_k"": 20, ""lambda_E"": 0.1, ""lambda_H"": 0.35, ""lambda_bal"": 0.01, ""num_clusters"": 20, ""num_hops"": 3, ""tau_s"": 0.05}",/autodl-fs/data/recap/tuning_hyperparams/interaction_tuning/results/interaction_paper_v1/checkpoints/graph__k20__C20__L3/recap/trial_2/model.pt
graph__k20__C20__L3,graph_core,2,citeseer,0.9013818067359145,0.4396946994224434,"{""beta"": 0.005, ""knn_k"": 20, ""lambda_E"": 0.1, ""lambda_H"": 0.35, ""lambda_bal"": 0.01, ""num_clusters"": 20, ""num_hops"": 3, ""tau_s"": 0.05}",/autodl-fs/data/recap/tuning_hyperparams/interaction_tuning/results/interaction_paper_v1/checkpoints/graph__k20__C20__L3/recap/trial_2/model.pt
graph__k20__C20__L3,graph_core,2,ACM,0.7957142671878938,0.3747762509196595,"{""beta"": 0.005, ""knn_k"": 20, ""lambda_E"": 0.1, ""lambda_H"": 0.35, ""lambda_bal"": 0.01, ""num_clusters"": 20, ""num_hops"": 3, ""tau_s"": 0.05}",/autodl-fs/data/recap/tuning_hyperparams/interaction_tuning/results/interaction_paper_v1/checkpoints/graph__k20__C20__L3/recap/trial_2/model.pt
graph__k20__C20__L3,graph_core,2,BlogCatalog,0.7300493600217866,0.3373250668835779,"{""beta"": 0.005, ""knn_k"": 20, ""lambda_E"": 0.1, ""lambda_H"": 0.35, ""lambda_bal"": 0.01, ""num_clusters"": 20, ""num_hops"": 3, ""tau_s"": 0.05}",/autodl-fs/data/recap/tuning_hyperparams/interaction_tuning/results/interaction_paper_v1/checkpoints/graph__k20__C20__L3/recap/trial_2/model.pt
graph__k20__C20__L3,graph_core,2,weibo,0.7473841796751999,0.2990899756727689,"{""beta"": 0.005, ""knn_k"": 20, ""lambda_E"": 0.1, ""lambda_H"": 0.35, ""lambda_bal"": 0.01, ""num_clusters"": 20, ""num_hops"": 3, ""tau_s"": 0.05}",/autodl-fs/data/recap/tuning_hyperparams/interaction_tuning/results/interaction_paper_v1/checkpoints/graph__k20__C20__L3/recap/trial_2/model.pt
graph__k20__C20__L3,graph_core,2,Reddit,0.5915921978041206,0.04506742778970099,"{""beta"": 0.005, ""knn_k"": 20, ""lambda_E"": 0.1, ""lambda_H"": 0.35, ""lambda_bal"": 0.01, ""num_clusters"": 20, ""num_hops"": 3, ""tau_s"": 0.05}",/autodl-fs/data/recap/tuning_hyperparams/interaction_tuning/results/interaction_paper_v1/checkpoints/graph__k20__C20__L3/recap/trial_2/model.pt
graph__k20__C20__L3,graph_core,2,Amazon,0.7272883215596466,0.13159270761431963,"{""beta"": 0.005, ""knn_k"": 20, ""lambda_E"": 0.1, ""lambda_H"": 0.35, ""lambda_bal"": 0.01, ""num_clusters"": 20, ""num_hops"": 3, ""tau_s"": 0.05}",/autodl-fs/data/recap/tuning_hyperparams/interaction_tuning/results/interaction_paper_v1/checkpoints/graph__k20__C20__L3/recap/trial_2/model.pt
graph__k20__C28__L1,graph_core,0,Facebook,0.5546590909090909,0.03872723375930169,"{""beta"": 0.005, ""knn_k"": 20, ""lambda_E"": 0.1, ""lambda_H"": 0.35, ""lambda_bal"": 0.01, ""num_clusters"": 28, ""num_hops"": 1, ""tau_s"": 0.05}",/autodl-fs/data/recap/tuning_hyperparams/interaction_tuning/results/interaction_paper_v1/checkpoints/graph__k20__C28__L1/recap/trial_0/model.pt
graph__k20__C28__L1,graph_core,0,cora,0.8345530362262185,0.37495721362065254,"{""beta"": 0.005, ""knn_k"": 20, ""lambda_E"": 0.1, ""lambda_H"": 0.35, ""lambda_bal"": 0.01, ""num_clusters"": 28, ""num_hops"": 1, ""tau_s"": 0.05}",/autodl-fs/data/recap/tuning_hyperparams/interaction_tuning/results/interaction_paper_v1/checkpoints/graph__k20__C28__L1/recap/trial_0/model.pt
graph__k20__C28__L1,graph_core,0,citeseer,0.8720679886685553,0.31910735639589566,"{""beta"": 0.005, ""knn_k"": 20, ""lambda_E"": 0.1, ""lambda_H"": 0.35, ""lambda_bal"": 0.01, ""num_clusters"": 28, ""num_hops"": 1, ""tau_s"": 0.05}",/autodl-fs/data/recap/tuning_hyperparams/interaction_tuning/results/interaction_paper_v1/checkpoints/graph__k20__C28__L1/recap/trial_0/model.pt
graph__k20__C28__L1,graph_core,0,ACM,0.8070073832792507,0.35367719873973413,"{""beta"": 0.005, ""knn_k"": 20, ""lambda_E"": 0.1, ""lambda_H"": 0.35, ""lambda_bal"": 0.01, ""num_clusters"": 28, ""num_hops"": 1, ""tau_s"": 0.05}",/autodl-fs/data/recap/tuning_hyperparams/interaction_tuning/results/interaction_paper_v1/checkpoints/graph__k20__C28__L1/recap/trial_0/model.pt
graph__k20__C28__L1,graph_core,0,BlogCatalog,0.7217054738562092,0.32709476338247717,"{""beta"": 0.005, ""knn_k"": 20, ""lambda_E"": 0.1, ""lambda_H"": 0.35, ""lambda_bal"": 0.01, ""num_clusters"": 28, ""num_hops"": 1, ""tau_s"": 0.05}",/autodl-fs/data/recap/tuning_hyperparams/interaction_tuning/results/interaction_paper_v1/checkpoints/graph__k20__C28__L1/recap/trial_0/model.pt
graph__k20__C28__L1,graph_core,0,weibo,0.7070091695102929,0.29912928972220154,"{""beta"": 0.005, ""knn_k"": 20, ""lambda_E"": 0.1, ""lambda_H"": 0.35, ""lambda_bal"": 0.01, ""num_clusters"": 28, ""num_hops"": 1, ""tau_s"": 0.05}",/autodl-fs/data/recap/tuning_hyperparams/interaction_tuning/results/interaction_paper_v1/checkpoints/graph__k20__C28__L1/recap/trial_0/model.pt
graph__k20__C28__L1,graph_core,0,Reddit,0.6055690048963148,0.04677552179716565,"{""beta"": 0.005, ""knn_k"": 20, ""lambda_E"": 0.1, ""lambda_H"": 0.35, ""lambda_bal"": 0.01, ""num_clusters"": 28, ""num_hops"": 1, ""tau_s"": 0.05}",/autodl-fs/data/recap/tuning_hyperparams/interaction_tuning/results/interaction_paper_v1/checkpoints/graph__k20__C28__L1/recap/trial_0/model.pt
graph__k20__C28__L1,graph_core,0,Amazon,0.7049556372817312,0.12438553761368777,"{""beta"": 0.005, ""knn_k"": 20, ""lambda_E"": 0.1, ""lambda_H"": 0.35, ""lambda_bal"": 0.01, ""num_clusters"": 28, ""num_hops"": 1, ""tau_s"": 0.05}",/autodl-fs/data/recap/tuning_hyperparams/interaction_tuning/results/interaction_paper_v1/checkpoints/graph__k20__C28__L1/recap/trial_0/model.pt
graph__k20__C28__L1,graph_core,1,Facebook,0.5441287878787879,0.035210025990566156,"{""beta"": 0.005, ""knn_k"": 20, ""lambda_E"": 0.1, ""lambda_H"": 0.35, ""lambda_bal"": 0.01, ""num_clusters"": 28, ""num_hops"": 1, ""tau_s"": 0.05}",/autodl-fs/data/recap/tuning_hyperparams/interaction_tuning/results/interaction_paper_v1/checkpoints/graph__k20__C28__L1/recap/trial_1/model.pt
graph__k20__C28__L1,graph_core,1,cora,0.8333854573885848,0.35568253850128745,"{""beta"": 0.005, ""knn_k"": 20, ""lambda_E"": 0.1, ""lambda_H"": 0.35, ""lambda_bal"": 0.01, ""num_clusters"": 28, ""num_hops"": 1, ""tau_s"": 0.05}",/autodl-fs/data/recap/tuning_hyperparams/interaction_tuning/results/interaction_paper_v1/checkpoints/graph__k20__C28__L1/recap/trial_1/model.pt
graph__k20__C28__L1,graph_core,1,citeseer,0.8725128527961389,0.34491272533995626,"{""beta"": 0.005, ""knn_k"": 20, ""lambda_E"": 0.1, ""lambda_H"": 0.35, ""lambda_bal"": 0.01, ""num_clusters"": 28, ""num_hops"": 1, ""tau_s"": 0.05}",/autodl-fs/data/recap/tuning_hyperparams/interaction_tuning/results/interaction_paper_v1/checkpoints/graph__k20__C28__L1/recap/trial_1/model.pt
graph__k20__C28__L1,graph_core,1,ACM,0.8043352976881639,0.3489980144868711,"{""beta"": 0.005, ""knn_k"": 20, ""lambda_E"": 0.1, ""lambda_H"": 0.35, ""lambda_bal"": 0.01, ""num_clusters"": 28, ""num_hops"": 1, ""tau_s"": 0.05}",/autodl-fs/data/recap/tuning_hyperparams/interaction_tuning/results/interaction_paper_v1/checkpoints/graph__k20__C28__L1/recap/trial_1/model.pt
graph__k20__C28__L1,graph_core,1,BlogCatalog,0.7211689814814815,0.32875475804526566,"{""beta"": 0.005, ""knn_k"": 20, ""lambda_E"": 0.1, ""lambda_H"": 0.35, ""lambda_bal"": 0.01, ""num_clusters"": 28, ""num_hops"": 1, ""tau_s"": 0.05}",/autodl-fs/data/recap/tuning_hyperparams/interaction_tuning/results/interaction_paper_v1/checkpoints/graph__k20__C28__L1/recap/trial_1/model.pt
graph__k20__C28__L1,graph_core,1,weibo,0.6985100080768974,0.29431902773604646,"{""beta"": 0.005, ""knn_k"": 20, ""lambda_E"": 0.1, ""lambda_H"": 0.35, ""lambda_bal"": 0.01, ""num_clusters"": 28, ""num_hops"": 1, ""tau_s"": 0.05}",/autodl-fs/data/recap/tuning_hyperparams/interaction_tuning/results/interaction_paper_v1/checkpoints/graph__k20__C28__L1/recap/trial_1/model.pt
graph__k20__C28__L1,graph_core,1,Reddit,0.6041180972202065,0.04566890332719688,"{""beta"": 0.005, ""knn_k"": 20, ""lambda_E"": 0.1, ""lambda_H"": 0.35, ""lambda_bal"": 0.01, ""num_clusters"": 28, ""num_hops"": 1, ""tau_s"": 0.05}",/autodl-fs/data/recap/tuning_hyperparams/interaction_tuning/results/interaction_paper_v1/checkpoints/graph__k20__C28__L1/recap/trial_1/model.pt
graph__k20__C28__L1,graph_core,1,Amazon,0.7192039706990919,0.1303069777193657,"{""beta"": 0.005, ""knn_k"": 20, ""lambda_E"": 0.1, ""lambda_H"": 0.35, ""lambda_bal"": 0.01, ""num_clusters"": 28, ""num_hops"": 1, ""tau_s"": 0.05}",/autodl-fs/data/recap/tuning_hyperparams/interaction_tuning/results/interaction_paper_v1/checkpoints/graph__k20__C28__L1/recap/trial_1/model.pt
graph__k20__C28__L1,graph_core,2,Facebook,0.5367045454545455,0.029132613180728916,"{""beta"": 0.005, ""knn_k"": 20, ""lambda_E"": 0.1, ""lambda_H"": 0.35, ""lambda_bal"": 0.01, ""num_clusters"": 28, ""num_hops"": 1, ""tau_s"": 0.05}",/autodl-fs/data/recap/tuning_hyperparams/interaction_tuning/results/interaction_paper_v1/checkpoints/graph__k20__C28__L1/recap/trial_2/model.pt
graph__k20__C28__L1,graph_core,2,cora,0.8264399270263227,0.3383323854293313,"{""beta"": 0.005, ""knn_k"": 20, ""lambda_E"": 0.1, ""lambda_H"": 0.35, ""lambda_bal"": 0.01, ""num_clusters"": 28, ""num_hops"": 1, ""tau_s"": 0.05}",/autodl-fs/data/recap/tuning_hyperparams/interaction_tuning/results/interaction_paper_v1/checkpoints/graph__k20__C28__L1/recap/trial_2/model.pt
graph__k20__C28__L1,graph_core,2,citeseer,0.8735757003462385,0.3224363493699807,"{""beta"": 0.005, ""knn_k"": 20, ""lambda_E"": 0.1, ""lambda_H"": 0.35, ""lambda_bal"": 0.01, ""num_clusters"": 28, ""num_hops"": 1, ""tau_s"": 0.05}",/autodl-fs/data/recap/tuning_hyperparams/interaction_tuning/results/interaction_paper_v1/checkpoints/graph__k20__C28__L1/recap/trial_2/model.pt
graph__k20__C28__L1,graph_core,2,ACM,0.8065738883039018,0.35429429301364973,"{""beta"": 0.005, ""knn_k"": 20, ""lambda_E"": 0.1, ""lambda_H"": 0.35, ""lambda_bal"": 0.01, ""num_clusters"": 28, ""num_hops"": 1, ""tau_s"": 0.05}",/autodl-fs/data/recap/tuning_hyperparams/interaction_tuning/results/interaction_paper_v1/checkpoints/graph__k20__C28__L1/recap/trial_2/model.pt
graph__k20__C28__L1,graph_core,2,BlogCatalog,0.727208605664488,0.33079727000174003,"{""beta"": 0.005, ""knn_k"": 20, ""lambda_E"": 0.1, ""lambda_H"": 0.35, ""lambda_bal"": 0.01, ""num_clusters"": 28, ""num_hops"": 1, ""tau_s"": 0.05}",/autodl-fs/data/recap/tuning_hyperparams/interaction_tuning/results/interaction_paper_v1/checkpoints/graph__k20__C28__L1/recap/trial_2/model.pt
graph__k20__C28__L1,graph_core,2,weibo,0.6950737345531629,0.2883773849641689,"{""beta"": 0.005, ""knn_k"": 20, ""lambda_E"": 0.1, ""lambda_H"": 0.35, ""lambda_bal"": 0.01, ""num_clusters"": 28, ""num_hops"": 1, ""tau_s"": 0.05}",/autodl-fs/data/recap/tuning_hyperparams/interaction_tuning/results/interaction_paper_v1/checkpoints/graph__k20__C28__L1/recap/trial_2/model.pt
graph__k20__C28__L1,graph_core,2,Reddit,0.6026787690147775,0.04530868619261559,"{""beta"": 0.005, ""knn_k"": 20, ""lambda_E"": 0.1, ""lambda_H"": 0.35, ""lambda_bal"": 0.01, ""num_clusters"": 28, ""num_hops"": 1, ""tau_s"": 0.05}",/autodl-fs/data/recap/tuning_hyperparams/interaction_tuning/results/interaction_paper_v1/checkpoints/graph__k20__C28__L1/recap/trial_2/model.pt
graph__k20__C28__L1,graph_core,2,Amazon,0.7059622257922542,0.12577603317127267,"{""beta"": 0.005, ""knn_k"": 20, ""lambda_E"": 0.1, ""lambda_H"": 0.35, ""lambda_bal"": 0.01, ""num_clusters"": 28, ""num_hops"": 1, ""tau_s"": 0.05}",/autodl-fs/data/recap/tuning_hyperparams/interaction_tuning/results/interaction_paper_v1/checkpoints/graph__k20__C28__L1/recap/trial_2/model.pt
graph__k20__C28__L2,graph_core,0,Facebook,0.5690909090909091,0.04050875621845149,"{""beta"": 0.005, ""knn_k"": 20, ""lambda_E"": 0.1, ""lambda_H"": 0.35, ""lambda_bal"": 0.01, ""num_clusters"": 28, ""num_hops"": 2, ""tau_s"": 0.05}",/autodl-fs/data/recap/tuning_hyperparams/interaction_tuning/results/interaction_paper_v1/checkpoints/graph__k20__C28__L2/recap/trial_0/model.pt
graph__k20__C28__L2,graph_core,0,cora,0.8404951785248892,0.43897014407828194,"{""beta"": 0.005, ""knn_k"": 20, ""lambda_E"": 0.1, ""lambda_H"": 0.35, ""lambda_bal"": 0.01, ""num_clusters"": 28, ""num_hops"": 2, ""tau_s"": 0.05}",/autodl-fs/data/recap/tuning_hyperparams/interaction_tuning/results/interaction_paper_v1/checkpoints/graph__k20__C28__L2/recap/trial_0/model.pt
graph__k20__C28__L2,graph_core,0,citeseer,0.9018508026440037,0.4185201424464385,"{""beta"": 0.005, ""knn_k"": 20, ""lambda_E"": 0.1, ""lambda_H"": 0.35, ""lambda_bal"": 0.01, ""num_clusters"": 28, ""num_hops"": 2, ""tau_s"": 0.05}",/autodl-fs/data/recap/tuning_hyperparams/interaction_tuning/results/interaction_paper_v1/checkpoints/graph__k20__C28__L2/recap/trial_0/model.pt
graph__k20__C28__L2,graph_core,0,ACM,0.8010901742298704,0.3679331314765258,"{""beta"": 0.005, ""knn_k"": 20, ""lambda_E"": 0.1, ""lambda_H"": 0.35, ""lambda_bal"": 0.01, ""num_clusters"": 28, ""num_hops"": 2, ""tau_s"": 0.05}",/autodl-fs/data/recap/tuning_hyperparams/interaction_tuning/results/interaction_paper_v1/checkpoints/graph__k20__C28__L2/recap/trial_0/model.pt
graph__k20__C28__L2,graph_core,0,BlogCatalog,0.723744212962963,0.33179285590619145,"{""beta"": 0.005, ""knn_k"": 20, ""lambda_E"": 0.1, ""lambda_H"": 0.35, ""lambda_bal"": 0.01, ""num_clusters"": 28, ""num_hops"": 2, ""tau_s"": 0.05}",/autodl-fs/data/recap/tuning_hyperparams/interaction_tuning/results/interaction_paper_v1/checkpoints/graph__k20__C28__L2/recap/trial_0/model.pt
graph__k20__C28__L2,graph_core,0,weibo,0.748370404927091,0.30885922097396096,"{""beta"": 0.005, ""knn_k"": 20, ""lambda_E"": 0.1, ""lambda_H"": 0.35, ""lambda_bal"": 0.01, ""num_clusters"": 28, ""num_hops"": 2, ""tau_s"": 0.05}",/autodl-fs/data/recap/tuning_hyperparams/interaction_tuning/results/interaction_paper_v1/checkpoints/graph__k20__C28__L2/recap/trial_0/model.pt
graph__k20__C28__L2,graph_core,0,Reddit,0.5982344395073013,0.047119427675319465,"{""beta"": 0.005, ""knn_k"": 20, ""lambda_E"": 0.1, ""lambda_H"": 0.35, ""lambda_bal"": 0.01, ""num_clusters"": 28, ""num_hops"": 2, ""tau_s"": 0.05}",/autodl-fs/data/recap/tuning_hyperparams/interaction_tuning/results/interaction_paper_v1/checkpoints/graph__k20__C28__L2/recap/trial_0/model.pt
graph__k20__C28__L2,graph_core,0,Amazon,0.7207111660998977,0.12953254418264776,"{""beta"": 0.005, ""knn_k"": 20, ""lambda_E"": 0.1, ""lambda_H"": 0.35, ""lambda_bal"": 0.01, ""num_clusters"": 28, ""num_hops"": 2, ""tau_s"": 0.05}",/autodl-fs/data/recap/tuning_hyperparams/interaction_tuning/results/interaction_paper_v1/checkpoints/graph__k20__C28__L2/recap/trial_0/model.pt
graph__k20__C28__L2,graph_core,1,Facebook,0.5640151515151515,0.04222651480607584,"{""beta"": 0.005, ""knn_k"": 20, ""lambda_E"": 0.1, ""lambda_H"": 0.35, ""lambda_bal"": 0.01, ""num_clusters"": 28, ""num_hops"": 2, ""tau_s"": 0.05}",/autodl-fs/data/recap/tuning_hyperparams/interaction_tuning/results/interaction_paper_v1/checkpoints/graph__k20__C28__L2/recap/trial_1/model.pt
graph__k20__C28__L2,graph_core,1,cora,0.8417174876205369,0.423789257565391,"{""beta"": 0.005, ""knn_k"": 20, ""lambda_E"": 0.1, ""lambda_H"": 0.35, ""lambda_bal"": 0.01, ""num_clusters"": 28, ""num_hops"": 2, ""tau_s"": 0.05}",/autodl-fs/data/recap/tuning_hyperparams/interaction_tuning/results/interaction_paper_v1/checkpoints/graph__k20__C28__L2/recap/trial_1/model.pt
graph__k20__C28__L2,graph_core,1,citeseer,0.8991879131255901,0.4417172365815746,"{""beta"": 0.005, ""knn_k"": 20, ""lambda_E"": 0.1, ""lambda_H"": 0.35, ""lambda_bal"": 0.01, ""num_clusters"": 28, ""num_hops"": 2, ""tau_s"": 0.05}",/autodl-fs/data/recap/tuning_hyperparams/interaction_tuning/results/interaction_paper_v1/checkpoints/graph__k20__C28__L2/recap/trial_1/model.pt
graph__k20__C28__L2,graph_core,1,ACM,0.7975186775024068,0.36622951460565684,"{""beta"": 0.005, ""knn_k"": 20, ""lambda_E"": 0.1, ""lambda_H"": 0.35, ""lambda_bal"": 0.01, ""num_clusters"": 28, ""num_hops"": 2, ""tau_s"": 0.05}",/autodl-fs/data/recap/tuning_hyperparams/interaction_tuning/results/interaction_paper_v1/checkpoints/graph__k20__C28__L2/recap/trial_1/model.pt
graph__k20__C28__L2,graph_core,1,BlogCatalog,0.7224074074074074,0.3334585892700146,"{""beta"": 0.005, ""knn_k"": 20, ""lambda_E"": 0.1, ""lambda_H"": 0.35, ""lambda_bal"": 0.01, ""num_clusters"": 28, ""num_hops"": 2, ""tau_s"": 0.05}",/autodl-fs/data/recap/tuning_hyperparams/interaction_tuning/results/interaction_paper_v1/checkpoints/graph__k20__C28__L2/recap/trial_1/model.pt
graph__k20__C28__L2,graph_core,1,weibo,0.7407675895688796,0.304154633692122,"{""beta"": 0.005, ""knn_k"": 20, ""lambda_E"": 0.1, ""lambda_H"": 0.35, ""lambda_bal"": 0.01, ""num_clusters"": 28, ""num_hops"": 2, ""tau_s"": 0.05}",/autodl-fs/data/recap/tuning_hyperparams/interaction_tuning/results/interaction_paper_v1/checkpoints/graph__k20__C28__L2/recap/trial_1/model.pt
graph__k20__C28__L2,graph_core,1,Reddit,0.5973608327749456,0.04585443514678482,"{""beta"": 0.005, ""knn_k"": 20, ""lambda_E"": 0.1, ""lambda_H"": 0.35, ""lambda_bal"": 0.01, ""num_clusters"": 28, ""num_hops"": 2, ""tau_s"": 0.05}",/autodl-fs/data/recap/tuning_hyperparams/interaction_tuning/results/interaction_paper_v1/checkpoints/graph__k20__C28__L2/recap/trial_1/model.pt
graph__k20__C28__L2,graph_core,1,Amazon,0.7353055261459417,0.135317628462383,"{""beta"": 0.005, ""knn_k"": 20, ""lambda_E"": 0.1, ""lambda_H"": 0.35, ""lambda_bal"": 0.01, ""num_clusters"": 28, ""num_hops"": 2, ""tau_s"": 0.05}",/autodl-fs/data/recap/tuning_hyperparams/interaction_tuning/results/interaction_paper_v1/checkpoints/graph__k20__C28__L2/recap/trial_1/model.pt
graph__k20__C28__L2,graph_core,2,Facebook,0.5577651515151515,0.03188255035978362,"{""beta"": 0.005, ""knn_k"": 20, ""lambda_E"": 0.1, ""lambda_H"": 0.35, ""lambda_bal"": 0.01, ""num_clusters"": 28, ""num_hops"": 2, ""tau_s"": 0.05}",/autodl-fs/data/recap/tuning_hyperparams/interaction_tuning/results/interaction_paper_v1/checkpoints/graph__k20__C28__L2/recap/trial_2/model.pt
graph__k20__C28__L2,graph_core,2,cora,0.8345295804013552,0.4100283056328578,"{""beta"": 0.005, ""knn_k"": 20, ""lambda_E"": 0.1, ""lambda_H"": 0.35, ""lambda_bal"": 0.01, ""num_clusters"": 28, ""num_hops"": 2, ""tau_s"": 0.05}",/autodl-fs/data/recap/tuning_hyperparams/interaction_tuning/results/interaction_paper_v1/checkpoints/graph__k20__C28__L2/recap/trial_2/model.pt
graph__k20__C28__L2,graph_core,2,citeseer,0.9009610743888363,0.42132003009416175,"{""beta"": 0.005, ""knn_k"": 20, ""lambda_E"": 0.1, ""lambda_H"": 0.35, ""lambda_bal"": 0.01, ""num_clusters"": 28, ""num_hops"": 2, ""tau_s"": 0.05}",/autodl-fs/data/recap/tuning_hyperparams/interaction_tuning/results/interaction_paper_v1/checkpoints/graph__k20__C28__L2/recap/trial_2/model.pt
graph__k20__C28__L2,graph_core,2,ACM,0.800086277256069,0.37077435411932474,"{""beta"": 0.005, ""knn_k"": 20, ""lambda_E"": 0.1, ""lambda_H"": 0.35, ""lambda_bal"": 0.01, ""num_clusters"": 28, ""num_hops"": 2, ""tau_s"": 0.05}",/autodl-fs/data/recap/tuning_hyperparams/interaction_tuning/results/interaction_paper_v1/checkpoints/graph__k20__C28__L2/recap/trial_2/model.pt
graph__k20__C28__L2,graph_core,2,BlogCatalog,0.7280313861655774,0.3350726585197211,"{""beta"": 0.005, ""knn_k"": 20, ""lambda_E"": 0.1, ""lambda_H"": 0.35, ""lambda_bal"": 0.01, ""num_clusters"": 28, ""num_hops"": 2, ""tau_s"": 0.05}",/autodl-fs/data/recap/tuning_hyperparams/interaction_tuning/results/interaction_paper_v1/checkpoints/graph__k20__C28__L2/recap/trial_2/model.pt
graph__k20__C28__L2,graph_core,2,weibo,0.7358714672745026,0.2973962183570413,"{""beta"": 0.005, ""knn_k"": 20, ""lambda_E"": 0.1, ""lambda_H"": 0.35, ""lambda_bal"": 0.01, ""num_clusters"": 28, ""num_hops"": 2, ""tau_s"": 0.05}",/autodl-fs/data/recap/tuning_hyperparams/interaction_tuning/results/interaction_paper_v1/checkpoints/graph__k20__C28__L2/recap/trial_2/model.pt
graph__k20__C28__L2,graph_core,2,Reddit,0.5941008257963846,0.04503425147532803,"{""beta"": 0.005, ""knn_k"": 20, ""lambda_E"": 0.1, ""lambda_H"": 0.35, ""lambda_bal"": 0.01, ""num_clusters"": 28, ""num_hops"": 2, ""tau_s"": 0.05}",/autodl-fs/data/recap/tuning_hyperparams/interaction_tuning/results/interaction_paper_v1/checkpoints/graph__k20__C28__L2/recap/trial_2/model.pt
graph__k20__C28__L2,graph_core,2,Amazon,0.7227016329943619,0.1309630673813248,"{""beta"": 0.005, ""knn_k"": 20, ""lambda_E"": 0.1, ""lambda_H"": 0.35, ""lambda_bal"": 0.01, ""num_clusters"": 28, ""num_hops"": 2, ""tau_s"": 0.05}",/autodl-fs/data/recap/tuning_hyperparams/interaction_tuning/results/interaction_paper_v1/checkpoints/graph__k20__C28__L2/recap/trial_2/model.pt
graph__k20__C28__L3,graph_core,0,Facebook,0.5824621212121212,0.04951458914928884,"{""beta"": 0.005, ""knn_k"": 20, ""lambda_E"": 0.1, ""lambda_H"": 0.35, ""lambda_bal"": 0.01, ""num_clusters"": 28, ""num_hops"": 3, ""tau_s"": 0.05}",/autodl-fs/data/recap/tuning_hyperparams/interaction_tuning/results/interaction_paper_v1/checkpoints/graph__k20__C28__L3/recap/trial_0/model.pt
graph__k20__C28__L3,graph_core,0,cora,0.8317331248371124,0.42906910179096414,"{""beta"": 0.005, ""knn_k"": 20, ""lambda_E"": 0.1, ""lambda_H"": 0.35, ""lambda_bal"": 0.01, ""num_clusters"": 28, ""num_hops"": 3, ""tau_s"": 0.05}",/autodl-fs/data/recap/tuning_hyperparams/interaction_tuning/results/interaction_paper_v1/checkpoints/graph__k20__C28__L3/recap/trial_0/model.pt
graph__k20__C28__L3,graph_core,0,citeseer,0.9040079739796454,0.4391186310330748,"{""beta"": 0.005, ""knn_k"": 20, ""lambda_E"": 0.1, ""lambda_H"": 0.35, ""lambda_bal"": 0.01, ""num_clusters"": 28, ""num_hops"": 3, ""tau_s"": 0.05}",/autodl-fs/data/recap/tuning_hyperparams/interaction_tuning/results/interaction_paper_v1/checkpoints/graph__k20__C28__L3/recap/trial_0/model.pt
graph__k20__C28__L3,graph_core,0,ACM,0.7966873772146438,0.3730087993612302,"{""beta"": 0.005, ""knn_k"": 20, ""lambda_E"": 0.1, ""lambda_H"": 0.35, ""lambda_bal"": 0.01, ""num_clusters"": 28, ""num_hops"": 3, ""tau_s"": 0.05}",/autodl-fs/data/recap/tuning_hyperparams/interaction_tuning/results/interaction_paper_v1/checkpoints/graph__k20__C28__L3/recap/trial_0/model.pt
graph__k20__C28__L3,graph_core,0,BlogCatalog,0.7265407135076253,0.33459213080691924,"{""beta"": 0.005, ""knn_k"": 20, ""lambda_E"": 0.1, ""lambda_H"": 0.35, ""lambda_bal"": 0.01, ""num_clusters"": 28, ""num_hops"": 3, ""tau_s"": 0.05}",/autodl-fs/data/recap/tuning_hyperparams/interaction_tuning/results/interaction_paper_v1/checkpoints/graph__k20__C28__L3/recap/trial_0/model.pt
graph__k20__C28__L3,graph_core,0,weibo,0.7566150615488932,0.30946108692411917,"{""beta"": 0.005, ""knn_k"": 20, ""lambda_E"": 0.1, ""lambda_H"": 0.35, ""lambda_bal"": 0.01, ""num_clusters"": 28, ""num_hops"": 3, ""tau_s"": 0.05}",/autodl-fs/data/recap/tuning_hyperparams/interaction_tuning/results/interaction_paper_v1/checkpoints/graph__k20__C28__L3/recap/trial_0/model.pt
graph__k20__C28__L3,graph_core,0,Reddit,0.5975414725175416,0.04780457845941991,"{""beta"": 0.005, ""knn_k"": 20, ""lambda_E"": 0.1, ""lambda_H"": 0.35, ""lambda_bal"": 0.01, ""num_clusters"": 28, ""num_hops"": 3, ""tau_s"": 0.05}",/autodl-fs/data/recap/tuning_hyperparams/interaction_tuning/results/interaction_paper_v1/checkpoints/graph__k20__C28__L3/recap/trial_0/model.pt
graph__k20__C28__L3,graph_core,0,Amazon,0.7259600819563048,0.13062314973953873,"{""beta"": 0.005, ""knn_k"": 20, ""lambda_E"": 0.1, ""lambda_H"": 0.35, ""lambda_bal"": 0.01, ""num_clusters"": 28, ""num_hops"": 3, ""tau_s"": 0.05}",/autodl-fs/data/recap/tuning_hyperparams/interaction_tuning/results/interaction_paper_v1/checkpoints/graph__k20__C28__L3/recap/trial_0/model.pt
graph__k20__C28__L3,graph_core,1,Facebook,0.5774621212121213,0.0454402723047367,"{""beta"": 0.005, ""knn_k"": 20, ""lambda_E"": 0.1, ""lambda_H"": 0.35, ""lambda_bal"": 0.01, ""num_clusters"": 28, ""num_hops"": 3, ""tau_s"": 0.05}",/autodl-fs/data/recap/tuning_hyperparams/interaction_tuning/results/interaction_paper_v1/checkpoints/graph__k20__C28__L3/recap/trial_1/model.pt
graph__k20__C28__L3,graph_core,1,cora,0.832280427417253,0.42164501098910706,"{""beta"": 0.005, ""knn_k"": 20, ""lambda_E"": 0.1, ""lambda_H"": 0.35, ""lambda_bal"": 0.01, ""num_clusters"": 28, ""num_hops"": 3, ""tau_s"": 0.05}",/autodl-fs/data/recap/tuning_hyperparams/interaction_tuning/results/interaction_paper_v1/checkpoints/graph__k20__C28__L3/recap/trial_1/model.pt
graph__k20__C28__L3,graph_core,1,citeseer,0.900478438778722,0.4585384562856229,"{""beta"": 0.005, ""knn_k"": 20, ""lambda_E"": 0.1, ""lambda_H"": 0.35, ""lambda_bal"": 0.01, ""num_clusters"": 28, ""num_hops"": 3, ""tau_s"": 0.05}",/autodl-fs/data/recap/tuning_hyperparams/interaction_tuning/results/interaction_paper_v1/checkpoints/graph__k20__C28__L3/recap/trial_1/model.pt
graph__k20__C28__L3,graph_core,1,ACM,0.7929396990196361,0.3716837413394511,"{""beta"": 0.005, ""knn_k"": 20, ""lambda_E"": 0.1, ""lambda_H"": 0.35, ""lambda_bal"": 0.01, ""num_clusters"": 28, ""num_hops"": 3, ""tau_s"": 0.05}",/autodl-fs/data/recap/tuning_hyperparams/interaction_tuning/results/interaction_paper_v1/checkpoints/graph__k20__C28__L3/recap/trial_1/model.pt
graph__k20__C28__L3,graph_core,1,BlogCatalog,0.722677355664488,0.33562746330920173,"{""beta"": 0.005, ""knn_k"": 20, ""lambda_E"": 0.1, ""lambda_H"": 0.35, ""lambda_bal"": 0.01, ""num_clusters"": 28, ""num_hops"": 3, ""tau_s"": 0.05}",/autodl-fs/data/recap/tuning_hyperparams/interaction_tuning/results/interaction_paper_v1/checkpoints/graph__k20__C28__L3/recap/trial_1/model.pt
graph__k20__C28__L3,graph_core,1,weibo,0.7499864722667712,0.3039072368347227,"{""beta"": 0.005, ""knn_k"": 20, ""lambda_E"": 0.1, ""lambda_H"": 0.35, ""lambda_bal"": 0.01, ""num_clusters"": 28, ""num_hops"": 3, ""tau_s"": 0.05}",/autodl-fs/data/recap/tuning_hyperparams/interaction_tuning/results/interaction_paper_v1/checkpoints/graph__k20__C28__L3/recap/trial_1/model.pt
graph__k20__C28__L3,graph_core,1,Reddit,0.5962493322505241,0.04617763218100152,"{""beta"": 0.005, ""knn_k"": 20, ""lambda_E"": 0.1, ""lambda_H"": 0.35, ""lambda_bal"": 0.01, ""num_clusters"": 28, ""num_hops"": 3, ""tau_s"": 0.05}",/autodl-fs/data/recap/tuning_hyperparams/interaction_tuning/results/interaction_paper_v1/checkpoints/graph__k20__C28__L3/recap/trial_1/model.pt
graph__k20__C28__L3,graph_core,1,Amazon,0.7434751913820218,0.13843191005237282,"{""beta"": 0.005, ""knn_k"": 20, ""lambda_E"": 0.1, ""lambda_H"": 0.35, ""lambda_bal"": 0.01, ""num_clusters"": 28, ""num_hops"": 3, ""tau_s"": 0.05}",/autodl-fs/data/recap/tuning_hyperparams/interaction_tuning/results/interaction_paper_v1/checkpoints/graph__k20__C28__L3/recap/trial_1/model.pt
graph__k20__C28__L3,graph_core,2,Facebook,0.57875,0.036532026438132095,"{""beta"": 0.005, ""knn_k"": 20, ""lambda_E"": 0.1, ""lambda_H"": 0.35, ""lambda_bal"": 0.01, ""num_clusters"": 28, ""num_hops"": 3, ""tau_s"": 0.05}",/autodl-fs/data/recap/tuning_hyperparams/interaction_tuning/results/interaction_paper_v1/checkpoints/graph__k20__C28__L3/recap/trial_2/model.pt
graph__k20__C28__L3,graph_core,2,cora,0.82486838676049,0.4077410182668134,"{""beta"": 0.005, ""knn_k"": 20, ""lambda_E"": 0.1, ""lambda_H"": 0.35, ""lambda_bal"": 0.01, ""num_clusters"": 28, ""num_hops"": 3, ""tau_s"": 0.05}",/autodl-fs/data/recap/tuning_hyperparams/interaction_tuning/results/interaction_paper_v1/checkpoints/graph__k20__C28__L3/recap/trial_2/model.pt
graph__k20__C28__L3,graph_core,2,citeseer,0.901910607491344,0.440368489512845,"{""beta"": 0.005, ""knn_k"": 20, ""lambda_E"": 0.1, ""lambda_H"": 0.35, ""lambda_bal"": 0.01, ""num_clusters"": 28, ""num_hops"": 3, ""tau_s"": 0.05}",/autodl-fs/data/recap/tuning_hyperparams/interaction_tuning/results/interaction_paper_v1/checkpoints/graph__k20__C28__L3/recap/trial_2/model.pt
graph__k20__C28__L3,graph_core,2,ACM,0.7959006758262052,0.3755526630475168,"{""beta"": 0.005, ""knn_k"": 20, ""lambda_E"": 0.1, ""lambda_H"": 0.35, ""lambda_bal"": 0.01, ""num_clusters"": 28, ""num_hops"": 3, ""tau_s"": 0.05}",/autodl-fs/data/recap/tuning_hyperparams/interaction_tuning/results/interaction_paper_v1/checkpoints/graph__k20__C28__L3/recap/trial_2/model.pt
graph__k20__C28__L3,graph_core,2,BlogCatalog,0.7294141476034859,0.3372348692259245,"{""beta"": 0.005, ""knn_k"": 20, ""lambda_E"": 0.1, ""lambda_H"": 0.35, ""lambda_bal"": 0.01, ""num_clusters"": 28, ""num_hops"": 3, ""tau_s"": 0.05}",/autodl-fs/data/recap/tuning_hyperparams/interaction_tuning/results/interaction_paper_v1/checkpoints/graph__k20__C28__L3/recap/trial_2/model.pt
graph__k20__C28__L3,graph_core,2,weibo,0.7419709464032739,0.29905349613496574,"{""beta"": 0.005, ""knn_k"": 20, ""lambda_E"": 0.1, ""lambda_H"": 0.35, ""lambda_bal"": 0.01, ""num_clusters"": 28, ""num_hops"": 3, ""tau_s"": 0.05}",/autodl-fs/data/recap/tuning_hyperparams/interaction_tuning/results/interaction_paper_v1/checkpoints/graph__k20__C28__L3/recap/trial_2/model.pt
graph__k20__C28__L3,graph_core,2,Reddit,0.5915559154626591,0.0450457321509076,"{""beta"": 0.005, ""knn_k"": 20, ""lambda_E"": 0.1, ""lambda_H"": 0.35, ""lambda_bal"": 0.01, ""num_clusters"": 28, ""num_hops"": 3, ""tau_s"": 0.05}",/autodl-fs/data/recap/tuning_hyperparams/interaction_tuning/results/interaction_paper_v1/checkpoints/graph__k20__C28__L3/recap/trial_2/model.pt
graph__k20__C28__L3,graph_core,2,Amazon,0.7288007402895662,0.13223708512712487,"{""beta"": 0.005, ""knn_k"": 20, ""lambda_E"": 0.1, ""lambda_H"": 0.35, ""lambda_bal"": 0.01, ""num_clusters"": 28, ""num_hops"": 3, ""tau_s"": 0.05}",/autodl-fs/data/recap/tuning_hyperparams/interaction_tuning/results/interaction_paper_v1/checkpoints/graph__k20__C28__L3/recap/trial_2/model.pt
graph__k20__C36__L1,graph_core,0,Facebook,0.5561363636363637,0.03882330721217964,"{""beta"": 0.005, ""knn_k"": 20, ""lambda_E"": 0.1, ""lambda_H"": 0.35, ""lambda_bal"": 0.01, ""num_clusters"": 36, ""num_hops"": 1, ""tau_s"": 0.05}",/autodl-fs/data/recap/tuning_hyperparams/interaction_tuning/results/interaction_paper_v1/checkpoints/graph__k20__C36__L1/recap/trial_0/model.pt
graph__k20__C36__L1,graph_core,0,cora,0.8341907740422205,0.3738386080638197,"{""beta"": 0.005, ""knn_k"": 20, ""lambda_E"": 0.1, ""lambda_H"": 0.35, ""lambda_bal"": 0.01, ""num_clusters"": 36, ""num_hops"": 1, ""tau_s"": 0.05}",/autodl-fs/data/recap/tuning_hyperparams/interaction_tuning/results/interaction_paper_v1/checkpoints/graph__k20__C36__L1/recap/trial_0/model.pt
graph__k20__C36__L1,graph_core,0,citeseer,0.8722264190536145,0.31996212859987805,"{""beta"": 0.005, ""knn_k"": 20, ""lambda_E"": 0.1, ""lambda_H"": 0.35, ""lambda_bal"": 0.01, ""num_clusters"": 36, ""num_hops"": 1, ""tau_s"": 0.05}",/autodl-fs/data/recap/tuning_hyperparams/interaction_tuning/results/interaction_paper_v1/checkpoints/graph__k20__C36__L1/recap/trial_0/model.pt
graph__k20__C36__L1,graph_core,0,ACM,0.8069492887319036,0.3532948122280154,"{""beta"": 0.005, ""knn_k"": 20, ""lambda_E"": 0.1, ""lambda_H"": 0.35, ""lambda_bal"": 0.01, ""num_clusters"": 36, ""num_hops"": 1, ""tau_s"": 0.05}",/autodl-fs/data/recap/tuning_hyperparams/interaction_tuning/results/interaction_paper_v1/checkpoints/graph__k20__C36__L1/recap/trial_0/model.pt
graph__k20__C36__L1,graph_core,0,BlogCatalog,0.7216959422657951,0.3268478914974584,"{""beta"": 0.005, ""knn_k"": 20, ""lambda_E"": 0.1, ""lambda_H"": 0.35, ""lambda_bal"": 0.01, ""num_clusters"": 36, ""num_hops"": 1, ""tau_s"": 0.05}",/autodl-fs/data/recap/tuning_hyperparams/interaction_tuning/results/interaction_paper_v1/checkpoints/graph__k20__C36__L1/recap/trial_0/model.pt
graph__k20__C36__L1,graph_core,0,weibo,0.7080687655186793,0.29905609810895456,"{""beta"": 0.005, ""knn_k"": 20, ""lambda_E"": 0.1, ""lambda_H"": 0.35, ""lambda_bal"": 0.01, ""num_clusters"": 36, ""num_hops"": 1, ""tau_s"": 0.05}",/autodl-fs/data/recap/tuning_hyperparams/interaction_tuning/results/interaction_paper_v1/checkpoints/graph__k20__C36__L1/recap/trial_0/model.pt
graph__k20__C36__L1,graph_core,0,Reddit,0.6048975242577045,0.046715839703316456,"{""beta"": 0.005, ""knn_k"": 20, ""lambda_E"": 0.1, ""lambda_H"": 0.35, ""lambda_bal"": 0.01, ""num_clusters"": 36, ""num_hops"": 1, ""tau_s"": 0.05}",/autodl-fs/data/recap/tuning_hyperparams/interaction_tuning/results/interaction_paper_v1/checkpoints/graph__k20__C36__L1/recap/trial_0/model.pt
graph__k20__C36__L1,graph_core,0,Amazon,0.7058361088893038,0.12467151690717808,"{""beta"": 0.005, ""knn_k"": 20, ""lambda_E"": 0.1, ""lambda_H"": 0.35, ""lambda_bal"": 0.01, ""num_clusters"": 36, ""num_hops"": 1, ""tau_s"": 0.05}",/autodl-fs/data/recap/tuning_hyperparams/interaction_tuning/results/interaction_paper_v1/checkpoints/graph__k20__C36__L1/recap/trial_0/model.pt
graph__k20__C36__L1,graph_core,1,Facebook,0.5439015151515152,0.03718226001871337,"{""beta"": 0.005, ""knn_k"": 20, ""lambda_E"": 0.1, ""lambda_H"": 0.35, ""lambda_bal"": 0.01, ""num_clusters"": 36, ""num_hops"": 1, ""tau_s"": 0.05}",/autodl-fs/data/recap/tuning_hyperparams/interaction_tuning/results/interaction_paper_v1/checkpoints/graph__k20__C36__L1/recap/trial_1/model.pt
graph__k20__C36__L1,graph_core,1,cora,0.8334792806880376,0.35690783640942075,"{""beta"": 0.005, ""knn_k"": 20, ""lambda_E"": 0.1, ""lambda_H"": 0.35, ""lambda_bal"": 0.01, ""num_clusters"": 36, ""num_hops"": 1, ""tau_s"": 0.05}",/autodl-fs/data/recap/tuning_hyperparams/interaction_tuning/results/interaction_paper_v1/checkpoints/graph__k20__C36__L1/recap/trial_1/model.pt
graph__k20__C36__L1,graph_core,1,citeseer,0.8725464274472774,0.34510077259345023,"{""beta"": 0.005, ""knn_k"": 20, ""lambda_E"": 0.1, ""lambda_H"": 0.35, ""lambda_bal"": 0.01, ""num_clusters"": 36, ""num_hops"": 1, ""tau_s"": 0.05}",/autodl-fs/data/recap/tuning_hyperparams/interaction_tuning/results/interaction_paper_v1/checkpoints/graph__k20__C36__L1/recap/trial_1/model.pt
graph__k20__C36__L1,graph_core,1,ACM,0.8041894287112953,0.34883319082080366,"{""beta"": 0.005, ""knn_k"": 20, ""lambda_E"": 0.1, ""lambda_H"": 0.35, ""lambda_bal"": 0.01, ""num_clusters"": 36, ""num_hops"": 1, ""tau_s"": 0.05}",/autodl-fs/data/recap/tuning_hyperparams/interaction_tuning/results/interaction_paper_v1/checkpoints/graph__k20__C36__L1/recap/trial_1/model.pt
graph__k20__C36__L1,graph_core,1,BlogCatalog,0.7209940087145968,0.3289406176626618,"{""beta"": 0.005, ""knn_k"": 20, ""lambda_E"": 0.1, ""lambda_H"": 0.35, ""lambda_bal"": 0.01, ""num_clusters"": 36, ""num_hops"": 1, ""tau_s"": 0.05}",/autodl-fs/data/recap/tuning_hyperparams/interaction_tuning/results/interaction_paper_v1/checkpoints/graph__k20__C36__L1/recap/trial_1/model.pt
graph__k20__C36__L1,graph_core,1,weibo,0.6980589307801941,0.294109094779011,"{""beta"": 0.005, ""knn_k"": 20, ""lambda_E"": 0.1, ""lambda_H"": 0.35, ""lambda_bal"": 0.01, ""num_clusters"": 36, ""num_hops"": 1, ""tau_s"": 0.05}",/autodl-fs/data/recap/tuning_hyperparams/interaction_tuning/results/interaction_paper_v1/checkpoints/graph__k20__C36__L1/recap/trial_1/model.pt
graph__k20__C36__L1,graph_core,1,Reddit,0.604241482913333,0.04572394896010768,"{""beta"": 0.005, ""knn_k"": 20, ""lambda_E"": 0.1, ""lambda_H"": 0.35, ""lambda_bal"": 0.01, ""num_clusters"": 36, ""num_hops"": 1, ""tau_s"": 0.05}",/autodl-fs/data/recap/tuning_hyperparams/interaction_tuning/results/interaction_paper_v1/checkpoints/graph__k20__C36__L1/recap/trial_1/model.pt
graph__k20__C36__L1,graph_core,1,Amazon,0.7200009447412659,0.1306833704456036,"{""beta"": 0.005, ""knn_k"": 20, ""lambda_E"": 0.1, ""lambda_H"": 0.35, ""lambda_bal"": 0.01, ""num_clusters"": 36, ""num_hops"": 1, ""tau_s"": 0.05}",/autodl-fs/data/recap/tuning_hyperparams/interaction_tuning/results/interaction_paper_v1/checkpoints/graph__k20__C36__L1/recap/trial_1/model.pt
graph__k20__C36__L1,graph_core,2,Facebook,0.5366666666666666,0.029157126361866934,"{""beta"": 0.005, ""knn_k"": 20, ""lambda_E"": 0.1, ""lambda_H"": 0.35, ""lambda_bal"": 0.01, ""num_clusters"": 36, ""num_hops"": 1, ""tau_s"": 0.05}",/autodl-fs/data/recap/tuning_hyperparams/interaction_tuning/results/interaction_paper_v1/checkpoints/graph__k20__C36__L1/recap/trial_2/model.pt
graph__k20__C36__L1,graph_core,2,cora,0.8267969768047954,0.33760675227519954,"{""beta"": 0.005, ""knn_k"": 20, ""lambda_E"": 0.1, ""lambda_H"": 0.35, ""lambda_bal"": 0.01, ""num_clusters"": 36, ""num_hops"": 1, ""tau_s"": 0.05}",/autodl-fs/data/recap/tuning_hyperparams/interaction_tuning/results/interaction_paper_v1/checkpoints/graph__k20__C36__L1/recap/trial_2/model.pt
graph__k20__C36__L1,graph_core,2,citeseer,0.8734812716399118,0.3214793492946806,"{""beta"": 0.005, ""knn_k"": 20, ""lambda_E"": 0.1, ""lambda_H"": 0.35, ""lambda_bal"": 0.01, ""num_clusters"": 36, ""num_hops"": 1, ""tau_s"": 0.05}",/autodl-fs/data/recap/tuning_hyperparams/interaction_tuning/results/interaction_paper_v1/checkpoints/graph__k20__C36__L1/recap/trial_2/model.pt
graph__k20__C36__L1,graph_core,2,ACM,0.8065764187379061,0.35404878557949215,"{""beta"": 0.005, ""knn_k"": 20, ""lambda_E"": 0.1, ""lambda_H"": 0.35, ""lambda_bal"": 0.01, ""num_clusters"": 36, ""num_hops"": 1, ""tau_s"": 0.05}",/autodl-fs/data/recap/tuning_hyperparams/interaction_tuning/results/interaction_paper_v1/checkpoints/graph__k20__C36__L1/recap/trial_2/model.pt
graph__k20__C36__L1,graph_core,2,BlogCatalog,0.7272940495642701,0.3310163112678791,"{""beta"": 0.005, ""knn_k"": 20, ""lambda_E"": 0.1, ""lambda_H"": 0.35, ""lambda_bal"": 0.01, ""num_clusters"": 36, ""num_hops"": 1, ""tau_s"": 0.05}",/autodl-fs/data/recap/tuning_hyperparams/interaction_tuning/results/interaction_paper_v1/checkpoints/graph__k20__C36__L1/recap/trial_2/model.pt
graph__k20__C36__L1,graph_core,2,weibo,0.6949183566907098,0.2879238383091444,"{""beta"": 0.005, ""knn_k"": 20, ""lambda_E"": 0.1, ""lambda_H"": 0.35, ""lambda_bal"": 0.01, ""num_clusters"": 36, ""num_hops"": 1, ""tau_s"": 0.05}",/autodl-fs/data/recap/tuning_hyperparams/interaction_tuning/results/interaction_paper_v1/checkpoints/graph__k20__C36__L1/recap/trial_2/model.pt
graph__k20__C36__L1,graph_core,2,Reddit,0.6025008311486733,0.04531430266412466,"{""beta"": 0.005, ""knn_k"": 20, ""lambda_E"": 0.1, ""lambda_H"": 0.35, ""lambda_bal"": 0.01, ""num_clusters"": 36, ""num_hops"": 1, ""tau_s"": 0.05}",/autodl-fs/data/recap/tuning_hyperparams/interaction_tuning/results/interaction_paper_v1/checkpoints/graph__k20__C36__L1/recap/trial_2/model.pt
graph__k20__C36__L1,graph_core,2,Amazon,0.7061686608428818,0.1259163843618229,"{""beta"": 0.005, ""knn_k"": 20, ""lambda_E"": 0.1, ""lambda_H"": 0.35, ""lambda_bal"": 0.01, ""num_clusters"": 36, ""num_hops"": 1, ""tau_s"": 0.05}",/autodl-fs/data/recap/tuning_hyperparams/interaction_tuning/results/interaction_paper_v1/checkpoints/graph__k20__C36__L1/recap/trial_2/model.pt
graph__k20__C36__L2,graph_core,0,Facebook,0.5692803030303031,0.04050944727733072,"{""beta"": 0.005, ""knn_k"": 20, ""lambda_E"": 0.1, ""lambda_H"": 0.35, ""lambda_bal"": 0.01, ""num_clusters"": 36, ""num_hops"": 2, ""tau_s"": 0.05}",/autodl-fs/data/recap/tuning_hyperparams/interaction_tuning/results/interaction_paper_v1/checkpoints/graph__k20__C36__L2/recap/trial_0/model.pt
graph__k20__C36__L2,graph_core,0,cora,0.8407271305707584,0.43956561103581787,"{""beta"": 0.005, ""knn_k"": 20, ""lambda_E"": 0.1, ""lambda_H"": 0.35, ""lambda_bal"": 0.01, ""num_clusters"": 36, ""num_hops"": 2, ""tau_s"": 0.05}",/autodl-fs/data/recap/tuning_hyperparams/interaction_tuning/results/interaction_paper_v1/checkpoints/graph__k20__C36__L2/recap/trial_0/model.pt
graph__k20__C36__L2,graph_core,0,citeseer,0.9020312663938724,0.419165997987747,"{""beta"": 0.005, ""knn_k"": 20, ""lambda_E"": 0.1, ""lambda_H"": 0.35, ""lambda_bal"": 0.01, ""num_clusters"": 36, ""num_hops"": 2, ""tau_s"": 0.05}",/autodl-fs/data/recap/tuning_hyperparams/interaction_tuning/results/interaction_paper_v1/checkpoints/graph__k20__C36__L2/recap/trial_0/model.pt
graph__k20__C36__L2,graph_core,0,ACM,0.8011513791023476,0.3685488680426028,"{""beta"": 0.005, ""knn_k"": 20, ""lambda_E"": 0.1, ""lambda_H"": 0.35, ""lambda_bal"": 0.01, ""num_clusters"": 36, ""num_hops"": 2, ""tau_s"": 0.05}",/autodl-fs/data/recap/tuning_hyperparams/interaction_tuning/results/interaction_paper_v1/checkpoints/graph__k20__C36__L2/recap/trial_0/model.pt
graph__k20__C36__L2,graph_core,0,BlogCatalog,0.7239099945533768,0.3321345384901611,"{""beta"": 0.005, ""knn_k"": 20, ""lambda_E"": 0.1, ""lambda_H"": 0.35, ""lambda_bal"": 0.01, ""num_clusters"": 36, ""num_hops"": 2, ""tau_s"": 0.05}",/autodl-fs/data/recap/tuning_hyperparams/interaction_tuning/results/interaction_paper_v1/checkpoints/graph__k20__C36__L2/recap/trial_0/model.pt
graph__k20__C36__L2,graph_core,0,weibo,0.7480922074753795,0.3090258723748551,"{""beta"": 0.005, ""knn_k"": 20, ""lambda_E"": 0.1, ""lambda_H"": 0.35, ""lambda_bal"": 0.01, ""num_clusters"": 36, ""num_hops"": 2, ""tau_s"": 0.05}",/autodl-fs/data/recap/tuning_hyperparams/interaction_tuning/results/interaction_paper_v1/checkpoints/graph__k20__C36__L2/recap/trial_0/model.pt
graph__k20__C36__L2,graph_core,0,Reddit,0.5981196740867916,0.04708782301276637,"{""beta"": 0.005, ""knn_k"": 20, ""lambda_E"": 0.1, ""lambda_H"": 0.35, ""lambda_bal"": 0.01, ""num_clusters"": 36, ""num_hops"": 2, ""tau_s"": 0.05}",/autodl-fs/data/recap/tuning_hyperparams/interaction_tuning/results/interaction_paper_v1/checkpoints/graph__k20__C36__L2/recap/trial_0/model.pt
graph__k20__C36__L2,graph_core,0,Amazon,0.7211120755344865,0.12973200462701603,"{""beta"": 0.005, ""knn_k"": 20, ""lambda_E"": 0.1, ""lambda_H"": 0.35, ""lambda_bal"": 0.01, ""num_clusters"": 36, ""num_hops"": 2, ""tau_s"": 0.05}",/autodl-fs/data/recap/tuning_hyperparams/interaction_tuning/results/interaction_paper_v1/checkpoints/graph__k20__C36__L2/recap/trial_0/model.pt
graph__k20__C36__L2,graph_core,1,Facebook,0.5621590909090909,0.042104442894407346,"{""beta"": 0.005, ""knn_k"": 20, ""lambda_E"": 0.1, ""lambda_H"": 0.35, ""lambda_bal"": 0.01, ""num_clusters"": 36, ""num_hops"": 2, ""tau_s"": 0.05}",/autodl-fs/data/recap/tuning_hyperparams/interaction_tuning/results/interaction_paper_v1/checkpoints/graph__k20__C36__L2/recap/trial_1/model.pt
graph__k20__C36__L2,graph_core,1,cora,0.8421084180349231,0.4244050553223647,"{""beta"": 0.005, ""knn_k"": 20, ""lambda_E"": 0.1, ""lambda_H"": 0.35, ""lambda_bal"": 0.01, ""num_clusters"": 36, ""num_hops"": 2, ""tau_s"": 0.05}",/autodl-fs/data/recap/tuning_hyperparams/interaction_tuning/results/interaction_paper_v1/checkpoints/graph__k20__C36__L2/recap/trial_1/model.pt
graph__k20__C36__L2,graph_core,1,citeseer,0.8992498163886267,0.44263870211102,"{""beta"": 0.005, ""knn_k"": 20, ""lambda_E"": 0.1, ""lambda_H"": 0.35, ""lambda_bal"": 0.01, ""num_clusters"": 36, ""num_hops"": 2, ""tau_s"": 0.05}",/autodl-fs/data/recap/tuning_hyperparams/interaction_tuning/results/interaction_paper_v1/checkpoints/graph__k20__C36__L2/recap/trial_1/model.pt
graph__k20__C36__L2,graph_core,1,ACM,0.7976867404941874,0.36654101938170724,"{""beta"": 0.005, ""knn_k"": 20, ""lambda_E"": 0.1, ""lambda_H"": 0.35, ""lambda_bal"": 0.01, ""num_clusters"": 36, ""num_hops"": 2, ""tau_s"": 0.05}",/autodl-fs/data/recap/tuning_hyperparams/interaction_tuning/results/interaction_paper_v1/checkpoints/graph__k20__C36__L2/recap/trial_1/model.pt
graph__k20__C36__L2,graph_core,1,BlogCatalog,0.7222889433551198,0.3335327634197953,"{""beta"": 0.005, ""knn_k"": 20, ""lambda_E"": 0.1, ""lambda_H"": 0.35, ""lambda_bal"": 0.01, ""num_clusters"": 36, ""num_hops"": 2, ""tau_s"": 0.05}",/autodl-fs/data/recap/tuning_hyperparams/interaction_tuning/results/interaction_paper_v1/checkpoints/graph__k20__C36__L2/recap/trial_1/model.pt
graph__k20__C36__L2,graph_core,1,weibo,0.74022327026913,0.30404900676188734,"{""beta"": 0.005, ""knn_k"": 20, ""lambda_E"": 0.1, ""lambda_H"": 0.35, ""lambda_bal"": 0.01, ""num_clusters"": 36, ""num_hops"": 2, ""tau_s"": 0.05}",/autodl-fs/data/recap/tuning_hyperparams/interaction_tuning/results/interaction_paper_v1/checkpoints/graph__k20__C36__L2/recap/trial_1/model.pt
graph__k20__C36__L2,graph_core,1,Reddit,0.5977778223801833,0.045936624231886956,"{""beta"": 0.005, ""knn_k"": 20, ""lambda_E"": 0.1, ""lambda_H"": 0.35, ""lambda_bal"": 0.01, ""num_clusters"": 36, ""num_hops"": 2, ""tau_s"": 0.05}",/autodl-fs/data/recap/tuning_hyperparams/interaction_tuning/results/interaction_paper_v1/checkpoints/graph__k20__C36__L2/recap/trial_1/model.pt
graph__k20__C36__L2,graph_core,1,Amazon,0.7356869805720921,0.13556536951302023,"{""beta"": 0.005, ""knn_k"": 20, ""lambda_E"": 0.1, ""lambda_H"": 0.35, ""lambda_bal"": 0.01, ""num_clusters"": 36, ""num_hops"": 2, ""tau_s"": 0.05}",/autodl-fs/data/recap/tuning_hyperparams/interaction_tuning/results/interaction_paper_v1/checkpoints/graph__k20__C36__L2/recap/trial_1/model.pt
graph__k20__C36__L2,graph_core,2,Facebook,0.5569696969696969,0.03201613497999619,"{""beta"": 0.005, ""knn_k"": 20, ""lambda_E"": 0.1, ""lambda_H"": 0.35, ""lambda_bal"": 0.01, ""num_clusters"": 36, ""num_hops"": 2, ""tau_s"": 0.05}",/autodl-fs/data/recap/tuning_hyperparams/interaction_tuning/results/interaction_paper_v1/checkpoints/graph__k20__C36__L2/recap/trial_2/model.pt
graph__k20__C36__L2,graph_core,2,cora,0.834579098253844,0.40949462985945523,"{""beta"": 0.005, ""knn_k"": 20, ""lambda_E"": 0.1, ""lambda_H"": 0.35, ""lambda_bal"": 0.01, ""num_clusters"": 36, ""num_hops"": 2, ""tau_s"": 0.05}",/autodl-fs/data/recap/tuning_hyperparams/interaction_tuning/results/interaction_paper_v1/checkpoints/graph__k20__C36__L2/recap/trial_2/model.pt
graph__k20__C36__L2,graph_core,2,citeseer,0.9010093379498479,0.42209397496508355,"{""beta"": 0.005, ""knn_k"": 20, ""lambda_E"": 0.1, ""lambda_H"": 0.35, ""lambda_bal"": 0.01, ""num_clusters"": 36, ""num_hops"": 2, ""tau_s"": 0.05}",/autodl-fs/data/recap/tuning_hyperparams/interaction_tuning/results/interaction_paper_v1/checkpoints/graph__k20__C36__L2/recap/trial_2/model.pt
graph__k20__C36__L2,graph_core,2,ACM,0.800470112464085,0.37112463849320665,"{""beta"": 0.005, ""knn_k"": 20, ""lambda_E"": 0.1, ""lambda_H"": 0.35, ""lambda_bal"": 0.01, ""num_clusters"": 36, ""num_hops"": 2, ""tau_s"": 0.05}",/autodl-fs/data/recap/tuning_hyperparams/interaction_tuning/results/interaction_paper_v1/checkpoints/graph__k20__C36__L2/recap/trial_2/model.pt
graph__k20__C36__L2,graph_core,2,BlogCatalog,0.7285913671023965,0.3353640820274453,"{""beta"": 0.005, ""knn_k"": 20, ""lambda_E"": 0.1, ""lambda_H"": 0.35, ""lambda_bal"": 0.01, ""num_clusters"": 36, ""num_hops"": 2, ""tau_s"": 0.05}",/autodl-fs/data/recap/tuning_hyperparams/interaction_tuning/results/interaction_paper_v1/checkpoints/graph__k20__C36__L2/recap/trial_2/model.pt
graph__k20__C36__L2,graph_core,2,weibo,0.7347947514229342,0.29665571500265264,"{""beta"": 0.005, ""knn_k"": 20, ""lambda_E"": 0.1, ""lambda_H"": 0.35, ""lambda_bal"": 0.01, ""num_clusters"": 36, ""num_hops"": 2, ""tau_s"": 0.05}",/autodl-fs/data/recap/tuning_hyperparams/interaction_tuning/results/interaction_paper_v1/checkpoints/graph__k20__C36__L2/recap/trial_2/model.pt
graph__k20__C36__L2,graph_core,2,Reddit,0.5946309082319229,0.04512660845752364,"{""beta"": 0.005, ""knn_k"": 20, ""lambda_E"": 0.1, ""lambda_H"": 0.35, ""lambda_bal"": 0.01, ""num_clusters"": 36, ""num_hops"": 2, ""tau_s"": 0.05}",/autodl-fs/data/recap/tuning_hyperparams/interaction_tuning/results/interaction_paper_v1/checkpoints/graph__k20__C36__L2/recap/trial_2/model.pt
graph__k20__C36__L2,graph_core,2,Amazon,0.7212466708846942,0.1297307446333153,"{""beta"": 0.005, ""knn_k"": 20, ""lambda_E"": 0.1, ""lambda_H"": 0.35, ""lambda_bal"": 0.01, ""num_clusters"": 36, ""num_hops"": 2, ""tau_s"": 0.05}",/autodl-fs/data/recap/tuning_hyperparams/interaction_tuning/results/interaction_paper_v1/checkpoints/graph__k20__C36__L2/recap/trial_2/model.pt
graph__k20__C36__L3,graph_core,0,Facebook,0.5834848484848485,0.049511261306790344,"{""beta"": 0.005, ""knn_k"": 20, ""lambda_E"": 0.1, ""lambda_H"": 0.35, ""lambda_bal"": 0.01, ""num_clusters"": 36, ""num_hops"": 3, ""tau_s"": 0.05}",/autodl-fs/data/recap/tuning_hyperparams/interaction_tuning/results/interaction_paper_v1/checkpoints/graph__k20__C36__L3/recap/trial_0/model.pt
graph__k20__C36__L3,graph_core,0,cora,0.8318556163669534,0.43031782485171605,"{""beta"": 0.005, ""knn_k"": 20, ""lambda_E"": 0.1, ""lambda_H"": 0.35, ""lambda_bal"": 0.01, ""num_clusters"": 36, ""num_hops"": 3, ""tau_s"": 0.05}",/autodl-fs/data/recap/tuning_hyperparams/interaction_tuning/results/interaction_paper_v1/checkpoints/graph__k20__C36__L3/recap/trial_0/model.pt
graph__k20__C36__L3,graph_core,0,citeseer,0.9041611583254642,0.4391867888067319,"{""beta"": 0.005, ""knn_k"": 20, ""lambda_E"": 0.1, ""lambda_H"": 0.35, ""lambda_bal"": 0.01, ""num_clusters"": 36, ""num_hops"": 3, ""tau_s"": 0.05}",/autodl-fs/data/recap/tuning_hyperparams/interaction_tuning/results/interaction_paper_v1/checkpoints/graph__k20__C36__L3/recap/trial_0/model.pt
graph__k20__C36__L3,graph_core,0,ACM,0.7968015630490843,0.3727994211757959,"{""beta"": 0.005, ""knn_k"": 20, ""lambda_E"": 0.1, ""lambda_H"": 0.35, ""lambda_bal"": 0.01, ""num_clusters"": 36, ""num_hops"": 3, ""tau_s"": 0.05}",/autodl-fs/data/recap/tuning_hyperparams/interaction_tuning/results/interaction_paper_v1/checkpoints/graph__k20__C36__L3/recap/trial_0/model.pt
graph__k20__C36__L3,graph_core,0,BlogCatalog,0.7251593137254903,0.33433642923380963,"{""beta"": 0.005, ""knn_k"": 20, ""lambda_E"": 0.1, ""lambda_H"": 0.35, ""lambda_bal"": 0.01, ""num_clusters"": 36, ""num_hops"": 3, ""tau_s"": 0.05}",/autodl-fs/data/recap/tuning_hyperparams/interaction_tuning/results/interaction_paper_v1/checkpoints/graph__k20__C36__L3/recap/trial_0/model.pt
graph__k20__C36__L3,graph_core,0,weibo,0.7553576702094552,0.30948033700619076,"{""beta"": 0.005, ""knn_k"": 20, ""lambda_E"": 0.1, ""lambda_H"": 0.35, ""lambda_bal"": 0.01, ""num_clusters"": 36, ""num_hops"": 3, ""tau_s"": 0.05}",/autodl-fs/data/recap/tuning_hyperparams/interaction_tuning/results/interaction_paper_v1/checkpoints/graph__k20__C36__L3/recap/trial_0/model.pt
graph__k20__C36__L3,graph_core,0,Reddit,0.5977017838560563,0.04787641773673135,"{""beta"": 0.005, ""knn_k"": 20, ""lambda_E"": 0.1, ""lambda_H"": 0.35, ""lambda_bal"": 0.01, ""num_clusters"": 36, ""num_hops"": 3, ""tau_s"": 0.05}",/autodl-fs/data/recap/tuning_hyperparams/interaction_tuning/results/interaction_paper_v1/checkpoints/graph__k20__C36__L3/recap/trial_0/model.pt
graph__k20__C36__L3,graph_core,0,Amazon,0.7261946775638938,0.1307524428331106,"{""beta"": 0.005, ""knn_k"": 20, ""lambda_E"": 0.1, ""lambda_H"": 0.35, ""lambda_bal"": 0.01, ""num_clusters"": 36, ""num_hops"": 3, ""tau_s"": 0.05}",/autodl-fs/data/recap/tuning_hyperparams/interaction_tuning/results/interaction_paper_v1/checkpoints/graph__k20__C36__L3/recap/trial_0/model.pt
graph__k20__C36__L3,graph_core,1,Facebook,0.5785984848484849,0.04551300436162639,"{""beta"": 0.005, ""knn_k"": 20, ""lambda_E"": 0.1, ""lambda_H"": 0.35, ""lambda_bal"": 0.01, ""num_clusters"": 36, ""num_hops"": 3, ""tau_s"": 0.05}",/autodl-fs/data/recap/tuning_hyperparams/interaction_tuning/results/interaction_paper_v1/checkpoints/graph__k20__C36__L3/recap/trial_1/model.pt
graph__k20__C36__L3,graph_core,1,cora,0.8325332290852228,0.42131594762690483,"{""beta"": 0.005, ""knn_k"": 20, ""lambda_E"": 0.1, ""lambda_H"": 0.35, ""lambda_bal"": 0.01, ""num_clusters"": 36, ""num_hops"": 3, ""tau_s"": 0.05}",/autodl-fs/data/recap/tuning_hyperparams/interaction_tuning/results/interaction_paper_v1/checkpoints/graph__k20__C36__L3/recap/trial_1/model.pt
graph__k20__C36__L3,graph_core,1,citeseer,0.9005256531318854,0.4582636516728302,"{""beta"": 0.005, ""knn_k"": 20, ""lambda_E"": 0.1, ""lambda_H"": 0.35, ""lambda_bal"": 0.01, ""num_clusters"": 36, ""num_hops"": 3, ""tau_s"": 0.05}",/autodl-fs/data/recap/tuning_hyperparams/interaction_tuning/results/interaction_paper_v1/checkpoints/graph__k20__C36__L3/recap/trial_1/model.pt
graph__k20__C36__L3,graph_core,1,ACM,0.7930045413909944,0.37217791884052054,"{""beta"": 0.005, ""knn_k"": 20, ""lambda_E"": 0.1, ""lambda_H"": 0.35, ""lambda_bal"": 0.01, ""num_clusters"": 36, ""num_hops"": 3, ""tau_s"": 0.05}",/autodl-fs/data/recap/tuning_hyperparams/interaction_tuning/results/interaction_paper_v1/checkpoints/graph__k20__C36__L3/recap/trial_1/model.pt
graph__k20__C36__L3,graph_core,1,BlogCatalog,0.7231644880174292,0.33579381730625973,"{""beta"": 0.005, ""knn_k"": 20, ""lambda_E"": 0.1, ""lambda_H"": 0.35, ""lambda_bal"": 0.01, ""num_clusters"": 36, ""num_hops"": 3, ""tau_s"": 0.05}",/autodl-fs/data/recap/tuning_hyperparams/interaction_tuning/results/interaction_paper_v1/checkpoints/graph__k20__C36__L3/recap/trial_1/model.pt
graph__k20__C36__L3,graph_core,1,weibo,0.7518405359978331,0.3046843612797659,"{""beta"": 0.005, ""knn_k"": 20, ""lambda_E"": 0.1, ""lambda_H"": 0.35, ""lambda_bal"": 0.01, ""num_clusters"": 36, ""num_hops"": 3, ""tau_s"": 0.05}",/autodl-fs/data/recap/tuning_hyperparams/interaction_tuning/results/interaction_paper_v1/checkpoints/graph__k20__C36__L3/recap/trial_1/model.pt
graph__k20__C36__L3,graph_core,1,Reddit,0.5964090002851122,0.04620299674824956,"{""beta"": 0.005, ""knn_k"": 20, ""lambda_E"": 0.1, ""lambda_H"": 0.35, ""lambda_bal"": 0.01, ""num_clusters"": 36, ""num_hops"": 3, ""tau_s"": 0.05}",/autodl-fs/data/recap/tuning_hyperparams/interaction_tuning/results/interaction_paper_v1/checkpoints/graph__k20__C36__L3/recap/trial_1/model.pt
graph__k20__C36__L3,graph_core,1,Amazon,0.7432698918377231,0.13858825387372004,"{""beta"": 0.005, ""knn_k"": 20, ""lambda_E"": 0.1, ""lambda_H"": 0.35, ""lambda_bal"": 0.01, ""num_clusters"": 36, ""num_hops"": 3, ""tau_s"": 0.05}",/autodl-fs/data/recap/tuning_hyperparams/interaction_tuning/results/interaction_paper_v1/checkpoints/graph__k20__C36__L3/recap/trial_1/model.pt
graph__k20__C36__L3,graph_core,2,Facebook,0.5791287878787879,0.03657170601546458,"{""beta"": 0.005, ""knn_k"": 20, ""lambda_E"": 0.1, ""lambda_H"": 0.35, ""lambda_bal"": 0.01, ""num_clusters"": 36, ""num_hops"": 3, ""tau_s"": 0.05}",/autodl-fs/data/recap/tuning_hyperparams/interaction_tuning/results/interaction_paper_v1/checkpoints/graph__k20__C36__L3/recap/trial_2/model.pt
graph__k20__C36__L3,graph_core,2,cora,0.8248240813135262,0.4075287894453329,"{""beta"": 0.005, ""knn_k"": 20, ""lambda_E"": 0.1, ""lambda_H"": 0.35, ""lambda_bal"": 0.01, ""num_clusters"": 36, ""num_hops"": 3, ""tau_s"": 0.05}",/autodl-fs/data/recap/tuning_hyperparams/interaction_tuning/results/interaction_paper_v1/checkpoints/graph__k20__C36__L3/recap/trial_2/model.pt
graph__k20__C36__L3,graph_core,2,citeseer,0.9019588710523554,0.44058820832320444,"{""beta"": 0.005, ""knn_k"": 20, ""lambda_E"": 0.1, ""lambda_H"": 0.35, ""lambda_bal"": 0.01, ""num_clusters"": 36, ""num_hops"": 3, ""tau_s"": 0.05}",/autodl-fs/data/recap/tuning_hyperparams/interaction_tuning/results/interaction_paper_v1/checkpoints/graph__k20__C36__L3/recap/trial_2/model.pt
graph__k20__C36__L3,graph_core,2,ACM,0.7959613535249315,0.3761426866467362,"{""beta"": 0.005, ""knn_k"": 20, ""lambda_E"": 0.1, ""lambda_H"": 0.35, ""lambda_bal"": 0.01, ""num_clusters"": 36, ""num_hops"": 3, ""tau_s"": 0.05}",/autodl-fs/data/recap/tuning_hyperparams/interaction_tuning/results/interaction_paper_v1/checkpoints/graph__k20__C36__L3/recap/trial_2/model.pt
graph__k20__C36__L3,graph_core,2,BlogCatalog,0.7292361111111111,0.3374474109556369,"{""beta"": 0.005, ""knn_k"": 20, ""lambda_E"": 0.1, ""lambda_H"": 0.35, ""lambda_bal"": 0.01, ""num_clusters"": 36, ""num_hops"": 3, ""tau_s"": 0.05}",/autodl-fs/data/recap/tuning_hyperparams/interaction_tuning/results/interaction_paper_v1/checkpoints/graph__k20__C36__L3/recap/trial_2/model.pt
graph__k20__C36__L3,graph_core,2,weibo,0.7415893420416267,0.29903979088110655,"{""beta"": 0.005, ""knn_k"": 20, ""lambda_E"": 0.1, ""lambda_H"": 0.35, ""lambda_bal"": 0.01, ""num_clusters"": 36, ""num_hops"": 3, ""tau_s"": 0.05}",/autodl-fs/data/recap/tuning_hyperparams/interaction_tuning/results/interaction_paper_v1/checkpoints/graph__k20__C36__L3/recap/trial_2/model.pt
graph__k20__C36__L3,graph_core,2,Reddit,0.5917505792308555,0.04511502075000172,"{""beta"": 0.005, ""knn_k"": 20, ""lambda_E"": 0.1, ""lambda_H"": 0.35, ""lambda_bal"": 0.01, ""num_clusters"": 36, ""num_hops"": 3, ""tau_s"": 0.05}",/autodl-fs/data/recap/tuning_hyperparams/interaction_tuning/results/interaction_paper_v1/checkpoints/graph__k20__C36__L3/recap/trial_2/model.pt
graph__k20__C36__L3,graph_core,2,Amazon,0.7294545648338534,0.1326718617954416,"{""beta"": 0.005, ""knn_k"": 20, ""lambda_E"": 0.1, ""lambda_H"": 0.35, ""lambda_bal"": 0.01, ""num_clusters"": 36, ""num_hops"": 3, ""tau_s"": 0.05}",/autodl-fs/data/recap/tuning_hyperparams/interaction_tuning/results/interaction_paper_v1/checkpoints/graph__k20__C36__L3/recap/trial_2/model.pt
graph__k24__C20__L1,graph_core,0,Facebook,0.5547348484848484,0.038730552061650415,"{""beta"": 0.005, ""knn_k"": 24, ""lambda_E"": 0.1, ""lambda_H"": 0.35, ""lambda_bal"": 0.01, ""num_clusters"": 20, ""num_hops"": 1, ""tau_s"": 0.05}",/autodl-fs/data/recap/tuning_hyperparams/interaction_tuning/results/interaction_paper_v1/checkpoints/graph__k24__C20__L1/recap/trial_0/model.pt
graph__k24__C20__L1,graph_core,0,cora,0.8342950221527234,0.3740668399494191,"{""beta"": 0.005, ""knn_k"": 24, ""lambda_E"": 0.1, ""lambda_H"": 0.35, ""lambda_bal"": 0.01, ""num_clusters"": 20, ""num_hops"": 1, ""tau_s"": 0.05}",/autodl-fs/data/recap/tuning_hyperparams/interaction_tuning/results/interaction_paper_v1/checkpoints/graph__k24__C20__L1/recap/trial_0/model.pt
graph__k24__C20__L1,graph_core,0,citeseer,0.8724635400272793,0.3210647937448746,"{""beta"": 0.005, ""knn_k"": 24, ""lambda_E"": 0.1, ""lambda_H"": 0.35, ""lambda_bal"": 0.01, ""num_clusters"": 20, ""num_hops"": 1, ""tau_s"": 0.05}",/autodl-fs/data/recap/tuning_hyperparams/interaction_tuning/results/interaction_paper_v1/checkpoints/graph__k24__C20__L1/recap/trial_0/model.pt
graph__k24__C20__L1,graph_core,0,ACM,0.8070114425171323,0.35363769536697487,"{""beta"": 0.005, ""knn_k"": 24, ""lambda_E"": 0.1, ""lambda_H"": 0.35, ""lambda_bal"": 0.01, ""num_clusters"": 20, ""num_hops"": 1, ""tau_s"": 0.05}",/autodl-fs/data/recap/tuning_hyperparams/interaction_tuning/results/interaction_paper_v1/checkpoints/graph__k24__C20__L1/recap/trial_0/model.pt
graph__k24__C20__L1,graph_core,0,BlogCatalog,0.7218188316993465,0.32717649775323937,"{""beta"": 0.005, ""knn_k"": 24, ""lambda_E"": 0.1, ""lambda_H"": 0.35, ""lambda_bal"": 0.01, ""num_clusters"": 20, ""num_hops"": 1, ""tau_s"": 0.05}",/autodl-fs/data/recap/tuning_hyperparams/interaction_tuning/results/interaction_paper_v1/checkpoints/graph__k24__C20__L1/recap/trial_0/model.pt
graph__k24__C20__L1,graph_core,0,weibo,0.7066993309198432,0.29910190090153643,"{""beta"": 0.005, ""knn_k"": 24, ""lambda_E"": 0.1, ""lambda_H"": 0.35, ""lambda_bal"": 0.01, ""num_clusters"": 20, ""num_hops"": 1, ""tau_s"": 0.05}",/autodl-fs/data/recap/tuning_hyperparams/interaction_tuning/results/interaction_paper_v1/checkpoints/graph__k24__C20__L1/recap/trial_0/model.pt
graph__k24__C20__L1,graph_core,0,Reddit,0.6056127495633253,0.046788954869617136,"{""beta"": 0.005, ""knn_k"": 24, ""lambda_E"": 0.1, ""lambda_H"": 0.35, ""lambda_bal"": 0.01, ""num_clusters"": 20, ""num_hops"": 1, ""tau_s"": 0.05}",/autodl-fs/data/recap/tuning_hyperparams/interaction_tuning/results/interaction_paper_v1/checkpoints/graph__k24__C20__L1/recap/trial_0/model.pt
graph__k24__C20__L1,graph_core,0,Amazon,0.7057118844969017,0.12476453396358059,"{""beta"": 0.005, ""knn_k"": 24, ""lambda_E"": 0.1, ""lambda_H"": 0.35, ""lambda_bal"": 0.01, ""num_clusters"": 20, ""num_hops"": 1, ""tau_s"": 0.05}",/autodl-fs/data/recap/tuning_hyperparams/interaction_tuning/results/interaction_paper_v1/checkpoints/graph__k24__C20__L1/recap/trial_0/model.pt
graph__k24__C20__L1,graph_core,1,Facebook,0.5445454545454546,0.03503537491623854,"{""beta"": 0.005, ""knn_k"": 24, ""lambda_E"": 0.1, ""lambda_H"": 0.35, ""lambda_bal"": 0.01, ""num_clusters"": 20, ""num_hops"": 1, ""tau_s"": 0.05}",/autodl-fs/data/recap/tuning_hyperparams/interaction_tuning/results/interaction_paper_v1/checkpoints/graph__k24__C20__L1/recap/trial_1/model.pt
graph__k24__C20__L1,graph_core,1,cora,0.8327104508730779,0.3536877513207277,"{""beta"": 0.005, ""knn_k"": 24, ""lambda_E"": 0.1, ""lambda_H"": 0.35, ""lambda_bal"": 0.01, ""num_clusters"": 20, ""num_hops"": 1, ""tau_s"": 0.05}",/autodl-fs/data/recap/tuning_hyperparams/interaction_tuning/results/interaction_paper_v1/checkpoints/graph__k24__C20__L1/recap/trial_1/model.pt
graph__k24__C20__L1,graph_core,1,citeseer,0.8724645892351275,0.3438071345255175,"{""beta"": 0.005, ""knn_k"": 24, ""lambda_E"": 0.1, ""lambda_H"": 0.35, ""lambda_bal"": 0.01, ""num_clusters"": 20, ""num_hops"": 1, ""tau_s"": 0.05}",/autodl-fs/data/recap/tuning_hyperparams/interaction_tuning/results/interaction_paper_v1/checkpoints/graph__k24__C20__L1/recap/trial_1/model.pt
graph__k24__C20__L1,graph_core,1,ACM,0.8042224297881004,0.3489918036670947,"{""beta"": 0.005, ""knn_k"": 24, ""lambda_E"": 0.1, ""lambda_H"": 0.35, ""lambda_bal"": 0.01, ""num_clusters"": 20, ""num_hops"": 1, ""tau_s"": 0.05}",/autodl-fs/data/recap/tuning_hyperparams/interaction_tuning/results/interaction_paper_v1/checkpoints/graph__k24__C20__L1/recap/trial_1/model.pt
graph__k24__C20__L1,graph_core,1,BlogCatalog,0.7210767293028323,0.32904634069431854,"{""beta"": 0.005, ""knn_k"": 24, ""lambda_E"": 0.1, ""lambda_H"": 0.35, ""lambda_bal"": 0.01, ""num_clusters"": 20, ""num_hops"": 1, ""tau_s"": 0.05}",/autodl-fs/data/recap/tuning_hyperparams/interaction_tuning/results/interaction_paper_v1/checkpoints/graph__k24__C20__L1/recap/trial_1/model.pt
graph__k24__C20__L1,graph_core,1,weibo,0.699367223081951,0.29430986427559946,"{""beta"": 0.005, ""knn_k"": 24, ""lambda_E"": 0.1, ""lambda_H"": 0.35, ""lambda_bal"": 0.01, ""num_clusters"": 20, ""num_hops"": 1, ""tau_s"": 0.05}",/autodl-fs/data/recap/tuning_hyperparams/interaction_tuning/results/interaction_paper_v1/checkpoints/graph__k24__C20__L1/recap/trial_1/model.pt
graph__k24__C20__L1,graph_core,1,Reddit,0.6036291862359721,0.045641950992151153,"{""beta"": 0.005, ""knn_k"": 24, ""lambda_E"": 0.1, ""lambda_H"": 0.35, ""lambda_bal"": 0.01, ""num_clusters"": 20, ""num_hops"": 1, ""tau_s"": 0.05}",/autodl-fs/data/recap/tuning_hyperparams/interaction_tuning/results/interaction_paper_v1/checkpoints/graph__k24__C20__L1/recap/trial_1/model.pt
graph__k24__C20__L1,graph_core,1,Amazon,0.7189552191126003,0.13018916978674733,"{""beta"": 0.005, ""knn_k"": 24, ""lambda_E"": 0.1, ""lambda_H"": 0.35, ""lambda_bal"": 0.01, ""num_clusters"": 20, ""num_hops"": 1, ""tau_s"": 0.05}",/autodl-fs/data/recap/tuning_hyperparams/interaction_tuning/results/interaction_paper_v1/checkpoints/graph__k24__C20__L1/recap/trial_1/model.pt
graph__k24__C20__L1,graph_core,2,Facebook,0.5365530303030304,0.029100982231208737,"{""beta"": 0.005, ""knn_k"": 24, ""lambda_E"": 0.1, ""lambda_H"": 0.35, ""lambda_bal"": 0.01, ""num_clusters"": 20, ""num_hops"": 1, ""tau_s"": 0.05}",/autodl-fs/data/recap/tuning_hyperparams/interaction_tuning/results/interaction_paper_v1/checkpoints/graph__k24__C20__L1/recap/trial_2/model.pt
graph__k24__C20__L1,graph_core,2,cora,0.8270106854313265,0.3388995685235449,"{""beta"": 0.005, ""knn_k"": 24, ""lambda_E"": 0.1, ""lambda_H"": 0.35, ""lambda_bal"": 0.01, ""num_clusters"": 20, ""num_hops"": 1, ""tau_s"": 0.05}",/autodl-fs/data/recap/tuning_hyperparams/interaction_tuning/results/interaction_paper_v1/checkpoints/graph__k24__C20__L1/recap/trial_2/model.pt
graph__k24__C20__L1,graph_core,2,citeseer,0.8735935368796559,0.3226206257406808,"{""beta"": 0.005, ""knn_k"": 24, ""lambda_E"": 0.1, ""lambda_H"": 0.35, ""lambda_bal"": 0.01, ""num_clusters"": 20, ""num_hops"": 1, ""tau_s"": 0.05}",/autodl-fs/data/recap/tuning_hyperparams/interaction_tuning/results/interaction_paper_v1/checkpoints/graph__k24__C20__L1/recap/trial_2/model.pt
graph__k24__C20__L1,graph_core,2,ACM,0.8066162203560975,0.3543873591983694,"{""beta"": 0.005, ""knn_k"": 24, ""lambda_E"": 0.1, ""lambda_H"": 0.35, ""lambda_bal"": 0.01, ""num_clusters"": 20, ""num_hops"": 1, ""tau_s"": 0.05}",/autodl-fs/data/recap/tuning_hyperparams/interaction_tuning/results/interaction_paper_v1/checkpoints/graph__k24__C20__L1/recap/trial_2/model.pt
graph__k24__C20__L1,graph_core,2,BlogCatalog,0.7269386574074075,0.3307044779309451,"{""beta"": 0.005, ""knn_k"": 24, ""lambda_E"": 0.1, ""lambda_H"": 0.35, ""lambda_bal"": 0.01, ""num_clusters"": 20, ""num_hops"": 1, ""tau_s"": 0.05}",/autodl-fs/data/recap/tuning_hyperparams/interaction_tuning/results/interaction_paper_v1/checkpoints/graph__k24__C20__L1/recap/trial_2/model.pt
graph__k24__C20__L1,graph_core,2,weibo,0.694380992327253,0.2880209555111009,"{""beta"": 0.005, ""knn_k"": 24, ""lambda_E"": 0.1, ""lambda_H"": 0.35, ""lambda_bal"": 0.01, ""num_clusters"": 20, ""num_hops"": 1, ""tau_s"": 0.05}",/autodl-fs/data/recap/tuning_hyperparams/interaction_tuning/results/interaction_paper_v1/checkpoints/graph__k24__C20__L1/recap/trial_2/model.pt
graph__k24__C20__L1,graph_core,2,Reddit,0.6026467324792315,0.045319174490173024,"{""beta"": 0.005, ""knn_k"": 24, ""lambda_E"": 0.1, ""lambda_H"": 0.35, ""lambda_bal"": 0.01, ""num_clusters"": 20, ""num_hops"": 1, ""tau_s"": 0.05}",/autodl-fs/data/recap/tuning_hyperparams/interaction_tuning/results/interaction_paper_v1/checkpoints/graph__k24__C20__L1/recap/trial_2/model.pt
graph__k24__C20__L1,graph_core,2,Amazon,0.7064936427542661,0.12594428742234598,"{""beta"": 0.005, ""knn_k"": 24, ""lambda_E"": 0.1, ""lambda_H"": 0.35, ""lambda_bal"": 0.01, ""num_clusters"": 20, ""num_hops"": 1, ""tau_s"": 0.05}",/autodl-fs/data/recap/tuning_hyperparams/interaction_tuning/results/interaction_paper_v1/checkpoints/graph__k24__C20__L1/recap/trial_2/model.pt
graph__k24__C20__L2,graph_core,0,Facebook,0.5694696969696971,0.040608518698241,"{""beta"": 0.005, ""knn_k"": 24, ""lambda_E"": 0.1, ""lambda_H"": 0.35, ""lambda_bal"": 0.01, ""num_clusters"": 20, ""num_hops"": 2, ""tau_s"": 0.05}",/autodl-fs/data/recap/tuning_hyperparams/interaction_tuning/results/interaction_paper_v1/checkpoints/graph__k24__C20__L2/recap/trial_0/model.pt
graph__k24__C20__L2,graph_core,0,cora,0.8406280948657806,0.43719077029069325,"{""beta"": 0.005, ""knn_k"": 24, ""lambda_E"": 0.1, ""lambda_H"": 0.35, ""lambda_bal"": 0.01, ""num_clusters"": 20, ""num_hops"": 2, ""tau_s"": 0.05}",/autodl-fs/data/recap/tuning_hyperparams/interaction_tuning/results/interaction_paper_v1/checkpoints/graph__k24__C20__L2/recap/trial_0/model.pt
graph__k24__C20__L2,graph_core,0,citeseer,0.9018256216556498,0.4201156276915294,"{""beta"": 0.005, ""knn_k"": 24, ""lambda_E"": 0.1, ""lambda_H"": 0.35, ""lambda_bal"": 0.01, ""num_clusters"": 20, ""num_hops"": 2, ""tau_s"": 0.05}",/autodl-fs/data/recap/tuning_hyperparams/interaction_tuning/results/interaction_paper_v1/checkpoints/graph__k24__C20__L2/recap/trial_0/model.pt
graph__k24__C20__L2,graph_core,0,ACM,0.8008231607250496,0.36786112497872225,"{""beta"": 0.005, ""knn_k"": 24, ""lambda_E"": 0.1, ""lambda_H"": 0.35, ""lambda_bal"": 0.01, ""num_clusters"": 20, ""num_hops"": 2, ""tau_s"": 0.05}",/autodl-fs/data/recap/tuning_hyperparams/interaction_tuning/results/interaction_paper_v1/checkpoints/graph__k24__C20__L2/recap/trial_0/model.pt
graph__k24__C20__L2,graph_core,0,BlogCatalog,0.7246343954248367,0.33245617206208267,"{""beta"": 0.005, ""knn_k"": 24, ""lambda_E"": 0.1, ""lambda_H"": 0.35, ""lambda_bal"": 0.01, ""num_clusters"": 20, ""num_hops"": 2, ""tau_s"": 0.05}",/autodl-fs/data/recap/tuning_hyperparams/interaction_tuning/results/interaction_paper_v1/checkpoints/graph__k24__C20__L2/recap/trial_0/model.pt
graph__k24__C20__L2,graph_core,0,weibo,0.7451184754290507,0.30751061383177763,"{""beta"": 0.005, ""knn_k"": 24, ""lambda_E"": 0.1, ""lambda_H"": 0.35, ""lambda_bal"": 0.01, ""num_clusters"": 20, ""num_hops"": 2, ""tau_s"": 0.05}",/autodl-fs/data/recap/tuning_hyperparams/interaction_tuning/results/interaction_paper_v1/checkpoints/graph__k24__C20__L2/recap/trial_0/model.pt
graph__k24__C20__L2,graph_core,0,Reddit,0.5980114703663333,0.04698048666352516,"{""beta"": 0.005, ""knn_k"": 24, ""lambda_E"": 0.1, ""lambda_H"": 0.35, ""lambda_bal"": 0.01, ""num_clusters"": 20, ""num_hops"": 2, ""tau_s"": 0.05}",/autodl-fs/data/recap/tuning_hyperparams/interaction_tuning/results/interaction_paper_v1/checkpoints/graph__k24__C20__L2/recap/trial_0/model.pt
graph__k24__C20__L2,graph_core,0,Amazon,0.7208516660830165,0.12954854099297758,"{""beta"": 0.005, ""knn_k"": 24, ""lambda_E"": 0.1, ""lambda_H"": 0.35, ""lambda_bal"": 0.01, ""num_clusters"": 20, ""num_hops"": 2, ""tau_s"": 0.05}",/autodl-fs/data/recap/tuning_hyperparams/interaction_tuning/results/interaction_paper_v1/checkpoints/graph__k24__C20__L2/recap/trial_0/model.pt
graph__k24__C20__L2,graph_core,1,Facebook,0.5630681818181819,0.04414936970149724,"{""beta"": 0.005, ""knn_k"": 24, ""lambda_E"": 0.1, ""lambda_H"": 0.35, ""lambda_bal"": 0.01, ""num_clusters"": 20, ""num_hops"": 2, ""tau_s"": 0.05}",/autodl-fs/data/recap/tuning_hyperparams/interaction_tuning/results/interaction_paper_v1/checkpoints/graph__k24__C20__L2/recap/trial_1/model.pt
graph__k24__C20__L2,graph_core,1,cora,0.8425566849100861,0.42508062042325095,"{""beta"": 0.005, ""knn_k"": 24, ""lambda_E"": 0.1, ""lambda_H"": 0.35, ""lambda_bal"": 0.01, ""num_clusters"": 20, ""num_hops"": 2, ""tau_s"": 0.05}",/autodl-fs/data/recap/tuning_hyperparams/interaction_tuning/results/interaction_paper_v1/checkpoints/graph__k24__C20__L2/recap/trial_1/model.pt
graph__k24__C20__L2,graph_core,1,citeseer,0.8992991291574861,0.4418758313646171,"{""beta"": 0.005, ""knn_k"": 24, ""lambda_E"": 0.1, ""lambda_H"": 0.35, ""lambda_bal"": 0.01, ""num_clusters"": 20, ""num_hops"": 2, ""tau_s"": 0.05}",/autodl-fs/data/recap/tuning_hyperparams/interaction_tuning/results/interaction_paper_v1/checkpoints/graph__k24__C20__L2/recap/trial_1/model.pt
graph__k24__C20__L2,graph_core,1,ACM,0.797286404747769,0.366169091970584,"{""beta"": 0.005, ""knn_k"": 24, ""lambda_E"": 0.1, ""lambda_H"": 0.35, ""lambda_bal"": 0.01, ""num_clusters"": 20, ""num_hops"": 2, ""tau_s"": 0.05}",/autodl-fs/data/recap/tuning_hyperparams/interaction_tuning/results/interaction_paper_v1/checkpoints/graph__k24__C20__L2/recap/trial_1/model.pt
graph__k24__C20__L2,graph_core,1,BlogCatalog,0.7229568355119826,0.3337194136073551,"{""beta"": 0.005, ""knn_k"": 24, ""lambda_E"": 0.1, ""lambda_H"": 0.35, ""lambda_bal"": 0.01, ""num_clusters"": 20, ""num_hops"": 2, ""tau_s"": 0.05}",/autodl-fs/data/recap/tuning_hyperparams/interaction_tuning/results/interaction_paper_v1/checkpoints/graph__k24__C20__L2/recap/trial_1/model.pt
graph__k24__C20__L2,graph_core,1,weibo,0.740114284124586,0.30364116977979205,"{""beta"": 0.005, ""knn_k"": 24, ""lambda_E"": 0.1, ""lambda_H"": 0.35, ""lambda_bal"": 0.01, ""num_clusters"": 20, ""num_hops"": 2, ""tau_s"": 0.05}",/autodl-fs/data/recap/tuning_hyperparams/interaction_tuning/results/interaction_paper_v1/checkpoints/graph__k24__C20__L2/recap/trial_1/model.pt
graph__k24__C20__L2,graph_core,1,Reddit,0.5965829496668715,0.0457281456037524,"{""beta"": 0.005, ""knn_k"": 24, ""lambda_E"": 0.1, ""lambda_H"": 0.35, ""lambda_bal"": 0.01, ""num_clusters"": 20, ""num_hops"": 2, ""tau_s"": 0.05}",/autodl-fs/data/recap/tuning_hyperparams/interaction_tuning/results/interaction_paper_v1/checkpoints/graph__k24__C20__L2/recap/trial_1/model.pt
graph__k24__C20__L2,graph_core,1,Amazon,0.7353051476438319,0.13537672440793508,"{""beta"": 0.005, ""knn_k"": 24, ""lambda_E"": 0.1, ""lambda_H"": 0.35, ""lambda_bal"": 0.01, ""num_clusters"": 20, ""num_hops"": 2, ""tau_s"": 0.05}",/autodl-fs/data/recap/tuning_hyperparams/interaction_tuning/results/interaction_paper_v1/checkpoints/graph__k24__C20__L2/recap/trial_1/model.pt
graph__k24__C20__L2,graph_core,2,Facebook,0.5569318181818181,0.0318606950640078,"{""beta"": 0.005, ""knn_k"": 24, ""lambda_E"": 0.1, ""lambda_H"": 0.35, ""lambda_bal"": 0.01, ""num_clusters"": 20, ""num_hops"": 2, ""tau_s"": 0.05}",/autodl-fs/data/recap/tuning_hyperparams/interaction_tuning/results/interaction_paper_v1/checkpoints/graph__k24__C20__L2/recap/trial_2/model.pt
graph__k24__C20__L2,graph_core,2,cora,0.8346911649726348,0.4088387183797867,"{""beta"": 0.005, ""knn_k"": 24, ""lambda_E"": 0.1, ""lambda_H"": 0.35, ""lambda_bal"": 0.01, ""num_clusters"": 20, ""num_hops"": 2, ""tau_s"": 0.05}",/autodl-fs/data/recap/tuning_hyperparams/interaction_tuning/results/interaction_paper_v1/checkpoints/graph__k24__C20__L2/recap/trial_2/model.pt
graph__k24__C20__L2,graph_core,2,citeseer,0.9013073129787011,0.42264942654869336,"{""beta"": 0.005, ""knn_k"": 24, ""lambda_E"": 0.1, ""lambda_H"": 0.35, ""lambda_bal"": 0.01, ""num_clusters"": 20, ""num_hops"": 2, ""tau_s"": 0.05}",/autodl-fs/data/recap/tuning_hyperparams/interaction_tuning/results/interaction_paper_v1/checkpoints/graph__k24__C20__L2/recap/trial_2/model.pt
graph__k24__C20__L2,graph_core,2,ACM,0.8000952919272091,0.37069493696915023,"{""beta"": 0.005, ""knn_k"": 24, ""lambda_E"": 0.1, ""lambda_H"": 0.35, ""lambda_bal"": 0.01, ""num_clusters"": 20, ""num_hops"": 2, ""tau_s"": 0.05}",/autodl-fs/data/recap/tuning_hyperparams/interaction_tuning/results/interaction_paper_v1/checkpoints/graph__k24__C20__L2/recap/trial_2/model.pt
graph__k24__C20__L2,graph_core,2,BlogCatalog,0.7275190631808279,0.33506831940687265,"{""beta"": 0.005, ""knn_k"": 24, ""lambda_E"": 0.1, ""lambda_H"": 0.35, ""lambda_bal"": 0.01, ""num_clusters"": 20, ""num_hops"": 2, ""tau_s"": 0.05}",/autodl-fs/data/recap/tuning_hyperparams/interaction_tuning/results/interaction_paper_v1/checkpoints/graph__k24__C20__L2/recap/trial_2/model.pt
graph__k24__C20__L2,graph_core,2,weibo,0.7384532771965524,0.29731871191494524,"{""beta"": 0.005, ""knn_k"": 24, ""lambda_E"": 0.1, ""lambda_H"": 0.35, ""lambda_bal"": 0.01, ""num_clusters"": 20, ""num_hops"": 2, ""tau_s"": 0.05}",/autodl-fs/data/recap/tuning_hyperparams/interaction_tuning/results/interaction_paper_v1/checkpoints/graph__k24__C20__L2/recap/trial_2/model.pt
graph__k24__C20__L2,graph_core,2,Reddit,0.5937713255251675,0.044986154499516595,"{""beta"": 0.005, ""knn_k"": 24, ""lambda_E"": 0.1, ""lambda_H"": 0.35, ""lambda_bal"": 0.01, ""num_clusters"": 20, ""num_hops"": 2, ""tau_s"": 0.05}",/autodl-fs/data/recap/tuning_hyperparams/interaction_tuning/results/interaction_paper_v1/checkpoints/graph__k24__C20__L2/recap/trial_2/model.pt
graph__k24__C20__L2,graph_core,2,Amazon,0.7203759646315516,0.12916508547841116,"{""beta"": 0.005, ""knn_k"": 24, ""lambda_E"": 0.1, ""lambda_H"": 0.35, ""lambda_bal"": 0.01, ""num_clusters"": 20, ""num_hops"": 2, ""tau_s"": 0.05}",/autodl-fs/data/recap/tuning_hyperparams/interaction_tuning/results/interaction_paper_v1/checkpoints/graph__k24__C20__L2/recap/trial_2/model.pt
graph__k24__C20__L3,graph_core,0,Facebook,0.5823484848484849,0.049617269183220035,"{""beta"": 0.005, ""knn_k"": 24, ""lambda_E"": 0.1, ""lambda_H"": 0.35, ""lambda_bal"": 0.01, ""num_clusters"": 20, ""num_hops"": 3, ""tau_s"": 0.05}",/autodl-fs/data/recap/tuning_hyperparams/interaction_tuning/results/interaction_paper_v1/checkpoints/graph__k24__C20__L3/recap/trial_0/model.pt
graph__k24__C20__L3,graph_core,0,cora,0.8318425853531405,0.42877833551865163,"{""beta"": 0.005, ""knn_k"": 24, ""lambda_E"": 0.1, ""lambda_H"": 0.35, ""lambda_bal"": 0.01, ""num_clusters"": 20, ""num_hops"": 3, ""tau_s"": 0.05}",/autodl-fs/data/recap/tuning_hyperparams/interaction_tuning/results/interaction_paper_v1/checkpoints/graph__k24__C20__L3/recap/trial_0/model.pt
graph__k24__C20__L3,graph_core,0,citeseer,0.9040698772426817,0.43878495293562547,"{""beta"": 0.005, ""knn_k"": 24, ""lambda_E"": 0.1, ""lambda_H"": 0.35, ""lambda_bal"": 0.01, ""num_clusters"": 20, ""num_hops"": 3, ""tau_s"": 0.05}",/autodl-fs/data/recap/tuning_hyperparams/interaction_tuning/results/interaction_paper_v1/checkpoints/graph__k24__C20__L3/recap/trial_0/model.pt
graph__k24__C20__L3,graph_core,0,ACM,0.7967020326449182,0.3735498060348584,"{""beta"": 0.005, ""knn_k"": 24, ""lambda_E"": 0.1, ""lambda_H"": 0.35, ""lambda_bal"": 0.01, ""num_clusters"": 20, ""num_hops"": 3, ""tau_s"": 0.05}",/autodl-fs/data/recap/tuning_hyperparams/interaction_tuning/results/interaction_paper_v1/checkpoints/graph__k24__C20__L3/recap/trial_0/model.pt
graph__k24__C20__L3,graph_core,0,BlogCatalog,0.7258384395424837,0.3345127261448497,"{""beta"": 0.005, ""knn_k"": 24, ""lambda_E"": 0.1, ""lambda_H"": 0.35, ""lambda_bal"": 0.01, ""num_clusters"": 20, ""num_hops"": 3, ""tau_s"": 0.05}",/autodl-fs/data/recap/tuning_hyperparams/interaction_tuning/results/interaction_paper_v1/checkpoints/graph__k24__C20__L3/recap/trial_0/model.pt
graph__k24__C20__L3,graph_core,0,weibo,0.7554937118204568,0.30902184510802605,"{""beta"": 0.005, ""knn_k"": 24, ""lambda_E"": 0.1, ""lambda_H"": 0.35, ""lambda_bal"": 0.01, ""num_clusters"": 20, ""num_hops"": 3, ""tau_s"": 0.05}",/autodl-fs/data/recap/tuning_hyperparams/interaction_tuning/results/interaction_paper_v1/checkpoints/graph__k24__C20__L3/recap/trial_0/model.pt
graph__k24__C20__L3,graph_core,0,Reddit,0.597334071331598,0.04775457416818331,"{""beta"": 0.005, ""knn_k"": 24, ""lambda_E"": 0.1, ""lambda_H"": 0.35, ""lambda_bal"": 0.01, ""num_clusters"": 20, ""num_hops"": 3, ""tau_s"": 0.05}",/autodl-fs/data/recap/tuning_hyperparams/interaction_tuning/results/interaction_paper_v1/checkpoints/graph__k24__C20__L3/recap/trial_0/model.pt
graph__k24__C20__L3,graph_core,0,Amazon,0.7257880905976593,0.13048690084162165,"{""beta"": 0.005, ""knn_k"": 24, ""lambda_E"": 0.1, ""lambda_H"": 0.35, ""lambda_bal"": 0.01, ""num_clusters"": 20, ""num_hops"": 3, ""tau_s"": 0.05}",/autodl-fs/data/recap/tuning_hyperparams/interaction_tuning/results/interaction_paper_v1/checkpoints/graph__k24__C20__L3/recap/trial_0/model.pt
graph__k24__C20__L3,graph_core,1,Facebook,0.5793181818181818,0.043577424493814694,"{""beta"": 0.005, ""knn_k"": 24, ""lambda_E"": 0.1, ""lambda_H"": 0.35, ""lambda_bal"": 0.01, ""num_clusters"": 20, ""num_hops"": 3, ""tau_s"": 0.05}",/autodl-fs/data/recap/tuning_hyperparams/interaction_tuning/results/interaction_paper_v1/checkpoints/graph__k24__C20__L3/recap/trial_1/model.pt
graph__k24__C20__L3,graph_core,1,cora,0.8321396924680742,0.4247463174155086,"{""beta"": 0.005, ""knn_k"": 24, ""lambda_E"": 0.1, ""lambda_H"": 0.35, ""lambda_bal"": 0.01, ""num_clusters"": 20, ""num_hops"": 3, ""tau_s"": 0.05}",/autodl-fs/data/recap/tuning_hyperparams/interaction_tuning/results/interaction_paper_v1/checkpoints/graph__k24__C20__L3/recap/trial_1/model.pt
graph__k24__C20__L3,graph_core,1,citeseer,0.9001175112789842,0.4588178371319614,"{""beta"": 0.005, ""knn_k"": 24, ""lambda_E"": 0.1, ""lambda_H"": 0.35, ""lambda_bal"": 0.01, ""num_clusters"": 20, ""num_hops"": 3, ""tau_s"": 0.05}",/autodl-fs/data/recap/tuning_hyperparams/interaction_tuning/results/interaction_paper_v1/checkpoints/graph__k24__C20__L3/recap/trial_1/model.pt
graph__k24__C20__L3,graph_core,1,ACM,0.7931362293939642,0.3720963548420106,"{""beta"": 0.005, ""knn_k"": 24, ""lambda_E"": 0.1, ""lambda_H"": 0.35, ""lambda_bal"": 0.01, ""num_clusters"": 20, ""num_hops"": 3, ""tau_s"": 0.05}",/autodl-fs/data/recap/tuning_hyperparams/interaction_tuning/results/interaction_paper_v1/checkpoints/graph__k24__C20__L3/recap/trial_1/model.pt
graph__k24__C20__L3,graph_core,1,BlogCatalog,0.7231433823529412,0.33578923916298964,"{""beta"": 0.005, ""knn_k"": 24, ""lambda_E"": 0.1, ""lambda_H"": 0.35, ""lambda_bal"": 0.01, ""num_clusters"": 20, ""num_hops"": 3, ""tau_s"": 0.05}",/autodl-fs/data/recap/tuning_hyperparams/interaction_tuning/results/interaction_paper_v1/checkpoints/graph__k24__C20__L3/recap/trial_1/model.pt
graph__k24__C20__L3,graph_core,1,weibo,0.7478593317513783,0.3039049026317929,"{""beta"": 0.005, ""knn_k"": 24, ""lambda_E"": 0.1, ""lambda_H"": 0.35, ""lambda_bal"": 0.01, ""num_clusters"": 20, ""num_hops"": 3, ""tau_s"": 0.05}",/autodl-fs/data/recap/tuning_hyperparams/interaction_tuning/results/interaction_paper_v1/checkpoints/graph__k24__C20__L3/recap/trial_1/model.pt
graph__k24__C20__L3,graph_core,1,Reddit,0.5958565308729273,0.046084715912881234,"{""beta"": 0.005, ""knn_k"": 24, ""lambda_E"": 0.1, ""lambda_H"": 0.35, ""lambda_bal"": 0.01, ""num_clusters"": 20, ""num_hops"": 3, ""tau_s"": 0.05}",/autodl-fs/data/recap/tuning_hyperparams/interaction_tuning/results/interaction_paper_v1/checkpoints/graph__k24__C20__L3/recap/trial_1/model.pt
graph__k24__C20__L3,graph_core,1,Amazon,0.7431160685803431,0.1382969798442245,"{""beta"": 0.005, ""knn_k"": 24, ""lambda_E"": 0.1, ""lambda_H"": 0.35, ""lambda_bal"": 0.01, ""num_clusters"": 20, ""num_hops"": 3, ""tau_s"": 0.05}",/autodl-fs/data/recap/tuning_hyperparams/interaction_tuning/results/interaction_paper_v1/checkpoints/graph__k24__C20__L3/recap/trial_1/model.pt
graph__k24__C20__L3,graph_core,2,Facebook,0.5789015151515151,0.036669209572861725,"{""beta"": 0.005, ""knn_k"": 24, ""lambda_E"": 0.1, ""lambda_H"": 0.35, ""lambda_bal"": 0.01, ""num_clusters"": 20, ""num_hops"": 3, ""tau_s"": 0.05}",/autodl-fs/data/recap/tuning_hyperparams/interaction_tuning/results/interaction_paper_v1/checkpoints/graph__k24__C20__L3/recap/trial_2/model.pt
graph__k24__C20__L3,graph_core,2,cora,0.8247875944748502,0.40583397685247397,"{""beta"": 0.005, ""knn_k"": 24, ""lambda_E"": 0.1, ""lambda_H"": 0.35, ""lambda_bal"": 0.01, ""num_clusters"": 20, ""num_hops"": 3, ""tau_s"": 0.05}",/autodl-fs/data/recap/tuning_hyperparams/interaction_tuning/results/interaction_paper_v1/checkpoints/graph__k24__C20__L3/recap/trial_2/model.pt
graph__k24__C20__L3,graph_core,2,citeseer,0.9014237750498373,0.4396570219363062,"{""beta"": 0.005, ""knn_k"": 24, ""lambda_E"": 0.1, ""lambda_H"": 0.35, ""lambda_bal"": 0.01, ""num_clusters"": 20, ""num_hops"": 3, ""tau_s"": 0.05}",/autodl-fs/data/recap/tuning_hyperparams/interaction_tuning/results/interaction_paper_v1/checkpoints/graph__k24__C20__L3/recap/trial_2/model.pt
graph__k24__C20__L3,graph_core,2,ACM,0.7955490509343681,0.3747762280392792,"{""beta"": 0.005, ""knn_k"": 24, ""lambda_E"": 0.1, ""lambda_H"": 0.35, ""lambda_bal"": 0.01, ""num_clusters"": 20, ""num_hops"": 3, ""tau_s"": 0.05}",/autodl-fs/data/recap/tuning_hyperparams/interaction_tuning/results/interaction_paper_v1/checkpoints/graph__k24__C20__L3/recap/trial_2/model.pt
graph__k24__C20__L3,graph_core,2,BlogCatalog,0.7279265386710239,0.3371072400360408,"{""beta"": 0.005, ""knn_k"": 24, ""lambda_E"": 0.1, ""lambda_H"": 0.35, ""lambda_bal"": 0.01, ""num_clusters"": 20, ""num_hops"": 3, ""tau_s"": 0.05}",/autodl-fs/data/recap/tuning_hyperparams/interaction_tuning/results/interaction_paper_v1/checkpoints/graph__k24__C20__L3/recap/trial_2/model.pt
graph__k24__C20__L3,graph_core,2,weibo,0.7449105151911094,0.2987754655636712,"{""beta"": 0.005, ""knn_k"": 24, ""lambda_E"": 0.1, ""lambda_H"": 0.35, ""lambda_bal"": 0.01, ""num_clusters"": 20, ""num_hops"": 3, ""tau_s"": 0.05}",/autodl-fs/data/recap/tuning_hyperparams/interaction_tuning/results/interaction_paper_v1/checkpoints/graph__k24__C20__L3/recap/trial_2/model.pt
graph__k24__C20__L3,graph_core,2,Reddit,0.5918006282763469,0.04508940842162409,"{""beta"": 0.005, ""knn_k"": 24, ""lambda_E"": 0.1, ""lambda_H"": 0.35, ""lambda_bal"": 0.01, ""num_clusters"": 20, ""num_hops"": 3, ""tau_s"": 0.05}",/autodl-fs/data/recap/tuning_hyperparams/interaction_tuning/results/interaction_paper_v1/checkpoints/graph__k24__C20__L3/recap/trial_2/model.pt
graph__k24__C20__L3,graph_core,2,Amazon,0.7271761335343331,0.13154480615773292,"{""beta"": 0.005, ""knn_k"": 24, ""lambda_E"": 0.1, ""lambda_H"": 0.35, ""lambda_bal"": 0.01, ""num_clusters"": 20, ""num_hops"": 3, ""tau_s"": 0.05}",/autodl-fs/data/recap/tuning_hyperparams/interaction_tuning/results/interaction_paper_v1/checkpoints/graph__k24__C20__L3/recap/trial_2/model.pt
graph__k24__C28__L1,graph_core,0,Facebook,0.5547348484848484,0.03871702913288846,"{""beta"": 0.005, ""knn_k"": 24, ""lambda_E"": 0.1, ""lambda_H"": 0.35, ""lambda_bal"": 0.01, ""num_clusters"": 28, ""num_hops"": 1, ""tau_s"": 0.05}",/autodl-fs/data/recap/tuning_hyperparams/interaction_tuning/results/interaction_paper_v1/checkpoints/graph__k24__C28__L1/recap/trial_0/model.pt
graph__k24__C28__L1,graph_core,0,cora,0.8345634610372688,0.3747938995746169,"{""beta"": 0.005, ""knn_k"": 24, ""lambda_E"": 0.1, ""lambda_H"": 0.35, ""lambda_bal"": 0.01, ""num_clusters"": 28, ""num_hops"": 1, ""tau_s"": 0.05}",/autodl-fs/data/recap/tuning_hyperparams/interaction_tuning/results/interaction_paper_v1/checkpoints/graph__k24__C28__L1/recap/trial_0/model.pt
graph__k24__C28__L1,graph_core,0,citeseer,0.8721246458923515,0.3194479647731585,"{""beta"": 0.005, ""knn_k"": 24, ""lambda_E"": 0.1, ""lambda_H"": 0.35, ""lambda_bal"": 0.01, ""num_clusters"": 28, ""num_hops"": 1, ""tau_s"": 0.05}",/autodl-fs/data/recap/tuning_hyperparams/interaction_tuning/results/interaction_paper_v1/checkpoints/graph__k24__C28__L1/recap/trial_0/model.pt
graph__k24__C28__L1,graph_core,0,ACM,0.8070093865395038,0.35369974842431195,"{""beta"": 0.005, ""knn_k"": 24, ""lambda_E"": 0.1, ""lambda_H"": 0.35, ""lambda_bal"": 0.01, ""num_clusters"": 28, ""num_hops"": 1, ""tau_s"": 0.05}",/autodl-fs/data/recap/tuning_hyperparams/interaction_tuning/results/interaction_paper_v1/checkpoints/graph__k24__C28__L1/recap/trial_0/model.pt
graph__k24__C28__L1,graph_core,0,BlogCatalog,0.7218007897603484,0.32700991796115764,"{""beta"": 0.005, ""knn_k"": 24, ""lambda_E"": 0.1, ""lambda_H"": 0.35, ""lambda_bal"": 0.01, ""num_clusters"": 28, ""num_hops"": 1, ""tau_s"": 0.05}",/autodl-fs/data/recap/tuning_hyperparams/interaction_tuning/results/interaction_paper_v1/checkpoints/graph__k24__C28__L1/recap/trial_0/model.pt
graph__k24__C28__L1,graph_core,0,weibo,0.7067226414206046,0.29911314023059726,"{""beta"": 0.005, ""knn_k"": 24, ""lambda_E"": 0.1, ""lambda_H"": 0.35, ""lambda_bal"": 0.01, ""num_clusters"": 28, ""num_hops"": 1, ""tau_s"": 0.05}",/autodl-fs/data/recap/tuning_hyperparams/interaction_tuning/results/interaction_paper_v1/checkpoints/graph__k24__C28__L1/recap/trial_0/model.pt
graph__k24__C28__L1,graph_core,0,Reddit,0.6055822569572032,0.046779290641129415,"{""beta"": 0.005, ""knn_k"": 24, ""lambda_E"": 0.1, ""lambda_H"": 0.35, ""lambda_bal"": 0.01, ""num_clusters"": 28, ""num_hops"": 1, ""tau_s"": 0.05}",/autodl-fs/data/recap/tuning_hyperparams/interaction_tuning/results/interaction_paper_v1/checkpoints/graph__k24__C28__L1/recap/trial_0/model.pt
graph__k24__C28__L1,graph_core,0,Amazon,0.7050213452479741,0.12442328473980832,"{""beta"": 0.005, ""knn_k"": 24, ""lambda_E"": 0.1, ""lambda_H"": 0.35, ""lambda_bal"": 0.01, ""num_clusters"": 28, ""num_hops"": 1, ""tau_s"": 0.05}",/autodl-fs/data/recap/tuning_hyperparams/interaction_tuning/results/interaction_paper_v1/checkpoints/graph__k24__C28__L1/recap/trial_0/model.pt
graph__k24__C28__L1,graph_core,1,Facebook,0.5444318181818182,0.03524086033639096,"{""beta"": 0.005, ""knn_k"": 24, ""lambda_E"": 0.1, ""lambda_H"": 0.35, ""lambda_bal"": 0.01, ""num_clusters"": 28, ""num_hops"": 1, ""tau_s"": 0.05}",/autodl-fs/data/recap/tuning_hyperparams/interaction_tuning/results/interaction_paper_v1/checkpoints/graph__k24__C28__L1/recap/trial_1/model.pt
graph__k24__C28__L1,graph_core,1,cora,0.8333593953609592,0.3553634561920932,"{""beta"": 0.005, ""knn_k"": 24, ""lambda_E"": 0.1, ""lambda_H"": 0.35, ""lambda_bal"": 0.01, ""num_clusters"": 28, ""num_hops"": 1, ""tau_s"": 0.05}",/autodl-fs/data/recap/tuning_hyperparams/interaction_tuning/results/interaction_paper_v1/checkpoints/graph__k24__C28__L1/recap/trial_1/model.pt
graph__k24__C28__L1,graph_core,1,citeseer,0.8725527226943658,0.3450541332712904,"{""beta"": 0.005, ""knn_k"": 24, ""lambda_E"": 0.1, ""lambda_H"": 0.35, ""lambda_bal"": 0.01, ""num_clusters"": 28, ""num_hops"": 1, ""tau_s"": 0.05}",/autodl-fs/data/recap/tuning_hyperparams/interaction_tuning/results/interaction_paper_v1/checkpoints/graph__k24__C28__L1/recap/trial_1/model.pt
graph__k24__C28__L1,graph_core,1,ACM,0.8043567536598247,0.3488813145157201,"{""beta"": 0.005, ""knn_k"": 24, ""lambda_E"": 0.1, ""lambda_H"": 0.35, ""lambda_bal"": 0.01, ""num_clusters"": 28, ""num_hops"": 1, ""tau_s"": 0.05}",/autodl-fs/data/recap/tuning_hyperparams/interaction_tuning/results/interaction_paper_v1/checkpoints/graph__k24__C28__L1/recap/trial_1/model.pt
graph__k24__C28__L1,graph_core,1,BlogCatalog,0.7209603077342048,0.3286016533691053,"{""beta"": 0.005, ""knn_k"": 24, ""lambda_E"": 0.1, ""lambda_H"": 0.35, ""lambda_bal"": 0.01, ""num_clusters"": 28, ""num_hops"": 1, ""tau_s"": 0.05}",/autodl-fs/data/recap/tuning_hyperparams/interaction_tuning/results/interaction_paper_v1/checkpoints/graph__k24__C28__L1/recap/trial_1/model.pt
graph__k24__C28__L1,graph_core,1,weibo,0.6987898105139071,0.29427982490532545,"{""beta"": 0.005, ""knn_k"": 24, ""lambda_E"": 0.1, ""lambda_H"": 0.35, ""lambda_bal"": 0.01, ""num_clusters"": 28, ""num_hops"": 1, ""tau_s"": 0.05}",/autodl-fs/data/recap/tuning_hyperparams/interaction_tuning/results/interaction_paper_v1/checkpoints/graph__k24__C28__L1/recap/trial_1/model.pt
graph__k24__C28__L1,graph_core,1,Reddit,0.6041114068593696,0.045671648386618136,"{""beta"": 0.005, ""knn_k"": 24, ""lambda_E"": 0.1, ""lambda_H"": 0.35, ""lambda_bal"": 0.01, ""num_clusters"": 28, ""num_hops"": 1, ""tau_s"": 0.05}",/autodl-fs/data/recap/tuning_hyperparams/interaction_tuning/results/interaction_paper_v1/checkpoints/graph__k24__C28__L1/recap/trial_1/model.pt
graph__k24__C28__L1,graph_core,1,Amazon,0.7193716471336867,0.13037392442899526,"{""beta"": 0.005, ""knn_k"": 24, ""lambda_E"": 0.1, ""lambda_H"": 0.35, ""lambda_bal"": 0.01, ""num_clusters"": 28, ""num_hops"": 1, ""tau_s"": 0.05}",/autodl-fs/data/recap/tuning_hyperparams/interaction_tuning/results/interaction_paper_v1/checkpoints/graph__k24__C28__L1/recap/trial_1/model.pt
graph__k24__C28__L1,graph_core,2,Facebook,0.536969696969697,0.029145971346917904,"{""beta"": 0.005, ""knn_k"": 24, ""lambda_E"": 0.1, ""lambda_H"": 0.35, ""lambda_bal"": 0.01, ""num_clusters"": 28, ""num_hops"": 1, ""tau_s"": 0.05}",/autodl-fs/data/recap/tuning_hyperparams/interaction_tuning/results/interaction_paper_v1/checkpoints/graph__k24__C28__L1/recap/trial_2/model.pt
graph__k24__C28__L1,graph_core,2,cora,0.8265493875423507,0.3384291846990728,"{""beta"": 0.005, ""knn_k"": 24, ""lambda_E"": 0.1, ""lambda_H"": 0.35, ""lambda_bal"": 0.01, ""num_clusters"": 28, ""num_hops"": 1, ""tau_s"": 0.05}",/autodl-fs/data/recap/tuning_hyperparams/interaction_tuning/results/interaction_paper_v1/checkpoints/graph__k24__C28__L1/recap/trial_2/model.pt
graph__k24__C28__L1,graph_core,2,citeseer,0.8734928129262406,0.32235092295228435,"{""beta"": 0.005, ""knn_k"": 24, ""lambda_E"": 0.1, ""lambda_H"": 0.35, ""lambda_bal"": 0.01, ""num_clusters"": 28, ""num_hops"": 1, ""tau_s"": 0.05}",/autodl-fs/data/recap/tuning_hyperparams/interaction_tuning/results/interaction_paper_v1/checkpoints/graph__k24__C28__L1/recap/trial_2/model.pt
graph__k24__C28__L1,graph_core,2,ACM,0.8066083127498341,0.3542033001843341,"{""beta"": 0.005, ""knn_k"": 24, ""lambda_E"": 0.1, ""lambda_H"": 0.35, ""lambda_bal"": 0.01, ""num_clusters"": 28, ""num_hops"": 1, ""tau_s"": 0.05}",/autodl-fs/data/recap/tuning_hyperparams/interaction_tuning/results/interaction_paper_v1/checkpoints/graph__k24__C28__L1/recap/trial_2/model.pt
graph__k24__C28__L1,graph_core,2,BlogCatalog,0.7270874183006536,0.3310227686233404,"{""beta"": 0.005, ""knn_k"": 24, ""lambda_E"": 0.1, ""lambda_H"": 0.35, ""lambda_bal"": 0.01, ""num_clusters"": 28, ""num_hops"": 1, ""tau_s"": 0.05}",/autodl-fs/data/recap/tuning_hyperparams/interaction_tuning/results/interaction_paper_v1/checkpoints/graph__k24__C28__L1/recap/trial_2/model.pt
graph__k24__C28__L1,graph_core,2,weibo,0.6950255085663416,0.28834502186495103,"{""beta"": 0.005, ""knn_k"": 24, ""lambda_E"": 0.1, ""lambda_H"": 0.35, ""lambda_bal"": 0.01, ""num_clusters"": 28, ""num_hops"": 1, ""tau_s"": 0.05}",/autodl-fs/data/recap/tuning_hyperparams/interaction_tuning/results/interaction_paper_v1/checkpoints/graph__k24__C28__L1/recap/trial_2/model.pt
graph__k24__C28__L1,graph_core,2,Reddit,0.602563746272697,0.045317855715257996,"{""beta"": 0.005, ""knn_k"": 24, ""lambda_E"": 0.1, ""lambda_H"": 0.35, ""lambda_bal"": 0.01, ""num_clusters"": 28, ""num_hops"": 1, ""tau_s"": 0.05}",/autodl-fs/data/recap/tuning_hyperparams/interaction_tuning/results/interaction_paper_v1/checkpoints/graph__k24__C28__L1/recap/trial_2/model.pt
graph__k24__C28__L1,graph_core,2,Amazon,0.7062782750538494,0.1257528847557169,"{""beta"": 0.005, ""knn_k"": 24, ""lambda_E"": 0.1, ""lambda_H"": 0.35, ""lambda_bal"": 0.01, ""num_clusters"": 28, ""num_hops"": 1, ""tau_s"": 0.05}",/autodl-fs/data/recap/tuning_hyperparams/interaction_tuning/results/interaction_paper_v1/checkpoints/graph__k24__C28__L1/recap/trial_2/model.pt
graph__k24__C28__L2,graph_core,0,Facebook,0.5696969696969697,0.04056299342864189,"{""beta"": 0.005, ""knn_k"": 24, ""lambda_E"": 0.1, ""lambda_H"": 0.35, ""lambda_bal"": 0.01, ""num_clusters"": 28, ""num_hops"": 2, ""tau_s"": 0.05}",/autodl-fs/data/recap/tuning_hyperparams/interaction_tuning/results/interaction_paper_v1/checkpoints/graph__k24__C28__L2/recap/trial_0/model.pt
graph__k24__C28__L2,graph_core,0,cora,0.840521240552515,0.43897272822440786,"{""beta"": 0.005, ""knn_k"": 24, ""lambda_E"": 0.1, ""lambda_H"": 0.35, ""lambda_bal"": 0.01, ""num_clusters"": 28, ""num_hops"": 2, ""tau_s"": 0.05}",/autodl-fs/data/recap/tuning_hyperparams/interaction_tuning/results/interaction_paper_v1/checkpoints/graph__k24__C28__L2/recap/trial_0/model.pt
graph__k24__C28__L2,graph_core,0,citeseer,0.9019966425348861,0.4193096409369944,"{""beta"": 0.005, ""knn_k"": 24, ""lambda_E"": 0.1, ""lambda_H"": 0.35, ""lambda_bal"": 0.01, ""num_clusters"": 28, ""num_hops"": 2, ""tau_s"": 0.05}",/autodl-fs/data/recap/tuning_hyperparams/interaction_tuning/results/interaction_paper_v1/checkpoints/graph__k24__C28__L2/recap/trial_0/model.pt
graph__k24__C28__L2,graph_core,0,ACM,0.8010274932708906,0.3684358365457092,"{""beta"": 0.005, ""knn_k"": 24, ""lambda_E"": 0.1, ""lambda_H"": 0.35, ""lambda_bal"": 0.01, ""num_clusters"": 28, ""num_hops"": 2, ""tau_s"": 0.05}",/autodl-fs/data/recap/tuning_hyperparams/interaction_tuning/results/interaction_paper_v1/checkpoints/graph__k24__C28__L2/recap/trial_0/model.pt
graph__k24__C28__L2,graph_core,0,BlogCatalog,0.7233370778867103,0.33182542103230117,"{""beta"": 0.005, ""knn_k"": 24, ""lambda_E"": 0.1, ""lambda_H"": 0.35, ""lambda_bal"": 0.01, ""num_clusters"": 28, ""num_hops"": 2, ""tau_s"": 0.05}",/autodl-fs/data/recap/tuning_hyperparams/interaction_tuning/results/interaction_paper_v1/checkpoints/graph__k24__C28__L2/recap/trial_0/model.pt
graph__k24__C28__L2,graph_core,0,weibo,0.7488373027931636,0.30883361675505977,"{""beta"": 0.005, ""knn_k"": 24, ""lambda_E"": 0.1, ""lambda_H"": 0.35, ""lambda_bal"": 0.01, ""num_clusters"": 28, ""num_hops"": 2, ""tau_s"": 0.05}",/autodl-fs/data/recap/tuning_hyperparams/interaction_tuning/results/interaction_paper_v1/checkpoints/graph__k24__C28__L2/recap/trial_0/model.pt
graph__k24__C28__L2,graph_core,0,Reddit,0.5982884770371377,0.04709539383285553,"{""beta"": 0.005, ""knn_k"": 24, ""lambda_E"": 0.1, ""lambda_H"": 0.35, ""lambda_bal"": 0.01, ""num_clusters"": 28, ""num_hops"": 2, ""tau_s"": 0.05}",/autodl-fs/data/recap/tuning_hyperparams/interaction_tuning/results/interaction_paper_v1/checkpoints/graph__k24__C28__L2/recap/trial_0/model.pt
graph__k24__C28__L2,graph_core,0,Amazon,0.7208032178129754,0.12959152165473728,"{""beta"": 0.005, ""knn_k"": 24, ""lambda_E"": 0.1, ""lambda_H"": 0.35, ""lambda_bal"": 0.01, ""num_clusters"": 28, ""num_hops"": 2, ""tau_s"": 0.05}",/autodl-fs/data/recap/tuning_hyperparams/interaction_tuning/results/interaction_paper_v1/checkpoints/graph__k24__C28__L2/recap/trial_0/model.pt
graph__k24__C28__L2,graph_core,1,Facebook,0.5639772727272727,0.04222784528284555,"{""beta"": 0.005, ""knn_k"": 24, ""lambda_E"": 0.1, ""lambda_H"": 0.35, ""lambda_bal"": 0.01, ""num_clusters"": 28, ""num_hops"": 2, ""tau_s"": 0.05}",/autodl-fs/data/recap/tuning_hyperparams/interaction_tuning/results/interaction_paper_v1/checkpoints/graph__k24__C28__L2/recap/trial_1/model.pt
graph__k24__C28__L2,graph_core,1,cora,0.8417826426896012,0.42396024461747794,"{""beta"": 0.005, ""knn_k"": 24, ""lambda_E"": 0.1, ""lambda_H"": 0.35, ""lambda_bal"": 0.01, ""num_clusters"": 28, ""num_hops"": 2, ""tau_s"": 0.05}",/autodl-fs/data/recap/tuning_hyperparams/interaction_tuning/results/interaction_paper_v1/checkpoints/graph__k24__C28__L2/recap/trial_1/model.pt
graph__k24__C28__L2,graph_core,1,citeseer,0.8991637813450846,0.44180725910696234,"{""beta"": 0.005, ""knn_k"": 24, ""lambda_E"": 0.1, ""lambda_H"": 0.35, ""lambda_bal"": 0.01, ""num_clusters"": 28, ""num_hops"": 2, ""tau_s"": 0.05}",/autodl-fs/data/recap/tuning_hyperparams/interaction_tuning/results/interaction_paper_v1/checkpoints/graph__k24__C28__L2/recap/trial_1/model.pt
graph__k24__C28__L2,graph_core,1,ACM,0.7974830405568473,0.366316796886208,"{""beta"": 0.005, ""knn_k"": 24, ""lambda_E"": 0.1, ""lambda_H"": 0.35, ""lambda_bal"": 0.01, ""num_clusters"": 28, ""num_hops"": 2, ""tau_s"": 0.05}",/autodl-fs/data/recap/tuning_hyperparams/interaction_tuning/results/interaction_paper_v1/checkpoints/graph__k24__C28__L2/recap/trial_1/model.pt
graph__k24__C28__L2,graph_core,1,BlogCatalog,0.7224785539215687,0.3333853766022449,"{""beta"": 0.005, ""knn_k"": 24, ""lambda_E"": 0.1, ""lambda_H"": 0.35, ""lambda_bal"": 0.01, ""num_clusters"": 28, ""num_hops"": 2, ""tau_s"": 0.05}",/autodl-fs/data/recap/tuning_hyperparams/interaction_tuning/results/interaction_paper_v1/checkpoints/graph__k24__C28__L2/recap/trial_1/model.pt
graph__k24__C28__L2,graph_core,1,weibo,0.7404770872298809,0.3039934842937936,"{""beta"": 0.005, ""knn_k"": 24, ""lambda_E"": 0.1, ""lambda_H"": 0.35, ""lambda_bal"": 0.01, ""num_clusters"": 28, ""num_hops"": 2, ""tau_s"": 0.05}",/autodl-fs/data/recap/tuning_hyperparams/interaction_tuning/results/interaction_paper_v1/checkpoints/graph__k24__C28__L2/recap/trial_1/model.pt
graph__k24__C28__L2,graph_core,1,Reddit,0.5973448788375653,0.04586415327724328,"{""beta"": 0.005, ""knn_k"": 24, ""lambda_E"": 0.1, ""lambda_H"": 0.35, ""lambda_bal"": 0.01, ""num_clusters"": 28, ""num_hops"": 2, ""tau_s"": 0.05}",/autodl-fs/data/recap/tuning_hyperparams/interaction_tuning/results/interaction_paper_v1/checkpoints/graph__k24__C28__L2/recap/trial_1/model.pt
graph__k24__C28__L2,graph_core,1,Amazon,0.7352907645636636,0.13529977316351915,"{""beta"": 0.005, ""knn_k"": 24, ""lambda_E"": 0.1, ""lambda_H"": 0.35, ""lambda_bal"": 0.01, ""num_clusters"": 28, ""num_hops"": 2, ""tau_s"": 0.05}",/autodl-fs/data/recap/tuning_hyperparams/interaction_tuning/results/interaction_paper_v1/checkpoints/graph__k24__C28__L2/recap/trial_1/model.pt
graph__k24__C28__L2,graph_core,2,Facebook,0.557689393939394,0.03194245258366509,"{""beta"": 0.005, ""knn_k"": 24, ""lambda_E"": 0.1, ""lambda_H"": 0.35, ""lambda_bal"": 0.01, ""num_clusters"": 28, ""num_hops"": 2, ""tau_s"": 0.05}",/autodl-fs/data/recap/tuning_hyperparams/interaction_tuning/results/interaction_paper_v1/checkpoints/graph__k24__C28__L2/recap/trial_2/model.pt
graph__k24__C28__L2,graph_core,2,cora,0.8346338285118582,0.41059470647760465,"{""beta"": 0.005, ""knn_k"": 24, ""lambda_E"": 0.1, ""lambda_H"": 0.35, ""lambda_bal"": 0.01, ""num_clusters"": 28, ""num_hops"": 2, ""tau_s"": 0.05}",/autodl-fs/data/recap/tuning_hyperparams/interaction_tuning/results/interaction_paper_v1/checkpoints/graph__k24__C28__L2/recap/trial_2/model.pt
graph__k24__C28__L2,graph_core,2,citeseer,0.9010534046794669,0.4212882933422908,"{""beta"": 0.005, ""knn_k"": 24, ""lambda_E"": 0.1, ""lambda_H"": 0.35, ""lambda_bal"": 0.01, ""num_clusters"": 28, ""num_hops"": 2, ""tau_s"": 0.05}",/autodl-fs/data/recap/tuning_hyperparams/interaction_tuning/results/interaction_paper_v1/checkpoints/graph__k24__C28__L2/recap/trial_2/model.pt
graph__k24__C28__L2,graph_core,2,ACM,0.8001026723597213,0.3709008609172846,"{""beta"": 0.005, ""knn_k"": 24, ""lambda_E"": 0.1, ""lambda_H"": 0.35, ""lambda_bal"": 0.01, ""num_clusters"": 28, ""num_hops"": 2, ""tau_s"": 0.05}",/autodl-fs/data/recap/tuning_hyperparams/interaction_tuning/results/interaction_paper_v1/checkpoints/graph__k24__C28__L2/recap/trial_2/model.pt
graph__k24__C28__L2,graph_core,2,BlogCatalog,0.7279588779956427,0.3350113481862158,"{""beta"": 0.005, ""knn_k"": 24, ""lambda_E"": 0.1, ""lambda_H"": 0.35, ""lambda_bal"": 0.01, ""num_clusters"": 28, ""num_hops"": 2, ""tau_s"": 0.05}",/autodl-fs/data/recap/tuning_hyperparams/interaction_tuning/results/interaction_paper_v1/checkpoints/graph__k24__C28__L2/recap/trial_2/model.pt
graph__k24__C28__L2,graph_core,2,weibo,0.7349325508749769,0.29711183190177615,"{""beta"": 0.005, ""knn_k"": 24, ""lambda_E"": 0.1, ""lambda_H"": 0.35, ""lambda_bal"": 0.01, ""num_clusters"": 28, ""num_hops"": 2, ""tau_s"": 0.05}",/autodl-fs/data/recap/tuning_hyperparams/interaction_tuning/results/interaction_paper_v1/checkpoints/graph__k24__C28__L2/recap/trial_2/model.pt
graph__k24__C28__L2,graph_core,2,Reddit,0.5940639001509963,0.045036185545264944,"{""beta"": 0.005, ""knn_k"": 24, ""lambda_E"": 0.1, ""lambda_H"": 0.35, ""lambda_bal"": 0.01, ""num_clusters"": 28, ""num_hops"": 2, ""tau_s"": 0.05}",/autodl-fs/data/recap/tuning_hyperparams/interaction_tuning/results/interaction_paper_v1/checkpoints/graph__k24__C28__L2/recap/trial_2/model.pt
graph__k24__C28__L2,graph_core,2,Amazon,0.7227120796525897,0.1309790496804431,"{""beta"": 0.005, ""knn_k"": 24, ""lambda_E"": 0.1, ""lambda_H"": 0.35, ""lambda_bal"": 0.01, ""num_clusters"": 28, ""num_hops"": 2, ""tau_s"": 0.05}",/autodl-fs/data/recap/tuning_hyperparams/interaction_tuning/results/interaction_paper_v1/checkpoints/graph__k24__C28__L2/recap/trial_2/model.pt
graph__k24__C28__L3,graph_core,0,Facebook,0.5825757575757575,0.0495355688984785,"{""beta"": 0.005, ""knn_k"": 24, ""lambda_E"": 0.1, ""lambda_H"": 0.35, ""lambda_bal"": 0.01, ""num_clusters"": 28, ""num_hops"": 3, ""tau_s"": 0.05}",/autodl-fs/data/recap/tuning_hyperparams/interaction_tuning/results/interaction_paper_v1/checkpoints/graph__k24__C28__L3/recap/trial_0/model.pt
graph__k24__C28__L3,graph_core,0,cora,0.8318217357310399,0.4296878350654276,"{""beta"": 0.005, ""knn_k"": 24, ""lambda_E"": 0.1, ""lambda_H"": 0.35, ""lambda_bal"": 0.01, ""num_clusters"": 28, ""num_hops"": 3, ""tau_s"": 0.05}",/autodl-fs/data/recap/tuning_hyperparams/interaction_tuning/results/interaction_paper_v1/checkpoints/graph__k24__C28__L3/recap/trial_0/model.pt
graph__k24__C28__L3,graph_core,0,citeseer,0.904114993180149,0.439459139028946,"{""beta"": 0.005, ""knn_k"": 24, ""lambda_E"": 0.1, ""lambda_H"": 0.35, ""lambda_bal"": 0.01, ""num_clusters"": 28, ""num_hops"": 3, ""tau_s"": 0.05}",/autodl-fs/data/recap/tuning_hyperparams/interaction_tuning/results/interaction_paper_v1/checkpoints/graph__k24__C28__L3/recap/trial_0/model.pt
graph__k24__C28__L3,graph_core,0,ACM,0.7966334473399287,0.37337216531614115,"{""beta"": 0.005, ""knn_k"": 24, ""lambda_E"": 0.1, ""lambda_H"": 0.35, ""lambda_bal"": 0.01, ""num_clusters"": 28, ""num_hops"": 3, ""tau_s"": 0.05}",/autodl-fs/data/recap/tuning_hyperparams/interaction_tuning/results/interaction_paper_v1/checkpoints/graph__k24__C28__L3/recap/trial_0/model.pt
graph__k24__C28__L3,graph_core,0,BlogCatalog,0.7252811819172114,0.33459575454959906,"{""beta"": 0.005, ""knn_k"": 24, ""lambda_E"": 0.1, ""lambda_H"": 0.35, ""lambda_bal"": 0.01, ""num_clusters"": 28, ""num_hops"": 3, ""tau_s"": 0.05}",/autodl-fs/data/recap/tuning_hyperparams/interaction_tuning/results/interaction_paper_v1/checkpoints/graph__k24__C28__L3/recap/trial_0/model.pt
graph__k24__C28__L3,graph_core,0,weibo,0.755684552215216,0.30922431984714815,"{""beta"": 0.005, ""knn_k"": 24, ""lambda_E"": 0.1, ""lambda_H"": 0.35, ""lambda_bal"": 0.01, ""num_clusters"": 28, ""num_hops"": 3, ""tau_s"": 0.05}",/autodl-fs/data/recap/tuning_hyperparams/interaction_tuning/results/interaction_paper_v1/checkpoints/graph__k24__C28__L3/recap/trial_0/model.pt
graph__k24__C28__L3,graph_core,0,Reddit,0.5974032908341027,0.04780044928790487,"{""beta"": 0.005, ""knn_k"": 24, ""lambda_E"": 0.1, ""lambda_H"": 0.35, ""lambda_bal"": 0.01, ""num_clusters"": 28, ""num_hops"": 3, ""tau_s"": 0.05}",/autodl-fs/data/recap/tuning_hyperparams/interaction_tuning/results/interaction_paper_v1/checkpoints/graph__k24__C28__L3/recap/trial_0/model.pt
graph__k24__C28__L3,graph_core,0,Amazon,0.7261155706229676,0.13072769846844023,"{""beta"": 0.005, ""knn_k"": 24, ""lambda_E"": 0.1, ""lambda_H"": 0.35, ""lambda_bal"": 0.01, ""num_clusters"": 28, ""num_hops"": 3, ""tau_s"": 0.05}",/autodl-fs/data/recap/tuning_hyperparams/interaction_tuning/results/interaction_paper_v1/checkpoints/graph__k24__C28__L3/recap/trial_0/model.pt
graph__k24__C28__L3,graph_core,1,Facebook,0.5779166666666666,0.045474566497447785,"{""beta"": 0.005, ""knn_k"": 24, ""lambda_E"": 0.1, ""lambda_H"": 0.35, ""lambda_bal"": 0.01, ""num_clusters"": 28, ""num_hops"": 3, ""tau_s"": 0.05}",/autodl-fs/data/recap/tuning_hyperparams/interaction_tuning/results/interaction_paper_v1/checkpoints/graph__k24__C28__L3/recap/trial_1/model.pt
graph__k24__C28__L3,graph_core,1,cora,0.8323377638780297,0.421984383127657,"{""beta"": 0.005, ""knn_k"": 24, ""lambda_E"": 0.1, ""lambda_H"": 0.35, ""lambda_bal"": 0.01, ""num_clusters"": 28, ""num_hops"": 3, ""tau_s"": 0.05}",/autodl-fs/data/recap/tuning_hyperparams/interaction_tuning/results/interaction_paper_v1/checkpoints/graph__k24__C28__L3/recap/trial_1/model.pt
graph__k24__C28__L3,graph_core,1,citeseer,0.9005865071870739,0.45923255251565565,"{""beta"": 0.005, ""knn_k"": 24, ""lambda_E"": 0.1, ""lambda_H"": 0.35, ""lambda_bal"": 0.01, ""num_clusters"": 28, ""num_hops"": 3, ""tau_s"": 0.05}",/autodl-fs/data/recap/tuning_hyperparams/interaction_tuning/results/interaction_paper_v1/checkpoints/graph__k24__C28__L3/recap/trial_1/model.pt
graph__k24__C28__L3,graph_core,1,ACM,0.7930058593253715,0.37188663943354616,"{""beta"": 0.005, ""knn_k"": 24, ""lambda_E"": 0.1, ""lambda_H"": 0.35, ""lambda_bal"": 0.01, ""num_clusters"": 28, ""num_hops"": 3, ""tau_s"": 0.05}",/autodl-fs/data/recap/tuning_hyperparams/interaction_tuning/results/interaction_paper_v1/checkpoints/graph__k24__C28__L3/recap/trial_1/model.pt
graph__k24__C28__L3,graph_core,1,BlogCatalog,0.723500816993464,0.3356128599375738,"{""beta"": 0.005, ""knn_k"": 24, ""lambda_E"": 0.1, ""lambda_H"": 0.35, ""lambda_bal"": 0.01, ""num_clusters"": 28, ""num_hops"": 3, ""tau_s"": 0.05}",/autodl-fs/data/recap/tuning_hyperparams/interaction_tuning/results/interaction_paper_v1/checkpoints/graph__k24__C28__L3/recap/trial_1/model.pt
graph__k24__C28__L3,graph_core,1,weibo,0.7509934858996692,0.3041377624407445,"{""beta"": 0.005, ""knn_k"": 24, ""lambda_E"": 0.1, ""lambda_H"": 0.35, ""lambda_bal"": 0.01, ""num_clusters"": 28, ""num_hops"": 3, ""tau_s"": 0.05}",/autodl-fs/data/recap/tuning_hyperparams/interaction_tuning/results/interaction_paper_v1/checkpoints/graph__k24__C28__L3/recap/trial_1/model.pt
graph__k24__C28__L3,graph_core,1,Reddit,0.5963925317045907,0.04618031321749587,"{""beta"": 0.005, ""knn_k"": 24, ""lambda_E"": 0.1, ""lambda_H"": 0.35, ""lambda_bal"": 0.01, ""num_clusters"": 28, ""num_hops"": 3, ""tau_s"": 0.05}",/autodl-fs/data/recap/tuning_hyperparams/interaction_tuning/results/interaction_paper_v1/checkpoints/graph__k24__C28__L3/recap/trial_1/model.pt
graph__k24__C28__L3,graph_core,1,Amazon,0.743321065322954,0.1383517501868728,"{""beta"": 0.005, ""knn_k"": 24, ""lambda_E"": 0.1, ""lambda_H"": 0.35, ""lambda_bal"": 0.01, ""num_clusters"": 28, ""num_hops"": 3, ""tau_s"": 0.05}",/autodl-fs/data/recap/tuning_hyperparams/interaction_tuning/results/interaction_paper_v1/checkpoints/graph__k24__C28__L3/recap/trial_1/model.pt
graph__k24__C28__L3,graph_core,2,Facebook,0.5790151515151516,0.03656671484922101,"{""beta"": 0.005, ""knn_k"": 24, ""lambda_E"": 0.1, ""lambda_H"": 0.35, ""lambda_bal"": 0.01, ""num_clusters"": 28, ""num_hops"": 3, ""tau_s"": 0.05}",/autodl-fs/data/recap/tuning_hyperparams/interaction_tuning/results/interaction_paper_v1/checkpoints/graph__k24__C28__L3/recap/trial_2/model.pt
graph__k24__C28__L3,graph_core,2,cora,0.8249309356267919,0.4070327731813659,"{""beta"": 0.005, ""knn_k"": 24, ""lambda_E"": 0.1, ""lambda_H"": 0.35, ""lambda_bal"": 0.01, ""num_clusters"": 28, ""num_hops"": 3, ""tau_s"": 0.05}",/autodl-fs/data/recap/tuning_hyperparams/interaction_tuning/results/interaction_paper_v1/checkpoints/graph__k24__C28__L3/recap/trial_2/model.pt
graph__k24__C28__L3,graph_core,2,citeseer,0.9020302171860246,0.44031169526357206,"{""beta"": 0.005, ""knn_k"": 24, ""lambda_E"": 0.1, ""lambda_H"": 0.35, ""lambda_bal"": 0.01, ""num_clusters"": 28, ""num_hops"": 3, ""tau_s"": 0.05}",/autodl-fs/data/recap/tuning_hyperparams/interaction_tuning/results/interaction_paper_v1/checkpoints/graph__k24__C28__L3/recap/trial_2/model.pt
graph__k24__C28__L3,graph_core,2,ACM,0.7958929790894423,0.3753911959900018,"{""beta"": 0.005, ""knn_k"": 24, ""lambda_E"": 0.1, ""lambda_H"": 0.35, ""lambda_bal"": 0.01, ""num_clusters"": 28, ""num_hops"": 3, ""tau_s"": 0.05}",/autodl-fs/data/recap/tuning_hyperparams/interaction_tuning/results/interaction_paper_v1/checkpoints/graph__k24__C28__L3/recap/trial_2/model.pt
graph__k24__C28__L3,graph_core,2,BlogCatalog,0.7291036900871459,0.3371585876665273,"{""beta"": 0.005, ""knn_k"": 24, ""lambda_E"": 0.1, ""lambda_H"": 0.35, ""lambda_bal"": 0.01, ""num_clusters"": 28, ""num_hops"": 3, ""tau_s"": 0.05}",/autodl-fs/data/recap/tuning_hyperparams/interaction_tuning/results/interaction_paper_v1/checkpoints/graph__k24__C28__L3/recap/trial_2/model.pt
graph__k24__C28__L3,graph_core,2,weibo,0.7427260537722047,0.29906986867846863,"{""beta"": 0.005, ""knn_k"": 24, ""lambda_E"": 0.1, ""lambda_H"": 0.35, ""lambda_bal"": 0.01, ""num_clusters"": 28, ""num_hops"": 3, ""tau_s"": 0.05}",/autodl-fs/data/recap/tuning_hyperparams/interaction_tuning/results/interaction_paper_v1/checkpoints/graph__k24__C28__L3/recap/trial_2/model.pt
graph__k24__C28__L3,graph_core,2,Reddit,0.5916266788945876,0.04505419194076819,"{""beta"": 0.005, ""knn_k"": 24, ""lambda_E"": 0.1, ""lambda_H"": 0.35, ""lambda_bal"": 0.01, ""num_clusters"": 28, ""num_hops"": 3, ""tau_s"": 0.05}",/autodl-fs/data/recap/tuning_hyperparams/interaction_tuning/results/interaction_paper_v1/checkpoints/graph__k24__C28__L3/recap/trial_2/model.pt
graph__k24__C28__L3,graph_core,2,Amazon,0.7287496425047575,0.13219512174952877,"{""beta"": 0.005, ""knn_k"": 24, ""lambda_E"": 0.1, ""lambda_H"": 0.35, ""lambda_bal"": 0.01, ""num_clusters"": 28, ""num_hops"": 3, ""tau_s"": 0.05}",/autodl-fs/data/recap/tuning_hyperparams/interaction_tuning/results/interaction_paper_v1/checkpoints/graph__k24__C28__L3/recap/trial_2/model.pt
graph__k24__C36__L1,graph_core,0,Facebook,0.5562878787878788,0.038829278348976995,"{""beta"": 0.005, ""knn_k"": 24, ""lambda_E"": 0.1, ""lambda_H"": 0.35, ""lambda_bal"": 0.01, ""num_clusters"": 36, ""num_hops"": 1, ""tau_s"": 0.05}",/autodl-fs/data/recap/tuning_hyperparams/interaction_tuning/results/interaction_paper_v1/checkpoints/graph__k24__C36__L1/recap/trial_0/model.pt
graph__k24__C36__L1,graph_core,0,cora,0.8341542872035445,0.37395200019687524,"{""beta"": 0.005, ""knn_k"": 24, ""lambda_E"": 0.1, ""lambda_H"": 0.35, ""lambda_bal"": 0.01, ""num_clusters"": 36, ""num_hops"": 1, ""tau_s"": 0.05}",/autodl-fs/data/recap/tuning_hyperparams/interaction_tuning/results/interaction_paper_v1/checkpoints/graph__k24__C36__L1/recap/trial_0/model.pt
graph__k24__C36__L1,graph_core,0,citeseer,0.8722106809358933,0.3199106933708784,"{""beta"": 0.005, ""knn_k"": 24, ""lambda_E"": 0.1, ""lambda_H"": 0.35, ""lambda_bal"": 0.01, ""num_clusters"": 36, ""num_hops"": 1, ""tau_s"": 0.05}",/autodl-fs/data/recap/tuning_hyperparams/interaction_tuning/results/interaction_paper_v1/checkpoints/graph__k24__C36__L1/recap/trial_0/model.pt
graph__k24__C36__L1,graph_core,0,ACM,0.8069690050301864,0.3532195511072829,"{""beta"": 0.005, ""knn_k"": 24, ""lambda_E"": 0.1, ""lambda_H"": 0.35, ""lambda_bal"": 0.01, ""num_clusters"": 36, ""num_hops"": 1, ""tau_s"": 0.05}",/autodl-fs/data/recap/tuning_hyperparams/interaction_tuning/results/interaction_paper_v1/checkpoints/graph__k24__C36__L1/recap/trial_0/model.pt
graph__k24__C36__L1,graph_core,0,BlogCatalog,0.7215887118736384,0.3268254129565945,"{""beta"": 0.005, ""knn_k"": 24, ""lambda_E"": 0.1, ""lambda_H"": 0.35, ""lambda_bal"": 0.01, ""num_clusters"": 36, ""num_hops"": 1, ""tau_s"": 0.05}",/autodl-fs/data/recap/tuning_hyperparams/interaction_tuning/results/interaction_paper_v1/checkpoints/graph__k24__C36__L1/recap/trial_0/model.pt
graph__k24__C36__L1,graph_core,0,weibo,0.7076945746605532,0.29901755022119075,"{""beta"": 0.005, ""knn_k"": 24, ""lambda_E"": 0.1, ""lambda_H"": 0.35, ""lambda_bal"": 0.01, ""num_clusters"": 36, ""num_hops"": 1, ""tau_s"": 0.05}",/autodl-fs/data/recap/tuning_hyperparams/interaction_tuning/results/interaction_paper_v1/checkpoints/graph__k24__C36__L1/recap/trial_0/model.pt
graph__k24__C36__L1,graph_core,0,Reddit,0.6047788990136349,0.0467162779551208,"{""beta"": 0.005, ""knn_k"": 24, ""lambda_E"": 0.1, ""lambda_H"": 0.35, ""lambda_bal"": 0.01, ""num_clusters"": 36, ""num_hops"": 1, ""tau_s"": 0.05}",/autodl-fs/data/recap/tuning_hyperparams/interaction_tuning/results/interaction_paper_v1/checkpoints/graph__k24__C36__L1/recap/trial_0/model.pt
graph__k24__C36__L1,graph_core,0,Amazon,0.705960030480018,0.12473231170801796,"{""beta"": 0.005, ""knn_k"": 24, ""lambda_E"": 0.1, ""lambda_H"": 0.35, ""lambda_bal"": 0.01, ""num_clusters"": 36, ""num_hops"": 1, ""tau_s"": 0.05}",/autodl-fs/data/recap/tuning_hyperparams/interaction_tuning/results/interaction_paper_v1/checkpoints/graph__k24__C36__L1/recap/trial_0/model.pt
graph__k24__C36__L1,graph_core,1,Facebook,0.5440151515151515,0.0371969807520816,"{""beta"": 0.005, ""knn_k"": 24, ""lambda_E"": 0.1, ""lambda_H"": 0.35, ""lambda_bal"": 0.01, ""num_clusters"": 36, ""num_hops"": 1, ""tau_s"": 0.05}",/autodl-fs/data/recap/tuning_hyperparams/interaction_tuning/results/interaction_paper_v1/checkpoints/graph__k24__C36__L1/recap/trial_1/model.pt
graph__k24__C36__L1,graph_core,1,cora,0.8333984884023977,0.3564787581142317,"{""beta"": 0.005, ""knn_k"": 24, ""lambda_E"": 0.1, ""lambda_H"": 0.35, ""lambda_bal"": 0.01, ""num_clusters"": 36, ""num_hops"": 1, ""tau_s"": 0.05}",/autodl-fs/data/recap/tuning_hyperparams/interaction_tuning/results/interaction_paper_v1/checkpoints/graph__k24__C36__L1/recap/trial_1/model.pt
graph__k24__C36__L1,graph_core,1,citeseer,0.8725946910082887,0.3453271882961318,"{""beta"": 0.005, ""knn_k"": 24, ""lambda_E"": 0.1, ""lambda_H"": 0.35, ""lambda_bal"": 0.01, ""num_clusters"": 36, ""num_hops"": 1, ""tau_s"": 0.05}",/autodl-fs/data/recap/tuning_hyperparams/interaction_tuning/results/interaction_paper_v1/checkpoints/graph__k24__C36__L1/recap/trial_1/model.pt
graph__k24__C36__L1,graph_core,1,ACM,0.804216261855215,0.3487567768846819,"{""beta"": 0.005, ""knn_k"": 24, ""lambda_E"": 0.1, ""lambda_H"": 0.35, ""lambda_bal"": 0.01, ""num_clusters"": 36, ""num_hops"": 1, ""tau_s"": 0.05}",/autodl-fs/data/recap/tuning_hyperparams/interaction_tuning/results/interaction_paper_v1/checkpoints/graph__k24__C36__L1/recap/trial_1/model.pt
graph__k24__C36__L1,graph_core,1,BlogCatalog,0.7208520561002179,0.32891346602282046,"{""beta"": 0.005, ""knn_k"": 24, ""lambda_E"": 0.1, ""lambda_H"": 0.35, ""lambda_bal"": 0.01, ""num_clusters"": 36, ""num_hops"": 1, ""tau_s"": 0.05}",/autodl-fs/data/recap/tuning_hyperparams/interaction_tuning/results/interaction_paper_v1/checkpoints/graph__k24__C36__L1/recap/trial_1/model.pt
graph__k24__C36__L1,graph_core,1,weibo,0.6982143086426471,0.29411679100414656,"{""beta"": 0.005, ""knn_k"": 24, ""lambda_E"": 0.1, ""lambda_H"": 0.35, ""lambda_bal"": 0.01, ""num_clusters"": 36, ""num_hops"": 1, ""tau_s"": 0.05}",/autodl-fs/data/recap/tuning_hyperparams/interaction_tuning/results/interaction_paper_v1/checkpoints/graph__k24__C36__L1/recap/trial_1/model.pt
graph__k24__C36__L1,graph_core,1,Reddit,0.6042045572679448,0.045729555231192945,"{""beta"": 0.005, ""knn_k"": 24, ""lambda_E"": 0.1, ""lambda_H"": 0.35, ""lambda_bal"": 0.01, ""num_clusters"": 36, ""num_hops"": 1, ""tau_s"": 0.05}",/autodl-fs/data/recap/tuning_hyperparams/interaction_tuning/results/interaction_paper_v1/checkpoints/graph__k24__C36__L1/recap/trial_1/model.pt
graph__k24__C36__L1,graph_core,1,Amazon,0.7202820961083474,0.13082640804747198,"{""beta"": 0.005, ""knn_k"": 24, ""lambda_E"": 0.1, ""lambda_H"": 0.35, ""lambda_bal"": 0.01, ""num_clusters"": 36, ""num_hops"": 1, ""tau_s"": 0.05}",/autodl-fs/data/recap/tuning_hyperparams/interaction_tuning/results/interaction_paper_v1/checkpoints/graph__k24__C36__L1/recap/trial_1/model.pt
graph__k24__C36__L1,graph_core,2,Facebook,0.5366666666666666,0.029183291036577318,"{""beta"": 0.005, ""knn_k"": 24, ""lambda_E"": 0.1, ""lambda_H"": 0.35, ""lambda_bal"": 0.01, ""num_clusters"": 36, ""num_hops"": 1, ""tau_s"": 0.05}",/autodl-fs/data/recap/tuning_hyperparams/interaction_tuning/results/interaction_paper_v1/checkpoints/graph__k24__C36__L1/recap/trial_2/model.pt
graph__k24__C36__L1,graph_core,2,cora,0.8268543132655721,0.3380163025314647,"{""beta"": 0.005, ""knn_k"": 24, ""lambda_E"": 0.1, ""lambda_H"": 0.35, ""lambda_bal"": 0.01, ""num_clusters"": 36, ""num_hops"": 1, ""tau_s"": 0.05}",/autodl-fs/data/recap/tuning_hyperparams/interaction_tuning/results/interaction_paper_v1/checkpoints/graph__k24__C36__L1/recap/trial_2/model.pt
graph__k24__C36__L1,graph_core,2,citeseer,0.8734917637183925,0.32165888710864843,"{""beta"": 0.005, ""knn_k"": 24, ""lambda_E"": 0.1, ""lambda_H"": 0.35, ""lambda_bal"": 0.01, ""num_clusters"": 36, ""num_hops"": 1, ""tau_s"": 0.05}",/autodl-fs/data/recap/tuning_hyperparams/interaction_tuning/results/interaction_paper_v1/checkpoints/graph__k24__C36__L1/recap/trial_2/model.pt
graph__k24__C36__L1,graph_core,2,ACM,0.8066074165544578,0.3539600564536643,"{""beta"": 0.005, ""knn_k"": 24, ""lambda_E"": 0.1, ""lambda_H"": 0.35, ""lambda_bal"": 0.01, ""num_clusters"": 36, ""num_hops"": 1, ""tau_s"": 0.05}",/autodl-fs/data/recap/tuning_hyperparams/interaction_tuning/results/interaction_paper_v1/checkpoints/graph__k24__C36__L1/recap/trial_2/model.pt
graph__k24__C36__L1,graph_core,2,BlogCatalog,0.7272521786492374,0.3311138987307491,"{""beta"": 0.005, ""knn_k"": 24, ""lambda_E"": 0.1, ""lambda_H"": 0.35, ""lambda_bal"": 0.01, ""num_clusters"": 36, ""num_hops"": 1, ""tau_s"": 0.05}",/autodl-fs/data/recap/tuning_hyperparams/interaction_tuning/results/interaction_paper_v1/checkpoints/graph__k24__C36__L1/recap/trial_2/model.pt
graph__k24__C36__L1,graph_core,2,weibo,0.6952169603840714,0.2879574398300501,"{""beta"": 0.005, ""knn_k"": 24, ""lambda_E"": 0.1, ""lambda_H"": 0.35, ""lambda_bal"": 0.01, ""num_clusters"": 36, ""num_hops"": 1, ""tau_s"": 0.05}",/autodl-fs/data/recap/tuning_hyperparams/interaction_tuning/results/interaction_paper_v1/checkpoints/graph__k24__C36__L1/recap/trial_2/model.pt
graph__k24__C36__L1,graph_core,2,Reddit,0.6024130844930817,0.04532813881522666,"{""beta"": 0.005, ""knn_k"": 24, ""lambda_E"": 0.1, ""lambda_H"": 0.35, ""lambda_bal"": 0.01, ""num_clusters"": 36, ""num_hops"": 1, ""tau_s"": 0.05}",/autodl-fs/data/recap/tuning_hyperparams/interaction_tuning/results/interaction_paper_v1/checkpoints/graph__k24__C36__L1/recap/trial_2/model.pt
graph__k24__C36__L1,graph_core,2,Amazon,0.7064419393660817,0.12600157965284114,"{""beta"": 0.005, ""knn_k"": 24, ""lambda_E"": 0.1, ""lambda_H"": 0.35, ""lambda_bal"": 0.01, ""num_clusters"": 36, ""num_hops"": 1, ""tau_s"": 0.05}",/autodl-fs/data/recap/tuning_hyperparams/interaction_tuning/results/interaction_paper_v1/checkpoints/graph__k24__C36__L1/recap/trial_2/model.pt
graph__k24__C36__L2,graph_core,0,Facebook,0.5695075757575757,0.04054114335972675,"{""beta"": 0.005, ""knn_k"": 24, ""lambda_E"": 0.1, ""lambda_H"": 0.35, ""lambda_bal"": 0.01, ""num_clusters"": 36, ""num_hops"": 2, ""tau_s"": 0.05}",/autodl-fs/data/recap/tuning_hyperparams/interaction_tuning/results/interaction_paper_v1/checkpoints/graph__k24__C36__L2/recap/trial_0/model.pt
graph__k24__C36__L2,graph_core,0,cora,0.8407297367735209,0.4395998002831388,"{""beta"": 0.005, ""knn_k"": 24, ""lambda_E"": 0.1, ""lambda_H"": 0.35, ""lambda_bal"": 0.01, ""num_clusters"": 36, ""num_hops"": 2, ""tau_s"": 0.05}",/autodl-fs/data/recap/tuning_hyperparams/interaction_tuning/results/interaction_paper_v1/checkpoints/graph__k24__C36__L2/recap/trial_0/model.pt
graph__k24__C36__L2,graph_core,0,citeseer,0.9022022872731088,0.4197161009418326,"{""beta"": 0.005, ""knn_k"": 24, ""lambda_E"": 0.1, ""lambda_H"": 0.35, ""lambda_bal"": 0.01, ""num_clusters"": 36, ""num_hops"": 2, ""tau_s"": 0.05}",/autodl-fs/data/recap/tuning_hyperparams/interaction_tuning/results/interaction_paper_v1/checkpoints/graph__k24__C36__L2/recap/trial_0/model.pt
graph__k24__C36__L2,graph_core,0,ACM,0.8011296068264362,0.36844949343244093,"{""beta"": 0.005, ""knn_k"": 24, ""lambda_E"": 0.1, ""lambda_H"": 0.35, ""lambda_bal"": 0.01, ""num_clusters"": 36, ""num_hops"": 2, ""tau_s"": 0.05}",/autodl-fs/data/recap/tuning_hyperparams/interaction_tuning/results/interaction_paper_v1/checkpoints/graph__k24__C36__L2/recap/trial_0/model.pt
graph__k24__C36__L2,graph_core,0,BlogCatalog,0.7235624319172114,0.33209117580376984,"{""beta"": 0.005, ""knn_k"": 24, ""lambda_E"": 0.1, ""lambda_H"": 0.35, ""lambda_bal"": 0.01, ""num_clusters"": 36, ""num_hops"": 2, ""tau_s"": 0.05}",/autodl-fs/data/recap/tuning_hyperparams/interaction_tuning/results/interaction_paper_v1/checkpoints/graph__k24__C36__L2/recap/trial_0/model.pt
graph__k24__C36__L2,graph_core,0,weibo,0.7470005881888979,0.3087177037141061,"{""beta"": 0.005, ""knn_k"": 24, ""lambda_E"": 0.1, ""lambda_H"": 0.35, ""lambda_bal"": 0.01, ""num_clusters"": 36, ""num_hops"": 2, ""tau_s"": 0.05}",/autodl-fs/data/recap/tuning_hyperparams/interaction_tuning/results/interaction_paper_v1/checkpoints/graph__k24__C36__L2/recap/trial_0/model.pt
graph__k24__C36__L2,graph_core,0,Reddit,0.5981671499165764,0.04707481107958336,"{""beta"": 0.005, ""knn_k"": 24, ""lambda_E"": 0.1, ""lambda_H"": 0.35, ""lambda_bal"": 0.01, ""num_clusters"": 36, ""num_hops"": 2, ""tau_s"": 0.05}",/autodl-fs/data/recap/tuning_hyperparams/interaction_tuning/results/interaction_paper_v1/checkpoints/graph__k24__C36__L2/recap/trial_0/model.pt
graph__k24__C36__L2,graph_core,0,Amazon,0.7212609025640186,0.1298231532556947,"{""beta"": 0.005, ""knn_k"": 24, ""lambda_E"": 0.1, ""lambda_H"": 0.35, ""lambda_bal"": 0.01, ""num_clusters"": 36, ""num_hops"": 2, ""tau_s"": 0.05}",/autodl-fs/data/recap/tuning_hyperparams/interaction_tuning/results/interaction_paper_v1/checkpoints/graph__k24__C36__L2/recap/trial_0/model.pt
graph__k24__C36__L2,graph_core,1,Facebook,0.5623484848484849,0.042123922679904384,"{""beta"": 0.005, ""knn_k"": 24, ""lambda_E"": 0.1, ""lambda_H"": 0.35, ""lambda_bal"": 0.01, ""num_clusters"": 36, ""num_hops"": 2, ""tau_s"": 0.05}",/autodl-fs/data/recap/tuning_hyperparams/interaction_tuning/results/interaction_paper_v1/checkpoints/graph__k24__C36__L2/recap/trial_1/model.pt
graph__k24__C36__L2,graph_core,1,cora,0.8421527234818869,0.4245077051871517,"{""beta"": 0.005, ""knn_k"": 24, ""lambda_E"": 0.1, ""lambda_H"": 0.35, ""lambda_bal"": 0.01, ""num_clusters"": 36, ""num_hops"": 2, ""tau_s"": 0.05}",/autodl-fs/data/recap/tuning_hyperparams/interaction_tuning/results/interaction_paper_v1/checkpoints/graph__k24__C36__L2/recap/trial_1/model.pt
graph__k24__C36__L2,graph_core,1,citeseer,0.8992823418319171,0.442485630121401,"{""beta"": 0.005, ""knn_k"": 24, ""lambda_E"": 0.1, ""lambda_H"": 0.35, ""lambda_bal"": 0.01, ""num_clusters"": 36, ""num_hops"": 2, ""tau_s"": 0.05}",/autodl-fs/data/recap/tuning_hyperparams/interaction_tuning/results/interaction_paper_v1/checkpoints/graph__k24__C36__L2/recap/trial_1/model.pt
graph__k24__C36__L2,graph_core,1,ACM,0.7976736665851656,0.36652385015414873,"{""beta"": 0.005, ""knn_k"": 24, ""lambda_E"": 0.1, ""lambda_H"": 0.35, ""lambda_bal"": 0.01, ""num_clusters"": 36, ""num_hops"": 2, ""tau_s"": 0.05}",/autodl-fs/data/recap/tuning_hyperparams/interaction_tuning/results/interaction_paper_v1/checkpoints/graph__k24__C36__L2/recap/trial_1/model.pt
graph__k24__C36__L2,graph_core,1,BlogCatalog,0.7221755855119826,0.3335746159222104,"{""beta"": 0.005, ""knn_k"": 24, ""lambda_E"": 0.1, ""lambda_H"": 0.35, ""lambda_bal"": 0.01, ""num_clusters"": 36, ""num_hops"": 2, ""tau_s"": 0.05}",/autodl-fs/data/recap/tuning_hyperparams/interaction_tuning/results/interaction_paper_v1/checkpoints/graph__k24__C36__L2/recap/trial_1/model.pt
graph__k24__C36__L2,graph_core,1,weibo,0.7400281499135754,0.30398323391185617,"{""beta"": 0.005, ""knn_k"": 24, ""lambda_E"": 0.1, ""lambda_H"": 0.35, ""lambda_bal"": 0.01, ""num_clusters"": 36, ""num_hops"": 2, ""tau_s"": 0.05}",/autodl-fs/data/recap/tuning_hyperparams/interaction_tuning/results/interaction_paper_v1/checkpoints/graph__k24__C36__L2/recap/trial_1/model.pt
graph__k24__C36__L2,graph_core,1,Reddit,0.5977715180017025,0.04595574561702637,"{""beta"": 0.005, ""knn_k"": 24, ""lambda_E"": 0.1, ""lambda_H"": 0.35, ""lambda_bal"": 0.01, ""num_clusters"": 36, ""num_hops"": 2, ""tau_s"": 0.05}",/autodl-fs/data/recap/tuning_hyperparams/interaction_tuning/results/interaction_paper_v1/checkpoints/graph__k24__C36__L2/recap/trial_1/model.pt
graph__k24__C36__L2,graph_core,1,Amazon,0.7358700998927629,0.1356826239164169,"{""beta"": 0.005, ""knn_k"": 24, ""lambda_E"": 0.1, ""lambda_H"": 0.35, ""lambda_bal"": 0.01, ""num_clusters"": 36, ""num_hops"": 2, ""tau_s"": 0.05}",/autodl-fs/data/recap/tuning_hyperparams/interaction_tuning/results/interaction_paper_v1/checkpoints/graph__k24__C36__L2/recap/trial_1/model.pt
graph__k24__C36__L2,graph_core,2,Facebook,0.5568939393939394,0.032011827295164434,"{""beta"": 0.005, ""knn_k"": 24, ""lambda_E"": 0.1, ""lambda_H"": 0.35, ""lambda_bal"": 0.01, ""num_clusters"": 36, ""num_hops"": 2, ""tau_s"": 0.05}",/autodl-fs/data/recap/tuning_hyperparams/interaction_tuning/results/interaction_paper_v1/checkpoints/graph__k24__C36__L2/recap/trial_2/model.pt
graph__k24__C36__L2,graph_core,2,cora,0.8347041959864476,0.4098421792626288,"{""beta"": 0.005, ""knn_k"": 24, ""lambda_E"": 0.1, ""lambda_H"": 0.35, ""lambda_bal"": 0.01, ""num_clusters"": 36, ""num_hops"": 2, ""tau_s"": 0.05}",/autodl-fs/data/recap/tuning_hyperparams/interaction_tuning/results/interaction_paper_v1/checkpoints/graph__k24__C36__L2/recap/trial_2/model.pt
graph__k24__C36__L2,graph_core,2,citeseer,0.9012475081313609,0.4231380427197683,"{""beta"": 0.005, ""knn_k"": 24, ""lambda_E"": 0.1, ""lambda_H"": 0.35, ""lambda_bal"": 0.01, ""num_clusters"": 36, ""num_hops"": 2, ""tau_s"": 0.05}",/autodl-fs/data/recap/tuning_hyperparams/interaction_tuning/results/interaction_paper_v1/checkpoints/graph__k24__C36__L2/recap/trial_2/model.pt
graph__k24__C36__L2,graph_core,2,ACM,0.8004494472530505,0.37109019841452073,"{""beta"": 0.005, ""knn_k"": 24, ""lambda_E"": 0.1, ""lambda_H"": 0.35, ""lambda_bal"": 0.01, ""num_clusters"": 36, ""num_hops"": 2, ""tau_s"": 0.05}",/autodl-fs/data/recap/tuning_hyperparams/interaction_tuning/results/interaction_paper_v1/checkpoints/graph__k24__C36__L2/recap/trial_2/model.pt
graph__k24__C36__L2,graph_core,2,BlogCatalog,0.7285556236383443,0.3353933003006356,"{""beta"": 0.005, ""knn_k"": 24, ""lambda_E"": 0.1, ""lambda_H"": 0.35, ""lambda_bal"": 0.01, ""num_clusters"": 36, ""num_hops"": 2, ""tau_s"": 0.05}",/autodl-fs/data/recap/tuning_hyperparams/interaction_tuning/results/interaction_paper_v1/checkpoints/graph__k24__C36__L2/recap/trial_2/model.pt
graph__k24__C36__L2,graph_core,2,weibo,0.7341635336334604,0.2964185576866238,"{""beta"": 0.005, ""knn_k"": 24, ""lambda_E"": 0.1, ""lambda_H"": 0.35, ""lambda_bal"": 0.01, ""num_clusters"": 36, ""num_hops"": 2, ""tau_s"": 0.05}",/autodl-fs/data/recap/tuning_hyperparams/interaction_tuning/results/interaction_paper_v1/checkpoints/graph__k24__C36__L2/recap/trial_2/model.pt
graph__k24__C36__L2,graph_core,2,Reddit,0.5948628836278635,0.04514081590926108,"{""beta"": 0.005, ""knn_k"": 24, ""lambda_E"": 0.1, ""lambda_H"": 0.35, ""lambda_bal"": 0.01, ""num_clusters"": 36, ""num_hops"": 2, ""tau_s"": 0.05}",/autodl-fs/data/recap/tuning_hyperparams/interaction_tuning/results/interaction_paper_v1/checkpoints/graph__k24__C36__L2/recap/trial_2/model.pt
graph__k24__C36__L2,graph_core,2,Amazon,0.7212755884458748,0.1302217969252241,"{""beta"": 0.005, ""knn_k"": 24, ""lambda_E"": 0.1, ""lambda_H"": 0.35, ""lambda_bal"": 0.01, ""num_clusters"": 36, ""num_hops"": 2, ""tau_s"": 0.05}",/autodl-fs/data/recap/tuning_hyperparams/interaction_tuning/results/interaction_paper_v1/checkpoints/graph__k24__C36__L2/recap/trial_2/model.pt
graph__k24__C36__L3,graph_core,0,Facebook,0.5832954545454546,0.04952534271145043,"{""beta"": 0.005, ""knn_k"": 24, ""lambda_E"": 0.1, ""lambda_H"": 0.35, ""lambda_bal"": 0.01, ""num_clusters"": 36, ""num_hops"": 3, ""tau_s"": 0.05}",/autodl-fs/data/recap/tuning_hyperparams/interaction_tuning/results/interaction_paper_v1/checkpoints/graph__k24__C36__L3/recap/trial_0/model.pt
graph__k24__C36__L3,graph_core,0,cora,0.8317096690122492,0.42939522929440627,"{""beta"": 0.005, ""knn_k"": 24, ""lambda_E"": 0.1, ""lambda_H"": 0.35, ""lambda_bal"": 0.01, ""num_clusters"": 36, ""num_hops"": 3, ""tau_s"": 0.05}",/autodl-fs/data/recap/tuning_hyperparams/interaction_tuning/results/interaction_paper_v1/checkpoints/graph__k24__C36__L3/recap/trial_0/model.pt
graph__k24__C36__L3,graph_core,0,citeseer,0.904270275941664,0.439967820603062,"{""beta"": 0.005, ""knn_k"": 24, ""lambda_E"": 0.1, ""lambda_H"": 0.35, ""lambda_bal"": 0.01, ""num_clusters"": 36, ""num_hops"": 3, ""tau_s"": 0.05}",/autodl-fs/data/recap/tuning_hyperparams/interaction_tuning/results/interaction_paper_v1/checkpoints/graph__k24__C36__L3/recap/trial_0/model.pt
graph__k24__C36__L3,graph_core,0,ACM,0.796795342398824,0.3733735727265698,"{""beta"": 0.005, ""knn_k"": 24, ""lambda_E"": 0.1, ""lambda_H"": 0.35, ""lambda_bal"": 0.01, ""num_clusters"": 36, ""num_hops"": 3, ""tau_s"": 0.05}",/autodl-fs/data/recap/tuning_hyperparams/interaction_tuning/results/interaction_paper_v1/checkpoints/graph__k24__C36__L3/recap/trial_0/model.pt
graph__k24__C36__L3,graph_core,0,BlogCatalog,0.725242374727669,0.3344333206972528,"{""beta"": 0.005, ""knn_k"": 24, ""lambda_E"": 0.1, ""lambda_H"": 0.35, ""lambda_bal"": 0.01, ""num_clusters"": 36, ""num_hops"": 3, ""tau_s"": 0.05}",/autodl-fs/data/recap/tuning_hyperparams/interaction_tuning/results/interaction_paper_v1/checkpoints/graph__k24__C36__L3/recap/trial_0/model.pt
graph__k24__C36__L3,graph_core,0,weibo,0.7550138212162548,0.30938287583713553,"{""beta"": 0.005, ""knn_k"": 24, ""lambda_E"": 0.1, ""lambda_H"": 0.35, ""lambda_bal"": 0.01, ""num_clusters"": 36, ""num_hops"": 3, ""tau_s"": 0.05}",/autodl-fs/data/recap/tuning_hyperparams/interaction_tuning/results/interaction_paper_v1/checkpoints/graph__k24__C36__L3/recap/trial_0/model.pt
graph__k24__C36__L3,graph_core,0,Reddit,0.5976344942653316,0.04788942406300583,"{""beta"": 0.005, ""knn_k"": 24, ""lambda_E"": 0.1, ""lambda_H"": 0.35, ""lambda_bal"": 0.01, ""num_clusters"": 36, ""num_hops"": 3, ""tau_s"": 0.05}",/autodl-fs/data/recap/tuning_hyperparams/interaction_tuning/results/interaction_paper_v1/checkpoints/graph__k24__C36__L3/recap/trial_0/model.pt
graph__k24__C36__L3,graph_core,0,Amazon,0.7261979326820373,0.1307862870392596,"{""beta"": 0.005, ""knn_k"": 24, ""lambda_E"": 0.1, ""lambda_H"": 0.35, ""lambda_bal"": 0.01, ""num_clusters"": 36, ""num_hops"": 3, ""tau_s"": 0.05}",/autodl-fs/data/recap/tuning_hyperparams/interaction_tuning/results/interaction_paper_v1/checkpoints/graph__k24__C36__L3/recap/trial_0/model.pt
graph__k24__C36__L3,graph_core,1,Facebook,0.5787878787878789,0.045536862236431344,"{""beta"": 0.005, ""knn_k"": 24, ""lambda_E"": 0.1, ""lambda_H"": 0.35, ""lambda_bal"": 0.01, ""num_clusters"": 36, ""num_hops"": 3, ""tau_s"": 0.05}",/autodl-fs/data/recap/tuning_hyperparams/interaction_tuning/results/interaction_paper_v1/checkpoints/graph__k24__C36__L3/recap/trial_1/model.pt
graph__k24__C36__L3,graph_core,1,cora,0.8325775345321867,0.4218786062431257,"{""beta"": 0.005, ""knn_k"": 24, ""lambda_E"": 0.1, ""lambda_H"": 0.35, ""lambda_bal"": 0.01, ""num_clusters"": 36, ""num_hops"": 3, ""tau_s"": 0.05}",/autodl-fs/data/recap/tuning_hyperparams/interaction_tuning/results/interaction_paper_v1/checkpoints/graph__k24__C36__L3/recap/trial_1/model.pt
graph__k24__C36__L3,graph_core,1,citeseer,0.9006200818382121,0.45852504055373167,"{""beta"": 0.005, ""knn_k"": 24, ""lambda_E"": 0.1, ""lambda_H"": 0.35, ""lambda_bal"": 0.01, ""num_clusters"": 36, ""num_hops"": 3, ""tau_s"": 0.05}",/autodl-fs/data/recap/tuning_hyperparams/interaction_tuning/results/interaction_paper_v1/checkpoints/graph__k24__C36__L3/recap/trial_1/model.pt
graph__k24__C36__L3,graph_core,1,ACM,0.7930071245423737,0.3721170980133339,"{""beta"": 0.005, ""knn_k"": 24, ""lambda_E"": 0.1, ""lambda_H"": 0.35, ""lambda_bal"": 0.01, ""num_clusters"": 36, ""num_hops"": 3, ""tau_s"": 0.05}",/autodl-fs/data/recap/tuning_hyperparams/interaction_tuning/results/interaction_paper_v1/checkpoints/graph__k24__C36__L3/recap/trial_1/model.pt
graph__k24__C36__L3,graph_core,1,BlogCatalog,0.7236257489106754,0.3358230870387959,"{""beta"": 0.005, ""knn_k"": 24, ""lambda_E"": 0.1, ""lambda_H"": 0.35, ""lambda_bal"": 0.01, ""num_clusters"": 36, ""num_hops"": 3, ""tau_s"": 0.05}",/autodl-fs/data/recap/tuning_hyperparams/interaction_tuning/results/interaction_paper_v1/checkpoints/graph__k24__C36__L3/recap/trial_1/model.pt
graph__k24__C36__L3,graph_core,1,weibo,0.7501378758799141,0.3041969639770416,"{""beta"": 0.005, ""knn_k"": 24, ""lambda_E"": 0.1, ""lambda_H"": 0.35, ""lambda_bal"": 0.01, ""num_clusters"": 36, ""num_hops"": 3, ""tau_s"": 0.05}",/autodl-fs/data/recap/tuning_hyperparams/interaction_tuning/results/interaction_paper_v1/checkpoints/graph__k24__C36__L3/recap/trial_1/model.pt
graph__k24__C36__L3,graph_core,1,Reddit,0.5964209657381474,0.04619347489473239,"{""beta"": 0.005, ""knn_k"": 24, ""lambda_E"": 0.1, ""lambda_H"": 0.35, ""lambda_bal"": 0.01, ""num_clusters"": 36, ""num_hops"": 3, ""tau_s"": 0.05}",/autodl-fs/data/recap/tuning_hyperparams/interaction_tuning/results/interaction_paper_v1/checkpoints/graph__k24__C36__L3/recap/trial_1/model.pt
graph__k24__C36__L3,graph_core,1,Amazon,0.7431486197617767,0.13852938344351126,"{""beta"": 0.005, ""knn_k"": 24, ""lambda_E"": 0.1, ""lambda_H"": 0.35, ""lambda_bal"": 0.01, ""num_clusters"": 36, ""num_hops"": 3, ""tau_s"": 0.05}",/autodl-fs/data/recap/tuning_hyperparams/interaction_tuning/results/interaction_paper_v1/checkpoints/graph__k24__C36__L3/recap/trial_1/model.pt
graph__k24__C36__L3,graph_core,2,Facebook,0.5792803030303031,0.03669617534147135,"{""beta"": 0.005, ""knn_k"": 24, ""lambda_E"": 0.1, ""lambda_H"": 0.35, ""lambda_bal"": 0.01, ""num_clusters"": 36, ""num_hops"": 3, ""tau_s"": 0.05}",/autodl-fs/data/recap/tuning_hyperparams/interaction_tuning/results/interaction_paper_v1/checkpoints/graph__k24__C36__L3/recap/trial_2/model.pt
graph__k24__C36__L3,graph_core,2,cora,0.8249309356267917,0.40740496895310313,"{""beta"": 0.005, ""knn_k"": 24, ""lambda_E"": 0.1, ""lambda_H"": 0.35, ""lambda_bal"": 0.01, ""num_clusters"": 36, ""num_hops"": 3, ""tau_s"": 0.05}",/autodl-fs/data/recap/tuning_hyperparams/interaction_tuning/results/interaction_paper_v1/checkpoints/graph__k24__C36__L3/recap/trial_2/model.pt
graph__k24__C36__L3,graph_core,2,citeseer,0.9021089077746302,0.4408685764258891,"{""beta"": 0.005, ""knn_k"": 24, ""lambda_E"": 0.1, ""lambda_H"": 0.35, ""lambda_bal"": 0.01, ""num_clusters"": 36, ""num_hops"": 3, ""tau_s"": 0.05}",/autodl-fs/data/recap/tuning_hyperparams/interaction_tuning/results/interaction_paper_v1/checkpoints/graph__k24__C36__L3/recap/trial_2/model.pt
graph__k24__C36__L3,graph_core,2,ACM,0.7959852872132213,0.3760496782067581,"{""beta"": 0.005, ""knn_k"": 24, ""lambda_E"": 0.1, ""lambda_H"": 0.35, ""lambda_bal"": 0.01, ""num_clusters"": 36, ""num_hops"": 3, ""tau_s"": 0.05}",/autodl-fs/data/recap/tuning_hyperparams/interaction_tuning/results/interaction_paper_v1/checkpoints/graph__k24__C36__L3/recap/trial_2/model.pt
graph__k24__C36__L3,graph_core,2,BlogCatalog,0.7292013888888889,0.33727745846829454,"{""beta"": 0.005, ""knn_k"": 24, ""lambda_E"": 0.1, ""lambda_H"": 0.35, ""lambda_bal"": 0.01, ""num_clusters"": 36, ""num_hops"": 3, ""tau_s"": 0.05}",/autodl-fs/data/recap/tuning_hyperparams/interaction_tuning/results/interaction_paper_v1/checkpoints/graph__k24__C36__L3/recap/trial_2/model.pt
graph__k24__C36__L3,graph_core,2,weibo,0.7426995333008464,0.29906318015391653,"{""beta"": 0.005, ""knn_k"": 24, ""lambda_E"": 0.1, ""lambda_H"": 0.35, ""lambda_bal"": 0.01, ""num_clusters"": 36, ""num_hops"": 3, ""tau_s"": 0.05}",/autodl-fs/data/recap/tuning_hyperparams/interaction_tuning/results/interaction_paper_v1/checkpoints/graph__k24__C36__L3/recap/trial_2/model.pt
graph__k24__C36__L3,graph_core,2,Reddit,0.5917869902331024,0.04512145184265087,"{""beta"": 0.005, ""knn_k"": 24, ""lambda_E"": 0.1, ""lambda_H"": 0.35, ""lambda_bal"": 0.01, ""num_clusters"": 36, ""num_hops"": 3, ""tau_s"": 0.05}",/autodl-fs/data/recap/tuning_hyperparams/interaction_tuning/results/interaction_paper_v1/checkpoints/graph__k24__C36__L3/recap/trial_2/model.pt
graph__k24__C36__L3,graph_core,2,Amazon,0.7292765174414528,0.1325864169655592,"{""beta"": 0.005, ""knn_k"": 24, ""lambda_E"": 0.1, ""lambda_H"": 0.35, ""lambda_bal"": 0.01, ""num_clusters"": 36, ""num_hops"": 3, ""tau_s"": 0.05}",/autodl-fs/data/recap/tuning_hyperparams/interaction_tuning/results/interaction_paper_v1/checkpoints/graph__k24__C36__L3/recap/trial_2/model.pt
score__lH0p2__b0,score_loss,0,Facebook,0.5548484848484848,0.0387534793318406,"{""beta"": 0, ""knn_k"": 20, ""lambda_E"": 0.1, ""lambda_H"": 0.2, ""lambda_bal"": 0.01, ""num_clusters"": 28, ""num_hops"": 1, ""tau_s"": 0.05}",/autodl-fs/data/recap/tuning_hyperparams/interaction_tuning/results/interaction_paper_v1/checkpoints/score__lH0p2__b0/recap/trial_0/model.pt
score__lH0p2__b0,score_loss,0,cora,0.8348292937190512,0.3763307244613152,"{""beta"": 0, ""knn_k"": 20, ""lambda_E"": 0.1, ""lambda_H"": 0.2, ""lambda_bal"": 0.01, ""num_clusters"": 28, ""num_hops"": 1, ""tau_s"": 0.05}",/autodl-fs/data/recap/tuning_hyperparams/interaction_tuning/results/interaction_paper_v1/checkpoints/score__lH0p2__b0/recap/trial_0/model.pt
score__lH0p2__b0,score_loss,0,citeseer,0.8721246458923514,0.3197656783359746,"{""beta"": 0, ""knn_k"": 20, ""lambda_E"": 0.1, ""lambda_H"": 0.2, ""lambda_bal"": 0.01, ""num_clusters"": 28, ""num_hops"": 1, ""tau_s"": 0.05}",/autodl-fs/data/recap/tuning_hyperparams/interaction_tuning/results/interaction_paper_v1/checkpoints/score__lH0p2__b0/recap/trial_0/model.pt
score__lH0p2__b0,score_loss,0,ACM,0.8073096647080052,0.35363061576121735,"{""beta"": 0, ""knn_k"": 20, ""lambda_E"": 0.1, ""lambda_H"": 0.2, ""lambda_bal"": 0.01, ""num_clusters"": 28, ""num_hops"": 1, ""tau_s"": 0.05}",/autodl-fs/data/recap/tuning_hyperparams/interaction_tuning/results/interaction_paper_v1/checkpoints/score__lH0p2__b0/recap/trial_0/model.pt
score__lH0p2__b0,score_loss,0,BlogCatalog,0.7209895833333333,0.32701310679129375,"{""beta"": 0, ""knn_k"": 20, ""lambda_E"": 0.1, ""lambda_H"": 0.2, ""lambda_bal"": 0.01, ""num_clusters"": 28, ""num_hops"": 1, ""tau_s"": 0.05}",/autodl-fs/data/recap/tuning_hyperparams/interaction_tuning/results/interaction_paper_v1/checkpoints/score__lH0p2__b0/recap/trial_0/model.pt
score__lH0p2__b0,score_loss,0,weibo,0.703019405342247,0.29790064672344835,"{""beta"": 0, ""knn_k"": 20, ""lambda_E"": 0.1, ""lambda_H"": 0.2, ""lambda_bal"": 0.01, ""num_clusters"": 28, ""num_hops"": 1, ""tau_s"": 0.05}",/autodl-fs/data/recap/tuning_hyperparams/interaction_tuning/results/interaction_paper_v1/checkpoints/score__lH0p2__b0/recap/trial_0/model.pt
score__lH0p2__b0,score_loss,0,Reddit,0.6057071865797536,0.04681395823508286,"{""beta"": 0, ""knn_k"": 20, ""lambda_E"": 0.1, ""lambda_H"": 0.2, ""lambda_bal"": 0.01, ""num_clusters"": 28, ""num_hops"": 1, ""tau_s"": 0.05}",/autodl-fs/data/recap/tuning_hyperparams/interaction_tuning/results/interaction_paper_v1/checkpoints/score__lH0p2__b0/recap/trial_0/model.pt
score__lH0p2__b0,score_loss,0,Amazon,0.7048734266235053,0.12437747413259503,"{""beta"": 0, ""knn_k"": 20, ""lambda_E"": 0.1, ""lambda_H"": 0.2, ""lambda_bal"": 0.01, ""num_clusters"": 28, ""num_hops"": 1, ""tau_s"": 0.05}",/autodl-fs/data/recap/tuning_hyperparams/interaction_tuning/results/interaction_paper_v1/checkpoints/score__lH0p2__b0/recap/trial_0/model.pt
score__lH0p2__b0,score_loss,1,Facebook,0.5445075757575758,0.035229273820736554,"{""beta"": 0, ""knn_k"": 20, ""lambda_E"": 0.1, ""lambda_H"": 0.2, ""lambda_bal"": 0.01, ""num_clusters"": 28, ""num_hops"": 1, ""tau_s"": 0.05}",/autodl-fs/data/recap/tuning_hyperparams/interaction_tuning/results/interaction_paper_v1/checkpoints/score__lH0p2__b0/recap/trial_1/model.pt
score__lH0p2__b0,score_loss,1,cora,0.833507948918426,0.35635630993163114,"{""beta"": 0, ""knn_k"": 20, ""lambda_E"": 0.1, ""lambda_H"": 0.2, ""lambda_bal"": 0.01, ""num_clusters"": 28, ""num_hops"": 1, ""tau_s"": 0.05}",/autodl-fs/data/recap/tuning_hyperparams/interaction_tuning/results/interaction_paper_v1/checkpoints/score__lH0p2__b0/recap/trial_1/model.pt
score__lH0p2__b0,score_loss,1,citeseer,0.87233238904627,0.34457261179905146,"{""beta"": 0, ""knn_k"": 20, ""lambda_E"": 0.1, ""lambda_H"": 0.2, ""lambda_bal"": 0.01, ""num_clusters"": 28, ""num_hops"": 1, ""tau_s"": 0.05}",/autodl-fs/data/recap/tuning_hyperparams/interaction_tuning/results/interaction_paper_v1/checkpoints/score__lH0p2__b0/recap/trial_1/model.pt
score__lH0p2__b0,score_loss,1,ACM,0.8046773807351101,0.34897025936624476,"{""beta"": 0, ""knn_k"": 20, ""lambda_E"": 0.1, ""lambda_H"": 0.2, ""lambda_bal"": 0.01, ""num_clusters"": 28, ""num_hops"": 1, ""tau_s"": 0.05}",/autodl-fs/data/recap/tuning_hyperparams/interaction_tuning/results/interaction_paper_v1/checkpoints/score__lH0p2__b0/recap/trial_1/model.pt
score__lH0p2__b0,score_loss,1,BlogCatalog,0.720708401416122,0.3291666860106803,"{""beta"": 0, ""knn_k"": 20, ""lambda_E"": 0.1, ""lambda_H"": 0.2, ""lambda_bal"": 0.01, ""num_clusters"": 28, ""num_hops"": 1, ""tau_s"": 0.05}",/autodl-fs/data/recap/tuning_hyperparams/interaction_tuning/results/interaction_paper_v1/checkpoints/score__lH0p2__b0/recap/trial_1/model.pt
score__lH0p2__b0,score_loss,1,weibo,0.6945722912892404,0.2927975872744936,"{""beta"": 0, ""knn_k"": 20, ""lambda_E"": 0.1, ""lambda_H"": 0.2, ""lambda_bal"": 0.01, ""num_clusters"": 28, ""num_hops"": 1, ""tau_s"": 0.05}",/autodl-fs/data/recap/tuning_hyperparams/interaction_tuning/results/interaction_paper_v1/checkpoints/score__lH0p2__b0/recap/trial_1/model.pt
score__lH0p2__b0,score_loss,1,Reddit,0.604187188061926,0.04568695648640518,"{""beta"": 0, ""knn_k"": 20, ""lambda_E"": 0.1, ""lambda_H"": 0.2, ""lambda_bal"": 0.01, ""num_clusters"": 28, ""num_hops"": 1, ""tau_s"": 0.05}",/autodl-fs/data/recap/tuning_hyperparams/interaction_tuning/results/interaction_paper_v1/checkpoints/score__lH0p2__b0/recap/trial_1/model.pt
score__lH0p2__b0,score_loss,1,Amazon,0.719253630175884,0.13032334070840493,"{""beta"": 0, ""knn_k"": 20, ""lambda_E"": 0.1, ""lambda_H"": 0.2, ""lambda_bal"": 0.01, ""num_clusters"": 28, ""num_hops"": 1, ""tau_s"": 0.05}",/autodl-fs/data/recap/tuning_hyperparams/interaction_tuning/results/interaction_paper_v1/checkpoints/score__lH0p2__b0/recap/trial_1/model.pt
score__lH0p2__b0,score_loss,2,Facebook,0.5370075757575757,0.029155965973070172,"{""beta"": 0, ""knn_k"": 20, ""lambda_E"": 0.1, ""lambda_H"": 0.2, ""lambda_bal"": 0.01, ""num_clusters"": 28, ""num_hops"": 1, ""tau_s"": 0.05}",/autodl-fs/data/recap/tuning_hyperparams/interaction_tuning/results/interaction_paper_v1/checkpoints/score__lH0p2__b0/recap/trial_2/model.pt
score__lH0p2__b0,score_loss,2,cora,0.8265910867865519,0.3389431381896516,"{""beta"": 0, ""knn_k"": 20, ""lambda_E"": 0.1, ""lambda_H"": 0.2, ""lambda_bal"": 0.01, ""num_clusters"": 28, ""num_hops"": 1, ""tau_s"": 0.05}",/autodl-fs/data/recap/tuning_hyperparams/interaction_tuning/results/interaction_paper_v1/checkpoints/score__lH0p2__b0/recap/trial_2/model.pt
score__lH0p2__b0,score_loss,2,citeseer,0.8733962858042179,0.3221885354657072,"{""beta"": 0, ""knn_k"": 20, ""lambda_E"": 0.1, ""lambda_H"": 0.2, ""lambda_bal"": 0.01, ""num_clusters"": 28, ""num_hops"": 1, ""tau_s"": 0.05}",/autodl-fs/data/recap/tuning_hyperparams/interaction_tuning/results/interaction_paper_v1/checkpoints/score__lH0p2__b0/recap/trial_2/model.pt
score__lH0p2__b0,score_loss,2,ACM,0.8068439594164778,0.3541918189900858,"{""beta"": 0, ""knn_k"": 20, ""lambda_E"": 0.1, ""lambda_H"": 0.2, ""lambda_bal"": 0.01, ""num_clusters"": 28, ""num_hops"": 1, ""tau_s"": 0.05}",/autodl-fs/data/recap/tuning_hyperparams/interaction_tuning/results/interaction_paper_v1/checkpoints/score__lH0p2__b0/recap/trial_2/model.pt
score__lH0p2__b0,score_loss,2,BlogCatalog,0.726884531590414,0.3310198244979494,"{""beta"": 0, ""knn_k"": 20, ""lambda_E"": 0.1, ""lambda_H"": 0.2, ""lambda_bal"": 0.01, ""num_clusters"": 28, ""num_hops"": 1, ""tau_s"": 0.05}",/autodl-fs/data/recap/tuning_hyperparams/interaction_tuning/results/interaction_paper_v1/checkpoints/score__lH0p2__b0/recap/trial_2/model.pt
score__lH0p2__b0,score_loss,2,weibo,0.6895856783951859,0.2865939826586844,"{""beta"": 0, ""knn_k"": 20, ""lambda_E"": 0.1, ""lambda_H"": 0.2, ""lambda_bal"": 0.01, ""num_clusters"": 28, ""num_hops"": 1, ""tau_s"": 0.05}",/autodl-fs/data/recap/tuning_hyperparams/interaction_tuning/results/interaction_paper_v1/checkpoints/score__lH0p2__b0/recap/trial_2/model.pt
score__lH0p2__b0,score_loss,2,Reddit,0.6027275314524156,0.045330826321819395,"{""beta"": 0, ""knn_k"": 20, ""lambda_E"": 0.1, ""lambda_H"": 0.2, ""lambda_bal"": 0.01, ""num_clusters"": 28, ""num_hops"": 1, ""tau_s"": 0.05}",/autodl-fs/data/recap/tuning_hyperparams/interaction_tuning/results/interaction_paper_v1/checkpoints/score__lH0p2__b0/recap/trial_2/model.pt
score__lH0p2__b0,score_loss,2,Amazon,0.7057211199483784,0.12570308303231603,"{""beta"": 0, ""knn_k"": 20, ""lambda_E"": 0.1, ""lambda_H"": 0.2, ""lambda_bal"": 0.01, ""num_clusters"": 28, ""num_hops"": 1, ""tau_s"": 0.05}",/autodl-fs/data/recap/tuning_hyperparams/interaction_tuning/results/interaction_paper_v1/checkpoints/score__lH0p2__b0/recap/trial_2/model.pt
score__lH0p2__b0p005,score_loss,0,Facebook,0.554469696969697,0.03871078837374636,"{""beta"": 0.005, ""knn_k"": 20, ""lambda_E"": 0.1, ""lambda_H"": 0.2, ""lambda_bal"": 0.01, ""num_clusters"": 28, ""num_hops"": 1, ""tau_s"": 0.05}",/autodl-fs/data/recap/tuning_hyperparams/interaction_tuning/results/interaction_paper_v1/checkpoints/score__lH0p2__b0p005/recap/trial_0/model.pt
score__lH0p2__b0p005,score_loss,0,cora,0.8345634610372689,0.37417815682019345,"{""beta"": 0.005, ""knn_k"": 20, ""lambda_E"": 0.1, ""lambda_H"": 0.2, ""lambda_bal"": 0.01, ""num_clusters"": 28, ""num_hops"": 1, ""tau_s"": 0.05}",/autodl-fs/data/recap/tuning_hyperparams/interaction_tuning/results/interaction_paper_v1/checkpoints/score__lH0p2__b0p005/recap/trial_0/model.pt
score__lH0p2__b0p005,score_loss,0,citeseer,0.8720826775784283,0.31942686685327626,"{""beta"": 0.005, ""knn_k"": 20, ""lambda_E"": 0.1, ""lambda_H"": 0.2, ""lambda_bal"": 0.01, ""num_clusters"": 28, ""num_hops"": 1, ""tau_s"": 0.05}",/autodl-fs/data/recap/tuning_hyperparams/interaction_tuning/results/interaction_paper_v1/checkpoints/score__lH0p2__b0p005/recap/trial_0/model.pt
score__lH0p2__b0p005,score_loss,0,ACM,0.8069501322099051,0.35357684838274794,"{""beta"": 0.005, ""knn_k"": 20, ""lambda_E"": 0.1, ""lambda_H"": 0.2, ""lambda_bal"": 0.01, ""num_clusters"": 28, ""num_hops"": 1, ""tau_s"": 0.05}",/autodl-fs/data/recap/tuning_hyperparams/interaction_tuning/results/interaction_paper_v1/checkpoints/score__lH0p2__b0p005/recap/trial_0/model.pt
score__lH0p2__b0p005,score_loss,0,BlogCatalog,0.7219117647058824,0.3271120042057601,"{""beta"": 0.005, ""knn_k"": 20, ""lambda_E"": 0.1, ""lambda_H"": 0.2, ""lambda_bal"": 0.01, ""num_clusters"": 28, ""num_hops"": 1, ""tau_s"": 0.05}",/autodl-fs/data/recap/tuning_hyperparams/interaction_tuning/results/interaction_paper_v1/checkpoints/score__lH0p2__b0p005/recap/trial_0/model.pt
score__lH0p2__b0p005,score_loss,0,weibo,0.7065801034405382,0.29901497799856114,"{""beta"": 0.005, ""knn_k"": 20, ""lambda_E"": 0.1, ""lambda_H"": 0.2, ""lambda_bal"": 0.01, ""num_clusters"": 28, ""num_hops"": 1, ""tau_s"": 0.05}",/autodl-fs/data/recap/tuning_hyperparams/interaction_tuning/results/interaction_paper_v1/checkpoints/score__lH0p2__b0p005/recap/trial_0/model.pt
score__lH0p2__b0p005,score_loss,0,Reddit,0.6056608686970367,0.04680399901201113,"{""beta"": 0.005, ""knn_k"": 20, ""lambda_E"": 0.1, ""lambda_H"": 0.2, ""lambda_bal"": 0.01, ""num_clusters"": 28, ""num_hops"": 1, ""tau_s"": 0.05}",/autodl-fs/data/recap/tuning_hyperparams/interaction_tuning/results/interaction_paper_v1/checkpoints/score__lH0p2__b0p005/recap/trial_0/model.pt
score__lH0p2__b0p005,score_loss,0,Amazon,0.7049564699863724,0.12438930808783764,"{""beta"": 0.005, ""knn_k"": 20, ""lambda_E"": 0.1, ""lambda_H"": 0.2, ""lambda_bal"": 0.01, ""num_clusters"": 28, ""num_hops"": 1, ""tau_s"": 0.05}",/autodl-fs/data/recap/tuning_hyperparams/interaction_tuning/results/interaction_paper_v1/checkpoints/score__lH0p2__b0p005/recap/trial_0/model.pt
score__lH0p2__b0p005,score_loss,1,Facebook,0.5440530303030303,0.0351993579660349,"{""beta"": 0.005, ""knn_k"": 20, ""lambda_E"": 0.1, ""lambda_H"": 0.2, ""lambda_bal"": 0.01, ""num_clusters"": 28, ""num_hops"": 1, ""tau_s"": 0.05}",/autodl-fs/data/recap/tuning_hyperparams/interaction_tuning/results/interaction_paper_v1/checkpoints/score__lH0p2__b0p005/recap/trial_1/model.pt
score__lH0p2__b0p005,score_loss,1,cora,0.8332655720615063,0.35555619705667824,"{""beta"": 0.005, ""knn_k"": 20, ""lambda_E"": 0.1, ""lambda_H"": 0.2, ""lambda_bal"": 0.01, ""num_clusters"": 28, ""num_hops"": 1, ""tau_s"": 0.05}",/autodl-fs/data/recap/tuning_hyperparams/interaction_tuning/results/interaction_paper_v1/checkpoints/score__lH0p2__b0p005/recap/trial_1/model.pt
score__lH0p2__b0p005,score_loss,1,citeseer,0.8723376350855105,0.3445295033424999,"{""beta"": 0.005, ""knn_k"": 20, ""lambda_E"": 0.1, ""lambda_H"": 0.2, ""lambda_bal"": 0.01, ""num_clusters"": 28, ""num_hops"": 1, ""tau_s"": 0.05}",/autodl-fs/data/recap/tuning_hyperparams/interaction_tuning/results/interaction_paper_v1/checkpoints/score__lH0p2__b0p005/recap/trial_1/model.pt
score__lH0p2__b0p005,score_loss,1,ACM,0.8043136308470026,0.348941113827807,"{""beta"": 0.005, ""knn_k"": 20, ""lambda_E"": 0.1, ""lambda_H"": 0.2, ""lambda_bal"": 0.01, ""num_clusters"": 28, ""num_hops"": 1, ""tau_s"": 0.05}",/autodl-fs/data/recap/tuning_hyperparams/interaction_tuning/results/interaction_paper_v1/checkpoints/score__lH0p2__b0p005/recap/trial_1/model.pt
score__lH0p2__b0p005,score_loss,1,BlogCatalog,0.7211437908496732,0.32888275857318766,"{""beta"": 0.005, ""knn_k"": 20, ""lambda_E"": 0.1, ""lambda_H"": 0.2, ""lambda_bal"": 0.01, ""num_clusters"": 28, ""num_hops"": 1, ""tau_s"": 0.05}",/autodl-fs/data/recap/tuning_hyperparams/interaction_tuning/results/interaction_paper_v1/checkpoints/score__lH0p2__b0p005/recap/trial_1/model.pt
score__lH0p2__b0p005,score_loss,1,weibo,0.6985109252113537,0.2942513355287569,"{""beta"": 0.005, ""knn_k"": 20, ""lambda_E"": 0.1, ""lambda_H"": 0.2, ""lambda_bal"": 0.01, ""num_clusters"": 28, ""num_hops"": 1, ""tau_s"": 0.05}",/autodl-fs/data/recap/tuning_hyperparams/interaction_tuning/results/interaction_paper_v1/checkpoints/score__lH0p2__b0p005/recap/trial_1/model.pt
score__lH0p2__b0p005,score_loss,1,Reddit,0.6041491044694698,0.04567769866732647,"{""beta"": 0.005, ""knn_k"": 20, ""lambda_E"": 0.1, ""lambda_H"": 0.2, ""lambda_bal"": 0.01, ""num_clusters"": 28, ""num_hops"": 1, ""tau_s"": 0.05}",/autodl-fs/data/recap/tuning_hyperparams/interaction_tuning/results/interaction_paper_v1/checkpoints/score__lH0p2__b0p005/recap/trial_1/model.pt
score__lH0p2__b0p005,score_loss,1,Amazon,0.719274674893183,0.13035426294529945,"{""beta"": 0.005, ""knn_k"": 20, ""lambda_E"": 0.1, ""lambda_H"": 0.2, ""lambda_bal"": 0.01, ""num_clusters"": 28, ""num_hops"": 1, ""tau_s"": 0.05}",/autodl-fs/data/recap/tuning_hyperparams/interaction_tuning/results/interaction_paper_v1/checkpoints/score__lH0p2__b0p005/recap/trial_1/model.pt
score__lH0p2__b0p005,score_loss,2,Facebook,0.5365530303030304,0.02912175740547643,"{""beta"": 0.005, ""knn_k"": 20, ""lambda_E"": 0.1, ""lambda_H"": 0.2, ""lambda_bal"": 0.01, ""num_clusters"": 28, ""num_hops"": 1, ""tau_s"": 0.05}",/autodl-fs/data/recap/tuning_hyperparams/interaction_tuning/results/interaction_paper_v1/checkpoints/score__lH0p2__b0p005/recap/trial_2/model.pt
score__lH0p2__b0p005,score_loss,2,cora,0.8262835548605681,0.33816882746977417,"{""beta"": 0.005, ""knn_k"": 20, ""lambda_E"": 0.1, ""lambda_H"": 0.2, ""lambda_bal"": 0.01, ""num_clusters"": 28, ""num_hops"": 1, ""tau_s"": 0.05}",/autodl-fs/data/recap/tuning_hyperparams/interaction_tuning/results/interaction_paper_v1/checkpoints/score__lH0p2__b0p005/recap/trial_2/model.pt
score__lH0p2__b0p005,score_loss,2,citeseer,0.8734676319378869,0.32201129670761647,"{""beta"": 0.005, ""knn_k"": 20, ""lambda_E"": 0.1, ""lambda_H"": 0.2, ""lambda_bal"": 0.01, ""num_clusters"": 28, ""num_hops"": 1, ""tau_s"": 0.05}",/autodl-fs/data/recap/tuning_hyperparams/interaction_tuning/results/interaction_paper_v1/checkpoints/score__lH0p2__b0p005/recap/trial_2/model.pt
score__lH0p2__b0p005,score_loss,2,ACM,0.806571094283022,0.35421118255202944,"{""beta"": 0.005, ""knn_k"": 20, ""lambda_E"": 0.1, ""lambda_H"": 0.2, ""lambda_bal"": 0.01, ""num_clusters"": 28, ""num_hops"": 1, ""tau_s"": 0.05}",/autodl-fs/data/recap/tuning_hyperparams/interaction_tuning/results/interaction_paper_v1/checkpoints/score__lH0p2__b0p005/recap/trial_2/model.pt
score__lH0p2__b0p005,score_loss,2,BlogCatalog,0.7270693763616558,0.33107098641335503,"{""beta"": 0.005, ""knn_k"": 20, ""lambda_E"": 0.1, ""lambda_H"": 0.2, ""lambda_bal"": 0.01, ""num_clusters"": 28, ""num_hops"": 1, ""tau_s"": 0.05}",/autodl-fs/data/recap/tuning_hyperparams/interaction_tuning/results/interaction_paper_v1/checkpoints/score__lH0p2__b0p005/recap/trial_2/model.pt
score__lH0p2__b0p005,score_loss,2,weibo,0.6950962043473397,0.2880322326509901,"{""beta"": 0.005, ""knn_k"": 20, ""lambda_E"": 0.1, ""lambda_H"": 0.2, ""lambda_bal"": 0.01, ""num_clusters"": 28, ""num_hops"": 1, ""tau_s"": 0.05}",/autodl-fs/data/recap/tuning_hyperparams/interaction_tuning/results/interaction_paper_v1/checkpoints/score__lH0p2__b0p005/recap/trial_2/model.pt
score__lH0p2__b0p005,score_loss,2,Reddit,0.6027639424546625,0.04532797068000036,"{""beta"": 0.005, ""knn_k"": 20, ""lambda_E"": 0.1, ""lambda_H"": 0.2, ""lambda_bal"": 0.01, ""num_clusters"": 28, ""num_hops"": 1, ""tau_s"": 0.05}",/autodl-fs/data/recap/tuning_hyperparams/interaction_tuning/results/interaction_paper_v1/checkpoints/score__lH0p2__b0p005/recap/trial_2/model.pt
score__lH0p2__b0p005,score_loss,2,Amazon,0.7057878877205286,0.12571188628513913,"{""beta"": 0.005, ""knn_k"": 20, ""lambda_E"": 0.1, ""lambda_H"": 0.2, ""lambda_bal"": 0.01, ""num_clusters"": 28, ""num_hops"": 1, ""tau_s"": 0.05}",/autodl-fs/data/recap/tuning_hyperparams/interaction_tuning/results/interaction_paper_v1/checkpoints/score__lH0p2__b0p005/recap/trial_2/model.pt
score__lH0p2__b0p01,score_loss,0,Facebook,0.5540151515151516,0.03865630493054196,"{""beta"": 0.01, ""knn_k"": 20, ""lambda_E"": 0.1, ""lambda_H"": 0.2, ""lambda_bal"": 0.01, ""num_clusters"": 28, ""num_hops"": 1, ""tau_s"": 0.05}",/autodl-fs/data/recap/tuning_hyperparams/interaction_tuning/results/interaction_paper_v1/checkpoints/score__lH0p2__b0p01/recap/trial_0/model.pt
score__lH0p2__b0p01,score_loss,0,cora,0.8343054469637737,0.3733678237424936,"{""beta"": 0.01, ""knn_k"": 20, ""lambda_E"": 0.1, ""lambda_H"": 0.2, ""lambda_bal"": 0.01, ""num_clusters"": 28, ""num_hops"": 1, ""tau_s"": 0.05}",/autodl-fs/data/recap/tuning_hyperparams/interaction_tuning/results/interaction_paper_v1/checkpoints/score__lH0p2__b0p01/recap/trial_0/model.pt
score__lH0p2__b0p01,score_loss,0,citeseer,0.8719903472877979,0.3180238582283937,"{""beta"": 0.01, ""knn_k"": 20, ""lambda_E"": 0.1, ""lambda_H"": 0.2, ""lambda_bal"": 0.01, ""num_clusters"": 28, ""num_hops"": 1, ""tau_s"": 0.05}",/autodl-fs/data/recap/tuning_hyperparams/interaction_tuning/results/interaction_paper_v1/checkpoints/score__lH0p2__b0p01/recap/trial_0/model.pt
score__lH0p2__b0p01,score_loss,0,ACM,0.806692080658849,0.3536517831480922,"{""beta"": 0.01, ""knn_k"": 20, ""lambda_E"": 0.1, ""lambda_H"": 0.2, ""lambda_bal"": 0.01, ""num_clusters"": 28, ""num_hops"": 1, ""tau_s"": 0.05}",/autodl-fs/data/recap/tuning_hyperparams/interaction_tuning/results/interaction_paper_v1/checkpoints/score__lH0p2__b0p01/recap/trial_0/model.pt
score__lH0p2__b0p01,score_loss,0,BlogCatalog,0.722010144335512,0.3271884188906098,"{""beta"": 0.01, ""knn_k"": 20, ""lambda_E"": 0.1, ""lambda_H"": 0.2, ""lambda_bal"": 0.01, ""num_clusters"": 28, ""num_hops"": 1, ""tau_s"": 0.05}",/autodl-fs/data/recap/tuning_hyperparams/interaction_tuning/results/interaction_paper_v1/checkpoints/score__lH0p2__b0p01/recap/trial_0/model.pt
score__lH0p2__b0p01,score_loss,0,weibo,0.708383571920767,0.2995987852789826,"{""beta"": 0.01, ""knn_k"": 20, ""lambda_E"": 0.1, ""lambda_H"": 0.2, ""lambda_bal"": 0.01, ""num_clusters"": 28, ""num_hops"": 1, ""tau_s"": 0.05}",/autodl-fs/data/recap/tuning_hyperparams/interaction_tuning/results/interaction_paper_v1/checkpoints/score__lH0p2__b0p01/recap/trial_0/model.pt
score__lH0p2__b0p01,score_loss,0,Reddit,0.6056378384164636,0.04680074125974455,"{""beta"": 0.01, ""knn_k"": 20, ""lambda_E"": 0.1, ""lambda_H"": 0.2, ""lambda_bal"": 0.01, ""num_clusters"": 28, ""num_hops"": 1, ""tau_s"": 0.05}",/autodl-fs/data/recap/tuning_hyperparams/interaction_tuning/results/interaction_paper_v1/checkpoints/score__lH0p2__b0p01/recap/trial_0/model.pt
score__lH0p2__b0p01,score_loss,0,Amazon,0.7050372423365814,0.1243939007814354,"{""beta"": 0.01, ""knn_k"": 20, ""lambda_E"": 0.1, ""lambda_H"": 0.2, ""lambda_bal"": 0.01, ""num_clusters"": 28, ""num_hops"": 1, ""tau_s"": 0.05}",/autodl-fs/data/recap/tuning_hyperparams/interaction_tuning/results/interaction_paper_v1/checkpoints/score__lH0p2__b0p01/recap/trial_0/model.pt
score__lH0p2__b0p01,score_loss,1,Facebook,0.5437878787878788,0.03518078356346782,"{""beta"": 0.01, ""knn_k"": 20, ""lambda_E"": 0.1, ""lambda_H"": 0.2, ""lambda_bal"": 0.01, ""num_clusters"": 28, ""num_hops"": 1, ""tau_s"": 0.05}",/autodl-fs/data/recap/tuning_hyperparams/interaction_tuning/results/interaction_paper_v1/checkpoints/score__lH0p2__b0p01/recap/trial_1/model.pt
score__lH0p2__b0p01,score_loss,1,cora,0.8329736773520979,0.35413199710675486,"{""beta"": 0.01, ""knn_k"": 20, ""lambda_E"": 0.1, ""lambda_H"": 0.2, ""lambda_bal"": 0.01, ""num_clusters"": 28, ""num_hops"": 1, ""tau_s"": 0.05}",/autodl-fs/data/recap/tuning_hyperparams/interaction_tuning/results/interaction_paper_v1/checkpoints/score__lH0p2__b0p01/recap/trial_1/model.pt
score__lH0p2__b0p01,score_loss,1,citeseer,0.8723208477599415,0.3440525781818434,"{""beta"": 0.01, ""knn_k"": 20, ""lambda_E"": 0.1, ""lambda_H"": 0.2, ""lambda_bal"": 0.01, ""num_clusters"": 28, ""num_hops"": 1, ""tau_s"": 0.05}",/autodl-fs/data/recap/tuning_hyperparams/interaction_tuning/results/interaction_paper_v1/checkpoints/score__lH0p2__b0p01/recap/trial_1/model.pt
score__lH0p2__b0p01,score_loss,1,ACM,0.8040659646188392,0.34897644320571997,"{""beta"": 0.01, ""knn_k"": 20, ""lambda_E"": 0.1, ""lambda_H"": 0.2, ""lambda_bal"": 0.01, ""num_clusters"": 28, ""num_hops"": 1, ""tau_s"": 0.05}",/autodl-fs/data/recap/tuning_hyperparams/interaction_tuning/results/interaction_paper_v1/checkpoints/score__lH0p2__b0p01/recap/trial_1/model.pt
score__lH0p2__b0p01,score_loss,1,BlogCatalog,0.7214882897603487,0.32878781159040127,"{""beta"": 0.01, ""knn_k"": 20, ""lambda_E"": 0.1, ""lambda_H"": 0.2, ""lambda_bal"": 0.01, ""num_clusters"": 28, ""num_hops"": 1, ""tau_s"": 0.05}",/autodl-fs/data/recap/tuning_hyperparams/interaction_tuning/results/interaction_paper_v1/checkpoints/score__lH0p2__b0p01/recap/trial_1/model.pt
score__lH0p2__b0p01,score_loss,1,weibo,0.7006814003298016,0.2949459202087302,"{""beta"": 0.01, ""knn_k"": 20, ""lambda_E"": 0.1, ""lambda_H"": 0.2, ""lambda_bal"": 0.01, ""num_clusters"": 28, ""num_hops"": 1, ""tau_s"": 0.05}",/autodl-fs/data/recap/tuning_hyperparams/interaction_tuning/results/interaction_paper_v1/checkpoints/score__lH0p2__b0p01/recap/trial_1/model.pt
score__lH0p2__b0p01,score_loss,1,Reddit,0.6039813308054063,0.0456671300719389,"{""beta"": 0.01, ""knn_k"": 20, ""lambda_E"": 0.1, ""lambda_H"": 0.2, ""lambda_bal"": 0.01, ""num_clusters"": 28, ""num_hops"": 1, ""tau_s"": 0.05}",/autodl-fs/data/recap/tuning_hyperparams/interaction_tuning/results/interaction_paper_v1/checkpoints/score__lH0p2__b0p01/recap/trial_1/model.pt
score__lH0p2__b0p01,score_loss,1,Amazon,0.7193210035514096,0.13036817817866708,"{""beta"": 0.01, ""knn_k"": 20, ""lambda_E"": 0.1, ""lambda_H"": 0.2, ""lambda_bal"": 0.01, ""num_clusters"": 28, ""num_hops"": 1, ""tau_s"": 0.05}",/autodl-fs/data/recap/tuning_hyperparams/interaction_tuning/results/interaction_paper_v1/checkpoints/score__lH0p2__b0p01/recap/trial_1/model.pt
score__lH0p2__b0p01,score_loss,2,Facebook,0.5361363636363636,0.029053884794386302,"{""beta"": 0.01, ""knn_k"": 20, ""lambda_E"": 0.1, ""lambda_H"": 0.2, ""lambda_bal"": 0.01, ""num_clusters"": 28, ""num_hops"": 1, ""tau_s"": 0.05}",/autodl-fs/data/recap/tuning_hyperparams/interaction_tuning/results/interaction_paper_v1/checkpoints/score__lH0p2__b0p01/recap/trial_2/model.pt
score__lH0p2__b0p01,score_loss,2,cora,0.8260385718008862,0.33741629574612225,"{""beta"": 0.01, ""knn_k"": 20, ""lambda_E"": 0.1, ""lambda_H"": 0.2, ""lambda_bal"": 0.01, ""num_clusters"": 28, ""num_hops"": 1, ""tau_s"": 0.05}",/autodl-fs/data/recap/tuning_hyperparams/interaction_tuning/results/interaction_paper_v1/checkpoints/score__lH0p2__b0p01/recap/trial_2/model.pt
score__lH0p2__b0p01,score_loss,2,citeseer,0.8733595635295351,0.3219534828127141,"{""beta"": 0.01, ""knn_k"": 20, ""lambda_E"": 0.1, ""lambda_H"": 0.2, ""lambda_bal"": 0.01, ""num_clusters"": 28, ""num_hops"": 1, ""tau_s"": 0.05}",/autodl-fs/data/recap/tuning_hyperparams/interaction_tuning/results/interaction_paper_v1/checkpoints/score__lH0p2__b0p01/recap/trial_2/model.pt
score__lH0p2__b0p01,score_loss,2,ACM,0.8062450900354778,0.35416397927013643,"{""beta"": 0.01, ""knn_k"": 20, ""lambda_E"": 0.1, ""lambda_H"": 0.2, ""lambda_bal"": 0.01, ""num_clusters"": 28, ""num_hops"": 1, ""tau_s"": 0.05}",/autodl-fs/data/recap/tuning_hyperparams/interaction_tuning/results/interaction_paper_v1/checkpoints/score__lH0p2__b0p01/recap/trial_2/model.pt
score__lH0p2__b0p01,score_loss,2,BlogCatalog,0.7268974673202613,0.33102278700900417,"{""beta"": 0.01, ""knn_k"": 20, ""lambda_E"": 0.1, ""lambda_H"": 0.2, ""lambda_bal"": 0.01, ""num_clusters"": 28, ""num_hops"": 1, ""tau_s"": 0.05}",/autodl-fs/data/recap/tuning_hyperparams/interaction_tuning/results/interaction_paper_v1/checkpoints/score__lH0p2__b0p01/recap/trial_2/model.pt
score__lH0p2__b0p01,score_loss,2,weibo,0.6964847459140132,0.288556526741326,"{""beta"": 0.01, ""knn_k"": 20, ""lambda_E"": 0.1, ""lambda_H"": 0.2, ""lambda_bal"": 0.01, ""num_clusters"": 28, ""num_hops"": 1, ""tau_s"": 0.05}",/autodl-fs/data/recap/tuning_hyperparams/interaction_tuning/results/interaction_paper_v1/checkpoints/score__lH0p2__b0p01/recap/trial_2/model.pt
score__lH0p2__b0p01,score_loss,2,Reddit,0.6027199404660813,0.0453237624917001,"{""beta"": 0.01, ""knn_k"": 20, ""lambda_E"": 0.1, ""lambda_H"": 0.2, ""lambda_bal"": 0.01, ""num_clusters"": 28, ""num_hops"": 1, ""tau_s"": 0.05}",/autodl-fs/data/recap/tuning_hyperparams/interaction_tuning/results/interaction_paper_v1/checkpoints/score__lH0p2__b0p01/recap/trial_2/model.pt
score__lH0p2__b0p01,score_loss,2,Amazon,0.7058770628175728,0.12558537724625896,"{""beta"": 0.01, ""knn_k"": 20, ""lambda_E"": 0.1, ""lambda_H"": 0.2, ""lambda_bal"": 0.01, ""num_clusters"": 28, ""num_hops"": 1, ""tau_s"": 0.05}",/autodl-fs/data/recap/tuning_hyperparams/interaction_tuning/results/interaction_paper_v1/checkpoints/score__lH0p2__b0p01/recap/trial_2/model.pt
score__lH0p35__b0,score_loss,0,Facebook,0.555,0.03876283554982687,"{""beta"": 0, ""knn_k"": 20, ""lambda_E"": 0.1, ""lambda_H"": 0.35, ""lambda_bal"": 0.01, ""num_clusters"": 28, ""num_hops"": 1, ""tau_s"": 0.05}",/autodl-fs/data/recap/tuning_hyperparams/interaction_tuning/results/interaction_paper_v1/checkpoints/score__lH0p35__b0/recap/trial_0/model.pt
score__lH0p35__b0,score_loss,0,cora,0.8347563200416992,0.37653591107002926,"{""beta"": 0, ""knn_k"": 20, ""lambda_E"": 0.1, ""lambda_H"": 0.35, ""lambda_bal"": 0.01, ""num_clusters"": 28, ""num_hops"": 1, ""tau_s"": 0.05}",/autodl-fs/data/recap/tuning_hyperparams/interaction_tuning/results/interaction_paper_v1/checkpoints/score__lH0p35__b0/recap/trial_0/model.pt
score__lH0p35__b0,score_loss,0,citeseer,0.8720763823313399,0.3199643041099429,"{""beta"": 0, ""knn_k"": 20, ""lambda_E"": 0.1, ""lambda_H"": 0.35, ""lambda_bal"": 0.01, ""num_clusters"": 28, ""num_hops"": 1, ""tau_s"": 0.05}",/autodl-fs/data/recap/tuning_hyperparams/interaction_tuning/results/interaction_paper_v1/checkpoints/score__lH0p35__b0/recap/trial_0/model.pt
score__lH0p35__b0,score_loss,0,ACM,0.8073187848138955,0.35365083852920454,"{""beta"": 0, ""knn_k"": 20, ""lambda_E"": 0.1, ""lambda_H"": 0.35, ""lambda_bal"": 0.01, ""num_clusters"": 28, ""num_hops"": 1, ""tau_s"": 0.05}",/autodl-fs/data/recap/tuning_hyperparams/interaction_tuning/results/interaction_paper_v1/checkpoints/score__lH0p35__b0/recap/trial_0/model.pt
score__lH0p35__b0,score_loss,0,BlogCatalog,0.7209974128540306,0.3270454653192427,"{""beta"": 0, ""knn_k"": 20, ""lambda_E"": 0.1, ""lambda_H"": 0.35, ""lambda_bal"": 0.01, ""num_clusters"": 28, ""num_hops"": 1, ""tau_s"": 0.05}",/autodl-fs/data/recap/tuning_hyperparams/interaction_tuning/results/interaction_paper_v1/checkpoints/score__lH0p35__b0/recap/trial_0/model.pt
score__lH0p35__b0,score_loss,0,weibo,0.7029656765486886,0.29800126169648533,"{""beta"": 0, ""knn_k"": 20, ""lambda_E"": 0.1, ""lambda_H"": 0.35, ""lambda_bal"": 0.01, ""num_clusters"": 28, ""num_hops"": 1, ""tau_s"": 0.05}",/autodl-fs/data/recap/tuning_hyperparams/interaction_tuning/results/interaction_paper_v1/checkpoints/score__lH0p35__b0/recap/trial_0/model.pt
score__lH0p35__b0,score_loss,0,Reddit,0.6056294754654175,0.04677935743731933,"{""beta"": 0, ""knn_k"": 20, ""lambda_E"": 0.1, ""lambda_H"": 0.35, ""lambda_bal"": 0.01, ""num_clusters"": 28, ""num_hops"": 1, ""tau_s"": 0.05}",/autodl-fs/data/recap/tuning_hyperparams/interaction_tuning/results/interaction_paper_v1/checkpoints/score__lH0p35__b0/recap/trial_0/model.pt
score__lH0p35__b0,score_loss,0,Amazon,0.7048690359990328,0.12436666110364906,"{""beta"": 0, ""knn_k"": 20, ""lambda_E"": 0.1, ""lambda_H"": 0.35, ""lambda_bal"": 0.01, ""num_clusters"": 28, ""num_hops"": 1, ""tau_s"": 0.05}",/autodl-fs/data/recap/tuning_hyperparams/interaction_tuning/results/interaction_paper_v1/checkpoints/score__lH0p35__b0/recap/trial_0/model.pt
score__lH0p35__b0,score_loss,1,Facebook,0.5446212121212121,0.037247791319643314,"{""beta"": 0, ""knn_k"": 20, ""lambda_E"": 0.1, ""lambda_H"": 0.35, ""lambda_bal"": 0.01, ""num_clusters"": 28, ""num_hops"": 1, ""tau_s"": 0.05}",/autodl-fs/data/recap/tuning_hyperparams/interaction_tuning/results/interaction_paper_v1/checkpoints/score__lH0p35__b0/recap/trial_1/model.pt
score__lH0p35__b0,score_loss,1,cora,0.8335235861350013,0.35633443709688684,"{""beta"": 0, ""knn_k"": 20, ""lambda_E"": 0.1, ""lambda_H"": 0.35, ""lambda_bal"": 0.01, ""num_clusters"": 28, ""num_hops"": 1, ""tau_s"": 0.05}",/autodl-fs/data/recap/tuning_hyperparams/interaction_tuning/results/interaction_paper_v1/checkpoints/score__lH0p35__b0/recap/trial_1/model.pt
score__lH0p35__b0,score_loss,1,citeseer,0.8724415066624698,0.34448369710583077,"{""beta"": 0, ""knn_k"": 20, ""lambda_E"": 0.1, ""lambda_H"": 0.35, ""lambda_bal"": 0.01, ""num_clusters"": 28, ""num_hops"": 1, ""tau_s"": 0.05}",/autodl-fs/data/recap/tuning_hyperparams/interaction_tuning/results/interaction_paper_v1/checkpoints/score__lH0p35__b0/recap/trial_1/model.pt
score__lH0p35__b0,score_loss,1,ACM,0.8046523399819432,0.34897287639537,"{""beta"": 0, ""knn_k"": 20, ""lambda_E"": 0.1, ""lambda_H"": 0.35, ""lambda_bal"": 0.01, ""num_clusters"": 28, ""num_hops"": 1, ""tau_s"": 0.05}",/autodl-fs/data/recap/tuning_hyperparams/interaction_tuning/results/interaction_paper_v1/checkpoints/score__lH0p35__b0/recap/trial_1/model.pt
score__lH0p35__b0,score_loss,1,BlogCatalog,0.7206869553376906,0.3288807725017484,"{""beta"": 0, ""knn_k"": 20, ""lambda_E"": 0.1, ""lambda_H"": 0.35, ""lambda_bal"": 0.01, ""num_clusters"": 28, ""num_hops"": 1, ""tau_s"": 0.05}",/autodl-fs/data/recap/tuning_hyperparams/interaction_tuning/results/interaction_paper_v1/checkpoints/score__lH0p35__b0/recap/trial_1/model.pt
score__lH0p35__b0,score_loss,1,weibo,0.6943173279104192,0.29285161784415464,"{""beta"": 0, ""knn_k"": 20, ""lambda_E"": 0.1, ""lambda_H"": 0.35, ""lambda_bal"": 0.01, ""num_clusters"": 28, ""num_hops"": 1, ""tau_s"": 0.05}",/autodl-fs/data/recap/tuning_hyperparams/interaction_tuning/results/interaction_paper_v1/checkpoints/score__lH0p35__b0/recap/trial_1/model.pt
score__lH0p35__b0,score_loss,1,Reddit,0.6041492331302551,0.045675440069863876,"{""beta"": 0, ""knn_k"": 20, ""lambda_E"": 0.1, ""lambda_H"": 0.35, ""lambda_bal"": 0.01, ""num_clusters"": 28, ""num_hops"": 1, ""tau_s"": 0.05}",/autodl-fs/data/recap/tuning_hyperparams/interaction_tuning/results/interaction_paper_v1/checkpoints/score__lH0p35__b0/recap/trial_1/model.pt
score__lH0p35__b0,score_loss,1,Amazon,0.7191385655345366,0.1302964803288152,"{""beta"": 0, ""knn_k"": 20, ""lambda_E"": 0.1, ""lambda_H"": 0.35, ""lambda_bal"": 0.01, ""num_clusters"": 28, ""num_hops"": 1, ""tau_s"": 0.05}",/autodl-fs/data/recap/tuning_hyperparams/interaction_tuning/results/interaction_paper_v1/checkpoints/score__lH0p35__b0/recap/trial_1/model.pt
score__lH0p35__b0,score_loss,2,Facebook,0.5370454545454546,0.029158389790246517,"{""beta"": 0, ""knn_k"": 20, ""lambda_E"": 0.1, ""lambda_H"": 0.35, ""lambda_bal"": 0.01, ""num_clusters"": 28, ""num_hops"": 1, ""tau_s"": 0.05}",/autodl-fs/data/recap/tuning_hyperparams/interaction_tuning/results/interaction_paper_v1/checkpoints/score__lH0p35__b0/recap/trial_2/model.pt
score__lH0p35__b0,score_loss,2,cora,0.8266718790721919,0.3390117144813239,"{""beta"": 0, ""knn_k"": 20, ""lambda_E"": 0.1, ""lambda_H"": 0.35, ""lambda_bal"": 0.01, ""num_clusters"": 28, ""num_hops"": 1, ""tau_s"": 0.05}",/autodl-fs/data/recap/tuning_hyperparams/interaction_tuning/results/interaction_paper_v1/checkpoints/score__lH0p35__b0/recap/trial_2/model.pt
score__lH0p35__b0,score_loss,2,citeseer,0.8734319588710523,0.32184125772433453,"{""beta"": 0, ""knn_k"": 20, ""lambda_E"": 0.1, ""lambda_H"": 0.35, ""lambda_bal"": 0.01, ""num_clusters"": 28, ""num_hops"": 1, ""tau_s"": 0.05}",/autodl-fs/data/recap/tuning_hyperparams/interaction_tuning/results/interaction_paper_v1/checkpoints/score__lH0p35__b0/recap/trial_2/model.pt
score__lH0p35__b0,score_loss,2,ACM,0.8068023654075331,0.354287928599496,"{""beta"": 0, ""knn_k"": 20, ""lambda_E"": 0.1, ""lambda_H"": 0.35, ""lambda_bal"": 0.01, ""num_clusters"": 28, ""num_hops"": 1, ""tau_s"": 0.05}",/autodl-fs/data/recap/tuning_hyperparams/interaction_tuning/results/interaction_paper_v1/checkpoints/score__lH0p35__b0/recap/trial_2/model.pt
score__lH0p35__b0,score_loss,2,BlogCatalog,0.7269308278867103,0.3308388624170189,"{""beta"": 0, ""knn_k"": 20, ""lambda_E"": 0.1, ""lambda_H"": 0.35, ""lambda_bal"": 0.01, ""num_clusters"": 28, ""num_hops"": 1, ""tau_s"": 0.05}",/autodl-fs/data/recap/tuning_hyperparams/interaction_tuning/results/interaction_paper_v1/checkpoints/score__lH0p35__b0/recap/trial_2/model.pt
score__lH0p35__b0,score_loss,2,weibo,0.6892525293039744,0.2864712969848566,"{""beta"": 0, ""knn_k"": 20, ""lambda_E"": 0.1, ""lambda_H"": 0.35, ""lambda_bal"": 0.01, ""num_clusters"": 28, ""num_hops"": 1, ""tau_s"": 0.05}",/autodl-fs/data/recap/tuning_hyperparams/interaction_tuning/results/interaction_paper_v1/checkpoints/score__lH0p35__b0/recap/trial_2/model.pt
score__lH0p35__b0,score_loss,2,Reddit,0.6027019279561359,0.0453159624589403,"{""beta"": 0, ""knn_k"": 20, ""lambda_E"": 0.1, ""lambda_H"": 0.35, ""lambda_bal"": 0.01, ""num_clusters"": 28, ""num_hops"": 1, ""tau_s"": 0.05}",/autodl-fs/data/recap/tuning_hyperparams/interaction_tuning/results/interaction_paper_v1/checkpoints/score__lH0p35__b0/recap/trial_2/model.pt
score__lH0p35__b0,score_loss,2,Amazon,0.705884178657235,0.12576483901071364,"{""beta"": 0, ""knn_k"": 20, ""lambda_E"": 0.1, ""lambda_H"": 0.35, ""lambda_bal"": 0.01, ""num_clusters"": 28, ""num_hops"": 1, ""tau_s"": 0.05}",/autodl-fs/data/recap/tuning_hyperparams/interaction_tuning/results/interaction_paper_v1/checkpoints/score__lH0p35__b0/recap/trial_2/model.pt
score__lH0p35__b0p01,score_loss,0,Facebook,0.5540530303030303,0.038646510889465246,"{""beta"": 0.01, ""knn_k"": 20, ""lambda_E"": 0.1, ""lambda_H"": 0.35, ""lambda_bal"": 0.01, ""num_clusters"": 28, ""num_hops"": 1, ""tau_s"": 0.05}",/autodl-fs/data/recap/tuning_hyperparams/interaction_tuning/results/interaction_paper_v1/checkpoints/score__lH0p35__b0p01/recap/trial_0/model.pt
score__lH0p35__b0p01,score_loss,0,cora,0.8343184779775867,0.37385446197085265,"{""beta"": 0.01, ""knn_k"": 20, ""lambda_E"": 0.1, ""lambda_H"": 0.35, ""lambda_bal"": 0.01, ""num_clusters"": 28, ""num_hops"": 1, ""tau_s"": 0.05}",/autodl-fs/data/recap/tuning_hyperparams/interaction_tuning/results/interaction_paper_v1/checkpoints/score__lH0p35__b0p01/recap/trial_0/model.pt
score__lH0p35__b0p01,score_loss,0,citeseer,0.8720585457979225,0.31860030721541405,"{""beta"": 0.01, ""knn_k"": 20, ""lambda_E"": 0.1, ""lambda_H"": 0.35, ""lambda_bal"": 0.01, ""num_clusters"": 28, ""num_hops"": 1, ""tau_s"": 0.05}",/autodl-fs/data/recap/tuning_hyperparams/interaction_tuning/results/interaction_paper_v1/checkpoints/score__lH0p35__b0p01/recap/trial_0/model.pt
score__lH0p35__b0p01,score_loss,0,ACM,0.8067248181487787,0.3535755335082127,"{""beta"": 0.01, ""knn_k"": 20, ""lambda_E"": 0.1, ""lambda_H"": 0.35, ""lambda_bal"": 0.01, ""num_clusters"": 28, ""num_hops"": 1, ""tau_s"": 0.05}",/autodl-fs/data/recap/tuning_hyperparams/interaction_tuning/results/interaction_paper_v1/checkpoints/score__lH0p35__b0p01/recap/trial_0/model.pt
score__lH0p35__b0p01,score_loss,0,BlogCatalog,0.7221653730936819,0.32712143147645445,"{""beta"": 0.01, ""knn_k"": 20, ""lambda_E"": 0.1, ""lambda_H"": 0.35, ""lambda_bal"": 0.01, ""num_clusters"": 28, ""num_hops"": 1, ""tau_s"": 0.05}",/autodl-fs/data/recap/tuning_hyperparams/interaction_tuning/results/interaction_paper_v1/checkpoints/score__lH0p35__b0p01/recap/trial_0/model.pt
score__lH0p35__b0p01,score_loss,0,weibo,0.7089847535568004,0.29973217273928754,"{""beta"": 0.01, ""knn_k"": 20, ""lambda_E"": 0.1, ""lambda_H"": 0.35, ""lambda_bal"": 0.01, ""num_clusters"": 28, ""num_hops"": 1, ""tau_s"": 0.05}",/autodl-fs/data/recap/tuning_hyperparams/interaction_tuning/results/interaction_paper_v1/checkpoints/score__lH0p35__b0p01/recap/trial_0/model.pt
score__lH0p35__b0p01,score_loss,0,Reddit,0.6055193418331795,0.04677251906915646,"{""beta"": 0.01, ""knn_k"": 20, ""lambda_E"": 0.1, ""lambda_H"": 0.35, ""lambda_bal"": 0.01, ""num_clusters"": 28, ""num_hops"": 1, ""tau_s"": 0.05}",/autodl-fs/data/recap/tuning_hyperparams/interaction_tuning/results/interaction_paper_v1/checkpoints/score__lH0p35__b0p01/recap/trial_0/model.pt
score__lH0p35__b0p01,score_loss,0,Amazon,0.7050319433070455,0.12438919488174846,"{""beta"": 0.01, ""knn_k"": 20, ""lambda_E"": 0.1, ""lambda_H"": 0.35, ""lambda_bal"": 0.01, ""num_clusters"": 28, ""num_hops"": 1, ""tau_s"": 0.05}",/autodl-fs/data/recap/tuning_hyperparams/interaction_tuning/results/interaction_paper_v1/checkpoints/score__lH0p35__b0p01/recap/trial_0/model.pt
score__lH0p35__b0p01,score_loss,1,Facebook,0.5438636363636363,0.03519078734598506,"{""beta"": 0.01, ""knn_k"": 20, ""lambda_E"": 0.1, ""lambda_H"": 0.35, ""lambda_bal"": 0.01, ""num_clusters"": 28, ""num_hops"": 1, ""tau_s"": 0.05}",/autodl-fs/data/recap/tuning_hyperparams/interaction_tuning/results/interaction_paper_v1/checkpoints/score__lH0p35__b0p01/recap/trial_1/model.pt
score__lH0p35__b0p01,score_loss,1,cora,0.8332160542090175,0.35499959279600973,"{""beta"": 0.01, ""knn_k"": 20, ""lambda_E"": 0.1, ""lambda_H"": 0.35, ""lambda_bal"": 0.01, ""num_clusters"": 28, ""num_hops"": 1, ""tau_s"": 0.05}",/autodl-fs/data/recap/tuning_hyperparams/interaction_tuning/results/interaction_paper_v1/checkpoints/score__lH0p35__b0p01/recap/trial_1/model.pt
score__lH0p35__b0p01,score_loss,1,citeseer,0.8725306893295562,0.3449198100005223,"{""beta"": 0.01, ""knn_k"": 20, ""lambda_E"": 0.1, ""lambda_H"": 0.35, ""lambda_bal"": 0.01, ""num_clusters"": 28, ""num_hops"": 1, ""tau_s"": 0.05}",/autodl-fs/data/recap/tuning_hyperparams/interaction_tuning/results/interaction_paper_v1/checkpoints/score__lH0p35__b0p01/recap/trial_1/model.pt
score__lH0p35__b0p01,score_loss,1,ACM,0.8040263211527731,0.34895935144887735,"{""beta"": 0.01, ""knn_k"": 20, ""lambda_E"": 0.1, ""lambda_H"": 0.35, ""lambda_bal"": 0.01, ""num_clusters"": 28, ""num_hops"": 1, ""tau_s"": 0.05}",/autodl-fs/data/recap/tuning_hyperparams/interaction_tuning/results/interaction_paper_v1/checkpoints/score__lH0p35__b0p01/recap/trial_1/model.pt
score__lH0p35__b0p01,score_loss,1,BlogCatalog,0.721749387254902,0.32861640768439326,"{""beta"": 0.01, ""knn_k"": 20, ""lambda_E"": 0.1, ""lambda_H"": 0.35, ""lambda_bal"": 0.01, ""num_clusters"": 28, ""num_hops"": 1, ""tau_s"": 0.05}",/autodl-fs/data/recap/tuning_hyperparams/interaction_tuning/results/interaction_paper_v1/checkpoints/score__lH0p35__b0p01/recap/trial_1/model.pt
score__lH0p35__b0p01,score_loss,1,weibo,0.7004621287669005,0.29489357383591236,"{""beta"": 0.01, ""knn_k"": 20, ""lambda_E"": 0.1, ""lambda_H"": 0.35, ""lambda_bal"": 0.01, ""num_clusters"": 28, ""num_hops"": 1, ""tau_s"": 0.05}",/autodl-fs/data/recap/tuning_hyperparams/interaction_tuning/results/interaction_paper_v1/checkpoints/score__lH0p35__b0p01/recap/trial_1/model.pt
score__lH0p35__b0p01,score_loss,1,Reddit,0.6039967700996451,0.04565898049430232,"{""beta"": 0.01, ""knn_k"": 20, ""lambda_E"": 0.1, ""lambda_H"": 0.35, ""lambda_bal"": 0.01, ""num_clusters"": 28, ""num_hops"": 1, ""tau_s"": 0.05}",/autodl-fs/data/recap/tuning_hyperparams/interaction_tuning/results/interaction_paper_v1/checkpoints/score__lH0p35__b0p01/recap/trial_1/model.pt
score__lH0p35__b0p01,score_loss,1,Amazon,0.7192599890113267,0.1303126015672081,"{""beta"": 0.01, ""knn_k"": 20, ""lambda_E"": 0.1, ""lambda_H"": 0.35, ""lambda_bal"": 0.01, ""num_clusters"": 28, ""num_hops"": 1, ""tau_s"": 0.05}",/autodl-fs/data/recap/tuning_hyperparams/interaction_tuning/results/interaction_paper_v1/checkpoints/score__lH0p35__b0p01/recap/trial_1/model.pt
score__lH0p35__b0p01,score_loss,2,Facebook,0.5362121212121211,0.02907820376911878,"{""beta"": 0.01, ""knn_k"": 20, ""lambda_E"": 0.1, ""lambda_H"": 0.35, ""lambda_bal"": 0.01, ""num_clusters"": 28, ""num_hops"": 1, ""tau_s"": 0.05}",/autodl-fs/data/recap/tuning_hyperparams/interaction_tuning/results/interaction_paper_v1/checkpoints/score__lH0p35__b0p01/recap/trial_2/model.pt
score__lH0p35__b0p01,score_loss,2,cora,0.8262392494136045,0.33790577832494945,"{""beta"": 0.01, ""knn_k"": 20, ""lambda_E"": 0.1, ""lambda_H"": 0.35, ""lambda_bal"": 0.01, ""num_clusters"": 28, ""num_hops"": 1, ""tau_s"": 0.05}",/autodl-fs/data/recap/tuning_hyperparams/interaction_tuning/results/interaction_paper_v1/checkpoints/score__lH0p35__b0p01/recap/trial_2/model.pt
score__lH0p35__b0p01,score_loss,2,citeseer,0.8735998321267444,0.32233373376042423,"{""beta"": 0.01, ""knn_k"": 20, ""lambda_E"": 0.1, ""lambda_H"": 0.35, ""lambda_bal"": 0.01, ""num_clusters"": 28, ""num_hops"": 1, ""tau_s"": 0.05}",/autodl-fs/data/recap/tuning_hyperparams/interaction_tuning/results/interaction_paper_v1/checkpoints/score__lH0p35__b0p01/recap/trial_2/model.pt
score__lH0p35__b0p01,score_loss,2,ACM,0.8063520008721563,0.35415284392599466,"{""beta"": 0.01, ""knn_k"": 20, ""lambda_E"": 0.1, ""lambda_H"": 0.35, ""lambda_bal"": 0.01, ""num_clusters"": 28, ""num_hops"": 1, ""tau_s"": 0.05}",/autodl-fs/data/recap/tuning_hyperparams/interaction_tuning/results/interaction_paper_v1/checkpoints/score__lH0p35__b0p01/recap/trial_2/model.pt
score__lH0p35__b0p01,score_loss,2,BlogCatalog,0.727427151416122,0.33079899837917154,"{""beta"": 0.01, ""knn_k"": 20, ""lambda_E"": 0.1, ""lambda_H"": 0.35, ""lambda_bal"": 0.01, ""num_clusters"": 28, ""num_hops"": 1, ""tau_s"": 0.05}",/autodl-fs/data/recap/tuning_hyperparams/interaction_tuning/results/interaction_paper_v1/checkpoints/score__lH0p35__b0p01/recap/trial_2/model.pt
score__lH0p35__b0p01,score_loss,2,weibo,0.6953416906701135,0.2887390648846872,"{""beta"": 0.01, ""knn_k"": 20, ""lambda_E"": 0.1, ""lambda_H"": 0.35, ""lambda_bal"": 0.01, ""num_clusters"": 28, ""num_hops"": 1, ""tau_s"": 0.05}",/autodl-fs/data/recap/tuning_hyperparams/interaction_tuning/results/interaction_paper_v1/checkpoints/score__lH0p35__b0p01/recap/trial_2/model.pt
score__lH0p35__b0p01,score_loss,2,Reddit,0.602793019792146,0.045311042191364434,"{""beta"": 0.01, ""knn_k"": 20, ""lambda_E"": 0.1, ""lambda_H"": 0.35, ""lambda_bal"": 0.01, ""num_clusters"": 28, ""num_hops"": 1, ""tau_s"": 0.05}",/autodl-fs/data/recap/tuning_hyperparams/interaction_tuning/results/interaction_paper_v1/checkpoints/score__lH0p35__b0p01/recap/trial_2/model.pt
score__lH0p35__b0p01,score_loss,2,Amazon,0.7060445121509019,0.12564913969797156,"{""beta"": 0.01, ""knn_k"": 20, ""lambda_E"": 0.1, ""lambda_H"": 0.35, ""lambda_bal"": 0.01, ""num_clusters"": 28, ""num_hops"": 1, ""tau_s"": 0.05}",/autodl-fs/data/recap/tuning_hyperparams/interaction_tuning/results/interaction_paper_v1/checkpoints/score__lH0p35__b0p01/recap/trial_2/model.pt
score__lH0p5__b0,score_loss,0,Facebook,0.5570075757575758,0.035761989803757416,"{""beta"": 0, ""knn_k"": 20, ""lambda_E"": 0.1, ""lambda_H"": 0.5, ""lambda_bal"": 0.01, ""num_clusters"": 28, ""num_hops"": 1, ""tau_s"": 0.05}",/autodl-fs/data/recap/tuning_hyperparams/interaction_tuning/results/interaction_paper_v1/checkpoints/score__lH0p5__b0/recap/trial_0/model.pt
score__lH0p5__b0,score_loss,0,cora,0.8348605681522023,0.3706937661664894,"{""beta"": 0, ""knn_k"": 20, ""lambda_E"": 0.1, ""lambda_H"": 0.5, ""lambda_bal"": 0.01, ""num_clusters"": 28, ""num_hops"": 1, ""tau_s"": 0.05}",/autodl-fs/data/recap/tuning_hyperparams/interaction_tuning/results/interaction_paper_v1/checkpoints/score__lH0p5__b0/recap/trial_0/model.pt
score__lH0p5__b0,score_loss,0,citeseer,0.8713461336690799,0.31372984310926383,"{""beta"": 0, ""knn_k"": 20, ""lambda_E"": 0.1, ""lambda_H"": 0.5, ""lambda_bal"": 0.01, ""num_clusters"": 28, ""num_hops"": 1, ""tau_s"": 0.05}",/autodl-fs/data/recap/tuning_hyperparams/interaction_tuning/results/interaction_paper_v1/checkpoints/score__lH0p5__b0/recap/trial_0/model.pt
score__lH0p5__b0,score_loss,0,ACM,0.8071574169287511,0.35241257591364106,"{""beta"": 0, ""knn_k"": 20, ""lambda_E"": 0.1, ""lambda_H"": 0.5, ""lambda_bal"": 0.01, ""num_clusters"": 28, ""num_hops"": 1, ""tau_s"": 0.05}",/autodl-fs/data/recap/tuning_hyperparams/interaction_tuning/results/interaction_paper_v1/checkpoints/score__lH0p5__b0/recap/trial_0/model.pt
score__lH0p5__b0,score_loss,0,BlogCatalog,0.7202287581699346,0.3261487282626216,"{""beta"": 0, ""knn_k"": 20, ""lambda_E"": 0.1, ""lambda_H"": 0.5, ""lambda_bal"": 0.01, ""num_clusters"": 28, ""num_hops"": 1, ""tau_s"": 0.05}",/autodl-fs/data/recap/tuning_hyperparams/interaction_tuning/results/interaction_paper_v1/checkpoints/score__lH0p5__b0/recap/trial_0/model.pt
score__lH0p5__b0,score_loss,0,weibo,0.7042089287319271,0.2955526081744432,"{""beta"": 0, ""knn_k"": 20, ""lambda_E"": 0.1, ""lambda_H"": 0.5, ""lambda_bal"": 0.01, ""num_clusters"": 28, ""num_hops"": 1, ""tau_s"": 0.05}",/autodl-fs/data/recap/tuning_hyperparams/interaction_tuning/results/interaction_paper_v1/checkpoints/score__lH0p5__b0/recap/trial_0/model.pt
score__lH0p5__b0,score_loss,0,Reddit,0.6063147228080576,0.04716492198303545,"{""beta"": 0, ""knn_k"": 20, ""lambda_E"": 0.1, ""lambda_H"": 0.5, ""lambda_bal"": 0.01, ""num_clusters"": 28, ""num_hops"": 1, ""tau_s"": 0.05}",/autodl-fs/data/recap/tuning_hyperparams/interaction_tuning/results/interaction_paper_v1/checkpoints/score__lH0p5__b0/recap/trial_0/model.pt
score__lH0p5__b0,score_loss,0,Amazon,0.7159061575177408,0.12908574070515738,"{""beta"": 0, ""knn_k"": 20, ""lambda_E"": 0.1, ""lambda_H"": 0.5, ""lambda_bal"": 0.01, ""num_clusters"": 28, ""num_hops"": 1, ""tau_s"": 0.05}",/autodl-fs/data/recap/tuning_hyperparams/interaction_tuning/results/interaction_paper_v1/checkpoints/score__lH0p5__b0/recap/trial_0/model.pt
score__lH0p5__b0,score_loss,1,Facebook,0.5404545454545455,0.03694842385768535,"{""beta"": 0, ""knn_k"": 20, ""lambda_E"": 0.1, ""lambda_H"": 0.5, ""lambda_bal"": 0.01, ""num_clusters"": 28, ""num_hops"": 1, ""tau_s"": 0.05}",/autodl-fs/data/recap/tuning_hyperparams/interaction_tuning/results/interaction_paper_v1/checkpoints/score__lH0p5__b0/recap/trial_1/model.pt
score__lH0p5__b0,score_loss,1,cora,0.8393145686734428,0.3608358751120334,"{""beta"": 0, ""knn_k"": 20, ""lambda_E"": 0.1, ""lambda_H"": 0.5, ""lambda_bal"": 0.01, ""num_clusters"": 28, ""num_hops"": 1, ""tau_s"": 0.05}",/autodl-fs/data/recap/tuning_hyperparams/interaction_tuning/results/interaction_paper_v1/checkpoints/score__lH0p5__b0/recap/trial_1/model.pt
score__lH0p5__b0,score_loss,1,citeseer,0.8717007659217291,0.3337862916851739,"{""beta"": 0, ""knn_k"": 20, ""lambda_E"": 0.1, ""lambda_H"": 0.5, ""lambda_bal"": 0.01, ""num_clusters"": 28, ""num_hops"": 1, ""tau_s"": 0.05}",/autodl-fs/data/recap/tuning_hyperparams/interaction_tuning/results/interaction_paper_v1/checkpoints/score__lH0p5__b0/recap/trial_1/model.pt
score__lH0p5__b0,score_loss,1,ACM,0.8043117330214994,0.3500456642824603,"{""beta"": 0, ""knn_k"": 20, ""lambda_E"": 0.1, ""lambda_H"": 0.5, ""lambda_bal"": 0.01, ""num_clusters"": 28, ""num_hops"": 1, ""tau_s"": 0.05}",/autodl-fs/data/recap/tuning_hyperparams/interaction_tuning/results/interaction_paper_v1/checkpoints/score__lH0p5__b0/recap/trial_1/model.pt
score__lH0p5__b0,score_loss,1,BlogCatalog,0.7201947167755991,0.3314862792301342,"{""beta"": 0, ""knn_k"": 20, ""lambda_E"": 0.1, ""lambda_H"": 0.5, ""lambda_bal"": 0.01, ""num_clusters"": 28, ""num_hops"": 1, ""tau_s"": 0.05}",/autodl-fs/data/recap/tuning_hyperparams/interaction_tuning/results/interaction_paper_v1/checkpoints/score__lH0p5__b0/recap/trial_1/model.pt
score__lH0p5__b0,score_loss,1,weibo,0.693542655006423,0.2942567072236669,"{""beta"": 0, ""knn_k"": 20, ""lambda_E"": 0.1, ""lambda_H"": 0.5, ""lambda_bal"": 0.01, ""num_clusters"": 28, ""num_hops"": 1, ""tau_s"": 0.05}",/autodl-fs/data/recap/tuning_hyperparams/interaction_tuning/results/interaction_paper_v1/checkpoints/score__lH0p5__b0/recap/trial_1/model.pt
score__lH0p5__b0,score_loss,1,Reddit,0.6003639041652127,0.04583920894582872,"{""beta"": 0, ""knn_k"": 20, ""lambda_E"": 0.1, ""lambda_H"": 0.5, ""lambda_bal"": 0.01, ""num_clusters"": 28, ""num_hops"": 1, ""tau_s"": 0.05}",/autodl-fs/data/recap/tuning_hyperparams/interaction_tuning/results/interaction_paper_v1/checkpoints/score__lH0p5__b0/recap/trial_1/model.pt
score__lH0p5__b0,score_loss,1,Amazon,0.7281899135849405,0.13423248177551905,"{""beta"": 0, ""knn_k"": 20, ""lambda_E"": 0.1, ""lambda_H"": 0.5, ""lambda_bal"": 0.01, ""num_clusters"": 28, ""num_hops"": 1, ""tau_s"": 0.05}",/autodl-fs/data/recap/tuning_hyperparams/interaction_tuning/results/interaction_paper_v1/checkpoints/score__lH0p5__b0/recap/trial_1/model.pt
score__lH0p5__b0,score_loss,2,Facebook,0.5372348484848485,0.029234831423237455,"{""beta"": 0, ""knn_k"": 20, ""lambda_E"": 0.1, ""lambda_H"": 0.5, ""lambda_bal"": 0.01, ""num_clusters"": 28, ""num_hops"": 1, ""tau_s"": 0.05}",/autodl-fs/data/recap/tuning_hyperparams/interaction_tuning/results/interaction_paper_v1/checkpoints/score__lH0p5__b0/recap/trial_2/model.pt
score__lH0p5__b0,score_loss,2,cora,0.8269246807401616,0.3392575489155219,"{""beta"": 0, ""knn_k"": 20, ""lambda_E"": 0.1, ""lambda_H"": 0.5, ""lambda_bal"": 0.01, ""num_clusters"": 28, ""num_hops"": 1, ""tau_s"": 0.05}",/autodl-fs/data/recap/tuning_hyperparams/interaction_tuning/results/interaction_paper_v1/checkpoints/score__lH0p5__b0/recap/trial_2/model.pt
score__lH0p5__b0,score_loss,2,citeseer,0.873610324205225,0.32236700974732785,"{""beta"": 0, ""knn_k"": 20, ""lambda_E"": 0.1, ""lambda_H"": 0.5, ""lambda_bal"": 0.01, ""num_clusters"": 28, ""num_hops"": 1, ""tau_s"": 0.05}",/autodl-fs/data/recap/tuning_hyperparams/interaction_tuning/results/interaction_paper_v1/checkpoints/score__lH0p5__b0/recap/trial_2/model.pt
score__lH0p5__b0,score_loss,2,ACM,0.8067452197729379,0.35404343852296827,"{""beta"": 0, ""knn_k"": 20, ""lambda_E"": 0.1, ""lambda_H"": 0.5, ""lambda_bal"": 0.01, ""num_clusters"": 28, ""num_hops"": 1, ""tau_s"": 0.05}",/autodl-fs/data/recap/tuning_hyperparams/interaction_tuning/results/interaction_paper_v1/checkpoints/score__lH0p5__b0/recap/trial_2/model.pt
score__lH0p5__b0,score_loss,2,BlogCatalog,0.7269189133986929,0.3310020782379943,"{""beta"": 0, ""knn_k"": 20, ""lambda_E"": 0.1, ""lambda_H"": 0.5, ""lambda_bal"": 0.01, ""num_clusters"": 28, ""num_hops"": 1, ""tau_s"": 0.05}",/autodl-fs/data/recap/tuning_hyperparams/interaction_tuning/results/interaction_paper_v1/checkpoints/score__lH0p5__b0/recap/trial_2/model.pt
score__lH0p5__b0,score_loss,2,weibo,0.6886482905530871,0.2865903535314969,"{""beta"": 0, ""knn_k"": 20, ""lambda_E"": 0.1, ""lambda_H"": 0.5, ""lambda_bal"": 0.01, ""num_clusters"": 28, ""num_hops"": 1, ""tau_s"": 0.05}",/autodl-fs/data/recap/tuning_hyperparams/interaction_tuning/results/interaction_paper_v1/checkpoints/score__lH0p5__b0/recap/trial_2/model.pt
score__lH0p5__b0,score_loss,2,Reddit,0.6027580240585375,0.04532066987164863,"{""beta"": 0, ""knn_k"": 20, ""lambda_E"": 0.1, ""lambda_H"": 0.5, ""lambda_bal"": 0.01, ""num_clusters"": 28, ""num_hops"": 1, ""tau_s"": 0.05}",/autodl-fs/data/recap/tuning_hyperparams/interaction_tuning/results/interaction_paper_v1/checkpoints/score__lH0p5__b0/recap/trial_2/model.pt
score__lH0p5__b0,score_loss,2,Amazon,0.7062387594335973,0.125877396892899,"{""beta"": 0, ""knn_k"": 20, ""lambda_E"": 0.1, ""lambda_H"": 0.5, ""lambda_bal"": 0.01, ""num_clusters"": 28, ""num_hops"": 1, ""tau_s"": 0.05}",/autodl-fs/data/recap/tuning_hyperparams/interaction_tuning/results/interaction_paper_v1/checkpoints/score__lH0p5__b0/recap/trial_2/model.pt
score__lH0p5__b0p005,score_loss,0,Facebook,0.5567424242424243,0.03573901057637657,"{""beta"": 0.005, ""knn_k"": 20, ""lambda_E"": 0.1, ""lambda_H"": 0.5, ""lambda_bal"": 0.01, ""num_clusters"": 28, ""num_hops"": 1, ""tau_s"": 0.05}",/autodl-fs/data/recap/tuning_hyperparams/interaction_tuning/results/interaction_paper_v1/checkpoints/score__lH0p5__b0p005/recap/trial_0/model.pt
score__lH0p5__b0p005,score_loss,0,cora,0.8348709929632525,0.3706561105631077,"{""beta"": 0.005, ""knn_k"": 20, ""lambda_E"": 0.1, ""lambda_H"": 0.5, ""lambda_bal"": 0.01, ""num_clusters"": 28, ""num_hops"": 1, ""tau_s"": 0.05}",/autodl-fs/data/recap/tuning_hyperparams/interaction_tuning/results/interaction_paper_v1/checkpoints/score__lH0p5__b0p005/recap/trial_0/model.pt
score__lH0p5__b0p005,score_loss,0,citeseer,0.8713922988143952,0.31408747137023846,"{""beta"": 0.005, ""knn_k"": 20, ""lambda_E"": 0.1, ""lambda_H"": 0.5, ""lambda_bal"": 0.01, ""num_clusters"": 28, ""num_hops"": 1, ""tau_s"": 0.05}",/autodl-fs/data/recap/tuning_hyperparams/interaction_tuning/results/interaction_paper_v1/checkpoints/score__lH0p5__b0p005/recap/trial_0/model.pt
score__lH0p5__b0p005,score_loss,0,ACM,0.8070288392509114,0.352426903899034,"{""beta"": 0.005, ""knn_k"": 20, ""lambda_E"": 0.1, ""lambda_H"": 0.5, ""lambda_bal"": 0.01, ""num_clusters"": 28, ""num_hops"": 1, ""tau_s"": 0.05}",/autodl-fs/data/recap/tuning_hyperparams/interaction_tuning/results/interaction_paper_v1/checkpoints/score__lH0p5__b0p005/recap/trial_0/model.pt
score__lH0p5__b0p005,score_loss,0,BlogCatalog,0.7202910539215687,0.3261475856103295,"{""beta"": 0.005, ""knn_k"": 20, ""lambda_E"": 0.1, ""lambda_H"": 0.5, ""lambda_bal"": 0.01, ""num_clusters"": 28, ""num_hops"": 1, ""tau_s"": 0.05}",/autodl-fs/data/recap/tuning_hyperparams/interaction_tuning/results/interaction_paper_v1/checkpoints/score__lH0p5__b0p005/recap/trial_0/model.pt
score__lH0p5__b0p005,score_loss,0,weibo,0.704367975132205,0.2952760483977579,"{""beta"": 0.005, ""knn_k"": 20, ""lambda_E"": 0.1, ""lambda_H"": 0.5, ""lambda_bal"": 0.01, ""num_clusters"": 28, ""num_hops"": 1, ""tau_s"": 0.05}",/autodl-fs/data/recap/tuning_hyperparams/interaction_tuning/results/interaction_paper_v1/checkpoints/score__lH0p5__b0p005/recap/trial_0/model.pt
score__lH0p5__b0p005,score_loss,0,Reddit,0.6063826557027092,0.04716676744519159,"{""beta"": 0.005, ""knn_k"": 20, ""lambda_E"": 0.1, ""lambda_H"": 0.5, ""lambda_bal"": 0.01, ""num_clusters"": 28, ""num_hops"": 1, ""tau_s"": 0.05}",/autodl-fs/data/recap/tuning_hyperparams/interaction_tuning/results/interaction_paper_v1/checkpoints/score__lH0p5__b0p005/recap/trial_0/model.pt
score__lH0p5__b0p005,score_loss,0,Amazon,0.7159806467329287,0.12899060368286577,"{""beta"": 0.005, ""knn_k"": 20, ""lambda_E"": 0.1, ""lambda_H"": 0.5, ""lambda_bal"": 0.01, ""num_clusters"": 28, ""num_hops"": 1, ""tau_s"": 0.05}",/autodl-fs/data/recap/tuning_hyperparams/interaction_tuning/results/interaction_paper_v1/checkpoints/score__lH0p5__b0p005/recap/trial_0/model.pt
score__lH0p5__b0p005,score_loss,1,Facebook,0.5404545454545455,0.036954204980179935,"{""beta"": 0.005, ""knn_k"": 20, ""lambda_E"": 0.1, ""lambda_H"": 0.5, ""lambda_bal"": 0.01, ""num_clusters"": 28, ""num_hops"": 1, ""tau_s"": 0.05}",/autodl-fs/data/recap/tuning_hyperparams/interaction_tuning/results/interaction_paper_v1/checkpoints/score__lH0p5__b0p005/recap/trial_1/model.pt
score__lH0p5__b0p005,score_loss,1,cora,0.8394943966640604,0.3611011041598543,"{""beta"": 0.005, ""knn_k"": 20, ""lambda_E"": 0.1, ""lambda_H"": 0.5, ""lambda_bal"": 0.01, ""num_clusters"": 28, ""num_hops"": 1, ""tau_s"": 0.05}",/autodl-fs/data/recap/tuning_hyperparams/interaction_tuning/results/interaction_paper_v1/checkpoints/score__lH0p5__b0p005/recap/trial_1/model.pt
score__lH0p5__b0p005,score_loss,1,citeseer,0.871669289686287,0.33326447911795215,"{""beta"": 0.005, ""knn_k"": 20, ""lambda_E"": 0.1, ""lambda_H"": 0.5, ""lambda_bal"": 0.01, ""num_clusters"": 28, ""num_hops"": 1, ""tau_s"": 0.05}",/autodl-fs/data/recap/tuning_hyperparams/interaction_tuning/results/interaction_paper_v1/checkpoints/score__lH0p5__b0p005/recap/trial_1/model.pt
score__lH0p5__b0p005,score_loss,1,ACM,0.8040327526725337,0.3499808953206912,"{""beta"": 0.005, ""knn_k"": 20, ""lambda_E"": 0.1, ""lambda_H"": 0.5, ""lambda_bal"": 0.01, ""num_clusters"": 28, ""num_hops"": 1, ""tau_s"": 0.05}",/autodl-fs/data/recap/tuning_hyperparams/interaction_tuning/results/interaction_paper_v1/checkpoints/score__lH0p5__b0p005/recap/trial_1/model.pt
score__lH0p5__b0p005,score_loss,1,BlogCatalog,0.7199131944444446,0.33134529218670783,"{""beta"": 0.005, ""knn_k"": 20, ""lambda_E"": 0.1, ""lambda_H"": 0.5, ""lambda_bal"": 0.01, ""num_clusters"": 28, ""num_hops"": 1, ""tau_s"": 0.05}",/autodl-fs/data/recap/tuning_hyperparams/interaction_tuning/results/interaction_paper_v1/checkpoints/score__lH0p5__b0p005/recap/trial_1/model.pt
score__lH0p5__b0p005,score_loss,1,weibo,0.694568928462901,0.29443481863145987,"{""beta"": 0.005, ""knn_k"": 20, ""lambda_E"": 0.1, ""lambda_H"": 0.5, ""lambda_bal"": 0.01, ""num_clusters"": 28, ""num_hops"": 1, ""tau_s"": 0.05}",/autodl-fs/data/recap/tuning_hyperparams/interaction_tuning/results/interaction_paper_v1/checkpoints/score__lH0p5__b0p005/recap/trial_1/model.pt
score__lH0p5__b0p005,score_loss,1,Reddit,0.6003655767554219,0.04583699577334343,"{""beta"": 0.005, ""knn_k"": 20, ""lambda_E"": 0.1, ""lambda_H"": 0.5, ""lambda_bal"": 0.01, ""num_clusters"": 28, ""num_hops"": 1, ""tau_s"": 0.05}",/autodl-fs/data/recap/tuning_hyperparams/interaction_tuning/results/interaction_paper_v1/checkpoints/score__lH0p5__b0p005/recap/trial_1/model.pt
score__lH0p5__b0p005,score_loss,1,Amazon,0.7290607712389268,0.13434128179954288,"{""beta"": 0.005, ""knn_k"": 20, ""lambda_E"": 0.1, ""lambda_H"": 0.5, ""lambda_bal"": 0.01, ""num_clusters"": 28, ""num_hops"": 1, ""tau_s"": 0.05}",/autodl-fs/data/recap/tuning_hyperparams/interaction_tuning/results/interaction_paper_v1/checkpoints/score__lH0p5__b0p005/recap/trial_1/model.pt
score__lH0p5__b0p005,score_loss,2,Facebook,0.536969696969697,0.02919470310355942,"{""beta"": 0.005, ""knn_k"": 20, ""lambda_E"": 0.1, ""lambda_H"": 0.5, ""lambda_bal"": 0.01, ""num_clusters"": 28, ""num_hops"": 1, ""tau_s"": 0.05}",/autodl-fs/data/recap/tuning_hyperparams/interaction_tuning/results/interaction_paper_v1/checkpoints/score__lH0p5__b0p005/recap/trial_2/model.pt
score__lH0p5__b0p005,score_loss,2,cora,0.8269715923898878,0.3391243730026496,"{""beta"": 0.005, ""knn_k"": 20, ""lambda_E"": 0.1, ""lambda_H"": 0.5, ""lambda_bal"": 0.01, ""num_clusters"": 28, ""num_hops"": 1, ""tau_s"": 0.05}",/autodl-fs/data/recap/tuning_hyperparams/interaction_tuning/results/interaction_paper_v1/checkpoints/score__lH0p5__b0p005/recap/trial_2/model.pt
score__lH0p5__b0p005,score_loss,2,citeseer,0.8737404259783862,0.3226017529291775,"{""beta"": 0.005, ""knn_k"": 20, ""lambda_E"": 0.1, ""lambda_H"": 0.5, ""lambda_bal"": 0.01, ""num_clusters"": 28, ""num_hops"": 1, ""tau_s"": 0.05}",/autodl-fs/data/recap/tuning_hyperparams/interaction_tuning/results/interaction_paper_v1/checkpoints/score__lH0p5__b0p005/recap/trial_2/model.pt
score__lH0p5__b0p005,score_loss,2,ACM,0.8066267111137398,0.35401534853864386,"{""beta"": 0.005, ""knn_k"": 20, ""lambda_E"": 0.1, ""lambda_H"": 0.5, ""lambda_bal"": 0.01, ""num_clusters"": 28, ""num_hops"": 1, ""tau_s"": 0.05}",/autodl-fs/data/recap/tuning_hyperparams/interaction_tuning/results/interaction_paper_v1/checkpoints/score__lH0p5__b0p005/recap/trial_2/model.pt
score__lH0p5__b0p005,score_loss,2,BlogCatalog,0.7273216230936819,0.33106015710727843,"{""beta"": 0.005, ""knn_k"": 20, ""lambda_E"": 0.1, ""lambda_H"": 0.5, ""lambda_bal"": 0.01, ""num_clusters"": 28, ""num_hops"": 1, ""tau_s"": 0.05}",/autodl-fs/data/recap/tuning_hyperparams/interaction_tuning/results/interaction_paper_v1/checkpoints/score__lH0p5__b0p005/recap/trial_2/model.pt
score__lH0p5__b0p005,score_loss,2,weibo,0.6934313760257385,0.28745000140700655,"{""beta"": 0.005, ""knn_k"": 20, ""lambda_E"": 0.1, ""lambda_H"": 0.5, ""lambda_bal"": 0.01, ""num_clusters"": 28, ""num_hops"": 1, ""tau_s"": 0.05}",/autodl-fs/data/recap/tuning_hyperparams/interaction_tuning/results/interaction_paper_v1/checkpoints/score__lH0p5__b0p005/recap/trial_2/model.pt
score__lH0p5__b0p005,score_loss,2,Reddit,0.6026197137143133,0.045316668358026155,"{""beta"": 0.005, ""knn_k"": 20, ""lambda_E"": 0.1, ""lambda_H"": 0.5, ""lambda_bal"": 0.01, ""num_clusters"": 28, ""num_hops"": 1, ""tau_s"": 0.05}",/autodl-fs/data/recap/tuning_hyperparams/interaction_tuning/results/interaction_paper_v1/checkpoints/score__lH0p5__b0p005/recap/trial_2/model.pt
score__lH0p5__b0p005,score_loss,2,Amazon,0.7063258906192491,0.12575440940512922,"{""beta"": 0.005, ""knn_k"": 20, ""lambda_E"": 0.1, ""lambda_H"": 0.5, ""lambda_bal"": 0.01, ""num_clusters"": 28, ""num_hops"": 1, ""tau_s"": 0.05}",/autodl-fs/data/recap/tuning_hyperparams/interaction_tuning/results/interaction_paper_v1/checkpoints/score__lH0p5__b0p005/recap/trial_2/model.pt
score__lH0p5__b0p01,score_loss,0,Facebook,0.556969696969697,0.03577591322115488,"{""beta"": 0.01, ""knn_k"": 20, ""lambda_E"": 0.1, ""lambda_H"": 0.5, ""lambda_bal"": 0.01, ""num_clusters"": 28, ""num_hops"": 1, ""tau_s"": 0.05}",/autodl-fs/data/recap/tuning_hyperparams/interaction_tuning/results/interaction_paper_v1/checkpoints/score__lH0p5__b0p01/recap/trial_0/model.pt
score__lH0p5__b0p01,score_loss,0,cora,0.8348292937190512,0.37060668770165234,"{""beta"": 0.01, ""knn_k"": 20, ""lambda_E"": 0.1, ""lambda_H"": 0.5, ""lambda_bal"": 0.01, ""num_clusters"": 28, ""num_hops"": 1, ""tau_s"": 0.05}",/autodl-fs/data/recap/tuning_hyperparams/interaction_tuning/results/interaction_paper_v1/checkpoints/score__lH0p5__b0p01/recap/trial_0/model.pt
score__lH0p5__b0p01,score_loss,0,citeseer,0.8714153813870528,0.3142491072140367,"{""beta"": 0.01, ""knn_k"": 20, ""lambda_E"": 0.1, ""lambda_H"": 0.5, ""lambda_bal"": 0.01, ""num_clusters"": 28, ""num_hops"": 1, ""tau_s"": 0.05}",/autodl-fs/data/recap/tuning_hyperparams/interaction_tuning/results/interaction_paper_v1/checkpoints/score__lH0p5__b0p01/recap/trial_0/model.pt
score__lH0p5__b0p01,score_loss,0,ACM,0.8068667860398908,0.35230456801959,"{""beta"": 0.01, ""knn_k"": 20, ""lambda_E"": 0.1, ""lambda_H"": 0.5, ""lambda_bal"": 0.01, ""num_clusters"": 28, ""num_hops"": 1, ""tau_s"": 0.05}",/autodl-fs/data/recap/tuning_hyperparams/interaction_tuning/results/interaction_paper_v1/checkpoints/score__lH0p5__b0p01/recap/trial_0/model.pt
score__lH0p5__b0p01,score_loss,0,BlogCatalog,0.7203329248366014,0.32613418103913683,"{""beta"": 0.01, ""knn_k"": 20, ""lambda_E"": 0.1, ""lambda_H"": 0.5, ""lambda_bal"": 0.01, ""num_clusters"": 28, ""num_hops"": 1, ""tau_s"": 0.05}",/autodl-fs/data/recap/tuning_hyperparams/interaction_tuning/results/interaction_paper_v1/checkpoints/score__lH0p5__b0p01/recap/trial_0/model.pt
score__lH0p5__b0p01,score_loss,0,weibo,0.7047509551955361,0.295073693108588,"{""beta"": 0.01, ""knn_k"": 20, ""lambda_E"": 0.1, ""lambda_H"": 0.5, ""lambda_bal"": 0.01, ""num_clusters"": 28, ""num_hops"": 1, ""tau_s"": 0.05}",/autodl-fs/data/recap/tuning_hyperparams/interaction_tuning/results/interaction_paper_v1/checkpoints/score__lH0p5__b0p01/recap/trial_0/model.pt
score__lH0p5__b0p01,score_loss,0,Reddit,0.6063665731045437,0.04717091165020551,"{""beta"": 0.01, ""knn_k"": 20, ""lambda_E"": 0.1, ""lambda_H"": 0.5, ""lambda_bal"": 0.01, ""num_clusters"": 28, ""num_hops"": 1, ""tau_s"": 0.05}",/autodl-fs/data/recap/tuning_hyperparams/interaction_tuning/results/interaction_paper_v1/checkpoints/score__lH0p5__b0p01/recap/trial_0/model.pt
score__lH0p5__b0p01,score_loss,0,Amazon,0.7160201623531809,0.12889057368138274,"{""beta"": 0.01, ""knn_k"": 20, ""lambda_E"": 0.1, ""lambda_H"": 0.5, ""lambda_bal"": 0.01, ""num_clusters"": 28, ""num_hops"": 1, ""tau_s"": 0.05}",/autodl-fs/data/recap/tuning_hyperparams/interaction_tuning/results/interaction_paper_v1/checkpoints/score__lH0p5__b0p01/recap/trial_0/model.pt
score__lH0p5__b0p01,score_loss,1,Facebook,0.5402651515151515,0.036940176319186495,"{""beta"": 0.01, ""knn_k"": 20, ""lambda_E"": 0.1, ""lambda_H"": 0.5, ""lambda_bal"": 0.01, ""num_clusters"": 28, ""num_hops"": 1, ""tau_s"": 0.05}",/autodl-fs/data/recap/tuning_hyperparams/interaction_tuning/results/interaction_paper_v1/checkpoints/score__lH0p5__b0p01/recap/trial_1/model.pt
score__lH0p5__b0p01,score_loss,1,cora,0.8396090695856139,0.3612667224479765,"{""beta"": 0.01, ""knn_k"": 20, ""lambda_E"": 0.1, ""lambda_H"": 0.5, ""lambda_bal"": 0.01, ""num_clusters"": 28, ""num_hops"": 1, ""tau_s"": 0.05}",/autodl-fs/data/recap/tuning_hyperparams/interaction_tuning/results/interaction_paper_v1/checkpoints/score__lH0p5__b0p01/recap/trial_1/model.pt
score__lH0p5__b0p01,score_loss,1,citeseer,0.8716923722589445,0.3325609290221984,"{""beta"": 0.01, ""knn_k"": 20, ""lambda_E"": 0.1, ""lambda_H"": 0.5, ""lambda_bal"": 0.01, ""num_clusters"": 28, ""num_hops"": 1, ""tau_s"": 0.05}",/autodl-fs/data/recap/tuning_hyperparams/interaction_tuning/results/interaction_paper_v1/checkpoints/score__lH0p5__b0p01/recap/trial_1/model.pt
score__lH0p5__b0p01,score_loss,1,ACM,0.8038729135912668,0.34974318010474204,"{""beta"": 0.01, ""knn_k"": 20, ""lambda_E"": 0.1, ""lambda_H"": 0.5, ""lambda_bal"": 0.01, ""num_clusters"": 28, ""num_hops"": 1, ""tau_s"": 0.05}",/autodl-fs/data/recap/tuning_hyperparams/interaction_tuning/results/interaction_paper_v1/checkpoints/score__lH0p5__b0p01/recap/trial_1/model.pt
score__lH0p5__b0p01,score_loss,1,BlogCatalog,0.719796772875817,0.3311989189410356,"{""beta"": 0.01, ""knn_k"": 20, ""lambda_E"": 0.1, ""lambda_H"": 0.5, ""lambda_bal"": 0.01, ""num_clusters"": 28, ""num_hops"": 1, ""tau_s"": 0.05}",/autodl-fs/data/recap/tuning_hyperparams/interaction_tuning/results/interaction_paper_v1/checkpoints/score__lH0p5__b0p01/recap/trial_1/model.pt
score__lH0p5__b0p01,score_loss,1,weibo,0.6951084328067555,0.29459158779652017,"{""beta"": 0.01, ""knn_k"": 20, ""lambda_E"": 0.1, ""lambda_H"": 0.5, ""lambda_bal"": 0.01, ""num_clusters"": 28, ""num_hops"": 1, ""tau_s"": 0.05}",/autodl-fs/data/recap/tuning_hyperparams/interaction_tuning/results/interaction_paper_v1/checkpoints/score__lH0p5__b0p01/recap/trial_1/model.pt
score__lH0p5__b0p01,score_loss,1,Reddit,0.6003991572203918,0.04583940861080303,"{""beta"": 0.01, ""knn_k"": 20, ""lambda_E"": 0.1, ""lambda_H"": 0.5, ""lambda_bal"": 0.01, ""num_clusters"": 28, ""num_hops"": 1, ""tau_s"": 0.05}",/autodl-fs/data/recap/tuning_hyperparams/interaction_tuning/results/interaction_paper_v1/checkpoints/score__lH0p5__b0p01/recap/trial_1/model.pt
score__lH0p5__b0p01,score_loss,1,Amazon,0.729893173078568,0.13443618209587205,"{""beta"": 0.01, ""knn_k"": 20, ""lambda_E"": 0.1, ""lambda_H"": 0.5, ""lambda_bal"": 0.01, ""num_clusters"": 28, ""num_hops"": 1, ""tau_s"": 0.05}",/autodl-fs/data/recap/tuning_hyperparams/interaction_tuning/results/interaction_paper_v1/checkpoints/score__lH0p5__b0p01/recap/trial_1/model.pt
score__lH0p5__b0p01,score_loss,2,Facebook,0.536628787878788,0.029172983806041212,"{""beta"": 0.01, ""knn_k"": 20, ""lambda_E"": 0.1, ""lambda_H"": 0.5, ""lambda_bal"": 0.01, ""num_clusters"": 28, ""num_hops"": 1, ""tau_s"": 0.05}",/autodl-fs/data/recap/tuning_hyperparams/interaction_tuning/results/interaction_paper_v1/checkpoints/score__lH0p5__b0p01/recap/trial_2/model.pt
score__lH0p5__b0p01,score_loss,2,cora,0.8269116497263487,0.3392867459164749,"{""beta"": 0.01, ""knn_k"": 20, ""lambda_E"": 0.1, ""lambda_H"": 0.5, ""lambda_bal"": 0.01, ""num_clusters"": 28, ""num_hops"": 1, ""tau_s"": 0.05}",/autodl-fs/data/recap/tuning_hyperparams/interaction_tuning/results/interaction_paper_v1/checkpoints/score__lH0p5__b0p01/recap/trial_2/model.pt
score__lH0p5__b0p01,score_loss,2,citeseer,0.873960759626482,0.3237493642777822,"{""beta"": 0.01, ""knn_k"": 20, ""lambda_E"": 0.1, ""lambda_H"": 0.5, ""lambda_bal"": 0.01, ""num_clusters"": 28, ""num_hops"": 1, ""tau_s"": 0.05}",/autodl-fs/data/recap/tuning_hyperparams/interaction_tuning/results/interaction_paper_v1/checkpoints/score__lH0p5__b0p01/recap/trial_2/model.pt
score__lH0p5__b0p01,score_loss,2,ACM,0.8065038269124098,0.3540405632988316,"{""beta"": 0.01, ""knn_k"": 20, ""lambda_E"": 0.1, ""lambda_H"": 0.5, ""lambda_bal"": 0.01, ""num_clusters"": 28, ""num_hops"": 1, ""tau_s"": 0.05}",/autodl-fs/data/recap/tuning_hyperparams/interaction_tuning/results/interaction_paper_v1/checkpoints/score__lH0p5__b0p01/recap/trial_2/model.pt
score__lH0p5__b0p01,score_loss,2,BlogCatalog,0.7277018654684096,0.3310349403461219,"{""beta"": 0.01, ""knn_k"": 20, ""lambda_E"": 0.1, ""lambda_H"": 0.5, ""lambda_bal"": 0.01, ""num_clusters"": 28, ""num_hops"": 1, ""tau_s"": 0.05}",/autodl-fs/data/recap/tuning_hyperparams/interaction_tuning/results/interaction_paper_v1/checkpoints/score__lH0p5__b0p01/recap/trial_2/model.pt
score__lH0p5__b0p01,score_loss,2,weibo,0.6953915980701045,0.2876645698331494,"{""beta"": 0.01, ""knn_k"": 20, ""lambda_E"": 0.1, ""lambda_H"": 0.5, ""lambda_bal"": 0.01, ""num_clusters"": 28, ""num_hops"": 1, ""tau_s"": 0.05}",/autodl-fs/data/recap/tuning_hyperparams/interaction_tuning/results/interaction_paper_v1/checkpoints/score__lH0p5__b0p01/recap/trial_2/model.pt
score__lH0p5__b0p01,score_loss,2,Reddit,0.6026042744200744,0.04531763781351578,"{""beta"": 0.01, ""knn_k"": 20, ""lambda_E"": 0.1, ""lambda_H"": 0.5, ""lambda_bal"": 0.01, ""num_clusters"": 28, ""num_hops"": 1, ""tau_s"": 0.05}",/autodl-fs/data/recap/tuning_hyperparams/interaction_tuning/results/interaction_paper_v1/checkpoints/score__lH0p5__b0p01/recap/trial_2/model.pt
score__lH0p5__b0p01,score_loss,2,Amazon,0.7064177152310612,0.12571497712533825,"{""beta"": 0.01, ""knn_k"": 20, ""lambda_E"": 0.1, ""lambda_H"": 0.5, ""lambda_bal"": 0.01, ""num_clusters"": 28, ""num_hops"": 1, ""tau_s"": 0.05}",/autodl-fs/data/recap/tuning_hyperparams/interaction_tuning/results/interaction_paper_v1/checkpoints/score__lH0p5__b0p01/recap/trial_2/model.pt
score__lH0p8__b0,score_loss,0,Facebook,0.6753409090909092,0.07667726280477721,"{""beta"": 0, ""knn_k"": 20, ""lambda_E"": 0.1, ""lambda_H"": 0.8, ""lambda_bal"": 0.01, ""num_clusters"": 28, ""num_hops"": 1, ""tau_s"": 0.05}",/autodl-fs/data/recap/tuning_hyperparams/interaction_tuning/results/interaction_paper_v1/checkpoints/score__lH0p8__b0/recap/trial_0/model.pt
score__lH0p8__b0,score_loss,0,cora,0.6497524107375554,0.09379986663643466,"{""beta"": 0, ""knn_k"": 20, ""lambda_E"": 0.1, ""lambda_H"": 0.8, ""lambda_bal"": 0.01, ""num_clusters"": 28, ""num_hops"": 1, ""tau_s"": 0.05}",/autodl-fs/data/recap/tuning_hyperparams/interaction_tuning/results/interaction_paper_v1/checkpoints/score__lH0p8__b0/recap/trial_0/model.pt
score__lH0p8__b0,score_loss,0,citeseer,0.6862490819431329,0.1525668316743837,"{""beta"": 0, ""knn_k"": 20, ""lambda_E"": 0.1, ""lambda_H"": 0.8, ""lambda_bal"": 0.01, ""num_clusters"": 28, ""num_hops"": 1, ""tau_s"": 0.05}",/autodl-fs/data/recap/tuning_hyperparams/interaction_tuning/results/interaction_paper_v1/checkpoints/score__lH0p8__b0/recap/trial_0/model.pt
score__lH0p8__b0,score_loss,0,ACM,0.7293225848931614,0.2776144923100329,"{""beta"": 0, ""knn_k"": 20, ""lambda_E"": 0.1, ""lambda_H"": 0.8, ""lambda_bal"": 0.01, ""num_clusters"": 28, ""num_hops"": 1, ""tau_s"": 0.05}",/autodl-fs/data/recap/tuning_hyperparams/interaction_tuning/results/interaction_paper_v1/checkpoints/score__lH0p8__b0/recap/trial_0/model.pt
score__lH0p8__b0,score_loss,0,BlogCatalog,0.7081035539215685,0.3066030637307895,"{""beta"": 0, ""knn_k"": 20, ""lambda_E"": 0.1, ""lambda_H"": 0.8, ""lambda_bal"": 0.01, ""num_clusters"": 28, ""num_hops"": 1, ""tau_s"": 0.05}",/autodl-fs/data/recap/tuning_hyperparams/interaction_tuning/results/interaction_paper_v1/checkpoints/score__lH0p8__b0/recap/trial_0/model.pt
score__lH0p8__b0,score_loss,0,weibo,0.7295427045316837,0.3057481815513075,"{""beta"": 0, ""knn_k"": 20, ""lambda_E"": 0.1, ""lambda_H"": 0.8, ""lambda_bal"": 0.01, ""num_clusters"": 28, ""num_hops"": 1, ""tau_s"": 0.05}",/autodl-fs/data/recap/tuning_hyperparams/interaction_tuning/results/interaction_paper_v1/checkpoints/score__lH0p8__b0/recap/trial_0/model.pt
score__lH0p8__b0,score_loss,0,Reddit,0.5507345501555767,0.03787887318736485,"{""beta"": 0, ""knn_k"": 20, ""lambda_E"": 0.1, ""lambda_H"": 0.8, ""lambda_bal"": 0.01, ""num_clusters"": 28, ""num_hops"": 1, ""tau_s"": 0.05}",/autodl-fs/data/recap/tuning_hyperparams/interaction_tuning/results/interaction_paper_v1/checkpoints/score__lH0p8__b0/recap/trial_0/model.pt
score__lH0p8__b0,score_loss,0,Amazon,0.5605941756398162,0.08663841066584091,"{""beta"": 0, ""knn_k"": 20, ""lambda_E"": 0.1, ""lambda_H"": 0.8, ""lambda_bal"": 0.01, ""num_clusters"": 28, ""num_hops"": 1, ""tau_s"": 0.05}",/autodl-fs/data/recap/tuning_hyperparams/interaction_tuning/results/interaction_paper_v1/checkpoints/score__lH0p8__b0/recap/trial_0/model.pt
score__lH0p8__b0,score_loss,1,Facebook,0.5565151515151515,0.03536097548719119,"{""beta"": 0, ""knn_k"": 20, ""lambda_E"": 0.1, ""lambda_H"": 0.8, ""lambda_bal"": 0.01, ""num_clusters"": 28, ""num_hops"": 1, ""tau_s"": 0.05}",/autodl-fs/data/recap/tuning_hyperparams/interaction_tuning/results/interaction_paper_v1/checkpoints/score__lH0p8__b0/recap/trial_1/model.pt
score__lH0p8__b0,score_loss,1,cora,0.6047875944748502,0.10649165975281438,"{""beta"": 0, ""knn_k"": 20, ""lambda_E"": 0.1, ""lambda_H"": 0.8, ""lambda_bal"": 0.01, ""num_clusters"": 28, ""num_hops"": 1, ""tau_s"": 0.05}",/autodl-fs/data/recap/tuning_hyperparams/interaction_tuning/results/interaction_paper_v1/checkpoints/score__lH0p8__b0/recap/trial_1/model.pt
score__lH0p8__b0,score_loss,1,citeseer,0.6711929493232609,0.10174113549770467,"{""beta"": 0, ""knn_k"": 20, ""lambda_E"": 0.1, ""lambda_H"": 0.8, ""lambda_bal"": 0.01, ""num_clusters"": 28, ""num_hops"": 1, ""tau_s"": 0.05}",/autodl-fs/data/recap/tuning_hyperparams/interaction_tuning/results/interaction_paper_v1/checkpoints/score__lH0p8__b0/recap/trial_1/model.pt
score__lH0p8__b0,score_loss,1,ACM,0.7120211114108973,0.2633991305591765,"{""beta"": 0, ""knn_k"": 20, ""lambda_E"": 0.1, ""lambda_H"": 0.8, ""lambda_bal"": 0.01, ""num_clusters"": 28, ""num_hops"": 1, ""tau_s"": 0.05}",/autodl-fs/data/recap/tuning_hyperparams/interaction_tuning/results/interaction_paper_v1/checkpoints/score__lH0p8__b0/recap/trial_1/model.pt
score__lH0p8__b0,score_loss,1,BlogCatalog,0.7158558006535948,0.29637655757473924,"{""beta"": 0, ""knn_k"": 20, ""lambda_E"": 0.1, ""lambda_H"": 0.8, ""lambda_bal"": 0.01, ""num_clusters"": 28, ""num_hops"": 1, ""tau_s"": 0.05}",/autodl-fs/data/recap/tuning_hyperparams/interaction_tuning/results/interaction_paper_v1/checkpoints/score__lH0p8__b0/recap/trial_1/model.pt
score__lH0p8__b0,score_loss,1,weibo,0.7249725471086114,0.3104734385519101,"{""beta"": 0, ""knn_k"": 20, ""lambda_E"": 0.1, ""lambda_H"": 0.8, ""lambda_bal"": 0.01, ""num_clusters"": 28, ""num_hops"": 1, ""tau_s"": 0.05}",/autodl-fs/data/recap/tuning_hyperparams/interaction_tuning/results/interaction_paper_v1/checkpoints/score__lH0p8__b0/recap/trial_1/model.pt
score__lH0p8__b0,score_loss,1,Reddit,0.5385749479953106,0.044090651673240853,"{""beta"": 0, ""knn_k"": 20, ""lambda_E"": 0.1, ""lambda_H"": 0.8, ""lambda_bal"": 0.01, ""num_clusters"": 28, ""num_hops"": 1, ""tau_s"": 0.05}",/autodl-fs/data/recap/tuning_hyperparams/interaction_tuning/results/interaction_paper_v1/checkpoints/score__lH0p8__b0/recap/trial_1/model.pt
score__lH0p8__b0,score_loss,1,Amazon,0.5204450942568664,0.08296374714215296,"{""beta"": 0, ""knn_k"": 20, ""lambda_E"": 0.1, ""lambda_H"": 0.8, ""lambda_bal"": 0.01, ""num_clusters"": 28, ""num_hops"": 1, ""tau_s"": 0.05}",/autodl-fs/data/recap/tuning_hyperparams/interaction_tuning/results/interaction_paper_v1/checkpoints/score__lH0p8__b0/recap/trial_1/model.pt
score__lH0p8__b0,score_loss,2,Facebook,0.5121212121212122,0.027268617954836073,"{""beta"": 0, ""knn_k"": 20, ""lambda_E"": 0.1, ""lambda_H"": 0.8, ""lambda_bal"": 0.01, ""num_clusters"": 28, ""num_hops"": 1, ""tau_s"": 0.05}",/autodl-fs/data/recap/tuning_hyperparams/interaction_tuning/results/interaction_paper_v1/checkpoints/score__lH0p8__b0/recap/trial_2/model.pt
score__lH0p8__b0,score_loss,2,cora,0.6417409434454001,0.10237362708244256,"{""beta"": 0, ""knn_k"": 20, ""lambda_E"": 0.1, ""lambda_H"": 0.8, ""lambda_bal"": 0.01, ""num_clusters"": 28, ""num_hops"": 1, ""tau_s"": 0.05}",/autodl-fs/data/recap/tuning_hyperparams/interaction_tuning/results/interaction_paper_v1/checkpoints/score__lH0p8__b0/recap/trial_2/model.pt
score__lH0p8__b0,score_loss,2,citeseer,0.6698709474346869,0.1366943798893307,"{""beta"": 0, ""knn_k"": 20, ""lambda_E"": 0.1, ""lambda_H"": 0.8, ""lambda_bal"": 0.01, ""num_clusters"": 28, ""num_hops"": 1, ""tau_s"": 0.05}",/autodl-fs/data/recap/tuning_hyperparams/interaction_tuning/results/interaction_paper_v1/checkpoints/score__lH0p8__b0/recap/trial_2/model.pt
score__lH0p8__b0,score_loss,2,ACM,0.7177025156415089,0.2628122526582345,"{""beta"": 0, ""knn_k"": 20, ""lambda_E"": 0.1, ""lambda_H"": 0.8, ""lambda_bal"": 0.01, ""num_clusters"": 28, ""num_hops"": 1, ""tau_s"": 0.05}",/autodl-fs/data/recap/tuning_hyperparams/interaction_tuning/results/interaction_paper_v1/checkpoints/score__lH0p8__b0/recap/trial_2/model.pt
score__lH0p8__b0,score_loss,2,BlogCatalog,0.7157935049019608,0.28245416131454404,"{""beta"": 0, ""knn_k"": 20, ""lambda_E"": 0.1, ""lambda_H"": 0.8, ""lambda_bal"": 0.01, ""num_clusters"": 28, ""num_hops"": 1, ""tau_s"": 0.05}",/autodl-fs/data/recap/tuning_hyperparams/interaction_tuning/results/interaction_paper_v1/checkpoints/score__lH0p8__b0/recap/trial_2/model.pt
score__lH0p8__b0,score_loss,2,weibo,0.7266930149205548,0.22854122498944596,"{""beta"": 0, ""knn_k"": 20, ""lambda_E"": 0.1, ""lambda_H"": 0.8, ""lambda_bal"": 0.01, ""num_clusters"": 28, ""num_hops"": 1, ""tau_s"": 0.05}",/autodl-fs/data/recap/tuning_hyperparams/interaction_tuning/results/interaction_paper_v1/checkpoints/score__lH0p8__b0/recap/trial_2/model.pt
score__lH0p8__b0,score_loss,2,Reddit,0.6026113507632672,0.04665211420493447,"{""beta"": 0, ""knn_k"": 20, ""lambda_E"": 0.1, ""lambda_H"": 0.8, ""lambda_bal"": 0.01, ""num_clusters"": 28, ""num_hops"": 1, ""tau_s"": 0.05}",/autodl-fs/data/recap/tuning_hyperparams/interaction_tuning/results/interaction_paper_v1/checkpoints/score__lH0p8__b0/recap/trial_2/model.pt
score__lH0p8__b0,score_loss,2,Amazon,0.5530871161969683,0.08135262486182263,"{""beta"": 0, ""knn_k"": 20, ""lambda_E"": 0.1, ""lambda_H"": 0.8, ""lambda_bal"": 0.01, ""num_clusters"": 28, ""num_hops"": 1, ""tau_s"": 0.05}",/autodl-fs/data/recap/tuning_hyperparams/interaction_tuning/results/interaction_paper_v1/checkpoints/score__lH0p8__b0/recap/trial_2/model.pt
score__lH0p8__b0p005,score_loss,0,Facebook,0.675530303030303,0.07665077524049188,"{""beta"": 0.005, ""knn_k"": 20, ""lambda_E"": 0.1, ""lambda_H"": 0.8, ""lambda_bal"": 0.01, ""num_clusters"": 28, ""num_hops"": 1, ""tau_s"": 0.05}",/autodl-fs/data/recap/tuning_hyperparams/interaction_tuning/results/interaction_paper_v1/checkpoints/score__lH0p8__b0p005/recap/trial_0/model.pt
score__lH0p8__b0p005,score_loss,0,cora,0.6491634089132134,0.09376782385487376,"{""beta"": 0.005, ""knn_k"": 20, ""lambda_E"": 0.1, ""lambda_H"": 0.8, ""lambda_bal"": 0.01, ""num_clusters"": 28, ""num_hops"": 1, ""tau_s"": 0.05}",/autodl-fs/data/recap/tuning_hyperparams/interaction_tuning/results/interaction_paper_v1/checkpoints/score__lH0p8__b0p005/recap/trial_0/model.pt
score__lH0p8__b0p005,score_loss,0,citeseer,0.6859385164201028,0.15252209457147123,"{""beta"": 0.005, ""knn_k"": 20, ""lambda_E"": 0.1, ""lambda_H"": 0.8, ""lambda_bal"": 0.01, ""num_clusters"": 28, ""num_hops"": 1, ""tau_s"": 0.05}",/autodl-fs/data/recap/tuning_hyperparams/interaction_tuning/results/interaction_paper_v1/checkpoints/score__lH0p8__b0p005/recap/trial_0/model.pt
score__lH0p8__b0p005,score_loss,0,ACM,0.7271197893751083,0.27773646202984553,"{""beta"": 0.005, ""knn_k"": 20, ""lambda_E"": 0.1, ""lambda_H"": 0.8, ""lambda_bal"": 0.01, ""num_clusters"": 28, ""num_hops"": 1, ""tau_s"": 0.05}",/autodl-fs/data/recap/tuning_hyperparams/interaction_tuning/results/interaction_paper_v1/checkpoints/score__lH0p8__b0p005/recap/trial_0/model.pt
score__lH0p8__b0p005,score_loss,0,BlogCatalog,0.7039739923747277,0.3059988155538332,"{""beta"": 0.005, ""knn_k"": 20, ""lambda_E"": 0.1, ""lambda_H"": 0.8, ""lambda_bal"": 0.01, ""num_clusters"": 28, ""num_hops"": 1, ""tau_s"": 0.05}",/autodl-fs/data/recap/tuning_hyperparams/interaction_tuning/results/interaction_paper_v1/checkpoints/score__lH0p8__b0p005/recap/trial_0/model.pt
score__lH0p8__b0p005,score_loss,0,weibo,0.7809699491724085,0.31536491460860133,"{""beta"": 0.005, ""knn_k"": 20, ""lambda_E"": 0.1, ""lambda_H"": 0.8, ""lambda_bal"": 0.01, ""num_clusters"": 28, ""num_hops"": 1, ""tau_s"": 0.05}",/autodl-fs/data/recap/tuning_hyperparams/interaction_tuning/results/interaction_paper_v1/checkpoints/score__lH0p8__b0p005/recap/trial_0/model.pt
score__lH0p8__b0p005,score_loss,0,Reddit,0.5509328164257622,0.037963891919802074,"{""beta"": 0.005, ""knn_k"": 20, ""lambda_E"": 0.1, ""lambda_H"": 0.8, ""lambda_bal"": 0.01, ""num_clusters"": 28, ""num_hops"": 1, ""tau_s"": 0.05}",/autodl-fs/data/recap/tuning_hyperparams/interaction_tuning/results/interaction_paper_v1/checkpoints/score__lH0p8__b0p005/recap/trial_0/model.pt
score__lH0p8__b0p005,score_loss,0,Amazon,0.5614096205849433,0.08694997848153599,"{""beta"": 0.005, ""knn_k"": 20, ""lambda_E"": 0.1, ""lambda_H"": 0.8, ""lambda_bal"": 0.01, ""num_clusters"": 28, ""num_hops"": 1, ""tau_s"": 0.05}",/autodl-fs/data/recap/tuning_hyperparams/interaction_tuning/results/interaction_paper_v1/checkpoints/score__lH0p8__b0p005/recap/trial_0/model.pt
score__lH0p8__b0p005,score_loss,1,Facebook,0.5565530303030303,0.03531789293897175,"{""beta"": 0.005, ""knn_k"": 20, ""lambda_E"": 0.1, ""lambda_H"": 0.8, ""lambda_bal"": 0.01, ""num_clusters"": 28, ""num_hops"": 1, ""tau_s"": 0.05}",/autodl-fs/data/recap/tuning_hyperparams/interaction_tuning/results/interaction_paper_v1/checkpoints/score__lH0p8__b0p005/recap/trial_1/model.pt
score__lH0p8__b0p005,score_loss,1,cora,0.6052306489444879,0.10677236170226975,"{""beta"": 0.005, ""knn_k"": 20, ""lambda_E"": 0.1, ""lambda_H"": 0.8, ""lambda_bal"": 0.01, ""num_clusters"": 28, ""num_hops"": 1, ""tau_s"": 0.05}",/autodl-fs/data/recap/tuning_hyperparams/interaction_tuning/results/interaction_paper_v1/checkpoints/score__lH0p8__b0p005/recap/trial_1/model.pt
score__lH0p8__b0p005,score_loss,1,citeseer,0.6710712412128842,0.1018391117009516,"{""beta"": 0.005, ""knn_k"": 20, ""lambda_E"": 0.1, ""lambda_H"": 0.8, ""lambda_bal"": 0.01, ""num_clusters"": 28, ""num_hops"": 1, ""tau_s"": 0.05}",/autodl-fs/data/recap/tuning_hyperparams/interaction_tuning/results/interaction_paper_v1/checkpoints/score__lH0p8__b0p005/recap/trial_1/model.pt
score__lH0p8__b0p005,score_loss,1,ACM,0.7087523178511892,0.2630034235471518,"{""beta"": 0.005, ""knn_k"": 20, ""lambda_E"": 0.1, ""lambda_H"": 0.8, ""lambda_bal"": 0.01, ""num_clusters"": 28, ""num_hops"": 1, ""tau_s"": 0.05}",/autodl-fs/data/recap/tuning_hyperparams/interaction_tuning/results/interaction_paper_v1/checkpoints/score__lH0p8__b0p005/recap/trial_1/model.pt
score__lH0p8__b0p005,score_loss,1,BlogCatalog,0.7113813997821351,0.29452731497800066,"{""beta"": 0.005, ""knn_k"": 20, ""lambda_E"": 0.1, ""lambda_H"": 0.8, ""lambda_bal"": 0.01, ""num_clusters"": 28, ""num_hops"": 1, ""tau_s"": 0.05}",/autodl-fs/data/recap/tuning_hyperparams/interaction_tuning/results/interaction_paper_v1/checkpoints/score__lH0p8__b0p005/recap/trial_1/model.pt
score__lH0p8__b0p005,score_loss,1,weibo,0.7640837459928866,0.3162271896096883,"{""beta"": 0.005, ""knn_k"": 20, ""lambda_E"": 0.1, ""lambda_H"": 0.8, ""lambda_bal"": 0.01, ""num_clusters"": 28, ""num_hops"": 1, ""tau_s"": 0.05}",/autodl-fs/data/recap/tuning_hyperparams/interaction_tuning/results/interaction_paper_v1/checkpoints/score__lH0p8__b0p005/recap/trial_1/model.pt
score__lH0p8__b0p005,score_loss,1,Reddit,0.5377108621610689,0.04416039969174536,"{""beta"": 0.005, ""knn_k"": 20, ""lambda_E"": 0.1, ""lambda_H"": 0.8, ""lambda_bal"": 0.01, ""num_clusters"": 28, ""num_hops"": 1, ""tau_s"": 0.05}",/autodl-fs/data/recap/tuning_hyperparams/interaction_tuning/results/interaction_paper_v1/checkpoints/score__lH0p8__b0p005/recap/trial_1/model.pt
score__lH0p8__b0p005,score_loss,1,Amazon,0.5203480463159406,0.0830596752131223,"{""beta"": 0.005, ""knn_k"": 20, ""lambda_E"": 0.1, ""lambda_H"": 0.8, ""lambda_bal"": 0.01, ""num_clusters"": 28, ""num_hops"": 1, ""tau_s"": 0.05}",/autodl-fs/data/recap/tuning_hyperparams/interaction_tuning/results/interaction_paper_v1/checkpoints/score__lH0p8__b0p005/recap/trial_1/model.pt
score__lH0p8__b0p005,score_loss,2,Facebook,0.5129924242424242,0.02721767210143766,"{""beta"": 0.005, ""knn_k"": 20, ""lambda_E"": 0.1, ""lambda_H"": 0.8, ""lambda_bal"": 0.01, ""num_clusters"": 28, ""num_hops"": 1, ""tau_s"": 0.05}",/autodl-fs/data/recap/tuning_hyperparams/interaction_tuning/results/interaction_paper_v1/checkpoints/score__lH0p8__b0p005/recap/trial_2/model.pt
score__lH0p8__b0p005,score_loss,2,cora,0.6412900703674747,0.10237795977463615,"{""beta"": 0.005, ""knn_k"": 20, ""lambda_E"": 0.1, ""lambda_H"": 0.8, ""lambda_bal"": 0.01, ""num_clusters"": 28, ""num_hops"": 1, ""tau_s"": 0.05}",/autodl-fs/data/recap/tuning_hyperparams/interaction_tuning/results/interaction_paper_v1/checkpoints/score__lH0p8__b0p005/recap/trial_2/model.pt
score__lH0p8__b0p005,score_loss,2,citeseer,0.6693715244990032,0.1366538549133709,"{""beta"": 0.005, ""knn_k"": 20, ""lambda_E"": 0.1, ""lambda_H"": 0.8, ""lambda_bal"": 0.01, ""num_clusters"": 28, ""num_hops"": 1, ""tau_s"": 0.05}",/autodl-fs/data/recap/tuning_hyperparams/interaction_tuning/results/interaction_paper_v1/checkpoints/score__lH0p8__b0p005/recap/trial_2/model.pt
score__lH0p8__b0p005,score_loss,2,ACM,0.7107320661552449,0.2606137626251004,"{""beta"": 0.005, ""knn_k"": 20, ""lambda_E"": 0.1, ""lambda_H"": 0.8, ""lambda_bal"": 0.01, ""num_clusters"": 28, ""num_hops"": 1, ""tau_s"": 0.05}",/autodl-fs/data/recap/tuning_hyperparams/interaction_tuning/results/interaction_paper_v1/checkpoints/score__lH0p8__b0p005/recap/trial_2/model.pt
score__lH0p8__b0p005,score_loss,2,BlogCatalog,0.7103016067538126,0.279621518101741,"{""beta"": 0.005, ""knn_k"": 20, ""lambda_E"": 0.1, ""lambda_H"": 0.8, ""lambda_bal"": 0.01, ""num_clusters"": 28, ""num_hops"": 1, ""tau_s"": 0.05}",/autodl-fs/data/recap/tuning_hyperparams/interaction_tuning/results/interaction_paper_v1/checkpoints/score__lH0p8__b0p005/recap/trial_2/model.pt
score__lH0p8__b0p005,score_loss,2,weibo,0.756704023591144,0.23575611655536546,"{""beta"": 0.005, ""knn_k"": 20, ""lambda_E"": 0.1, ""lambda_H"": 0.8, ""lambda_bal"": 0.01, ""num_clusters"": 28, ""num_hops"": 1, ""tau_s"": 0.05}",/autodl-fs/data/recap/tuning_hyperparams/interaction_tuning/results/interaction_paper_v1/checkpoints/score__lH0p8__b0p005/recap/trial_2/model.pt
score__lH0p8__b0p005,score_loss,2,Reddit,0.6028828250203027,0.046805410151659746,"{""beta"": 0.005, ""knn_k"": 20, ""lambda_E"": 0.1, ""lambda_H"": 0.8, ""lambda_bal"": 0.01, ""num_clusters"": 28, ""num_hops"": 1, ""tau_s"": 0.05}",/autodl-fs/data/recap/tuning_hyperparams/interaction_tuning/results/interaction_paper_v1/checkpoints/score__lH0p8__b0p005/recap/trial_2/model.pt
score__lH0p8__b0p005,score_loss,2,Amazon,0.5515625096991166,0.08143606485421948,"{""beta"": 0.005, ""knn_k"": 20, ""lambda_E"": 0.1, ""lambda_H"": 0.8, ""lambda_bal"": 0.01, ""num_clusters"": 28, ""num_hops"": 1, ""tau_s"": 0.05}",/autodl-fs/data/recap/tuning_hyperparams/interaction_tuning/results/interaction_paper_v1/checkpoints/score__lH0p8__b0p005/recap/trial_2/model.pt
score__lH0p8__b0p01,score_loss,0,Facebook,0.675719696969697,0.07662499363225701,"{""beta"": 0.01, ""knn_k"": 20, ""lambda_E"": 0.1, ""lambda_H"": 0.8, ""lambda_bal"": 0.01, ""num_clusters"": 28, ""num_hops"": 1, ""tau_s"": 0.05}",/autodl-fs/data/recap/tuning_hyperparams/interaction_tuning/results/interaction_paper_v1/checkpoints/score__lH0p8__b0p01/recap/trial_0/model.pt
score__lH0p8__b0p01,score_loss,0,cora,0.6485353140474328,0.09373627552442226,"{""beta"": 0.01, ""knn_k"": 20, ""lambda_E"": 0.1, ""lambda_H"": 0.8, ""lambda_bal"": 0.01, ""num_clusters"": 28, ""num_hops"": 1, ""tau_s"": 0.05}",/autodl-fs/data/recap/tuning_hyperparams/interaction_tuning/results/interaction_paper_v1/checkpoints/score__lH0p8__b0p01/recap/trial_0/model.pt
score__lH0p8__b0p01,score_loss,0,citeseer,0.6853887315077116,0.15245490416413918,"{""beta"": 0.01, ""knn_k"": 20, ""lambda_E"": 0.1, ""lambda_H"": 0.8, ""lambda_bal"": 0.01, ""num_clusters"": 28, ""num_hops"": 1, ""tau_s"": 0.05}",/autodl-fs/data/recap/tuning_hyperparams/interaction_tuning/results/interaction_paper_v1/checkpoints/score__lH0p8__b0p01/recap/trial_0/model.pt
score__lH0p8__b0p01,score_loss,0,ACM,0.7237562099749919,0.2752915060396132,"{""beta"": 0.01, ""knn_k"": 20, ""lambda_E"": 0.1, ""lambda_H"": 0.8, ""lambda_bal"": 0.01, ""num_clusters"": 28, ""num_hops"": 1, ""tau_s"": 0.05}",/autodl-fs/data/recap/tuning_hyperparams/interaction_tuning/results/interaction_paper_v1/checkpoints/score__lH0p8__b0p01/recap/trial_0/model.pt
score__lH0p8__b0p01,score_loss,0,BlogCatalog,0.7020475898692811,0.30650825005469373,"{""beta"": 0.01, ""knn_k"": 20, ""lambda_E"": 0.1, ""lambda_H"": 0.8, ""lambda_bal"": 0.01, ""num_clusters"": 28, ""num_hops"": 1, ""tau_s"": 0.05}",/autodl-fs/data/recap/tuning_hyperparams/interaction_tuning/results/interaction_paper_v1/checkpoints/score__lH0p8__b0p01/recap/trial_0/model.pt
score__lH0p8__b0p01,score_loss,0,weibo,0.7821470148190586,0.3123970031263045,"{""beta"": 0.01, ""knn_k"": 20, ""lambda_E"": 0.1, ""lambda_H"": 0.8, ""lambda_bal"": 0.01, ""num_clusters"": 28, ""num_hops"": 1, ""tau_s"": 0.05}",/autodl-fs/data/recap/tuning_hyperparams/interaction_tuning/results/interaction_paper_v1/checkpoints/score__lH0p8__b0p01/recap/trial_0/model.pt
score__lH0p8__b0p01,score_loss,0,Reddit,0.5503000626835346,0.037959716416925436,"{""beta"": 0.01, ""knn_k"": 20, ""lambda_E"": 0.1, ""lambda_H"": 0.8, ""lambda_bal"": 0.01, ""num_clusters"": 28, ""num_hops"": 1, ""tau_s"": 0.05}",/autodl-fs/data/recap/tuning_hyperparams/interaction_tuning/results/interaction_paper_v1/checkpoints/score__lH0p8__b0p01/recap/trial_0/model.pt
score__lH0p8__b0p01,score_loss,0,Amazon,0.5619169648127784,0.08721121606864757,"{""beta"": 0.01, ""knn_k"": 20, ""lambda_E"": 0.1, ""lambda_H"": 0.8, ""lambda_bal"": 0.01, ""num_clusters"": 28, ""num_hops"": 1, ""tau_s"": 0.05}",/autodl-fs/data/recap/tuning_hyperparams/interaction_tuning/results/interaction_paper_v1/checkpoints/score__lH0p8__b0p01/recap/trial_0/model.pt
score__lH0p8__b0p01,score_loss,1,Facebook,0.5568939393939394,0.03530535967368682,"{""beta"": 0.01, ""knn_k"": 20, ""lambda_E"": 0.1, ""lambda_H"": 0.8, ""lambda_bal"": 0.01, ""num_clusters"": 28, ""num_hops"": 1, ""tau_s"": 0.05}",/autodl-fs/data/recap/tuning_hyperparams/interaction_tuning/results/interaction_paper_v1/checkpoints/score__lH0p8__b0p01/recap/trial_1/model.pt
score__lH0p8__b0p01,score_loss,1,cora,0.6055433932759969,0.10706756684377315,"{""beta"": 0.01, ""knn_k"": 20, ""lambda_E"": 0.1, ""lambda_H"": 0.8, ""lambda_bal"": 0.01, ""num_clusters"": 28, ""num_hops"": 1, ""tau_s"": 0.05}",/autodl-fs/data/recap/tuning_hyperparams/interaction_tuning/results/interaction_paper_v1/checkpoints/score__lH0p8__b0p01/recap/trial_1/model.pt
score__lH0p8__b0p01,score_loss,1,citeseer,0.6707921519252964,0.1019607591563206,"{""beta"": 0.01, ""knn_k"": 20, ""lambda_E"": 0.1, ""lambda_H"": 0.8, ""lambda_bal"": 0.01, ""num_clusters"": 28, ""num_hops"": 1, ""tau_s"": 0.05}",/autodl-fs/data/recap/tuning_hyperparams/interaction_tuning/results/interaction_paper_v1/checkpoints/score__lH0p8__b0p01/recap/trial_1/model.pt
score__lH0p8__b0p01,score_loss,1,ACM,0.7066029250341003,0.26070747561720614,"{""beta"": 0.01, ""knn_k"": 20, ""lambda_E"": 0.1, ""lambda_H"": 0.8, ""lambda_bal"": 0.01, ""num_clusters"": 28, ""num_hops"": 1, ""tau_s"": 0.05}",/autodl-fs/data/recap/tuning_hyperparams/interaction_tuning/results/interaction_paper_v1/checkpoints/score__lH0p8__b0p01/recap/trial_1/model.pt
score__lH0p8__b0p01,score_loss,1,BlogCatalog,0.7086203022875817,0.29364146614904624,"{""beta"": 0.01, ""knn_k"": 20, ""lambda_E"": 0.1, ""lambda_H"": 0.8, ""lambda_bal"": 0.01, ""num_clusters"": 28, ""num_hops"": 1, ""tau_s"": 0.05}",/autodl-fs/data/recap/tuning_hyperparams/interaction_tuning/results/interaction_paper_v1/checkpoints/score__lH0p8__b0p01/recap/trial_1/model.pt
score__lH0p8__b0p01,score_loss,1,weibo,0.7617768471240803,0.3144275473035612,"{""beta"": 0.01, ""knn_k"": 20, ""lambda_E"": 0.1, ""lambda_H"": 0.8, ""lambda_bal"": 0.01, ""num_clusters"": 28, ""num_hops"": 1, ""tau_s"": 0.05}",/autodl-fs/data/recap/tuning_hyperparams/interaction_tuning/results/interaction_paper_v1/checkpoints/score__lH0p8__b0p01/recap/trial_1/model.pt
score__lH0p8__b0p01,score_loss,1,Reddit,0.5370162225811,0.04415845517453956,"{""beta"": 0.01, ""knn_k"": 20, ""lambda_E"": 0.1, ""lambda_H"": 0.8, ""lambda_bal"": 0.01, ""num_clusters"": 28, ""num_hops"": 1, ""tau_s"": 0.05}",/autodl-fs/data/recap/tuning_hyperparams/interaction_tuning/results/interaction_paper_v1/checkpoints/score__lH0p8__b0p01/recap/trial_1/model.pt
score__lH0p8__b0p01,score_loss,1,Amazon,0.5198523599530839,0.08316262197126745,"{""beta"": 0.01, ""knn_k"": 20, ""lambda_E"": 0.1, ""lambda_H"": 0.8, ""lambda_bal"": 0.01, ""num_clusters"": 28, ""num_hops"": 1, ""tau_s"": 0.05}",/autodl-fs/data/recap/tuning_hyperparams/interaction_tuning/results/interaction_paper_v1/checkpoints/score__lH0p8__b0p01/recap/trial_1/model.pt
score__lH0p8__b0p01,score_loss,2,Facebook,0.5140151515151515,0.027204667161409034,"{""beta"": 0.01, ""knn_k"": 20, ""lambda_E"": 0.1, ""lambda_H"": 0.8, ""lambda_bal"": 0.01, ""num_clusters"": 28, ""num_hops"": 1, ""tau_s"": 0.05}",/autodl-fs/data/recap/tuning_hyperparams/interaction_tuning/results/interaction_paper_v1/checkpoints/score__lH0p8__b0p01/recap/trial_2/model.pt
score__lH0p8__b0p01,score_loss,2,cora,0.640906958561376,0.10240254147753952,"{""beta"": 0.01, ""knn_k"": 20, ""lambda_E"": 0.1, ""lambda_H"": 0.8, ""lambda_bal"": 0.01, ""num_clusters"": 28, ""num_hops"": 1, ""tau_s"": 0.05}",/autodl-fs/data/recap/tuning_hyperparams/interaction_tuning/results/interaction_paper_v1/checkpoints/score__lH0p8__b0p01/recap/trial_2/model.pt
score__lH0p8__b0p01,score_loss,2,citeseer,0.6684608120868744,0.13665036845453515,"{""beta"": 0.01, ""knn_k"": 20, ""lambda_E"": 0.1, ""lambda_H"": 0.8, ""lambda_bal"": 0.01, ""num_clusters"": 28, ""num_hops"": 1, ""tau_s"": 0.05}",/autodl-fs/data/recap/tuning_hyperparams/interaction_tuning/results/interaction_paper_v1/checkpoints/score__lH0p8__b0p01/recap/trial_2/model.pt
score__lH0p8__b0p01,score_loss,2,ACM,0.7064245821541776,0.25723477706709175,"{""beta"": 0.01, ""knn_k"": 20, ""lambda_E"": 0.1, ""lambda_H"": 0.8, ""lambda_bal"": 0.01, ""num_clusters"": 28, ""num_hops"": 1, ""tau_s"": 0.05}",/autodl-fs/data/recap/tuning_hyperparams/interaction_tuning/results/interaction_paper_v1/checkpoints/score__lH0p8__b0p01/recap/trial_2/model.pt
score__lH0p8__b0p01,score_loss,2,BlogCatalog,0.7071643518518519,0.277511865794293,"{""beta"": 0.01, ""knn_k"": 20, ""lambda_E"": 0.1, ""lambda_H"": 0.8, ""lambda_bal"": 0.01, ""num_clusters"": 28, ""num_hops"": 1, ""tau_s"": 0.05}",/autodl-fs/data/recap/tuning_hyperparams/interaction_tuning/results/interaction_paper_v1/checkpoints/score__lH0p8__b0p01/recap/trial_2/model.pt
score__lH0p8__b0p01,score_loss,2,weibo,0.7555162580425049,0.23460308697439636,"{""beta"": 0.01, ""knn_k"": 20, ""lambda_E"": 0.1, ""lambda_H"": 0.8, ""lambda_bal"": 0.01, ""num_clusters"": 28, ""num_hops"": 1, ""tau_s"": 0.05}",/autodl-fs/data/recap/tuning_hyperparams/interaction_tuning/results/interaction_paper_v1/checkpoints/score__lH0p8__b0p01/recap/trial_2/model.pt
score__lH0p8__b0p01,score_loss,2,Reddit,0.601988632562295,0.04678994787819996,"{""beta"": 0.01, ""knn_k"": 20, ""lambda_E"": 0.1, ""lambda_H"": 0.8, ""lambda_bal"": 0.01, ""num_clusters"": 28, ""num_hops"": 1, ""tau_s"": 0.05}",/autodl-fs/data/recap/tuning_hyperparams/interaction_tuning/results/interaction_paper_v1/checkpoints/score__lH0p8__b0p01/recap/trial_2/model.pt
score__lH0p8__b0p01,score_loss,2,Amazon,0.5494052747751206,0.08129149455264609,"{""beta"": 0.01, ""knn_k"": 20, ""lambda_E"": 0.1, ""lambda_H"": 0.8, ""lambda_bal"": 0.01, ""num_clusters"": 28, ""num_hops"": 1, ""tau_s"": 0.05}",/autodl-fs/data/recap/tuning_hyperparams/interaction_tuning/results/interaction_paper_v1/checkpoints/score__lH0p8__b0p01/recap/trial_2/model.pt
score__lH1p2__b0,score_loss,0,Facebook,0.5530681818181818,0.030171092462809447,"{""beta"": 0, ""knn_k"": 20, ""lambda_E"": 0.1, ""lambda_H"": 1.2, ""lambda_bal"": 0.01, ""num_clusters"": 28, ""num_hops"": 1, ""tau_s"": 0.05}",/autodl-fs/data/recap/tuning_hyperparams/interaction_tuning/results/interaction_paper_v1/checkpoints/score__lH1p2__b0/recap/trial_0/model.pt
score__lH1p2__b0,score_loss,0,cora,0.6737998436278343,0.16148080178064578,"{""beta"": 0, ""knn_k"": 20, ""lambda_E"": 0.1, ""lambda_H"": 1.2, ""lambda_bal"": 0.01, ""num_clusters"": 28, ""num_hops"": 1, ""tau_s"": 0.05}",/autodl-fs/data/recap/tuning_hyperparams/interaction_tuning/results/interaction_paper_v1/checkpoints/score__lH1p2__b0/recap/trial_0/model.pt
score__lH1p2__b0,score_loss,0,citeseer,0.6786633092015527,0.13079903588680028,"{""beta"": 0, ""knn_k"": 20, ""lambda_E"": 0.1, ""lambda_H"": 1.2, ""lambda_bal"": 0.01, ""num_clusters"": 28, ""num_hops"": 1, ""tau_s"": 0.05}",/autodl-fs/data/recap/tuning_hyperparams/interaction_tuning/results/interaction_paper_v1/checkpoints/score__lH1p2__b0/recap/trial_0/model.pt
score__lH1p2__b0,score_loss,0,ACM,0.7216065535710274,0.2826976290395462,"{""beta"": 0, ""knn_k"": 20, ""lambda_E"": 0.1, ""lambda_H"": 1.2, ""lambda_bal"": 0.01, ""num_clusters"": 28, ""num_hops"": 1, ""tau_s"": 0.05}",/autodl-fs/data/recap/tuning_hyperparams/interaction_tuning/results/interaction_paper_v1/checkpoints/score__lH1p2__b0/recap/trial_0/model.pt
score__lH1p2__b0,score_loss,0,BlogCatalog,0.6923233251633987,0.3038683456978062,"{""beta"": 0, ""knn_k"": 20, ""lambda_E"": 0.1, ""lambda_H"": 1.2, ""lambda_bal"": 0.01, ""num_clusters"": 28, ""num_hops"": 1, ""tau_s"": 0.05}",/autodl-fs/data/recap/tuning_hyperparams/interaction_tuning/results/interaction_paper_v1/checkpoints/score__lH1p2__b0/recap/trial_0/model.pt
score__lH1p2__b0,score_loss,0,weibo,0.6999426485253395,0.2545393166168512,"{""beta"": 0, ""knn_k"": 20, ""lambda_E"": 0.1, ""lambda_H"": 1.2, ""lambda_bal"": 0.01, ""num_clusters"": 28, ""num_hops"": 1, ""tau_s"": 0.05}",/autodl-fs/data/recap/tuning_hyperparams/interaction_tuning/results/interaction_paper_v1/checkpoints/score__lH1p2__b0/recap/trial_0/model.pt
score__lH1p2__b0,score_loss,0,Reddit,0.56603784994447,0.047772463469405016,"{""beta"": 0, ""knn_k"": 20, ""lambda_E"": 0.1, ""lambda_H"": 1.2, ""lambda_bal"": 0.01, ""num_clusters"": 28, ""num_hops"": 1, ""tau_s"": 0.05}",/autodl-fs/data/recap/tuning_hyperparams/interaction_tuning/results/interaction_paper_v1/checkpoints/score__lH1p2__b0/recap/trial_0/model.pt
score__lH1p2__b0,score_loss,0,Amazon,0.5511531975176922,0.08234026936209493,"{""beta"": 0, ""knn_k"": 20, ""lambda_E"": 0.1, ""lambda_H"": 1.2, ""lambda_bal"": 0.01, ""num_clusters"": 28, ""num_hops"": 1, ""tau_s"": 0.05}",/autodl-fs/data/recap/tuning_hyperparams/interaction_tuning/results/interaction_paper_v1/checkpoints/score__lH1p2__b0/recap/trial_0/model.pt
score__lH1p2__b0,score_loss,1,Facebook,0.5165151515151515,0.028236873329670214,"{""beta"": 0, ""knn_k"": 20, ""lambda_E"": 0.1, ""lambda_H"": 1.2, ""lambda_bal"": 0.01, ""num_clusters"": 28, ""num_hops"": 1, ""tau_s"": 0.05}",/autodl-fs/data/recap/tuning_hyperparams/interaction_tuning/results/interaction_paper_v1/checkpoints/score__lH1p2__b0/recap/trial_1/model.pt
score__lH1p2__b0,score_loss,1,cora,0.6116210581183217,0.11677128749137558,"{""beta"": 0, ""knn_k"": 20, ""lambda_E"": 0.1, ""lambda_H"": 1.2, ""lambda_bal"": 0.01, ""num_clusters"": 28, ""num_hops"": 1, ""tau_s"": 0.05}",/autodl-fs/data/recap/tuning_hyperparams/interaction_tuning/results/interaction_paper_v1/checkpoints/score__lH1p2__b0/recap/trial_1/model.pt
score__lH1p2__b0,score_loss,1,citeseer,0.7204049942293569,0.1409350156654399,"{""beta"": 0, ""knn_k"": 20, ""lambda_E"": 0.1, ""lambda_H"": 1.2, ""lambda_bal"": 0.01, ""num_clusters"": 28, ""num_hops"": 1, ""tau_s"": 0.05}",/autodl-fs/data/recap/tuning_hyperparams/interaction_tuning/results/interaction_paper_v1/checkpoints/score__lH1p2__b0/recap/trial_1/model.pt
score__lH1p2__b0,score_loss,1,ACM,0.7371790025851547,0.29130794174207325,"{""beta"": 0, ""knn_k"": 20, ""lambda_E"": 0.1, ""lambda_H"": 1.2, ""lambda_bal"": 0.01, ""num_clusters"": 28, ""num_hops"": 1, ""tau_s"": 0.05}",/autodl-fs/data/recap/tuning_hyperparams/interaction_tuning/results/interaction_paper_v1/checkpoints/score__lH1p2__b0/recap/trial_1/model.pt
score__lH1p2__b0,score_loss,1,BlogCatalog,0.7281723175381264,0.3097581333910353,"{""beta"": 0, ""knn_k"": 20, ""lambda_E"": 0.1, ""lambda_H"": 1.2, ""lambda_bal"": 0.01, ""num_clusters"": 28, ""num_hops"": 1, ""tau_s"": 0.05}",/autodl-fs/data/recap/tuning_hyperparams/interaction_tuning/results/interaction_paper_v1/checkpoints/score__lH1p2__b0/recap/trial_1/model.pt
score__lH1p2__b0,score_loss,1,weibo,0.7029121770387441,0.29384365988865363,"{""beta"": 0, ""knn_k"": 20, ""lambda_E"": 0.1, ""lambda_H"": 1.2, ""lambda_bal"": 0.01, ""num_clusters"": 28, ""num_hops"": 1, ""tau_s"": 0.05}",/autodl-fs/data/recap/tuning_hyperparams/interaction_tuning/results/interaction_paper_v1/checkpoints/score__lH1p2__b0/recap/trial_1/model.pt
score__lH1p2__b0,score_loss,1,Reddit,0.5639332168181261,0.048769029153780265,"{""beta"": 0, ""knn_k"": 20, ""lambda_E"": 0.1, ""lambda_H"": 1.2, ""lambda_bal"": 0.01, ""num_clusters"": 28, ""num_hops"": 1, ""tau_s"": 0.05}",/autodl-fs/data/recap/tuning_hyperparams/interaction_tuning/results/interaction_paper_v1/checkpoints/score__lH1p2__b0/recap/trial_1/model.pt
score__lH1p2__b0,score_loss,1,Amazon,0.6400599365660744,0.1284220338400731,"{""beta"": 0, ""knn_k"": 20, ""lambda_E"": 0.1, ""lambda_H"": 1.2, ""lambda_bal"": 0.01, ""num_clusters"": 28, ""num_hops"": 1, ""tau_s"": 0.05}",/autodl-fs/data/recap/tuning_hyperparams/interaction_tuning/results/interaction_paper_v1/checkpoints/score__lH1p2__b0/recap/trial_1/model.pt
score__lH1p2__b0,score_loss,2,Facebook,0.5208333333333333,0.025383368136792483,"{""beta"": 0, ""knn_k"": 20, ""lambda_E"": 0.1, ""lambda_H"": 1.2, ""lambda_bal"": 0.01, ""num_clusters"": 28, ""num_hops"": 1, ""tau_s"": 0.05}",/autodl-fs/data/recap/tuning_hyperparams/interaction_tuning/results/interaction_paper_v1/checkpoints/score__lH1p2__b0/recap/trial_2/model.pt
score__lH1p2__b0,score_loss,2,cora,0.6289523064894449,0.10446147574018708,"{""beta"": 0, ""knn_k"": 20, ""lambda_E"": 0.1, ""lambda_H"": 1.2, ""lambda_bal"": 0.01, ""num_clusters"": 28, ""num_hops"": 1, ""tau_s"": 0.05}",/autodl-fs/data/recap/tuning_hyperparams/interaction_tuning/results/interaction_paper_v1/checkpoints/score__lH1p2__b0/recap/trial_2/model.pt
score__lH1p2__b0,score_loss,2,citeseer,0.6733438254118141,0.09257370577714374,"{""beta"": 0, ""knn_k"": 20, ""lambda_E"": 0.1, ""lambda_H"": 1.2, ""lambda_bal"": 0.01, ""num_clusters"": 28, ""num_hops"": 1, ""tau_s"": 0.05}",/autodl-fs/data/recap/tuning_hyperparams/interaction_tuning/results/interaction_paper_v1/checkpoints/score__lH1p2__b0/recap/trial_2/model.pt
score__lH1p2__b0,score_loss,2,ACM,0.7167891871181088,0.27697408385684774,"{""beta"": 0, ""knn_k"": 20, ""lambda_E"": 0.1, ""lambda_H"": 1.2, ""lambda_bal"": 0.01, ""num_clusters"": 28, ""num_hops"": 1, ""tau_s"": 0.05}",/autodl-fs/data/recap/tuning_hyperparams/interaction_tuning/results/interaction_paper_v1/checkpoints/score__lH1p2__b0/recap/trial_2/model.pt
score__lH1p2__b0,score_loss,2,BlogCatalog,0.6964913534858387,0.31278727996954153,"{""beta"": 0, ""knn_k"": 20, ""lambda_E"": 0.1, ""lambda_H"": 1.2, ""lambda_bal"": 0.01, ""num_clusters"": 28, ""num_hops"": 1, ""tau_s"": 0.05}",/autodl-fs/data/recap/tuning_hyperparams/interaction_tuning/results/interaction_paper_v1/checkpoints/score__lH1p2__b0/recap/trial_2/model.pt
score__lH1p2__b0,score_loss,2,weibo,0.6591696020064457,0.22342738034114928,"{""beta"": 0, ""knn_k"": 20, ""lambda_E"": 0.1, ""lambda_H"": 1.2, ""lambda_bal"": 0.01, ""num_clusters"": 28, ""num_hops"": 1, ""tau_s"": 0.05}",/autodl-fs/data/recap/tuning_hyperparams/interaction_tuning/results/interaction_paper_v1/checkpoints/score__lH1p2__b0/recap/trial_2/model.pt
score__lH1p2__b0,score_loss,2,Reddit,0.5693085357682129,0.045772201819896496,"{""beta"": 0, ""knn_k"": 20, ""lambda_E"": 0.1, ""lambda_H"": 1.2, ""lambda_bal"": 0.01, ""num_clusters"": 28, ""num_hops"": 1, ""tau_s"": 0.05}",/autodl-fs/data/recap/tuning_hyperparams/interaction_tuning/results/interaction_paper_v1/checkpoints/score__lH1p2__b0/recap/trial_2/model.pt
score__lH1p2__b0,score_loss,2,Amazon,0.622554062591834,0.12093256946296249,"{""beta"": 0, ""knn_k"": 20, ""lambda_E"": 0.1, ""lambda_H"": 1.2, ""lambda_bal"": 0.01, ""num_clusters"": 28, ""num_hops"": 1, ""tau_s"": 0.05}",/autodl-fs/data/recap/tuning_hyperparams/interaction_tuning/results/interaction_paper_v1/checkpoints/score__lH1p2__b0/recap/trial_2/model.pt
score__lH1p2__b0p005,score_loss,0,Facebook,0.5546590909090909,0.030283534886740494,"{""beta"": 0.005, ""knn_k"": 20, ""lambda_E"": 0.1, ""lambda_H"": 1.2, ""lambda_bal"": 0.01, ""num_clusters"": 28, ""num_hops"": 1, ""tau_s"": 0.05}",/autodl-fs/data/recap/tuning_hyperparams/interaction_tuning/results/interaction_paper_v1/checkpoints/score__lH1p2__b0p005/recap/trial_0/model.pt
score__lH1p2__b0p005,score_loss,0,cora,0.6736356528537919,0.1615212271280027,"{""beta"": 0.005, ""knn_k"": 20, ""lambda_E"": 0.1, ""lambda_H"": 1.2, ""lambda_bal"": 0.01, ""num_clusters"": 28, ""num_hops"": 1, ""tau_s"": 0.05}",/autodl-fs/data/recap/tuning_hyperparams/interaction_tuning/results/interaction_paper_v1/checkpoints/score__lH1p2__b0p005/recap/trial_0/model.pt
score__lH1p2__b0p005,score_loss,0,citeseer,0.6795551358724163,0.1308720897615322,"{""beta"": 0.005, ""knn_k"": 20, ""lambda_E"": 0.1, ""lambda_H"": 1.2, ""lambda_bal"": 0.01, ""num_clusters"": 28, ""num_hops"": 1, ""tau_s"": 0.05}",/autodl-fs/data/recap/tuning_hyperparams/interaction_tuning/results/interaction_paper_v1/checkpoints/score__lH1p2__b0p005/recap/trial_0/model.pt
score__lH1p2__b0p005,score_loss,0,ACM,0.7223261984583542,0.2834105261429937,"{""beta"": 0.005, ""knn_k"": 20, ""lambda_E"": 0.1, ""lambda_H"": 1.2, ""lambda_bal"": 0.01, ""num_clusters"": 28, ""num_hops"": 1, ""tau_s"": 0.05}",/autodl-fs/data/recap/tuning_hyperparams/interaction_tuning/results/interaction_paper_v1/checkpoints/score__lH1p2__b0p005/recap/trial_0/model.pt
score__lH1p2__b0p005,score_loss,0,BlogCatalog,0.6908125680827887,0.30067149900503776,"{""beta"": 0.005, ""knn_k"": 20, ""lambda_E"": 0.1, ""lambda_H"": 1.2, ""lambda_bal"": 0.01, ""num_clusters"": 28, ""num_hops"": 1, ""tau_s"": 0.05}",/autodl-fs/data/recap/tuning_hyperparams/interaction_tuning/results/interaction_paper_v1/checkpoints/score__lH1p2__b0p005/recap/trial_0/model.pt
score__lH1p2__b0p005,score_loss,0,weibo,0.7215816717404582,0.25401957110397616,"{""beta"": 0.005, ""knn_k"": 20, ""lambda_E"": 0.1, ""lambda_H"": 1.2, ""lambda_bal"": 0.01, ""num_clusters"": 28, ""num_hops"": 1, ""tau_s"": 0.05}",/autodl-fs/data/recap/tuning_hyperparams/interaction_tuning/results/interaction_paper_v1/checkpoints/score__lH1p2__b0p005/recap/trial_0/model.pt
score__lH1p2__b0p005,score_loss,0,Reddit,0.5668041535818649,0.047902304238763814,"{""beta"": 0.005, ""knn_k"": 20, ""lambda_E"": 0.1, ""lambda_H"": 1.2, ""lambda_bal"": 0.01, ""num_clusters"": 28, ""num_hops"": 1, ""tau_s"": 0.05}",/autodl-fs/data/recap/tuning_hyperparams/interaction_tuning/results/interaction_paper_v1/checkpoints/score__lH1p2__b0p005/recap/trial_0/model.pt
score__lH1p2__b0p005,score_loss,0,Amazon,0.5542242122349141,0.08273395596988947,"{""beta"": 0.005, ""knn_k"": 20, ""lambda_E"": 0.1, ""lambda_H"": 1.2, ""lambda_bal"": 0.01, ""num_clusters"": 28, ""num_hops"": 1, ""tau_s"": 0.05}",/autodl-fs/data/recap/tuning_hyperparams/interaction_tuning/results/interaction_paper_v1/checkpoints/score__lH1p2__b0p005/recap/trial_0/model.pt
score__lH1p2__b0p005,score_loss,1,Facebook,0.5152651515151515,0.028152989086569904,"{""beta"": 0.005, ""knn_k"": 20, ""lambda_E"": 0.1, ""lambda_H"": 1.2, ""lambda_bal"": 0.01, ""num_clusters"": 28, ""num_hops"": 1, ""tau_s"": 0.05}",/autodl-fs/data/recap/tuning_hyperparams/interaction_tuning/results/interaction_paper_v1/checkpoints/score__lH1p2__b0p005/recap/trial_1/model.pt
score__lH1p2__b0p005,score_loss,1,cora,0.6125280166796977,0.11691366080111985,"{""beta"": 0.005, ""knn_k"": 20, ""lambda_E"": 0.1, ""lambda_H"": 1.2, ""lambda_bal"": 0.01, ""num_clusters"": 28, ""num_hops"": 1, ""tau_s"": 0.05}",/autodl-fs/data/recap/tuning_hyperparams/interaction_tuning/results/interaction_paper_v1/checkpoints/score__lH1p2__b0p005/recap/trial_1/model.pt
score__lH1p2__b0p005,score_loss,1,citeseer,0.7217773580946385,0.14123039918844257,"{""beta"": 0.005, ""knn_k"": 20, ""lambda_E"": 0.1, ""lambda_H"": 1.2, ""lambda_bal"": 0.01, ""num_clusters"": 28, ""num_hops"": 1, ""tau_s"": 0.05}",/autodl-fs/data/recap/tuning_hyperparams/interaction_tuning/results/interaction_paper_v1/checkpoints/score__lH1p2__b0p005/recap/trial_1/model.pt
score__lH1p2__b0p005,score_loss,1,ACM,0.7352834439291145,0.2915139095795537,"{""beta"": 0.005, ""knn_k"": 20, ""lambda_E"": 0.1, ""lambda_H"": 1.2, ""lambda_bal"": 0.01, ""num_clusters"": 28, ""num_hops"": 1, ""tau_s"": 0.05}",/autodl-fs/data/recap/tuning_hyperparams/interaction_tuning/results/interaction_paper_v1/checkpoints/score__lH1p2__b0p005/recap/trial_1/model.pt
score__lH1p2__b0p005,score_loss,1,BlogCatalog,0.7241598583877995,0.3085885662613088,"{""beta"": 0.005, ""knn_k"": 20, ""lambda_E"": 0.1, ""lambda_H"": 1.2, ""lambda_bal"": 0.01, ""num_clusters"": 28, ""num_hops"": 1, ""tau_s"": 0.05}",/autodl-fs/data/recap/tuning_hyperparams/interaction_tuning/results/interaction_paper_v1/checkpoints/score__lH1p2__b0p005/recap/trial_1/model.pt
score__lH1p2__b0p005,score_loss,1,weibo,0.7524598310393762,0.30306661006295615,"{""beta"": 0.005, ""knn_k"": 20, ""lambda_E"": 0.1, ""lambda_H"": 1.2, ""lambda_bal"": 0.01, ""num_clusters"": 28, ""num_hops"": 1, ""tau_s"": 0.05}",/autodl-fs/data/recap/tuning_hyperparams/interaction_tuning/results/interaction_paper_v1/checkpoints/score__lH1p2__b0p005/recap/trial_1/model.pt
score__lH1p2__b0p005,score_loss,1,Reddit,0.5653833525295225,0.04882684901826498,"{""beta"": 0.005, ""knn_k"": 20, ""lambda_E"": 0.1, ""lambda_H"": 1.2, ""lambda_bal"": 0.01, ""num_clusters"": 28, ""num_hops"": 1, ""tau_s"": 0.05}",/autodl-fs/data/recap/tuning_hyperparams/interaction_tuning/results/interaction_paper_v1/checkpoints/score__lH1p2__b0p005/recap/trial_1/model.pt
score__lH1p2__b0p005,score_loss,1,Amazon,0.6381790838825777,0.1280456745233869,"{""beta"": 0.005, ""knn_k"": 20, ""lambda_E"": 0.1, ""lambda_H"": 1.2, ""lambda_bal"": 0.01, ""num_clusters"": 28, ""num_hops"": 1, ""tau_s"": 0.05}",/autodl-fs/data/recap/tuning_hyperparams/interaction_tuning/results/interaction_paper_v1/checkpoints/score__lH1p2__b0p005/recap/trial_1/model.pt
score__lH1p2__b0p005,score_loss,2,Facebook,0.5195075757575758,0.02533212044346262,"{""beta"": 0.005, ""knn_k"": 20, ""lambda_E"": 0.1, ""lambda_H"": 1.2, ""lambda_bal"": 0.01, ""num_clusters"": 28, ""num_hops"": 1, ""tau_s"": 0.05}",/autodl-fs/data/recap/tuning_hyperparams/interaction_tuning/results/interaction_paper_v1/checkpoints/score__lH1p2__b0p005/recap/trial_2/model.pt
score__lH1p2__b0p005,score_loss,2,cora,0.6287047172270003,0.10442478035998272,"{""beta"": 0.005, ""knn_k"": 20, ""lambda_E"": 0.1, ""lambda_H"": 1.2, ""lambda_bal"": 0.01, ""num_clusters"": 28, ""num_hops"": 1, ""tau_s"": 0.05}",/autodl-fs/data/recap/tuning_hyperparams/interaction_tuning/results/interaction_paper_v1/checkpoints/score__lH1p2__b0p005/recap/trial_2/model.pt
score__lH1p2__b0p005,score_loss,2,citeseer,0.6737960339943343,0.09263730462718267,"{""beta"": 0.005, ""knn_k"": 20, ""lambda_E"": 0.1, ""lambda_H"": 1.2, ""lambda_bal"": 0.01, ""num_clusters"": 28, ""num_hops"": 1, ""tau_s"": 0.05}",/autodl-fs/data/recap/tuning_hyperparams/interaction_tuning/results/interaction_paper_v1/checkpoints/score__lH1p2__b0p005/recap/trial_2/model.pt
score__lH1p2__b0p005,score_loss,2,ACM,0.7104861923178344,0.2761362408761487,"{""beta"": 0.005, ""knn_k"": 20, ""lambda_E"": 0.1, ""lambda_H"": 1.2, ""lambda_bal"": 0.01, ""num_clusters"": 28, ""num_hops"": 1, ""tau_s"": 0.05}",/autodl-fs/data/recap/tuning_hyperparams/interaction_tuning/results/interaction_paper_v1/checkpoints/score__lH1p2__b0p005/recap/trial_2/model.pt
score__lH1p2__b0p005,score_loss,2,BlogCatalog,0.7045458877995643,0.3165452600468829,"{""beta"": 0.005, ""knn_k"": 20, ""lambda_E"": 0.1, ""lambda_H"": 1.2, ""lambda_bal"": 0.01, ""num_clusters"": 28, ""num_hops"": 1, ""tau_s"": 0.05}",/autodl-fs/data/recap/tuning_hyperparams/interaction_tuning/results/interaction_paper_v1/checkpoints/score__lH1p2__b0p005/recap/trial_2/model.pt
score__lH1p2__b0p005,score_loss,2,weibo,0.702785459628047,0.22627626008775228,"{""beta"": 0.005, ""knn_k"": 20, ""lambda_E"": 0.1, ""lambda_H"": 1.2, ""lambda_bal"": 0.01, ""num_clusters"": 28, ""num_hops"": 1, ""tau_s"": 0.05}",/autodl-fs/data/recap/tuning_hyperparams/interaction_tuning/results/interaction_paper_v1/checkpoints/score__lH1p2__b0p005/recap/trial_2/model.pt
score__lH1p2__b0p005,score_loss,2,Reddit,0.5699711388126358,0.04573577837042027,"{""beta"": 0.005, ""knn_k"": 20, ""lambda_E"": 0.1, ""lambda_H"": 1.2, ""lambda_bal"": 0.01, ""num_clusters"": 28, ""num_hops"": 1, ""tau_s"": 0.05}",/autodl-fs/data/recap/tuning_hyperparams/interaction_tuning/results/interaction_paper_v1/checkpoints/score__lH1p2__b0p005/recap/trial_2/model.pt
score__lH1p2__b0p005,score_loss,2,Amazon,0.623259212022196,0.12099037678702751,"{""beta"": 0.005, ""knn_k"": 20, ""lambda_E"": 0.1, ""lambda_H"": 1.2, ""lambda_bal"": 0.01, ""num_clusters"": 28, ""num_hops"": 1, ""tau_s"": 0.05}",/autodl-fs/data/recap/tuning_hyperparams/interaction_tuning/results/interaction_paper_v1/checkpoints/score__lH1p2__b0p005/recap/trial_2/model.pt
score__lH1p2__b0p01,score_loss,0,Facebook,0.55625,0.03037779580144382,"{""beta"": 0.01, ""knn_k"": 20, ""lambda_E"": 0.1, ""lambda_H"": 1.2, ""lambda_bal"": 0.01, ""num_clusters"": 28, ""num_hops"": 1, ""tau_s"": 0.05}",/autodl-fs/data/recap/tuning_hyperparams/interaction_tuning/results/interaction_paper_v1/checkpoints/score__lH1p2__b0p01/recap/trial_0/model.pt
score__lH1p2__b0p01,score_loss,0,cora,0.6732786030753193,0.16153938003050033,"{""beta"": 0.01, ""knn_k"": 20, ""lambda_E"": 0.1, ""lambda_H"": 1.2, ""lambda_bal"": 0.01, ""num_clusters"": 28, ""num_hops"": 1, ""tau_s"": 0.05}",/autodl-fs/data/recap/tuning_hyperparams/interaction_tuning/results/interaction_paper_v1/checkpoints/score__lH1p2__b0p01/recap/trial_0/model.pt
score__lH1p2__b0p01,score_loss,0,citeseer,0.6803252544329031,0.13103358227455486,"{""beta"": 0.01, ""knn_k"": 20, ""lambda_E"": 0.1, ""lambda_H"": 1.2, ""lambda_bal"": 0.01, ""num_clusters"": 28, ""num_hops"": 1, ""tau_s"": 0.05}",/autodl-fs/data/recap/tuning_hyperparams/interaction_tuning/results/interaction_paper_v1/checkpoints/score__lH1p2__b0p01/recap/trial_0/model.pt
score__lH1p2__b0p01,score_loss,0,ACM,0.7215128747954962,0.2831313000271688,"{""beta"": 0.01, ""knn_k"": 20, ""lambda_E"": 0.1, ""lambda_H"": 1.2, ""lambda_bal"": 0.01, ""num_clusters"": 28, ""num_hops"": 1, ""tau_s"": 0.05}",/autodl-fs/data/recap/tuning_hyperparams/interaction_tuning/results/interaction_paper_v1/checkpoints/score__lH1p2__b0p01/recap/trial_0/model.pt
score__lH1p2__b0p01,score_loss,0,BlogCatalog,0.688371459694989,0.29745562479776483,"{""beta"": 0.01, ""knn_k"": 20, ""lambda_E"": 0.1, ""lambda_H"": 1.2, ""lambda_bal"": 0.01, ""num_clusters"": 28, ""num_hops"": 1, ""tau_s"": 0.05}",/autodl-fs/data/recap/tuning_hyperparams/interaction_tuning/results/interaction_paper_v1/checkpoints/score__lH1p2__b0p01/recap/trial_0/model.pt
score__lH1p2__b0p01,score_loss,0,weibo,0.7215998615738395,0.25018602605764256,"{""beta"": 0.01, ""knn_k"": 20, ""lambda_E"": 0.1, ""lambda_H"": 1.2, ""lambda_bal"": 0.01, ""num_clusters"": 28, ""num_hops"": 1, ""tau_s"": 0.05}",/autodl-fs/data/recap/tuning_hyperparams/interaction_tuning/results/interaction_paper_v1/checkpoints/score__lH1p2__b0p01/recap/trial_0/model.pt
score__lH1p2__b0p01,score_loss,0,Reddit,0.5667601515932837,0.04793498484616694,"{""beta"": 0.01, ""knn_k"": 20, ""lambda_E"": 0.1, ""lambda_H"": 1.2, ""lambda_bal"": 0.01, ""num_clusters"": 28, ""num_hops"": 1, ""tau_s"": 0.05}",/autodl-fs/data/recap/tuning_hyperparams/interaction_tuning/results/interaction_paper_v1/checkpoints/score__lH1p2__b0p01/recap/trial_0/model.pt
score__lH1p2__b0p01,score_loss,0,Amazon,0.556643597720085,0.08314211096409456,"{""beta"": 0.01, ""knn_k"": 20, ""lambda_E"": 0.1, ""lambda_H"": 1.2, ""lambda_bal"": 0.01, ""num_clusters"": 28, ""num_hops"": 1, ""tau_s"": 0.05}",/autodl-fs/data/recap/tuning_hyperparams/interaction_tuning/results/interaction_paper_v1/checkpoints/score__lH1p2__b0p01/recap/trial_0/model.pt
score__lH1p2__b0p01,score_loss,1,Facebook,0.5139772727272727,0.0281224713575822,"{""beta"": 0.01, ""knn_k"": 20, ""lambda_E"": 0.1, ""lambda_H"": 1.2, ""lambda_bal"": 0.01, ""num_clusters"": 28, ""num_hops"": 1, ""tau_s"": 0.05}",/autodl-fs/data/recap/tuning_hyperparams/interaction_tuning/results/interaction_paper_v1/checkpoints/score__lH1p2__b0p01/recap/trial_1/model.pt
score__lH1p2__b0p01,score_loss,1,cora,0.6132342976283556,0.1170542265634836,"{""beta"": 0.01, ""knn_k"": 20, ""lambda_E"": 0.1, ""lambda_H"": 1.2, ""lambda_bal"": 0.01, ""num_clusters"": 28, ""num_hops"": 1, ""tau_s"": 0.05}",/autodl-fs/data/recap/tuning_hyperparams/interaction_tuning/results/interaction_paper_v1/checkpoints/score__lH1p2__b0p01/recap/trial_1/model.pt
score__lH1p2__b0p01,score_loss,1,citeseer,0.7229293883118246,0.14144639732291078,"{""beta"": 0.01, ""knn_k"": 20, ""lambda_E"": 0.1, ""lambda_H"": 1.2, ""lambda_bal"": 0.01, ""num_clusters"": 28, ""num_hops"": 1, ""tau_s"": 0.05}",/autodl-fs/data/recap/tuning_hyperparams/interaction_tuning/results/interaction_paper_v1/checkpoints/score__lH1p2__b0p01/recap/trial_1/model.pt
score__lH1p2__b0p01,score_loss,1,ACM,0.7338643449091201,0.2900705711288577,"{""beta"": 0.01, ""knn_k"": 20, ""lambda_E"": 0.1, ""lambda_H"": 1.2, ""lambda_bal"": 0.01, ""num_clusters"": 28, ""num_hops"": 1, ""tau_s"": 0.05}",/autodl-fs/data/recap/tuning_hyperparams/interaction_tuning/results/interaction_paper_v1/checkpoints/score__lH1p2__b0p01/recap/trial_1/model.pt
score__lH1p2__b0p01,score_loss,1,BlogCatalog,0.7211315359477124,0.3060594591935929,"{""beta"": 0.01, ""knn_k"": 20, ""lambda_E"": 0.1, ""lambda_H"": 1.2, ""lambda_bal"": 0.01, ""num_clusters"": 28, ""num_hops"": 1, ""tau_s"": 0.05}",/autodl-fs/data/recap/tuning_hyperparams/interaction_tuning/results/interaction_paper_v1/checkpoints/score__lH1p2__b0p01/recap/trial_1/model.pt
score__lH1p2__b0p01,score_loss,1,weibo,0.7583450064168842,0.3024741486513931,"{""beta"": 0.01, ""knn_k"": 20, ""lambda_E"": 0.1, ""lambda_H"": 1.2, ""lambda_bal"": 0.01, ""num_clusters"": 28, ""num_hops"": 1, ""tau_s"": 0.05}",/autodl-fs/data/recap/tuning_hyperparams/interaction_tuning/results/interaction_paper_v1/checkpoints/score__lH1p2__b0p01/recap/trial_1/model.pt
score__lH1p2__b0p01,score_loss,1,Reddit,0.5661204501686485,0.04882953663581027,"{""beta"": 0.01, ""knn_k"": 20, ""lambda_E"": 0.1, ""lambda_H"": 1.2, ""lambda_bal"": 0.01, ""num_clusters"": 28, ""num_hops"": 1, ""tau_s"": 0.05}",/autodl-fs/data/recap/tuning_hyperparams/interaction_tuning/results/interaction_paper_v1/checkpoints/score__lH1p2__b0p01/recap/trial_1/model.pt
score__lH1p2__b0p01,score_loss,1,Amazon,0.6363719634100496,0.12762017041838722,"{""beta"": 0.01, ""knn_k"": 20, ""lambda_E"": 0.1, ""lambda_H"": 1.2, ""lambda_bal"": 0.01, ""num_clusters"": 28, ""num_hops"": 1, ""tau_s"": 0.05}",/autodl-fs/data/recap/tuning_hyperparams/interaction_tuning/results/interaction_paper_v1/checkpoints/score__lH1p2__b0p01/recap/trial_1/model.pt
score__lH1p2__b0p01,score_loss,2,Facebook,0.5183333333333333,0.025276500887518625,"{""beta"": 0.01, ""knn_k"": 20, ""lambda_E"": 0.1, ""lambda_H"": 1.2, ""lambda_bal"": 0.01, ""num_clusters"": 28, ""num_hops"": 1, ""tau_s"": 0.05}",/autodl-fs/data/recap/tuning_hyperparams/interaction_tuning/results/interaction_paper_v1/checkpoints/score__lH1p2__b0p01/recap/trial_2/model.pt
score__lH1p2__b0p01,score_loss,2,cora,0.6284988272087568,0.10436992240558017,"{""beta"": 0.01, ""knn_k"": 20, ""lambda_E"": 0.1, ""lambda_H"": 1.2, ""lambda_bal"": 0.01, ""num_clusters"": 28, ""num_hops"": 1, ""tau_s"": 0.05}",/autodl-fs/data/recap/tuning_hyperparams/interaction_tuning/results/interaction_paper_v1/checkpoints/score__lH1p2__b0p01/recap/trial_2/model.pt
score__lH1p2__b0p01,score_loss,2,citeseer,0.6738663309201552,0.09266165163261061,"{""beta"": 0.01, ""knn_k"": 20, ""lambda_E"": 0.1, ""lambda_H"": 1.2, ""lambda_bal"": 0.01, ""num_clusters"": 28, ""num_hops"": 1, ""tau_s"": 0.05}",/autodl-fs/data/recap/tuning_hyperparams/interaction_tuning/results/interaction_paper_v1/checkpoints/score__lH1p2__b0p01/recap/trial_2/model.pt
score__lH1p2__b0p01,score_loss,2,ACM,0.7084433940331734,0.27384180498337063,"{""beta"": 0.01, ""knn_k"": 20, ""lambda_E"": 0.1, ""lambda_H"": 1.2, ""lambda_bal"": 0.01, ""num_clusters"": 28, ""num_hops"": 1, ""tau_s"": 0.05}",/autodl-fs/data/recap/tuning_hyperparams/interaction_tuning/results/interaction_paper_v1/checkpoints/score__lH1p2__b0p01/recap/trial_2/model.pt
score__lH1p2__b0p01,score_loss,2,BlogCatalog,0.7065733932461874,0.313393260539619,"{""beta"": 0.01, ""knn_k"": 20, ""lambda_E"": 0.1, ""lambda_H"": 1.2, ""lambda_bal"": 0.01, ""num_clusters"": 28, ""num_hops"": 1, ""tau_s"": 0.05}",/autodl-fs/data/recap/tuning_hyperparams/interaction_tuning/results/interaction_paper_v1/checkpoints/score__lH1p2__b0p01/recap/trial_2/model.pt
score__lH1p2__b0p01,score_loss,2,weibo,0.7056249843322864,0.22223697811009008,"{""beta"": 0.01, ""knn_k"": 20, ""lambda_E"": 0.1, ""lambda_H"": 1.2, ""lambda_bal"": 0.01, ""num_clusters"": 28, ""num_hops"": 1, ""tau_s"": 0.05}",/autodl-fs/data/recap/tuning_hyperparams/interaction_tuning/results/interaction_paper_v1/checkpoints/score__lH1p2__b0p01/recap/trial_2/model.pt
score__lH1p2__b0p01,score_loss,2,Reddit,0.5704042110160393,0.04570917554651217,"{""beta"": 0.01, ""knn_k"": 20, ""lambda_E"": 0.1, ""lambda_H"": 1.2, ""lambda_bal"": 0.01, ""num_clusters"": 28, ""num_hops"": 1, ""tau_s"": 0.05}",/autodl-fs/data/recap/tuning_hyperparams/interaction_tuning/results/interaction_paper_v1/checkpoints/score__lH1p2__b0p01/recap/trial_2/model.pt
score__lH1p2__b0p01,score_loss,2,Amazon,0.6230264332247335,0.1209573949665054,"{""beta"": 0.01, ""knn_k"": 20, ""lambda_E"": 0.1, ""lambda_H"": 1.2, ""lambda_bal"": 0.01, ""num_clusters"": 28, ""num_hops"": 1, ""tau_s"": 0.05}",/autodl-fs/data/recap/tuning_hyperparams/interaction_tuning/results/interaction_paper_v1/checkpoints/score__lH1p2__b0p01/recap/trial_2/model.pt
ctrl__tau0p03,controls,0,Facebook,0.5550757575757576,0.03874713911323699,"{""beta"": 0.005, ""knn_k"": 20, ""lambda_E"": 0.1, ""lambda_H"": 0.35, ""lambda_bal"": 0.01, ""num_clusters"": 28, ""num_hops"": 1, ""tau_s"": 0.03}",/autodl-fs/data/recap/tuning_hyperparams/interaction_tuning/results/interaction_paper_v1/checkpoints/ctrl__tau0p03/recap/trial_0/model.pt
ctrl__tau0p03,controls,0,cora,0.8346286161063331,0.3758490132754017,"{""beta"": 0.005, ""knn_k"": 20, ""lambda_E"": 0.1, ""lambda_H"": 0.35, ""lambda_bal"": 0.01, ""num_clusters"": 28, ""num_hops"": 1, ""tau_s"": 0.03}",/autodl-fs/data/recap/tuning_hyperparams/interaction_tuning/results/interaction_paper_v1/checkpoints/ctrl__tau0p03/recap/trial_0/model.pt
ctrl__tau0p03,controls,0,citeseer,0.872261042912601,0.3197719492469941,"{""beta"": 0.005, ""knn_k"": 20, ""lambda_E"": 0.1, ""lambda_H"": 0.35, ""lambda_bal"": 0.01, ""num_clusters"": 28, ""num_hops"": 1, ""tau_s"": 0.03}",/autodl-fs/data/recap/tuning_hyperparams/interaction_tuning/results/interaction_paper_v1/checkpoints/ctrl__tau0p03/recap/trial_0/model.pt
ctrl__tau0p03,controls,0,ACM,0.8069924115447256,0.3532894766674044,"{""beta"": 0.005, ""knn_k"": 20, ""lambda_E"": 0.1, ""lambda_H"": 0.35, ""lambda_bal"": 0.01, ""num_clusters"": 28, ""num_hops"": 1, ""tau_s"": 0.03}",/autodl-fs/data/recap/tuning_hyperparams/interaction_tuning/results/interaction_paper_v1/checkpoints/ctrl__tau0p03/recap/trial_0/model.pt
ctrl__tau0p03,controls,0,BlogCatalog,0.7215720315904139,0.3266879941578768,"{""beta"": 0.005, ""knn_k"": 20, ""lambda_E"": 0.1, ""lambda_H"": 0.35, ""lambda_bal"": 0.01, ""num_clusters"": 28, ""num_hops"": 1, ""tau_s"": 0.03}",/autodl-fs/data/recap/tuning_hyperparams/interaction_tuning/results/interaction_paper_v1/checkpoints/ctrl__tau0p03/recap/trial_0/model.pt
ctrl__tau0p03,controls,0,weibo,0.7065004655985923,0.2991661722221112,"{""beta"": 0.005, ""knn_k"": 20, ""lambda_E"": 0.1, ""lambda_H"": 0.35, ""lambda_bal"": 0.01, ""num_clusters"": 28, ""num_hops"": 1, ""tau_s"": 0.03}",/autodl-fs/data/recap/tuning_hyperparams/interaction_tuning/results/interaction_paper_v1/checkpoints/ctrl__tau0p03/recap/trial_0/model.pt
ctrl__tau0p03,controls,0,Reddit,0.6053507962044039,0.04675378931397355,"{""beta"": 0.005, ""knn_k"": 20, ""lambda_E"": 0.1, ""lambda_H"": 0.35, ""lambda_bal"": 0.01, ""num_clusters"": 28, ""num_hops"": 1, ""tau_s"": 0.03}",/autodl-fs/data/recap/tuning_hyperparams/interaction_tuning/results/interaction_paper_v1/checkpoints/ctrl__tau0p03/recap/trial_0/model.pt
ctrl__tau0p03,controls,0,Amazon,0.7051648732479705,0.12447498224892214,"{""beta"": 0.005, ""knn_k"": 20, ""lambda_E"": 0.1, ""lambda_H"": 0.35, ""lambda_bal"": 0.01, ""num_clusters"": 28, ""num_hops"": 1, ""tau_s"": 0.03}",/autodl-fs/data/recap/tuning_hyperparams/interaction_tuning/results/interaction_paper_v1/checkpoints/ctrl__tau0p03/recap/trial_0/model.pt
ctrl__tau0p03,controls,1,Facebook,0.5439015151515152,0.037194800802758714,"{""beta"": 0.005, ""knn_k"": 20, ""lambda_E"": 0.1, ""lambda_H"": 0.35, ""lambda_bal"": 0.01, ""num_clusters"": 28, ""num_hops"": 1, ""tau_s"": 0.03}",/autodl-fs/data/recap/tuning_hyperparams/interaction_tuning/results/interaction_paper_v1/checkpoints/ctrl__tau0p03/recap/trial_1/model.pt
ctrl__tau0p03,controls,1,cora,0.8337816002084962,0.3568677891378334,"{""beta"": 0.005, ""knn_k"": 20, ""lambda_E"": 0.1, ""lambda_H"": 0.35, ""lambda_bal"": 0.01, ""num_clusters"": 28, ""num_hops"": 1, ""tau_s"": 0.03}",/autodl-fs/data/recap/tuning_hyperparams/interaction_tuning/results/interaction_paper_v1/checkpoints/ctrl__tau0p03/recap/trial_1/model.pt
ctrl__tau0p03,controls,1,citeseer,0.872584198929808,0.3446317602060047,"{""beta"": 0.005, ""knn_k"": 20, ""lambda_E"": 0.1, ""lambda_H"": 0.35, ""lambda_bal"": 0.01, ""num_clusters"": 28, ""num_hops"": 1, ""tau_s"": 0.03}",/autodl-fs/data/recap/tuning_hyperparams/interaction_tuning/results/interaction_paper_v1/checkpoints/ctrl__tau0p03/recap/trial_1/model.pt
ctrl__tau0p03,controls,1,ACM,0.8042474178238921,0.34875140873898114,"{""beta"": 0.005, ""knn_k"": 20, ""lambda_E"": 0.1, ""lambda_H"": 0.35, ""lambda_bal"": 0.01, ""num_clusters"": 28, ""num_hops"": 1, ""tau_s"": 0.03}",/autodl-fs/data/recap/tuning_hyperparams/interaction_tuning/results/interaction_paper_v1/checkpoints/ctrl__tau0p03/recap/trial_1/model.pt
ctrl__tau0p03,controls,1,BlogCatalog,0.7203941993464051,0.3284811154780251,"{""beta"": 0.005, ""knn_k"": 20, ""lambda_E"": 0.1, ""lambda_H"": 0.35, ""lambda_bal"": 0.01, ""num_clusters"": 28, ""num_hops"": 1, ""tau_s"": 0.03}",/autodl-fs/data/recap/tuning_hyperparams/interaction_tuning/results/interaction_paper_v1/checkpoints/ctrl__tau0p03/recap/trial_1/model.pt
ctrl__tau0p03,controls,1,weibo,0.6973250703594984,0.2943385543982501,"{""beta"": 0.005, ""knn_k"": 20, ""lambda_E"": 0.1, ""lambda_H"": 0.35, ""lambda_bal"": 0.01, ""num_clusters"": 28, ""num_hops"": 1, ""tau_s"": 0.03}",/autodl-fs/data/recap/tuning_hyperparams/interaction_tuning/results/interaction_paper_v1/checkpoints/ctrl__tau0p03/recap/trial_1/model.pt
ctrl__tau0p03,controls,1,Reddit,0.6043480140435821,0.04569960855730337,"{""beta"": 0.005, ""knn_k"": 20, ""lambda_E"": 0.1, ""lambda_H"": 0.35, ""lambda_bal"": 0.01, ""num_clusters"": 28, ""num_hops"": 1, ""tau_s"": 0.03}",/autodl-fs/data/recap/tuning_hyperparams/interaction_tuning/results/interaction_paper_v1/checkpoints/ctrl__tau0p03/recap/trial_1/model.pt
ctrl__tau0p03,controls,1,Amazon,0.7191794437623836,0.1302743599432965,"{""beta"": 0.005, ""knn_k"": 20, ""lambda_E"": 0.1, ""lambda_H"": 0.35, ""lambda_bal"": 0.01, ""num_clusters"": 28, ""num_hops"": 1, ""tau_s"": 0.03}",/autodl-fs/data/recap/tuning_hyperparams/interaction_tuning/results/interaction_paper_v1/checkpoints/ctrl__tau0p03/recap/trial_1/model.pt
ctrl__tau0p03,controls,2,Facebook,0.5370454545454546,0.029216269651350615,"{""beta"": 0.005, ""knn_k"": 20, ""lambda_E"": 0.1, ""lambda_H"": 0.35, ""lambda_bal"": 0.01, ""num_clusters"": 28, ""num_hops"": 1, ""tau_s"": 0.03}",/autodl-fs/data/recap/tuning_hyperparams/interaction_tuning/results/interaction_paper_v1/checkpoints/ctrl__tau0p03/recap/trial_2/model.pt
ctrl__tau0p03,controls,2,cora,0.8268230388324211,0.3393366310528407,"{""beta"": 0.005, ""knn_k"": 20, ""lambda_E"": 0.1, ""lambda_H"": 0.35, ""lambda_bal"": 0.01, ""num_clusters"": 28, ""num_hops"": 1, ""tau_s"": 0.03}",/autodl-fs/data/recap/tuning_hyperparams/interaction_tuning/results/interaction_paper_v1/checkpoints/ctrl__tau0p03/recap/trial_2/model.pt
ctrl__tau0p03,controls,2,citeseer,0.8737425243940824,0.32269622315726465,"{""beta"": 0.005, ""knn_k"": 20, ""lambda_E"": 0.1, ""lambda_H"": 0.35, ""lambda_bal"": 0.01, ""num_clusters"": 28, ""num_hops"": 1, ""tau_s"": 0.03}",/autodl-fs/data/recap/tuning_hyperparams/interaction_tuning/results/interaction_paper_v1/checkpoints/ctrl__tau0p03/recap/trial_2/model.pt
ctrl__tau0p03,controls,2,ACM,0.8065522214627405,0.3540234438364056,"{""beta"": 0.005, ""knn_k"": 20, ""lambda_E"": 0.1, ""lambda_H"": 0.35, ""lambda_bal"": 0.01, ""num_clusters"": 28, ""num_hops"": 1, ""tau_s"": 0.03}",/autodl-fs/data/recap/tuning_hyperparams/interaction_tuning/results/interaction_paper_v1/checkpoints/ctrl__tau0p03/recap/trial_2/model.pt
ctrl__tau0p03,controls,2,BlogCatalog,0.7267824074074073,0.33101444552043097,"{""beta"": 0.005, ""knn_k"": 20, ""lambda_E"": 0.1, ""lambda_H"": 0.35, ""lambda_bal"": 0.01, ""num_clusters"": 28, ""num_hops"": 1, ""tau_s"": 0.03}",/autodl-fs/data/recap/tuning_hyperparams/interaction_tuning/results/interaction_paper_v1/checkpoints/ctrl__tau0p03/recap/trial_2/model.pt
ctrl__tau0p03,controls,2,weibo,0.6948687550022041,0.2880054481546667,"{""beta"": 0.005, ""knn_k"": 20, ""lambda_E"": 0.1, ""lambda_H"": 0.35, ""lambda_bal"": 0.01, ""num_clusters"": 28, ""num_hops"": 1, ""tau_s"": 0.03}",/autodl-fs/data/recap/tuning_hyperparams/interaction_tuning/results/interaction_paper_v1/checkpoints/ctrl__tau0p03/recap/trial_2/model.pt
ctrl__tau0p03,controls,2,Reddit,0.6028608240260122,0.04535861016270172,"{""beta"": 0.005, ""knn_k"": 20, ""lambda_E"": 0.1, ""lambda_H"": 0.35, ""lambda_bal"": 0.01, ""num_clusters"": 28, ""num_hops"": 1, ""tau_s"": 0.03}",/autodl-fs/data/recap/tuning_hyperparams/interaction_tuning/results/interaction_paper_v1/checkpoints/ctrl__tau0p03/recap/trial_2/model.pt
ctrl__tau0p03,controls,2,Amazon,0.70631733647157,0.12576115804125626,"{""beta"": 0.005, ""knn_k"": 20, ""lambda_E"": 0.1, ""lambda_H"": 0.35, ""lambda_bal"": 0.01, ""num_clusters"": 28, ""num_hops"": 1, ""tau_s"": 0.03}",/autodl-fs/data/recap/tuning_hyperparams/interaction_tuning/results/interaction_paper_v1/checkpoints/ctrl__tau0p03/recap/trial_2/model.pt
ctrl__tau0p08,controls,0,Facebook,0.553939393939394,0.038690018743701905,"{""beta"": 0.005, ""knn_k"": 20, ""lambda_E"": 0.1, ""lambda_H"": 0.35, ""lambda_bal"": 0.01, ""num_clusters"": 28, ""num_hops"": 1, ""tau_s"": 0.08}",/autodl-fs/data/recap/tuning_hyperparams/interaction_tuning/results/interaction_paper_v1/checkpoints/ctrl__tau0p08/recap/trial_0/model.pt
ctrl__tau0p08,controls,0,cora,0.834469637737816,0.374098258840317,"{""beta"": 0.005, ""knn_k"": 20, ""lambda_E"": 0.1, ""lambda_H"": 0.35, ""lambda_bal"": 0.01, ""num_clusters"": 28, ""num_hops"": 1, ""tau_s"": 0.08}",/autodl-fs/data/recap/tuning_hyperparams/interaction_tuning/results/interaction_paper_v1/checkpoints/ctrl__tau0p08/recap/trial_0/model.pt
ctrl__tau0p08,controls,0,citeseer,0.8718046374986886,0.31985746902186163,"{""beta"": 0.005, ""knn_k"": 20, ""lambda_E"": 0.1, ""lambda_H"": 0.35, ""lambda_bal"": 0.01, ""num_clusters"": 28, ""num_hops"": 1, ""tau_s"": 0.08}",/autodl-fs/data/recap/tuning_hyperparams/interaction_tuning/results/interaction_paper_v1/checkpoints/ctrl__tau0p08/recap/trial_0/model.pt
ctrl__tau0p08,controls,0,ACM,0.8069560365559149,0.35368818503782684,"{""beta"": 0.005, ""knn_k"": 20, ""lambda_E"": 0.1, ""lambda_H"": 0.35, ""lambda_bal"": 0.01, ""num_clusters"": 28, ""num_hops"": 1, ""tau_s"": 0.08}",/autodl-fs/data/recap/tuning_hyperparams/interaction_tuning/results/interaction_paper_v1/checkpoints/ctrl__tau0p08/recap/trial_0/model.pt
ctrl__tau0p08,controls,0,BlogCatalog,0.7221660539215686,0.32705151324824944,"{""beta"": 0.005, ""knn_k"": 20, ""lambda_E"": 0.1, ""lambda_H"": 0.35, ""lambda_bal"": 0.01, ""num_clusters"": 28, ""num_hops"": 1, ""tau_s"": 0.08}",/autodl-fs/data/recap/tuning_hyperparams/interaction_tuning/results/interaction_paper_v1/checkpoints/ctrl__tau0p08/recap/trial_0/model.pt
ctrl__tau0p08,controls,0,weibo,0.7080872610635458,0.2991596293310056,"{""beta"": 0.005, ""knn_k"": 20, ""lambda_E"": 0.1, ""lambda_H"": 0.35, ""lambda_bal"": 0.01, ""num_clusters"": 28, ""num_hops"": 1, ""tau_s"": 0.08}",/autodl-fs/data/recap/tuning_hyperparams/interaction_tuning/results/interaction_paper_v1/checkpoints/ctrl__tau0p08/recap/trial_0/model.pt
ctrl__tau0p08,controls,0,Reddit,0.6056373237733224,0.046800232094477895,"{""beta"": 0.005, ""knn_k"": 20, ""lambda_E"": 0.1, ""lambda_H"": 0.35, ""lambda_bal"": 0.01, ""num_clusters"": 28, ""num_hops"": 1, ""tau_s"": 0.08}",/autodl-fs/data/recap/tuning_hyperparams/interaction_tuning/results/interaction_paper_v1/checkpoints/ctrl__tau0p08/recap/trial_0/model.pt
ctrl__tau0p08,controls,0,Amazon,0.7049149104547279,0.12449382876648324,"{""beta"": 0.005, ""knn_k"": 20, ""lambda_E"": 0.1, ""lambda_H"": 0.35, ""lambda_bal"": 0.01, ""num_clusters"": 28, ""num_hops"": 1, ""tau_s"": 0.08}",/autodl-fs/data/recap/tuning_hyperparams/interaction_tuning/results/interaction_paper_v1/checkpoints/ctrl__tau0p08/recap/trial_0/model.pt
ctrl__tau0p08,controls,1,Facebook,0.5446590909090909,0.03523405882589115,"{""beta"": 0.005, ""knn_k"": 20, ""lambda_E"": 0.1, ""lambda_H"": 0.35, ""lambda_bal"": 0.01, ""num_clusters"": 28, ""num_hops"": 1, ""tau_s"": 0.08}",/autodl-fs/data/recap/tuning_hyperparams/interaction_tuning/results/interaction_paper_v1/checkpoints/ctrl__tau0p08/recap/trial_1/model.pt
ctrl__tau0p08,controls,1,cora,0.8329319781078969,0.35137867522148086,"{""beta"": 0.005, ""knn_k"": 20, ""lambda_E"": 0.1, ""lambda_H"": 0.35, ""lambda_bal"": 0.01, ""num_clusters"": 28, ""num_hops"": 1, ""tau_s"": 0.08}",/autodl-fs/data/recap/tuning_hyperparams/interaction_tuning/results/interaction_paper_v1/checkpoints/ctrl__tau0p08/recap/trial_1/model.pt
ctrl__tau0p08,controls,1,citeseer,0.8722033364809568,0.34478618699230795,"{""beta"": 0.005, ""knn_k"": 20, ""lambda_E"": 0.1, ""lambda_H"": 0.35, ""lambda_bal"": 0.01, ""num_clusters"": 28, ""num_hops"": 1, ""tau_s"": 0.08}",/autodl-fs/data/recap/tuning_hyperparams/interaction_tuning/results/interaction_paper_v1/checkpoints/ctrl__tau0p08/recap/trial_1/model.pt
ctrl__tau0p08,controls,1,ACM,0.8043590732243285,0.34921566183456804,"{""beta"": 0.005, ""knn_k"": 20, ""lambda_E"": 0.1, ""lambda_H"": 0.35, ""lambda_bal"": 0.01, ""num_clusters"": 28, ""num_hops"": 1, ""tau_s"": 0.08}",/autodl-fs/data/recap/tuning_hyperparams/interaction_tuning/results/interaction_paper_v1/checkpoints/ctrl__tau0p08/recap/trial_1/model.pt
ctrl__tau0p08,controls,1,BlogCatalog,0.7217585784313725,0.3293369555127255,"{""beta"": 0.005, ""knn_k"": 20, ""lambda_E"": 0.1, ""lambda_H"": 0.35, ""lambda_bal"": 0.01, ""num_clusters"": 28, ""num_hops"": 1, ""tau_s"": 0.08}",/autodl-fs/data/recap/tuning_hyperparams/interaction_tuning/results/interaction_paper_v1/checkpoints/ctrl__tau0p08/recap/trial_1/model.pt
ctrl__tau0p08,controls,1,weibo,0.6998332038135673,0.29401030811012957,"{""beta"": 0.005, ""knn_k"": 20, ""lambda_E"": 0.1, ""lambda_H"": 0.35, ""lambda_bal"": 0.01, ""num_clusters"": 28, ""num_hops"": 1, ""tau_s"": 0.08}",/autodl-fs/data/recap/tuning_hyperparams/interaction_tuning/results/interaction_paper_v1/checkpoints/ctrl__tau0p08/recap/trial_1/model.pt
ctrl__tau0p08,controls,1,Reddit,0.6040186424331504,0.04566581043399755,"{""beta"": 0.005, ""knn_k"": 20, ""lambda_E"": 0.1, ""lambda_H"": 0.35, ""lambda_bal"": 0.01, ""num_clusters"": 28, ""num_hops"": 1, ""tau_s"": 0.08}",/autodl-fs/data/recap/tuning_hyperparams/interaction_tuning/results/interaction_paper_v1/checkpoints/ctrl__tau0p08/recap/trial_1/model.pt
ctrl__tau0p08,controls,1,Amazon,0.7193606705725056,0.1303066881502546,"{""beta"": 0.005, ""knn_k"": 20, ""lambda_E"": 0.1, ""lambda_H"": 0.35, ""lambda_bal"": 0.01, ""num_clusters"": 28, ""num_hops"": 1, ""tau_s"": 0.08}",/autodl-fs/data/recap/tuning_hyperparams/interaction_tuning/results/interaction_paper_v1/checkpoints/ctrl__tau0p08/recap/trial_1/model.pt
ctrl__tau0p08,controls,2,Facebook,0.5357575757575758,0.028988175863519615,"{""beta"": 0.005, ""knn_k"": 20, ""lambda_E"": 0.1, ""lambda_H"": 0.35, ""lambda_bal"": 0.01, ""num_clusters"": 28, ""num_hops"": 1, ""tau_s"": 0.08}",/autodl-fs/data/recap/tuning_hyperparams/interaction_tuning/results/interaction_paper_v1/checkpoints/ctrl__tau0p08/recap/trial_2/model.pt
ctrl__tau0p08,controls,2,cora,0.8261271826948137,0.3375843646347692,"{""beta"": 0.005, ""knn_k"": 20, ""lambda_E"": 0.1, ""lambda_H"": 0.35, ""lambda_bal"": 0.01, ""num_clusters"": 28, ""num_hops"": 1, ""tau_s"": 0.08}",/autodl-fs/data/recap/tuning_hyperparams/interaction_tuning/results/interaction_paper_v1/checkpoints/ctrl__tau0p08/recap/trial_2/model.pt
ctrl__tau0p08,controls,2,citeseer,0.8732263141328296,0.3213205417948488,"{""beta"": 0.005, ""knn_k"": 20, ""lambda_E"": 0.1, ""lambda_H"": 0.35, ""lambda_bal"": 0.01, ""num_clusters"": 28, ""num_hops"": 1, ""tau_s"": 0.08}",/autodl-fs/data/recap/tuning_hyperparams/interaction_tuning/results/interaction_paper_v1/checkpoints/ctrl__tau0p08/recap/trial_2/model.pt
ctrl__tau0p08,controls,2,ACM,0.806581795910165,0.3542248698459799,"{""beta"": 0.005, ""knn_k"": 20, ""lambda_E"": 0.1, ""lambda_H"": 0.35, ""lambda_bal"": 0.01, ""num_clusters"": 28, ""num_hops"": 1, ""tau_s"": 0.08}",/autodl-fs/data/recap/tuning_hyperparams/interaction_tuning/results/interaction_paper_v1/checkpoints/ctrl__tau0p08/recap/trial_2/model.pt
ctrl__tau0p08,controls,2,BlogCatalog,0.7273903867102397,0.33071116205523776,"{""beta"": 0.005, ""knn_k"": 20, ""lambda_E"": 0.1, ""lambda_H"": 0.35, ""lambda_bal"": 0.01, ""num_clusters"": 28, ""num_hops"": 1, ""tau_s"": 0.08}",/autodl-fs/data/recap/tuning_hyperparams/interaction_tuning/results/interaction_paper_v1/checkpoints/ctrl__tau0p08/recap/trial_2/model.pt
ctrl__tau0p08,controls,2,weibo,0.6966628992821283,0.28867364497702425,"{""beta"": 0.005, ""knn_k"": 20, ""lambda_E"": 0.1, ""lambda_H"": 0.35, ""lambda_bal"": 0.01, ""num_clusters"": 28, ""num_hops"": 1, ""tau_s"": 0.08}",/autodl-fs/data/recap/tuning_hyperparams/interaction_tuning/results/interaction_paper_v1/checkpoints/ctrl__tau0p08/recap/trial_2/model.pt
ctrl__tau0p08,controls,2,Reddit,0.6028353491905178,0.045299811985318426,"{""beta"": 0.005, ""knn_k"": 20, ""lambda_E"": 0.1, ""lambda_H"": 0.35, ""lambda_bal"": 0.01, ""num_clusters"": 28, ""num_hops"": 1, ""tau_s"": 0.08}",/autodl-fs/data/recap/tuning_hyperparams/interaction_tuning/results/interaction_paper_v1/checkpoints/ctrl__tau0p08/recap/trial_2/model.pt
ctrl__tau0p08,controls,2,Amazon,0.7056171075686342,0.12564322580770074,"{""beta"": 0.005, ""knn_k"": 20, ""lambda_E"": 0.1, ""lambda_H"": 0.35, ""lambda_bal"": 0.01, ""num_clusters"": 28, ""num_hops"": 1, ""tau_s"": 0.08}",/autodl-fs/data/recap/tuning_hyperparams/interaction_tuning/results/interaction_paper_v1/checkpoints/ctrl__tau0p08/recap/trial_2/model.pt
ctrl__tau0p1,controls,0,Facebook,0.55375,0.03867219208673879,"{""beta"": 0.005, ""knn_k"": 20, ""lambda_E"": 0.1, ""lambda_H"": 0.35, ""lambda_bal"": 0.01, ""num_clusters"": 28, ""num_hops"": 1, ""tau_s"": 0.1}",/autodl-fs/data/recap/tuning_hyperparams/interaction_tuning/results/interaction_paper_v1/checkpoints/ctrl__tau0p1/recap/trial_0/model.pt
ctrl__tau0p1,controls,0,cora,0.8344774563461037,0.3735052466926332,"{""beta"": 0.005, ""knn_k"": 20, ""lambda_E"": 0.1, ""lambda_H"": 0.35, ""lambda_bal"": 0.01, ""num_clusters"": 28, ""num_hops"": 1, ""tau_s"": 0.1}",/autodl-fs/data/recap/tuning_hyperparams/interaction_tuning/results/interaction_paper_v1/checkpoints/ctrl__tau0p1/recap/trial_0/model.pt
ctrl__tau0p1,controls,0,citeseer,0.8718109327457769,0.31989092203368225,"{""beta"": 0.005, ""knn_k"": 20, ""lambda_E"": 0.1, ""lambda_H"": 0.35, ""lambda_bal"": 0.01, ""num_clusters"": 28, ""num_hops"": 1, ""tau_s"": 0.1}",/autodl-fs/data/recap/tuning_hyperparams/interaction_tuning/results/interaction_paper_v1/checkpoints/ctrl__tau0p1/recap/trial_0/model.pt
ctrl__tau0p1,controls,0,ACM,0.8069439115596446,0.3534785765274594,"{""beta"": 0.005, ""knn_k"": 20, ""lambda_E"": 0.1, ""lambda_H"": 0.35, ""lambda_bal"": 0.01, ""num_clusters"": 28, ""num_hops"": 1, ""tau_s"": 0.1}",/autodl-fs/data/recap/tuning_hyperparams/interaction_tuning/results/interaction_paper_v1/checkpoints/ctrl__tau0p1/recap/trial_0/model.pt
ctrl__tau0p1,controls,0,BlogCatalog,0.7224291938997822,0.3274799572453974,"{""beta"": 0.005, ""knn_k"": 20, ""lambda_E"": 0.1, ""lambda_H"": 0.35, ""lambda_bal"": 0.01, ""num_clusters"": 28, ""num_hops"": 1, ""tau_s"": 0.1}",/autodl-fs/data/recap/tuning_hyperparams/interaction_tuning/results/interaction_paper_v1/checkpoints/ctrl__tau0p1/recap/trial_0/model.pt
ctrl__tau0p1,controls,0,weibo,0.7086195047596221,0.29915482221317796,"{""beta"": 0.005, ""knn_k"": 20, ""lambda_E"": 0.1, ""lambda_H"": 0.35, ""lambda_bal"": 0.01, ""num_clusters"": 28, ""num_hops"": 1, ""tau_s"": 0.1}",/autodl-fs/data/recap/tuning_hyperparams/interaction_tuning/results/interaction_paper_v1/checkpoints/ctrl__tau0p1/recap/trial_0/model.pt
ctrl__tau0p1,controls,0,Reddit,0.6056779805814849,0.04680776900723995,"{""beta"": 0.005, ""knn_k"": 20, ""lambda_E"": 0.1, ""lambda_H"": 0.35, ""lambda_bal"": 0.01, ""num_clusters"": 28, ""num_hops"": 1, ""tau_s"": 0.1}",/autodl-fs/data/recap/tuning_hyperparams/interaction_tuning/results/interaction_paper_v1/checkpoints/ctrl__tau0p1/recap/trial_0/model.pt
ctrl__tau0p1,controls,0,Amazon,0.7049194524800443,0.12442973504236063,"{""beta"": 0.005, ""knn_k"": 20, ""lambda_E"": 0.1, ""lambda_H"": 0.35, ""lambda_bal"": 0.01, ""num_clusters"": 28, ""num_hops"": 1, ""tau_s"": 0.1}",/autodl-fs/data/recap/tuning_hyperparams/interaction_tuning/results/interaction_paper_v1/checkpoints/ctrl__tau0p1/recap/trial_0/model.pt
ctrl__tau0p1,controls,1,Facebook,0.5445454545454546,0.03482329499600516,"{""beta"": 0.005, ""knn_k"": 20, ""lambda_E"": 0.1, ""lambda_H"": 0.35, ""lambda_bal"": 0.01, ""num_clusters"": 28, ""num_hops"": 1, ""tau_s"": 0.1}",/autodl-fs/data/recap/tuning_hyperparams/interaction_tuning/results/interaction_paper_v1/checkpoints/ctrl__tau0p1/recap/trial_1/model.pt
ctrl__tau0p1,controls,1,cora,0.8327495439145165,0.3512714715492912,"{""beta"": 0.005, ""knn_k"": 20, ""lambda_E"": 0.1, ""lambda_H"": 0.35, ""lambda_bal"": 0.01, ""num_clusters"": 28, ""num_hops"": 1, ""tau_s"": 0.1}",/autodl-fs/data/recap/tuning_hyperparams/interaction_tuning/results/interaction_paper_v1/checkpoints/ctrl__tau0p1/recap/trial_1/model.pt
ctrl__tau0p1,controls,1,citeseer,0.8721372363865282,0.34469901974830824,"{""beta"": 0.005, ""knn_k"": 20, ""lambda_E"": 0.1, ""lambda_H"": 0.35, ""lambda_bal"": 0.01, ""num_clusters"": 28, ""num_hops"": 1, ""tau_s"": 0.1}",/autodl-fs/data/recap/tuning_hyperparams/interaction_tuning/results/interaction_paper_v1/checkpoints/ctrl__tau0p1/recap/trial_1/model.pt
ctrl__tau0p1,controls,1,ACM,0.8043369846441667,0.3493260037059762,"{""beta"": 0.005, ""knn_k"": 20, ""lambda_E"": 0.1, ""lambda_H"": 0.35, ""lambda_bal"": 0.01, ""num_clusters"": 28, ""num_hops"": 1, ""tau_s"": 0.1}",/autodl-fs/data/recap/tuning_hyperparams/interaction_tuning/results/interaction_paper_v1/checkpoints/ctrl__tau0p1/recap/trial_1/model.pt
ctrl__tau0p1,controls,1,BlogCatalog,0.7220669934640523,0.32970926748599755,"{""beta"": 0.005, ""knn_k"": 20, ""lambda_E"": 0.1, ""lambda_H"": 0.35, ""lambda_bal"": 0.01, ""num_clusters"": 28, ""num_hops"": 1, ""tau_s"": 0.1}",/autodl-fs/data/recap/tuning_hyperparams/interaction_tuning/results/interaction_paper_v1/checkpoints/ctrl__tau0p1/recap/trial_1/model.pt
ctrl__tau0p1,controls,1,weibo,0.7002969681369147,0.2938831044643513,"{""beta"": 0.005, ""knn_k"": 20, ""lambda_E"": 0.1, ""lambda_H"": 0.35, ""lambda_bal"": 0.01, ""num_clusters"": 28, ""num_hops"": 1, ""tau_s"": 0.1}",/autodl-fs/data/recap/tuning_hyperparams/interaction_tuning/results/interaction_paper_v1/checkpoints/ctrl__tau0p1/recap/trial_1/model.pt
ctrl__tau0p1,controls,1,Reddit,0.603884191912486,0.04566547950258472,"{""beta"": 0.005, ""knn_k"": 20, ""lambda_E"": 0.1, ""lambda_H"": 0.35, ""lambda_bal"": 0.01, ""num_clusters"": 28, ""num_hops"": 1, ""tau_s"": 0.1}",/autodl-fs/data/recap/tuning_hyperparams/interaction_tuning/results/interaction_paper_v1/checkpoints/ctrl__tau0p1/recap/trial_1/model.pt
ctrl__tau0p1,controls,1,Amazon,0.7194256215345294,0.1302292247021054,"{""beta"": 0.005, ""knn_k"": 20, ""lambda_E"": 0.1, ""lambda_H"": 0.35, ""lambda_bal"": 0.01, ""num_clusters"": 28, ""num_hops"": 1, ""tau_s"": 0.1}",/autodl-fs/data/recap/tuning_hyperparams/interaction_tuning/results/interaction_paper_v1/checkpoints/ctrl__tau0p1/recap/trial_1/model.pt
ctrl__tau0p1,controls,2,Facebook,0.5355681818181819,0.028367913760858066,"{""beta"": 0.005, ""knn_k"": 20, ""lambda_E"": 0.1, ""lambda_H"": 0.35, ""lambda_bal"": 0.01, ""num_clusters"": 28, ""num_hops"": 1, ""tau_s"": 0.1}",/autodl-fs/data/recap/tuning_hyperparams/interaction_tuning/results/interaction_paper_v1/checkpoints/ctrl__tau0p1/recap/trial_2/model.pt
ctrl__tau0p1,controls,2,cora,0.8261297888975762,0.33758165708041654,"{""beta"": 0.005, ""knn_k"": 20, ""lambda_E"": 0.1, ""lambda_H"": 0.35, ""lambda_bal"": 0.01, ""num_clusters"": 28, ""num_hops"": 1, ""tau_s"": 0.1}",/autodl-fs/data/recap/tuning_hyperparams/interaction_tuning/results/interaction_paper_v1/checkpoints/ctrl__tau0p1/recap/trial_2/model.pt
ctrl__tau0p1,controls,2,citeseer,0.8729703074178994,0.3212990739150238,"{""beta"": 0.005, ""knn_k"": 20, ""lambda_E"": 0.1, ""lambda_H"": 0.35, ""lambda_bal"": 0.01, ""num_clusters"": 28, ""num_hops"": 1, ""tau_s"": 0.1}",/autodl-fs/data/recap/tuning_hyperparams/interaction_tuning/results/interaction_paper_v1/checkpoints/ctrl__tau0p1/recap/trial_2/model.pt
ctrl__tau0p1,controls,2,ACM,0.806614849704345,0.35422681181585386,"{""beta"": 0.005, ""knn_k"": 20, ""lambda_E"": 0.1, ""lambda_H"": 0.35, ""lambda_bal"": 0.01, ""num_clusters"": 28, ""num_hops"": 1, ""tau_s"": 0.1}",/autodl-fs/data/recap/tuning_hyperparams/interaction_tuning/results/interaction_paper_v1/checkpoints/ctrl__tau0p1/recap/trial_2/model.pt
ctrl__tau0p1,controls,2,BlogCatalog,0.727571827342048,0.3307614304537948,"{""beta"": 0.005, ""knn_k"": 20, ""lambda_E"": 0.1, ""lambda_H"": 0.35, ""lambda_bal"": 0.01, ""num_clusters"": 28, ""num_hops"": 1, ""tau_s"": 0.1}",/autodl-fs/data/recap/tuning_hyperparams/interaction_tuning/results/interaction_paper_v1/checkpoints/ctrl__tau0p1/recap/trial_2/model.pt
ctrl__tau0p1,controls,2,weibo,0.6975673467116755,0.28882443280927805,"{""beta"": 0.005, ""knn_k"": 20, ""lambda_E"": 0.1, ""lambda_H"": 0.35, ""lambda_bal"": 0.01, ""num_clusters"": 28, ""num_hops"": 1, ""tau_s"": 0.1}",/autodl-fs/data/recap/tuning_hyperparams/interaction_tuning/results/interaction_paper_v1/checkpoints/ctrl__tau0p1/recap/trial_2/model.pt
ctrl__tau0p1,controls,2,Reddit,0.6027661296880131,0.04529281115886768,"{""beta"": 0.005, ""knn_k"": 20, ""lambda_E"": 0.1, ""lambda_H"": 0.35, ""lambda_bal"": 0.01, ""num_clusters"": 28, ""num_hops"": 1, ""tau_s"": 0.1}",/autodl-fs/data/recap/tuning_hyperparams/interaction_tuning/results/interaction_paper_v1/checkpoints/ctrl__tau0p1/recap/trial_2/model.pt
ctrl__tau0p1,controls,2,Amazon,0.7055078718597761,0.12562526119088133,"{""beta"": 0.005, ""knn_k"": 20, ""lambda_E"": 0.1, ""lambda_H"": 0.35, ""lambda_bal"": 0.01, ""num_clusters"": 28, ""num_hops"": 1, ""tau_s"": 0.1}",/autodl-fs/data/recap/tuning_hyperparams/interaction_tuning/results/interaction_paper_v1/checkpoints/ctrl__tau0p1/recap/trial_2/model.pt
ctrl__tau0p15,controls,0,Facebook,0.5539772727272727,0.038708016896611394,"{""beta"": 0.005, ""knn_k"": 20, ""lambda_E"": 0.1, ""lambda_H"": 0.35, ""lambda_bal"": 0.01, ""num_clusters"": 28, ""num_hops"": 1, ""tau_s"": 0.15}",/autodl-fs/data/recap/tuning_hyperparams/interaction_tuning/results/interaction_paper_v1/checkpoints/ctrl__tau0p15/recap/trial_0/model.pt
ctrl__tau0p15,controls,0,cora,0.834555642428981,0.37360063724158243,"{""beta"": 0.005, ""knn_k"": 20, ""lambda_E"": 0.1, ""lambda_H"": 0.35, ""lambda_bal"": 0.01, ""num_clusters"": 28, ""num_hops"": 1, ""tau_s"": 0.15}",/autodl-fs/data/recap/tuning_hyperparams/interaction_tuning/results/interaction_paper_v1/checkpoints/ctrl__tau0p15/recap/trial_0/model.pt
ctrl__tau0p15,controls,0,citeseer,0.8716976182981848,0.3200199144788616,"{""beta"": 0.005, ""knn_k"": 20, ""lambda_E"": 0.1, ""lambda_H"": 0.35, ""lambda_bal"": 0.01, ""num_clusters"": 28, ""num_hops"": 1, ""tau_s"": 0.15}",/autodl-fs/data/recap/tuning_hyperparams/interaction_tuning/results/interaction_paper_v1/checkpoints/ctrl__tau0p15/recap/trial_0/model.pt
ctrl__tau0p15,controls,0,ACM,0.8069090653747113,0.3536126888426503,"{""beta"": 0.005, ""knn_k"": 20, ""lambda_E"": 0.1, ""lambda_H"": 0.35, ""lambda_bal"": 0.01, ""num_clusters"": 28, ""num_hops"": 1, ""tau_s"": 0.15}",/autodl-fs/data/recap/tuning_hyperparams/interaction_tuning/results/interaction_paper_v1/checkpoints/ctrl__tau0p15/recap/trial_0/model.pt
ctrl__tau0p15,controls,0,BlogCatalog,0.7228046704793029,0.3271230518046261,"{""beta"": 0.005, ""knn_k"": 20, ""lambda_E"": 0.1, ""lambda_H"": 0.35, ""lambda_bal"": 0.01, ""num_clusters"": 28, ""num_hops"": 1, ""tau_s"": 0.15}",/autodl-fs/data/recap/tuning_hyperparams/interaction_tuning/results/interaction_paper_v1/checkpoints/ctrl__tau0p15/recap/trial_0/model.pt
ctrl__tau0p15,controls,0,weibo,0.708652063032817,0.2990856616540622,"{""beta"": 0.005, ""knn_k"": 20, ""lambda_E"": 0.1, ""lambda_H"": 0.35, ""lambda_bal"": 0.01, ""num_clusters"": 28, ""num_hops"": 1, ""tau_s"": 0.15}",/autodl-fs/data/recap/tuning_hyperparams/interaction_tuning/results/interaction_paper_v1/checkpoints/ctrl__tau0p15/recap/trial_0/model.pt
ctrl__tau0p15,controls,0,Reddit,0.6056907179992321,0.046838354654459,"{""beta"": 0.005, ""knn_k"": 20, ""lambda_E"": 0.1, ""lambda_H"": 0.35, ""lambda_bal"": 0.01, ""num_clusters"": 28, ""num_hops"": 1, ""tau_s"": 0.15}",/autodl-fs/data/recap/tuning_hyperparams/interaction_tuning/results/interaction_paper_v1/checkpoints/ctrl__tau0p15/recap/trial_0/model.pt
ctrl__tau0p15,controls,0,Amazon,0.7049548802775116,0.12426694929109472,"{""beta"": 0.005, ""knn_k"": 20, ""lambda_E"": 0.1, ""lambda_H"": 0.35, ""lambda_bal"": 0.01, ""num_clusters"": 28, ""num_hops"": 1, ""tau_s"": 0.15}",/autodl-fs/data/recap/tuning_hyperparams/interaction_tuning/results/interaction_paper_v1/checkpoints/ctrl__tau0p15/recap/trial_0/model.pt
ctrl__tau0p15,controls,1,Facebook,0.5445075757575758,0.03464378396548555,"{""beta"": 0.005, ""knn_k"": 20, ""lambda_E"": 0.1, ""lambda_H"": 0.35, ""lambda_bal"": 0.01, ""num_clusters"": 28, ""num_hops"": 1, ""tau_s"": 0.15}",/autodl-fs/data/recap/tuning_hyperparams/interaction_tuning/results/interaction_paper_v1/checkpoints/ctrl__tau0p15/recap/trial_1/model.pt
ctrl__tau0p15,controls,1,cora,0.8325827469377117,0.3508982600887853,"{""beta"": 0.005, ""knn_k"": 20, ""lambda_E"": 0.1, ""lambda_H"": 0.35, ""lambda_bal"": 0.01, ""num_clusters"": 28, ""num_hops"": 1, ""tau_s"": 0.15}",/autodl-fs/data/recap/tuning_hyperparams/interaction_tuning/results/interaction_paper_v1/checkpoints/ctrl__tau0p15/recap/trial_1/model.pt
ctrl__tau0p15,controls,1,citeseer,0.871840310565523,0.3446703548895462,"{""beta"": 0.005, ""knn_k"": 20, ""lambda_E"": 0.1, ""lambda_H"": 0.35, ""lambda_bal"": 0.01, ""num_clusters"": 28, ""num_hops"": 1, ""tau_s"": 0.15}",/autodl-fs/data/recap/tuning_hyperparams/interaction_tuning/results/interaction_paper_v1/checkpoints/ctrl__tau0p15/recap/trial_1/model.pt
ctrl__tau0p15,controls,1,ACM,0.804319798779888,0.3492917305305644,"{""beta"": 0.005, ""knn_k"": 20, ""lambda_E"": 0.1, ""lambda_H"": 0.35, ""lambda_bal"": 0.01, ""num_clusters"": 28, ""num_hops"": 1, ""tau_s"": 0.15}",/autodl-fs/data/recap/tuning_hyperparams/interaction_tuning/results/interaction_paper_v1/checkpoints/ctrl__tau0p15/recap/trial_1/model.pt
ctrl__tau0p15,controls,1,BlogCatalog,0.7223335375816994,0.3298242289770409,"{""beta"": 0.005, ""knn_k"": 20, ""lambda_E"": 0.1, ""lambda_H"": 0.35, ""lambda_bal"": 0.01, ""num_clusters"": 28, ""num_hops"": 1, ""tau_s"": 0.15}",/autodl-fs/data/recap/tuning_hyperparams/interaction_tuning/results/interaction_paper_v1/checkpoints/ctrl__tau0p15/recap/trial_1/model.pt
ctrl__tau0p15,controls,1,weibo,0.7014654738619737,0.29385789368456683,"{""beta"": 0.005, ""knn_k"": 20, ""lambda_E"": 0.1, ""lambda_H"": 0.35, ""lambda_bal"": 0.01, ""num_clusters"": 28, ""num_hops"": 1, ""tau_s"": 0.15}",/autodl-fs/data/recap/tuning_hyperparams/interaction_tuning/results/interaction_paper_v1/checkpoints/ctrl__tau0p15/recap/trial_1/model.pt
ctrl__tau0p15,controls,1,Reddit,0.6041192551672745,0.0456912642724141,"{""beta"": 0.005, ""knn_k"": 20, ""lambda_E"": 0.1, ""lambda_H"": 0.35, ""lambda_bal"": 0.01, ""num_clusters"": 28, ""num_hops"": 1, ""tau_s"": 0.15}",/autodl-fs/data/recap/tuning_hyperparams/interaction_tuning/results/interaction_paper_v1/checkpoints/ctrl__tau0p15/recap/trial_1/model.pt
ctrl__tau0p15,controls,1,Amazon,0.7195585514754541,0.1302400179777851,"{""beta"": 0.005, ""knn_k"": 20, ""lambda_E"": 0.1, ""lambda_H"": 0.35, ""lambda_bal"": 0.01, ""num_clusters"": 28, ""num_hops"": 1, ""tau_s"": 0.15}",/autodl-fs/data/recap/tuning_hyperparams/interaction_tuning/results/interaction_paper_v1/checkpoints/ctrl__tau0p15/recap/trial_1/model.pt
ctrl__tau0p15,controls,2,Facebook,0.5350757575757575,0.028314476838746314,"{""beta"": 0.005, ""knn_k"": 20, ""lambda_E"": 0.1, ""lambda_H"": 0.35, ""lambda_bal"": 0.01, ""num_clusters"": 28, ""num_hops"": 1, ""tau_s"": 0.15}",/autodl-fs/data/recap/tuning_hyperparams/interaction_tuning/results/interaction_paper_v1/checkpoints/ctrl__tau0p15/recap/trial_2/model.pt
ctrl__tau0p15,controls,2,cora,0.8259942663539224,0.3364910278366935,"{""beta"": 0.005, ""knn_k"": 20, ""lambda_E"": 0.1, ""lambda_H"": 0.35, ""lambda_bal"": 0.01, ""num_clusters"": 28, ""num_hops"": 1, ""tau_s"": 0.15}",/autodl-fs/data/recap/tuning_hyperparams/interaction_tuning/results/interaction_paper_v1/checkpoints/ctrl__tau0p15/recap/trial_2/model.pt
ctrl__tau0p15,controls,2,citeseer,0.8727478753541076,0.3211488194350528,"{""beta"": 0.005, ""knn_k"": 20, ""lambda_E"": 0.1, ""lambda_H"": 0.35, ""lambda_bal"": 0.01, ""num_clusters"": 28, ""num_hops"": 1, ""tau_s"": 0.15}",/autodl-fs/data/recap/tuning_hyperparams/interaction_tuning/results/interaction_paper_v1/checkpoints/ctrl__tau0p15/recap/trial_2/model.pt
ctrl__tau0p15,controls,2,ACM,0.8066211757893559,0.3544119503020594,"{""beta"": 0.005, ""knn_k"": 20, ""lambda_E"": 0.1, ""lambda_H"": 0.35, ""lambda_bal"": 0.01, ""num_clusters"": 28, ""num_hops"": 1, ""tau_s"": 0.15}",/autodl-fs/data/recap/tuning_hyperparams/interaction_tuning/results/interaction_paper_v1/checkpoints/ctrl__tau0p15/recap/trial_2/model.pt
ctrl__tau0p15,controls,2,BlogCatalog,0.7278390522875817,0.3307380349345694,"{""beta"": 0.005, ""knn_k"": 20, ""lambda_E"": 0.1, ""lambda_H"": 0.35, ""lambda_bal"": 0.01, ""num_clusters"": 28, ""num_hops"": 1, ""tau_s"": 0.15}",/autodl-fs/data/recap/tuning_hyperparams/interaction_tuning/results/interaction_paper_v1/checkpoints/ctrl__tau0p15/recap/trial_2/model.pt
ctrl__tau0p15,controls,2,weibo,0.6996281478347373,0.2889786749641681,"{""beta"": 0.005, ""knn_k"": 20, ""lambda_E"": 0.1, ""lambda_H"": 0.35, ""lambda_bal"": 0.01, ""num_clusters"": 28, ""num_hops"": 1, ""tau_s"": 0.15}",/autodl-fs/data/recap/tuning_hyperparams/interaction_tuning/results/interaction_paper_v1/checkpoints/ctrl__tau0p15/recap/trial_2/model.pt
ctrl__tau0p15,controls,2,Reddit,0.6028875854693597,0.04528637354942573,"{""beta"": 0.005, ""knn_k"": 20, ""lambda_E"": 0.1, ""lambda_H"": 0.35, ""lambda_bal"": 0.01, ""num_clusters"": 28, ""num_hops"": 1, ""tau_s"": 0.15}",/autodl-fs/data/recap/tuning_hyperparams/interaction_tuning/results/interaction_paper_v1/checkpoints/ctrl__tau0p15/recap/trial_2/model.pt
ctrl__tau0p15,controls,2,Amazon,0.705444964809145,0.12564381295805266,"{""beta"": 0.005, ""knn_k"": 20, ""lambda_E"": 0.1, ""lambda_H"": 0.35, ""lambda_bal"": 0.01, ""num_clusters"": 28, ""num_hops"": 1, ""tau_s"": 0.15}",/autodl-fs/data/recap/tuning_hyperparams/interaction_tuning/results/interaction_paper_v1/checkpoints/ctrl__tau0p15/recap/trial_2/model.pt
ctrl__lbal0,controls,0,Facebook,0.5546590909090909,0.038726960261066305,"{""beta"": 0.005, ""knn_k"": 20, ""lambda_E"": 0.1, ""lambda_H"": 0.35, ""lambda_bal"": 0, ""num_clusters"": 28, ""num_hops"": 1, ""tau_s"": 0.05}",/autodl-fs/data/recap/tuning_hyperparams/interaction_tuning/results/interaction_paper_v1/checkpoints/ctrl__lbal0/recap/trial_0/model.pt
ctrl__lbal0,controls,0,cora,0.8345478238206933,0.3749587532768305,"{""beta"": 0.005, ""knn_k"": 20, ""lambda_E"": 0.1, ""lambda_H"": 0.35, ""lambda_bal"": 0, ""num_clusters"": 28, ""num_hops"": 1, ""tau_s"": 0.05}",/autodl-fs/data/recap/tuning_hyperparams/interaction_tuning/results/interaction_paper_v1/checkpoints/ctrl__lbal0/recap/trial_0/model.pt
ctrl__lbal0,controls,0,citeseer,0.8721246458923513,0.31915679370432487,"{""beta"": 0.005, ""knn_k"": 20, ""lambda_E"": 0.1, ""lambda_H"": 0.35, ""lambda_bal"": 0, ""num_clusters"": 28, ""num_hops"": 1, ""tau_s"": 0.05}",/autodl-fs/data/recap/tuning_hyperparams/interaction_tuning/results/interaction_paper_v1/checkpoints/ctrl__lbal0/recap/trial_0/model.pt
ctrl__lbal0,controls,0,ACM,0.8070508751136982,0.3536823976962731,"{""beta"": 0.005, ""knn_k"": 20, ""lambda_E"": 0.1, ""lambda_H"": 0.35, ""lambda_bal"": 0, ""num_clusters"": 28, ""num_hops"": 1, ""tau_s"": 0.05}",/autodl-fs/data/recap/tuning_hyperparams/interaction_tuning/results/interaction_paper_v1/checkpoints/ctrl__lbal0/recap/trial_0/model.pt
ctrl__lbal0,controls,0,BlogCatalog,0.7217381535947713,0.32709802840174396,"{""beta"": 0.005, ""knn_k"": 20, ""lambda_E"": 0.1, ""lambda_H"": 0.35, ""lambda_bal"": 0, ""num_clusters"": 28, ""num_hops"": 1, ""tau_s"": 0.05}",/autodl-fs/data/recap/tuning_hyperparams/interaction_tuning/results/interaction_paper_v1/checkpoints/ctrl__lbal0/recap/trial_0/model.pt
ctrl__lbal0,controls,0,weibo,0.7067885986735789,0.2990932322820747,"{""beta"": 0.005, ""knn_k"": 20, ""lambda_E"": 0.1, ""lambda_H"": 0.35, ""lambda_bal"": 0, ""num_clusters"": 28, ""num_hops"": 1, ""tau_s"": 0.05}",/autodl-fs/data/recap/tuning_hyperparams/interaction_tuning/results/interaction_paper_v1/checkpoints/ctrl__lbal0/recap/trial_0/model.pt
ctrl__lbal0,controls,0,Reddit,0.6055832862434859,0.04677535763604841,"{""beta"": 0.005, ""knn_k"": 20, ""lambda_E"": 0.1, ""lambda_H"": 0.35, ""lambda_bal"": 0, ""num_clusters"": 28, ""num_hops"": 1, ""tau_s"": 0.05}",/autodl-fs/data/recap/tuning_hyperparams/interaction_tuning/results/interaction_paper_v1/checkpoints/ctrl__lbal0/recap/trial_0/model.pt
ctrl__lbal0,controls,0,Amazon,0.7049603307078912,0.1243867481656586,"{""beta"": 0.005, ""knn_k"": 20, ""lambda_E"": 0.1, ""lambda_H"": 0.35, ""lambda_bal"": 0, ""num_clusters"": 28, ""num_hops"": 1, ""tau_s"": 0.05}",/autodl-fs/data/recap/tuning_hyperparams/interaction_tuning/results/interaction_paper_v1/checkpoints/ctrl__lbal0/recap/trial_0/model.pt
ctrl__lbal0,controls,1,Facebook,0.5440530303030303,0.03520848997436195,"{""beta"": 0.005, ""knn_k"": 20, ""lambda_E"": 0.1, ""lambda_H"": 0.35, ""lambda_bal"": 0, ""num_clusters"": 28, ""num_hops"": 1, ""tau_s"": 0.05}",/autodl-fs/data/recap/tuning_hyperparams/interaction_tuning/results/interaction_paper_v1/checkpoints/ctrl__lbal0/recap/trial_1/model.pt
ctrl__lbal0,controls,1,cora,0.8333828511858223,0.3556812921756183,"{""beta"": 0.005, ""knn_k"": 20, ""lambda_E"": 0.1, ""lambda_H"": 0.35, ""lambda_bal"": 0, ""num_clusters"": 28, ""num_hops"": 1, ""tau_s"": 0.05}",/autodl-fs/data/recap/tuning_hyperparams/interaction_tuning/results/interaction_paper_v1/checkpoints/ctrl__lbal0/recap/trial_1/model.pt
ctrl__lbal0,controls,1,citeseer,0.8724708844822161,0.34464443667562256,"{""beta"": 0.005, ""knn_k"": 20, ""lambda_E"": 0.1, ""lambda_H"": 0.35, ""lambda_bal"": 0, ""num_clusters"": 28, ""num_hops"": 1, ""tau_s"": 0.05}",/autodl-fs/data/recap/tuning_hyperparams/interaction_tuning/results/interaction_paper_v1/checkpoints/ctrl__lbal0/recap/trial_1/model.pt
ctrl__lbal0,controls,1,ACM,0.8043533270304439,0.348999718290272,"{""beta"": 0.005, ""knn_k"": 20, ""lambda_E"": 0.1, ""lambda_H"": 0.35, ""lambda_bal"": 0, ""num_clusters"": 28, ""num_hops"": 1, ""tau_s"": 0.05}",/autodl-fs/data/recap/tuning_hyperparams/interaction_tuning/results/interaction_paper_v1/checkpoints/ctrl__lbal0/recap/trial_1/model.pt
ctrl__lbal0,controls,1,BlogCatalog,0.7211080473856208,0.32873142514306153,"{""beta"": 0.005, ""knn_k"": 20, ""lambda_E"": 0.1, ""lambda_H"": 0.35, ""lambda_bal"": 0, ""num_clusters"": 28, ""num_hops"": 1, ""tau_s"": 0.05}",/autodl-fs/data/recap/tuning_hyperparams/interaction_tuning/results/interaction_paper_v1/checkpoints/ctrl__lbal0/recap/trial_1/model.pt
ctrl__lbal0,controls,1,weibo,0.6986221277641669,0.29431833298760124,"{""beta"": 0.005, ""knn_k"": 20, ""lambda_E"": 0.1, ""lambda_H"": 0.35, ""lambda_bal"": 0, ""num_clusters"": 28, ""num_hops"": 1, ""tau_s"": 0.05}",/autodl-fs/data/recap/tuning_hyperparams/interaction_tuning/results/interaction_paper_v1/checkpoints/ctrl__lbal0/recap/trial_1/model.pt
ctrl__lbal0,controls,1,Reddit,0.6040963535474866,0.04566887502818099,"{""beta"": 0.005, ""knn_k"": 20, ""lambda_E"": 0.1, ""lambda_H"": 0.35, ""lambda_bal"": 0, ""num_clusters"": 28, ""num_hops"": 1, ""tau_s"": 0.05}",/autodl-fs/data/recap/tuning_hyperparams/interaction_tuning/results/interaction_paper_v1/checkpoints/ctrl__lbal0/recap/trial_1/model.pt
ctrl__lbal0,controls,1,Amazon,0.7191985202687122,0.13030513823873038,"{""beta"": 0.005, ""knn_k"": 20, ""lambda_E"": 0.1, ""lambda_H"": 0.35, ""lambda_bal"": 0, ""num_clusters"": 28, ""num_hops"": 1, ""tau_s"": 0.05}",/autodl-fs/data/recap/tuning_hyperparams/interaction_tuning/results/interaction_paper_v1/checkpoints/ctrl__lbal0/recap/trial_1/model.pt
ctrl__lbal0,controls,2,Facebook,0.5367424242424244,0.029131274435313236,"{""beta"": 0.005, ""knn_k"": 20, ""lambda_E"": 0.1, ""lambda_H"": 0.35, ""lambda_bal"": 0, ""num_clusters"": 28, ""num_hops"": 1, ""tau_s"": 0.05}",/autodl-fs/data/recap/tuning_hyperparams/interaction_tuning/results/interaction_paper_v1/checkpoints/ctrl__lbal0/recap/trial_2/model.pt
ctrl__lbal0,controls,2,cora,0.82643732082356,0.33828850989956966,"{""beta"": 0.005, ""knn_k"": 20, ""lambda_E"": 0.1, ""lambda_H"": 0.35, ""lambda_bal"": 0, ""num_clusters"": 28, ""num_hops"": 1, ""tau_s"": 0.05}",/autodl-fs/data/recap/tuning_hyperparams/interaction_tuning/results/interaction_paper_v1/checkpoints/ctrl__lbal0/recap/trial_2/model.pt
ctrl__lbal0,controls,2,citeseer,0.873470779561431,0.3224351964990412,"{""beta"": 0.005, ""knn_k"": 20, ""lambda_E"": 0.1, ""lambda_H"": 0.35, ""lambda_bal"": 0, ""num_clusters"": 28, ""num_hops"": 1, ""tau_s"": 0.05}",/autodl-fs/data/recap/tuning_hyperparams/interaction_tuning/results/interaction_paper_v1/checkpoints/ctrl__lbal0/recap/trial_2/model.pt
ctrl__lbal0,controls,2,ACM,0.8065780002591585,0.35430019242800653,"{""beta"": 0.005, ""knn_k"": 20, ""lambda_E"": 0.1, ""lambda_H"": 0.35, ""lambda_bal"": 0, ""num_clusters"": 28, ""num_hops"": 1, ""tau_s"": 0.05}",/autodl-fs/data/recap/tuning_hyperparams/interaction_tuning/results/interaction_paper_v1/checkpoints/ctrl__lbal0/recap/trial_2/model.pt
ctrl__lbal0,controls,2,BlogCatalog,0.7271412037037037,0.3307821460395848,"{""beta"": 0.005, ""knn_k"": 20, ""lambda_E"": 0.1, ""lambda_H"": 0.35, ""lambda_bal"": 0, ""num_clusters"": 28, ""num_hops"": 1, ""tau_s"": 0.05}",/autodl-fs/data/recap/tuning_hyperparams/interaction_tuning/results/interaction_paper_v1/checkpoints/ctrl__lbal0/recap/trial_2/model.pt
ctrl__lbal0,controls,2,weibo,0.6949522142377176,0.28835678280289445,"{""beta"": 0.005, ""knn_k"": 20, ""lambda_E"": 0.1, ""lambda_H"": 0.35, ""lambda_bal"": 0, ""num_clusters"": 28, ""num_hops"": 1, ""tau_s"": 0.05}",/autodl-fs/data/recap/tuning_hyperparams/interaction_tuning/results/interaction_paper_v1/checkpoints/ctrl__lbal0/recap/trial_2/model.pt
ctrl__lbal0,controls,2,Reddit,0.6028559349161697,0.04531777781732535,"{""beta"": 0.005, ""knn_k"": 20, ""lambda_E"": 0.1, ""lambda_H"": 0.35, ""lambda_bal"": 0, ""num_clusters"": 28, ""num_hops"": 1, ""tau_s"": 0.05}",/autodl-fs/data/recap/tuning_hyperparams/interaction_tuning/results/interaction_paper_v1/checkpoints/ctrl__lbal0/recap/trial_2/model.pt
ctrl__lbal0,controls,2,Amazon,0.7059604846825496,0.12577658896896524,"{""beta"": 0.005, ""knn_k"": 20, ""lambda_E"": 0.1, ""lambda_H"": 0.35, ""lambda_bal"": 0, ""num_clusters"": 28, ""num_hops"": 1, ""tau_s"": 0.05}",/autodl-fs/data/recap/tuning_hyperparams/interaction_tuning/results/interaction_paper_v1/checkpoints/ctrl__lbal0/recap/trial_2/model.pt
ctrl__lbal0p005,controls,0,Facebook,0.5546590909090909,0.03872723375930169,"{""beta"": 0.005, ""knn_k"": 20, ""lambda_E"": 0.1, ""lambda_H"": 0.35, ""lambda_bal"": 0.005, ""num_clusters"": 28, ""num_hops"": 1, ""tau_s"": 0.05}",/autodl-fs/data/recap/tuning_hyperparams/interaction_tuning/results/interaction_paper_v1/checkpoints/ctrl__lbal0p005/recap/trial_0/model.pt
ctrl__lbal0p005,controls,0,cora,0.8345530362262185,0.3749519967531222,"{""beta"": 0.005, ""knn_k"": 20, ""lambda_E"": 0.1, ""lambda_H"": 0.35, ""lambda_bal"": 0.005, ""num_clusters"": 28, ""num_hops"": 1, ""tau_s"": 0.05}",/autodl-fs/data/recap/tuning_hyperparams/interaction_tuning/results/interaction_paper_v1/checkpoints/ctrl__lbal0p005/recap/trial_0/model.pt
ctrl__lbal0p005,controls,0,citeseer,0.8720847759941245,0.3191083520660885,"{""beta"": 0.005, ""knn_k"": 20, ""lambda_E"": 0.1, ""lambda_H"": 0.35, ""lambda_bal"": 0.005, ""num_clusters"": 28, ""num_hops"": 1, ""tau_s"": 0.05}",/autodl-fs/data/recap/tuning_hyperparams/interaction_tuning/results/interaction_paper_v1/checkpoints/ctrl__lbal0p005/recap/trial_0/model.pt
ctrl__lbal0p005,controls,0,ACM,0.807061576740841,0.3536754130420423,"{""beta"": 0.005, ""knn_k"": 20, ""lambda_E"": 0.1, ""lambda_H"": 0.35, ""lambda_bal"": 0.005, ""num_clusters"": 28, ""num_hops"": 1, ""tau_s"": 0.05}",/autodl-fs/data/recap/tuning_hyperparams/interaction_tuning/results/interaction_paper_v1/checkpoints/ctrl__lbal0p005/recap/trial_0/model.pt
ctrl__lbal0p005,controls,0,BlogCatalog,0.721797385620915,0.3271191986089944,"{""beta"": 0.005, ""knn_k"": 20, ""lambda_E"": 0.1, ""lambda_H"": 0.35, ""lambda_bal"": 0.005, ""num_clusters"": 28, ""num_hops"": 1, ""tau_s"": 0.05}",/autodl-fs/data/recap/tuning_hyperparams/interaction_tuning/results/interaction_paper_v1/checkpoints/ctrl__lbal0p005/recap/trial_0/model.pt
ctrl__lbal0p005,controls,0,weibo,0.7070959915721458,0.29915005081243023,"{""beta"": 0.005, ""knn_k"": 20, ""lambda_E"": 0.1, ""lambda_H"": 0.35, ""lambda_bal"": 0.005, ""num_clusters"": 28, ""num_hops"": 1, ""tau_s"": 0.05}",/autodl-fs/data/recap/tuning_hyperparams/interaction_tuning/results/interaction_paper_v1/checkpoints/ctrl__lbal0p005/recap/trial_0/model.pt
ctrl__lbal0p005,controls,0,Reddit,0.6055522789942226,0.04677431972854109,"{""beta"": 0.005, ""knn_k"": 20, ""lambda_E"": 0.1, ""lambda_H"": 0.35, ""lambda_bal"": 0.005, ""num_clusters"": 28, ""num_hops"": 1, ""tau_s"": 0.05}",/autodl-fs/data/recap/tuning_hyperparams/interaction_tuning/results/interaction_paper_v1/checkpoints/ctrl__lbal0p005/recap/trial_0/model.pt
ctrl__lbal0p005,controls,0,Amazon,0.704956924188904,0.12438693163506839,"{""beta"": 0.005, ""knn_k"": 20, ""lambda_E"": 0.1, ""lambda_H"": 0.35, ""lambda_bal"": 0.005, ""num_clusters"": 28, ""num_hops"": 1, ""tau_s"": 0.05}",/autodl-fs/data/recap/tuning_hyperparams/interaction_tuning/results/interaction_paper_v1/checkpoints/ctrl__lbal0p005/recap/trial_0/model.pt
ctrl__lbal0p005,controls,1,Facebook,0.5440530303030303,0.03520637485328385,"{""beta"": 0.005, ""knn_k"": 20, ""lambda_E"": 0.1, ""lambda_H"": 0.35, ""lambda_bal"": 0.005, ""num_clusters"": 28, ""num_hops"": 1, ""tau_s"": 0.05}",/autodl-fs/data/recap/tuning_hyperparams/interaction_tuning/results/interaction_paper_v1/checkpoints/ctrl__lbal0p005/recap/trial_1/model.pt
ctrl__lbal0p005,controls,1,cora,0.8333802449830597,0.35567712139255686,"{""beta"": 0.005, ""knn_k"": 20, ""lambda_E"": 0.1, ""lambda_H"": 0.35, ""lambda_bal"": 0.005, ""num_clusters"": 28, ""num_hops"": 1, ""tau_s"": 0.05}",/autodl-fs/data/recap/tuning_hyperparams/interaction_tuning/results/interaction_paper_v1/checkpoints/ctrl__lbal0p005/recap/trial_1/model.pt
ctrl__lbal0p005,controls,1,citeseer,0.8724897702234813,0.34462967121919025,"{""beta"": 0.005, ""knn_k"": 20, ""lambda_E"": 0.1, ""lambda_H"": 0.35, ""lambda_bal"": 0.005, ""num_clusters"": 28, ""num_hops"": 1, ""tau_s"": 0.05}",/autodl-fs/data/recap/tuning_hyperparams/interaction_tuning/results/interaction_paper_v1/checkpoints/ctrl__lbal0p005/recap/trial_1/model.pt
ctrl__lbal0p005,controls,1,ACM,0.8043590205069534,0.3490042649773622,"{""beta"": 0.005, ""knn_k"": 20, ""lambda_E"": 0.1, ""lambda_H"": 0.35, ""lambda_bal"": 0.005, ""num_clusters"": 28, ""num_hops"": 1, ""tau_s"": 0.05}",/autodl-fs/data/recap/tuning_hyperparams/interaction_tuning/results/interaction_paper_v1/checkpoints/ctrl__lbal0p005/recap/trial_1/model.pt
ctrl__lbal0p005,controls,1,BlogCatalog,0.7211308551198256,0.3287394535825726,"{""beta"": 0.005, ""knn_k"": 20, ""lambda_E"": 0.1, ""lambda_H"": 0.35, ""lambda_bal"": 0.005, ""num_clusters"": 28, ""num_hops"": 1, ""tau_s"": 0.05}",/autodl-fs/data/recap/tuning_hyperparams/interaction_tuning/results/interaction_paper_v1/checkpoints/ctrl__lbal0p005/recap/trial_1/model.pt
ctrl__lbal0p005,controls,1,weibo,0.6986338976563546,0.29432392237982713,"{""beta"": 0.005, ""knn_k"": 20, ""lambda_E"": 0.1, ""lambda_H"": 0.35, ""lambda_bal"": 0.005, ""num_clusters"": 28, ""num_hops"": 1, ""tau_s"": 0.05}",/autodl-fs/data/recap/tuning_hyperparams/interaction_tuning/results/interaction_paper_v1/checkpoints/ctrl__lbal0p005/recap/trial_1/model.pt
ctrl__lbal0p005,controls,1,Reddit,0.6041215710614103,0.045669496788306285,"{""beta"": 0.005, ""knn_k"": 20, ""lambda_E"": 0.1, ""lambda_H"": 0.35, ""lambda_bal"": 0.005, ""num_clusters"": 28, ""num_hops"": 1, ""tau_s"": 0.05}",/autodl-fs/data/recap/tuning_hyperparams/interaction_tuning/results/interaction_paper_v1/checkpoints/ctrl__lbal0p005/recap/trial_1/model.pt
ctrl__lbal0p005,controls,1,Amazon,0.7191970062602736,0.13030344355094658,"{""beta"": 0.005, ""knn_k"": 20, ""lambda_E"": 0.1, ""lambda_H"": 0.35, ""lambda_bal"": 0.005, ""num_clusters"": 28, ""num_hops"": 1, ""tau_s"": 0.05}",/autodl-fs/data/recap/tuning_hyperparams/interaction_tuning/results/interaction_paper_v1/checkpoints/ctrl__lbal0p005/recap/trial_1/model.pt
ctrl__lbal0p005,controls,2,Facebook,0.5368181818181819,0.02913722687089951,"{""beta"": 0.005, ""knn_k"": 20, ""lambda_E"": 0.1, ""lambda_H"": 0.35, ""lambda_bal"": 0.005, ""num_clusters"": 28, ""num_hops"": 1, ""tau_s"": 0.05}",/autodl-fs/data/recap/tuning_hyperparams/interaction_tuning/results/interaction_paper_v1/checkpoints/ctrl__lbal0p005/recap/trial_2/model.pt
ctrl__lbal0p005,controls,2,cora,0.8264164712014596,0.33833420527379143,"{""beta"": 0.005, ""knn_k"": 20, ""lambda_E"": 0.1, ""lambda_H"": 0.35, ""lambda_bal"": 0.005, ""num_clusters"": 28, ""num_hops"": 1, ""tau_s"": 0.05}",/autodl-fs/data/recap/tuning_hyperparams/interaction_tuning/results/interaction_paper_v1/checkpoints/ctrl__lbal0p005/recap/trial_2/model.pt
ctrl__lbal0p005,controls,2,citeseer,0.8734718287692792,0.32243777806632407,"{""beta"": 0.005, ""knn_k"": 20, ""lambda_E"": 0.1, ""lambda_H"": 0.35, ""lambda_bal"": 0.005, ""num_clusters"": 28, ""num_hops"": 1, ""tau_s"": 0.05}",/autodl-fs/data/recap/tuning_hyperparams/interaction_tuning/results/interaction_paper_v1/checkpoints/ctrl__lbal0p005/recap/trial_2/model.pt
ctrl__lbal0p005,controls,2,ACM,0.8065289731003269,0.35428632273555577,"{""beta"": 0.005, ""knn_k"": 20, ""lambda_E"": 0.1, ""lambda_H"": 0.35, ""lambda_bal"": 0.005, ""num_clusters"": 28, ""num_hops"": 1, ""tau_s"": 0.05}",/autodl-fs/data/recap/tuning_hyperparams/interaction_tuning/results/interaction_paper_v1/checkpoints/ctrl__lbal0p005/recap/trial_2/model.pt
ctrl__lbal0p005,controls,2,BlogCatalog,0.7271275871459695,0.33079755799521576,"{""beta"": 0.005, ""knn_k"": 20, ""lambda_E"": 0.1, ""lambda_H"": 0.35, ""lambda_bal"": 0.005, ""num_clusters"": 28, ""num_hops"": 1, ""tau_s"": 0.05}",/autodl-fs/data/recap/tuning_hyperparams/interaction_tuning/results/interaction_paper_v1/checkpoints/ctrl__lbal0p005/recap/trial_2/model.pt
ctrl__lbal0p005,controls,2,weibo,0.6952195589316973,0.28841664213832074,"{""beta"": 0.005, ""knn_k"": 20, ""lambda_E"": 0.1, ""lambda_H"": 0.35, ""lambda_bal"": 0.005, ""num_clusters"": 28, ""num_hops"": 1, ""tau_s"": 0.05}",/autodl-fs/data/recap/tuning_hyperparams/interaction_tuning/results/interaction_paper_v1/checkpoints/ctrl__lbal0p005/recap/trial_2/model.pt
ctrl__lbal0p005,controls,2,Reddit,0.6026877752697503,0.045310142487955105,"{""beta"": 0.005, ""knn_k"": 20, ""lambda_E"": 0.1, ""lambda_H"": 0.35, ""lambda_bal"": 0.005, ""num_clusters"": 28, ""num_hops"": 1, ""tau_s"": 0.05}",/autodl-fs/data/recap/tuning_hyperparams/interaction_tuning/results/interaction_paper_v1/checkpoints/ctrl__lbal0p005/recap/trial_2/model.pt
ctrl__lbal0p005,controls,2,Amazon,0.705957608066516,0.12577395930198784,"{""beta"": 0.005, ""knn_k"": 20, ""lambda_E"": 0.1, ""lambda_H"": 0.35, ""lambda_bal"": 0.005, ""num_clusters"": 28, ""num_hops"": 1, ""tau_s"": 0.05}",/autodl-fs/data/recap/tuning_hyperparams/interaction_tuning/results/interaction_paper_v1/checkpoints/ctrl__lbal0p005/recap/trial_2/model.pt
ctrl__lbal0p05,controls,0,Facebook,0.5546969696969697,0.03872834062741835,"{""beta"": 0.005, ""knn_k"": 20, ""lambda_E"": 0.1, ""lambda_H"": 0.35, ""lambda_bal"": 0.05, ""num_clusters"": 28, ""num_hops"": 1, ""tau_s"": 0.05}",/autodl-fs/data/recap/tuning_hyperparams/interaction_tuning/results/interaction_paper_v1/checkpoints/ctrl__lbal0p05/recap/trial_0/model.pt
ctrl__lbal0p05,controls,0,cora,0.8345686734427938,0.3749963807428703,"{""beta"": 0.005, ""knn_k"": 20, ""lambda_E"": 0.1, ""lambda_H"": 0.35, ""lambda_bal"": 0.05, ""num_clusters"": 28, ""num_hops"": 1, ""tau_s"": 0.05}",/autodl-fs/data/recap/tuning_hyperparams/interaction_tuning/results/interaction_paper_v1/checkpoints/ctrl__lbal0p05/recap/trial_0/model.pt
ctrl__lbal0p05,controls,0,citeseer,0.8721005141118455,0.319144247266476,"{""beta"": 0.005, ""knn_k"": 20, ""lambda_E"": 0.1, ""lambda_H"": 0.35, ""lambda_bal"": 0.05, ""num_clusters"": 28, ""num_hops"": 1, ""tau_s"": 0.05}",/autodl-fs/data/recap/tuning_hyperparams/interaction_tuning/results/interaction_paper_v1/checkpoints/ctrl__lbal0p05/recap/trial_0/model.pt
ctrl__lbal0p05,controls,0,ACM,0.8070025332807425,0.35367933567808907,"{""beta"": 0.005, ""knn_k"": 20, ""lambda_E"": 0.1, ""lambda_H"": 0.35, ""lambda_bal"": 0.05, ""num_clusters"": 28, ""num_hops"": 1, ""tau_s"": 0.05}",/autodl-fs/data/recap/tuning_hyperparams/interaction_tuning/results/interaction_paper_v1/checkpoints/ctrl__lbal0p05/recap/trial_0/model.pt
ctrl__lbal0p05,controls,0,BlogCatalog,0.7217265795206972,0.3270932121887722,"{""beta"": 0.005, ""knn_k"": 20, ""lambda_E"": 0.1, ""lambda_H"": 0.35, ""lambda_bal"": 0.05, ""num_clusters"": 28, ""num_hops"": 1, ""tau_s"": 0.05}",/autodl-fs/data/recap/tuning_hyperparams/interaction_tuning/results/interaction_paper_v1/checkpoints/ctrl__lbal0p05/recap/trial_0/model.pt
ctrl__lbal0p05,controls,0,weibo,0.7075660994088151,0.29926209615597754,"{""beta"": 0.005, ""knn_k"": 20, ""lambda_E"": 0.1, ""lambda_H"": 0.35, ""lambda_bal"": 0.05, ""num_clusters"": 28, ""num_hops"": 1, ""tau_s"": 0.05}",/autodl-fs/data/recap/tuning_hyperparams/interaction_tuning/results/interaction_paper_v1/checkpoints/ctrl__lbal0p05/recap/trial_0/model.pt
ctrl__lbal0p05,controls,0,Reddit,0.6055939650886679,0.04677612063542321,"{""beta"": 0.005, ""knn_k"": 20, ""lambda_E"": 0.1, ""lambda_H"": 0.35, ""lambda_bal"": 0.05, ""num_clusters"": 28, ""num_hops"": 1, ""tau_s"": 0.05}",/autodl-fs/data/recap/tuning_hyperparams/interaction_tuning/results/interaction_paper_v1/checkpoints/ctrl__lbal0p05/recap/trial_0/model.pt
ctrl__lbal0p05,controls,0,Amazon,0.7049580596952331,0.12438586630815407,"{""beta"": 0.005, ""knn_k"": 20, ""lambda_E"": 0.1, ""lambda_H"": 0.35, ""lambda_bal"": 0.05, ""num_clusters"": 28, ""num_hops"": 1, ""tau_s"": 0.05}",/autodl-fs/data/recap/tuning_hyperparams/interaction_tuning/results/interaction_paper_v1/checkpoints/ctrl__lbal0p05/recap/trial_0/model.pt
ctrl__lbal0p05,controls,1,Facebook,0.5440909090909091,0.035209909632898356,"{""beta"": 0.005, ""knn_k"": 20, ""lambda_E"": 0.1, ""lambda_H"": 0.35, ""lambda_bal"": 0.05, ""num_clusters"": 28, ""num_hops"": 1, ""tau_s"": 0.05}",/autodl-fs/data/recap/tuning_hyperparams/interaction_tuning/results/interaction_paper_v1/checkpoints/ctrl__lbal0p05/recap/trial_1/model.pt
ctrl__lbal0p05,controls,1,cora,0.8333854573885849,0.3556861258607075,"{""beta"": 0.005, ""knn_k"": 20, ""lambda_E"": 0.1, ""lambda_H"": 0.35, ""lambda_bal"": 0.05, ""num_clusters"": 28, ""num_hops"": 1, ""tau_s"": 0.05}",/autodl-fs/data/recap/tuning_hyperparams/interaction_tuning/results/interaction_paper_v1/checkpoints/ctrl__lbal0p05/recap/trial_1/model.pt
ctrl__lbal0p05,controls,1,citeseer,0.8724352114153814,0.34491585563263505,"{""beta"": 0.005, ""knn_k"": 20, ""lambda_E"": 0.1, ""lambda_H"": 0.35, ""lambda_bal"": 0.05, ""num_clusters"": 28, ""num_hops"": 1, ""tau_s"": 0.05}",/autodl-fs/data/recap/tuning_hyperparams/interaction_tuning/results/interaction_paper_v1/checkpoints/ctrl__lbal0p05/recap/trial_1/model.pt
ctrl__lbal0p05,controls,1,ACM,0.8043256504085229,0.3489967092072915,"{""beta"": 0.005, ""knn_k"": 20, ""lambda_E"": 0.1, ""lambda_H"": 0.35, ""lambda_bal"": 0.05, ""num_clusters"": 28, ""num_hops"": 1, ""tau_s"": 0.05}",/autodl-fs/data/recap/tuning_hyperparams/interaction_tuning/results/interaction_paper_v1/checkpoints/ctrl__lbal0p05/recap/trial_1/model.pt
ctrl__lbal0p05,controls,1,BlogCatalog,0.7212115332244009,0.3287508624397262,"{""beta"": 0.005, ""knn_k"": 20, ""lambda_E"": 0.1, ""lambda_H"": 0.35, ""lambda_bal"": 0.05, ""num_clusters"": 28, ""num_hops"": 1, ""tau_s"": 0.05}",/autodl-fs/data/recap/tuning_hyperparams/interaction_tuning/results/interaction_paper_v1/checkpoints/ctrl__lbal0p05/recap/trial_1/model.pt
ctrl__lbal0p05,controls,1,weibo,0.6985473048781159,0.29430812492324676,"{""beta"": 0.005, ""knn_k"": 20, ""lambda_E"": 0.1, ""lambda_H"": 0.35, ""lambda_bal"": 0.05, ""num_clusters"": 28, ""num_hops"": 1, ""tau_s"": 0.05}",/autodl-fs/data/recap/tuning_hyperparams/interaction_tuning/results/interaction_paper_v1/checkpoints/ctrl__lbal0p05/recap/trial_1/model.pt
ctrl__lbal0p05,controls,1,Reddit,0.6040432166431474,0.04566734620213813,"{""beta"": 0.005, ""knn_k"": 20, ""lambda_E"": 0.1, ""lambda_H"": 0.35, ""lambda_bal"": 0.05, ""num_clusters"": 28, ""num_hops"": 1, ""tau_s"": 0.05}",/autodl-fs/data/recap/tuning_hyperparams/interaction_tuning/results/interaction_paper_v1/checkpoints/ctrl__lbal0p05/recap/trial_1/model.pt
ctrl__lbal0p05,controls,1,Amazon,0.7191982931674464,0.1303045710174619,"{""beta"": 0.005, ""knn_k"": 20, ""lambda_E"": 0.1, ""lambda_H"": 0.35, ""lambda_bal"": 0.05, ""num_clusters"": 28, ""num_hops"": 1, ""tau_s"": 0.05}",/autodl-fs/data/recap/tuning_hyperparams/interaction_tuning/results/interaction_paper_v1/checkpoints/ctrl__lbal0p05/recap/trial_1/model.pt
ctrl__lbal0p05,controls,2,Facebook,0.5368181818181817,0.02914105507870531,"{""beta"": 0.005, ""knn_k"": 20, ""lambda_E"": 0.1, ""lambda_H"": 0.35, ""lambda_bal"": 0.05, ""num_clusters"": 28, ""num_hops"": 1, ""tau_s"": 0.05}",/autodl-fs/data/recap/tuning_hyperparams/interaction_tuning/results/interaction_paper_v1/checkpoints/ctrl__lbal0p05/recap/trial_2/model.pt
ctrl__lbal0p05,controls,2,cora,0.8264295022152724,0.33831535697672066,"{""beta"": 0.005, ""knn_k"": 20, ""lambda_E"": 0.1, ""lambda_H"": 0.35, ""lambda_bal"": 0.05, ""num_clusters"": 28, ""num_hops"": 1, ""tau_s"": 0.05}",/autodl-fs/data/recap/tuning_hyperparams/interaction_tuning/results/interaction_paper_v1/checkpoints/ctrl__lbal0p05/recap/trial_2/model.pt
ctrl__lbal0p05,controls,2,citeseer,0.8735001573811773,0.3224392783817352,"{""beta"": 0.005, ""knn_k"": 20, ""lambda_E"": 0.1, ""lambda_H"": 0.35, ""lambda_bal"": 0.05, ""num_clusters"": 28, ""num_hops"": 1, ""tau_s"": 0.05}",/autodl-fs/data/recap/tuning_hyperparams/interaction_tuning/results/interaction_paper_v1/checkpoints/ctrl__lbal0p05/recap/trial_2/model.pt
ctrl__lbal0p05,controls,2,ACM,0.806606309489581,0.3542999441934579,"{""beta"": 0.005, ""knn_k"": 20, ""lambda_E"": 0.1, ""lambda_H"": 0.35, ""lambda_bal"": 0.05, ""num_clusters"": 28, ""num_hops"": 1, ""tau_s"": 0.05}",/autodl-fs/data/recap/tuning_hyperparams/interaction_tuning/results/interaction_paper_v1/checkpoints/ctrl__lbal0p05/recap/trial_2/model.pt
ctrl__lbal0p05,controls,2,BlogCatalog,0.7271834150326798,0.3307975314871545,"{""beta"": 0.005, ""knn_k"": 20, ""lambda_E"": 0.1, ""lambda_H"": 0.35, ""lambda_bal"": 0.05, ""num_clusters"": 28, ""num_hops"": 1, ""tau_s"": 0.05}",/autodl-fs/data/recap/tuning_hyperparams/interaction_tuning/results/interaction_paper_v1/checkpoints/ctrl__lbal0p05/recap/trial_2/model.pt
ctrl__lbal0p05,controls,2,weibo,0.6949702512153559,0.288358541959713,"{""beta"": 0.005, ""knn_k"": 20, ""lambda_E"": 0.1, ""lambda_H"": 0.35, ""lambda_bal"": 0.05, ""num_clusters"": 28, ""num_hops"": 1, ""tau_s"": 0.05}",/autodl-fs/data/recap/tuning_hyperparams/interaction_tuning/results/interaction_paper_v1/checkpoints/ctrl__lbal0p05/recap/trial_2/model.pt
ctrl__lbal0p05,controls,2,Reddit,0.602635024347767,0.04530689384966137,"{""beta"": 0.005, ""knn_k"": 20, ""lambda_E"": 0.1, ""lambda_H"": 0.35, ""lambda_bal"": 0.05, ""num_clusters"": 28, ""num_hops"": 1, ""tau_s"": 0.05}",/autodl-fs/data/recap/tuning_hyperparams/interaction_tuning/results/interaction_paper_v1/checkpoints/ctrl__lbal0p05/recap/trial_2/model.pt
ctrl__lbal0p05,controls,2,Amazon,0.7059638155011149,0.12577856563563725,"{""beta"": 0.005, ""knn_k"": 20, ""lambda_E"": 0.1, ""lambda_H"": 0.35, ""lambda_bal"": 0.05, ""num_clusters"": 28, ""num_hops"": 1, ""tau_s"": 0.05}",/autodl-fs/data/recap/tuning_hyperparams/interaction_tuning/results/interaction_paper_v1/checkpoints/ctrl__lbal0p05/recap/trial_2/model.pt
ctrl__lE0,controls,0,Facebook,0.5546590909090909,0.038726176140870636,"{""beta"": 0.005, ""knn_k"": 20, ""lambda_E"": 0, ""lambda_H"": 0.35, ""lambda_bal"": 0.01, ""num_clusters"": 28, ""num_hops"": 1, ""tau_s"": 0.05}",/autodl-fs/data/recap/tuning_hyperparams/interaction_tuning/results/interaction_paper_v1/checkpoints/ctrl__lE0/recap/trial_0/model.pt
ctrl__lE0,controls,0,cora,0.8345504300234559,0.37496347036337485,"{""beta"": 0.005, ""knn_k"": 20, ""lambda_E"": 0, ""lambda_H"": 0.35, ""lambda_bal"": 0.01, ""num_clusters"": 28, ""num_hops"": 1, ""tau_s"": 0.05}",/autodl-fs/data/recap/tuning_hyperparams/interaction_tuning/results/interaction_paper_v1/checkpoints/ctrl__lE0/recap/trial_0/model.pt
ctrl__lE0,controls,0,citeseer,0.8721372363865282,0.31910517291356477,"{""beta"": 0.005, ""knn_k"": 20, ""lambda_E"": 0, ""lambda_H"": 0.35, ""lambda_bal"": 0.01, ""num_clusters"": 28, ""num_hops"": 1, ""tau_s"": 0.05}",/autodl-fs/data/recap/tuning_hyperparams/interaction_tuning/results/interaction_paper_v1/checkpoints/ctrl__lE0/recap/trial_0/model.pt
ctrl__lE0,controls,0,ACM,0.8070076468661261,0.35367058627473935,"{""beta"": 0.005, ""knn_k"": 20, ""lambda_E"": 0, ""lambda_H"": 0.35, ""lambda_bal"": 0.01, ""num_clusters"": 28, ""num_hops"": 1, ""tau_s"": 0.05}",/autodl-fs/data/recap/tuning_hyperparams/interaction_tuning/results/interaction_paper_v1/checkpoints/ctrl__lE0/recap/trial_0/model.pt
ctrl__lE0,controls,0,BlogCatalog,0.7217599400871461,0.32711785338194865,"{""beta"": 0.005, ""knn_k"": 20, ""lambda_E"": 0, ""lambda_H"": 0.35, ""lambda_bal"": 0.01, ""num_clusters"": 28, ""num_hops"": 1, ""tau_s"": 0.05}",/autodl-fs/data/recap/tuning_hyperparams/interaction_tuning/results/interaction_paper_v1/checkpoints/ctrl__lE0/recap/trial_0/model.pt
ctrl__lE0,controls,0,weibo,0.7064141021039676,0.2990374017937048,"{""beta"": 0.005, ""knn_k"": 20, ""lambda_E"": 0, ""lambda_H"": 0.35, ""lambda_bal"": 0.01, ""num_clusters"": 28, ""num_hops"": 1, ""tau_s"": 0.05}",/autodl-fs/data/recap/tuning_hyperparams/interaction_tuning/results/interaction_paper_v1/checkpoints/ctrl__lE0/recap/trial_0/model.pt
ctrl__lE0,controls,0,Reddit,0.6056422128831647,0.04677802784393906,"{""beta"": 0.005, ""knn_k"": 20, ""lambda_E"": 0, ""lambda_H"": 0.35, ""lambda_bal"": 0.01, ""num_clusters"": 28, ""num_hops"": 1, ""tau_s"": 0.05}",/autodl-fs/data/recap/tuning_hyperparams/interaction_tuning/results/interaction_paper_v1/checkpoints/ctrl__lE0/recap/trial_0/model.pt
ctrl__lE0,controls,0,Amazon,0.7049587409990306,0.12438821330411262,"{""beta"": 0.005, ""knn_k"": 20, ""lambda_E"": 0, ""lambda_H"": 0.35, ""lambda_bal"": 0.01, ""num_clusters"": 28, ""num_hops"": 1, ""tau_s"": 0.05}",/autodl-fs/data/recap/tuning_hyperparams/interaction_tuning/results/interaction_paper_v1/checkpoints/ctrl__lE0/recap/trial_0/model.pt
ctrl__lE0,controls,1,Facebook,0.5440909090909091,0.03520773849148765,"{""beta"": 0.005, ""knn_k"": 20, ""lambda_E"": 0, ""lambda_H"": 0.35, ""lambda_bal"": 0.01, ""num_clusters"": 28, ""num_hops"": 1, ""tau_s"": 0.05}",/autodl-fs/data/recap/tuning_hyperparams/interaction_tuning/results/interaction_paper_v1/checkpoints/ctrl__lE0/recap/trial_1/model.pt
ctrl__lE0,controls,1,cora,0.8333724263747719,0.3556690889048987,"{""beta"": 0.005, ""knn_k"": 20, ""lambda_E"": 0, ""lambda_H"": 0.35, ""lambda_bal"": 0.01, ""num_clusters"": 28, ""num_hops"": 1, ""tau_s"": 0.05}",/autodl-fs/data/recap/tuning_hyperparams/interaction_tuning/results/interaction_paper_v1/checkpoints/ctrl__lE0/recap/trial_1/model.pt
ctrl__lE0,controls,1,citeseer,0.8724771797293043,0.3449091550927247,"{""beta"": 0.005, ""knn_k"": 20, ""lambda_E"": 0, ""lambda_H"": 0.35, ""lambda_bal"": 0.01, ""num_clusters"": 28, ""num_hops"": 1, ""tau_s"": 0.05}",/autodl-fs/data/recap/tuning_hyperparams/interaction_tuning/results/interaction_paper_v1/checkpoints/ctrl__lE0/recap/trial_1/model.pt
ctrl__lE0,controls,1,ACM,0.8043312911676571,0.34900409501673035,"{""beta"": 0.005, ""knn_k"": 20, ""lambda_E"": 0, ""lambda_H"": 0.35, ""lambda_bal"": 0.01, ""num_clusters"": 28, ""num_hops"": 1, ""tau_s"": 0.05}",/autodl-fs/data/recap/tuning_hyperparams/interaction_tuning/results/interaction_paper_v1/checkpoints/ctrl__lE0/recap/trial_1/model.pt
ctrl__lE0,controls,1,BlogCatalog,0.7211720452069718,0.32874780895318595,"{""beta"": 0.005, ""knn_k"": 20, ""lambda_E"": 0, ""lambda_H"": 0.35, ""lambda_bal"": 0.01, ""num_clusters"": 28, ""num_hops"": 1, ""tau_s"": 0.05}",/autodl-fs/data/recap/tuning_hyperparams/interaction_tuning/results/interaction_paper_v1/checkpoints/ctrl__lE0/recap/trial_1/model.pt
ctrl__lE0,controls,1,weibo,0.6985697746722925,0.29431801992611684,"{""beta"": 0.005, ""knn_k"": 20, ""lambda_E"": 0, ""lambda_H"": 0.35, ""lambda_bal"": 0.01, ""num_clusters"": 28, ""num_hops"": 1, ""tau_s"": 0.05}",/autodl-fs/data/recap/tuning_hyperparams/interaction_tuning/results/interaction_paper_v1/checkpoints/ctrl__lE0/recap/trial_1/model.pt
ctrl__lE0,controls,1,Reddit,0.60405608272168,0.045666781859589466,"{""beta"": 0.005, ""knn_k"": 20, ""lambda_E"": 0, ""lambda_H"": 0.35, ""lambda_bal"": 0.01, ""num_clusters"": 28, ""num_hops"": 1, ""tau_s"": 0.05}",/autodl-fs/data/recap/tuning_hyperparams/interaction_tuning/results/interaction_paper_v1/checkpoints/ctrl__lE0/recap/trial_1/model.pt
ctrl__lE0,controls,1,Amazon,0.7192007912813705,0.13030477937405535,"{""beta"": 0.005, ""knn_k"": 20, ""lambda_E"": 0, ""lambda_H"": 0.35, ""lambda_bal"": 0.01, ""num_clusters"": 28, ""num_hops"": 1, ""tau_s"": 0.05}",/autodl-fs/data/recap/tuning_hyperparams/interaction_tuning/results/interaction_paper_v1/checkpoints/ctrl__lE0/recap/trial_1/model.pt
ctrl__lE0,controls,2,Facebook,0.5368181818181819,0.029142811614837692,"{""beta"": 0.005, ""knn_k"": 20, ""lambda_E"": 0, ""lambda_H"": 0.35, ""lambda_bal"": 0.01, ""num_clusters"": 28, ""num_hops"": 1, ""tau_s"": 0.05}",/autodl-fs/data/recap/tuning_hyperparams/interaction_tuning/results/interaction_paper_v1/checkpoints/ctrl__lE0/recap/trial_2/model.pt
ctrl__lE0,controls,2,cora,0.826419077404222,0.33826291146171794,"{""beta"": 0.005, ""knn_k"": 20, ""lambda_E"": 0, ""lambda_H"": 0.35, ""lambda_bal"": 0.01, ""num_clusters"": 28, ""num_hops"": 1, ""tau_s"": 0.05}",/autodl-fs/data/recap/tuning_hyperparams/interaction_tuning/results/interaction_paper_v1/checkpoints/ctrl__lE0/recap/trial_2/model.pt
ctrl__lE0,controls,2,citeseer,0.8735033050047214,0.3224406000015884,"{""beta"": 0.005, ""knn_k"": 20, ""lambda_E"": 0, ""lambda_H"": 0.35, ""lambda_bal"": 0.01, ""num_clusters"": 28, ""num_hops"": 1, ""tau_s"": 0.05}",/autodl-fs/data/recap/tuning_hyperparams/interaction_tuning/results/interaction_paper_v1/checkpoints/ctrl__lE0/recap/trial_2/model.pt
ctrl__lE0,controls,2,ACM,0.8065796344977862,0.3543009649528268,"{""beta"": 0.005, ""knn_k"": 20, ""lambda_E"": 0, ""lambda_H"": 0.35, ""lambda_bal"": 0.01, ""num_clusters"": 28, ""num_hops"": 1, ""tau_s"": 0.05}",/autodl-fs/data/recap/tuning_hyperparams/interaction_tuning/results/interaction_paper_v1/checkpoints/ctrl__lE0/recap/trial_2/model.pt
ctrl__lE0,controls,2,BlogCatalog,0.7271565223311547,0.33078110087756046,"{""beta"": 0.005, ""knn_k"": 20, ""lambda_E"": 0, ""lambda_H"": 0.35, ""lambda_bal"": 0.01, ""num_clusters"": 28, ""num_hops"": 1, ""tau_s"": 0.05}",/autodl-fs/data/recap/tuning_hyperparams/interaction_tuning/results/interaction_paper_v1/checkpoints/ctrl__lE0/recap/trial_2/model.pt
ctrl__lE0,controls,2,weibo,0.69472407704174,0.2883319274385387,"{""beta"": 0.005, ""knn_k"": 20, ""lambda_E"": 0, ""lambda_H"": 0.35, ""lambda_bal"": 0.01, ""num_clusters"": 28, ""num_hops"": 1, ""tau_s"": 0.05}",/autodl-fs/data/recap/tuning_hyperparams/interaction_tuning/results/interaction_paper_v1/checkpoints/ctrl__lE0/recap/trial_2/model.pt
ctrl__lE0,controls,2,Reddit,0.602641328726248,0.04530822933453447,"{""beta"": 0.005, ""knn_k"": 20, ""lambda_E"": 0, ""lambda_H"": 0.35, ""lambda_bal"": 0.01, ""num_clusters"": 28, ""num_hops"": 1, ""tau_s"": 0.05}",/autodl-fs/data/recap/tuning_hyperparams/interaction_tuning/results/interaction_paper_v1/checkpoints/ctrl__lE0/recap/trial_2/model.pt
ctrl__lE0,controls,2,Amazon,0.7059644211044903,0.12577676347390765,"{""beta"": 0.005, ""knn_k"": 20, ""lambda_E"": 0, ""lambda_H"": 0.35, ""lambda_bal"": 0.01, ""num_clusters"": 28, ""num_hops"": 1, ""tau_s"": 0.05}",/autodl-fs/data/recap/tuning_hyperparams/interaction_tuning/results/interaction_paper_v1/checkpoints/ctrl__lE0/recap/trial_2/model.pt
ctrl__lE0p01,controls,0,Facebook,0.5546590909090909,0.03872723375930169,"{""beta"": 0.005, ""knn_k"": 20, ""lambda_E"": 0.01, ""lambda_H"": 0.35, ""lambda_bal"": 0.01, ""num_clusters"": 28, ""num_hops"": 1, ""tau_s"": 0.05}",/autodl-fs/data/recap/tuning_hyperparams/interaction_tuning/results/interaction_paper_v1/checkpoints/ctrl__lE0p01/recap/trial_0/model.pt
ctrl__lE0p01,controls,0,cora,0.8345582486317435,0.374992809789981,"{""beta"": 0.005, ""knn_k"": 20, ""lambda_E"": 0.01, ""lambda_H"": 0.35, ""lambda_bal"": 0.01, ""num_clusters"": 28, ""num_hops"": 1, ""tau_s"": 0.05}",/autodl-fs/data/recap/tuning_hyperparams/interaction_tuning/results/interaction_paper_v1/checkpoints/ctrl__lE0p01/recap/trial_0/model.pt
ctrl__lE0p01,controls,0,citeseer,0.8720700870842514,0.31910593441830276,"{""beta"": 0.005, ""knn_k"": 20, ""lambda_E"": 0.01, ""lambda_H"": 0.35, ""lambda_bal"": 0.01, ""num_clusters"": 28, ""num_hops"": 1, ""tau_s"": 0.05}",/autodl-fs/data/recap/tuning_hyperparams/interaction_tuning/results/interaction_paper_v1/checkpoints/ctrl__lE0p01/recap/trial_0/model.pt
ctrl__lE0p01,controls,0,ACM,0.8069845039384624,0.35367080228120207,"{""beta"": 0.005, ""knn_k"": 20, ""lambda_E"": 0.01, ""lambda_H"": 0.35, ""lambda_bal"": 0.01, ""num_clusters"": 28, ""num_hops"": 1, ""tau_s"": 0.05}",/autodl-fs/data/recap/tuning_hyperparams/interaction_tuning/results/interaction_paper_v1/checkpoints/ctrl__lE0p01/recap/trial_0/model.pt
ctrl__lE0p01,controls,0,BlogCatalog,0.7217790032679738,0.32711442033065724,"{""beta"": 0.005, ""knn_k"": 20, ""lambda_E"": 0.01, ""lambda_H"": 0.35, ""lambda_bal"": 0.01, ""num_clusters"": 28, ""num_hops"": 1, ""tau_s"": 0.05}",/autodl-fs/data/recap/tuning_hyperparams/interaction_tuning/results/interaction_paper_v1/checkpoints/ctrl__lE0p01/recap/trial_0/model.pt
ctrl__lE0p01,controls,0,weibo,0.7070342378520955,0.29913539799122324,"{""beta"": 0.005, ""knn_k"": 20, ""lambda_E"": 0.01, ""lambda_H"": 0.35, ""lambda_bal"": 0.01, ""num_clusters"": 28, ""num_hops"": 1, ""tau_s"": 0.05}",/autodl-fs/data/recap/tuning_hyperparams/interaction_tuning/results/interaction_paper_v1/checkpoints/ctrl__lE0p01/recap/trial_0/model.pt
ctrl__lE0p01,controls,0,Reddit,0.6056591961068276,0.046779538764828495,"{""beta"": 0.005, ""knn_k"": 20, ""lambda_E"": 0.01, ""lambda_H"": 0.35, ""lambda_bal"": 0.01, ""num_clusters"": 28, ""num_hops"": 1, ""tau_s"": 0.05}",/autodl-fs/data/recap/tuning_hyperparams/interaction_tuning/results/interaction_paper_v1/checkpoints/ctrl__lE0p01/recap/trial_0/model.pt
ctrl__lE0p01,controls,0,Amazon,0.7049591952015622,0.12438619435745302,"{""beta"": 0.005, ""knn_k"": 20, ""lambda_E"": 0.01, ""lambda_H"": 0.35, ""lambda_bal"": 0.01, ""num_clusters"": 28, ""num_hops"": 1, ""tau_s"": 0.05}",/autodl-fs/data/recap/tuning_hyperparams/interaction_tuning/results/interaction_paper_v1/checkpoints/ctrl__lE0p01/recap/trial_0/model.pt
ctrl__lE0p01,controls,1,Facebook,0.5441287878787879,0.03520949038620139,"{""beta"": 0.005, ""knn_k"": 20, ""lambda_E"": 0.01, ""lambda_H"": 0.35, ""lambda_bal"": 0.01, ""num_clusters"": 28, ""num_hops"": 1, ""tau_s"": 0.05}",/autodl-fs/data/recap/tuning_hyperparams/interaction_tuning/results/interaction_paper_v1/checkpoints/ctrl__lE0p01/recap/trial_1/model.pt
ctrl__lE0p01,controls,1,cora,0.8333958821996352,0.3556905785806007,"{""beta"": 0.005, ""knn_k"": 20, ""lambda_E"": 0.01, ""lambda_H"": 0.35, ""lambda_bal"": 0.01, ""num_clusters"": 28, ""num_hops"": 1, ""tau_s"": 0.05}",/autodl-fs/data/recap/tuning_hyperparams/interaction_tuning/results/interaction_paper_v1/checkpoints/ctrl__lE0p01/recap/trial_1/model.pt
ctrl__lE0p01,controls,1,citeseer,0.8725086559647466,0.3449186557215733,"{""beta"": 0.005, ""knn_k"": 20, ""lambda_E"": 0.01, ""lambda_H"": 0.35, ""lambda_bal"": 0.01, ""num_clusters"": 28, ""num_hops"": 1, ""tau_s"": 0.05}",/autodl-fs/data/recap/tuning_hyperparams/interaction_tuning/results/interaction_paper_v1/checkpoints/ctrl__lE0p01/recap/trial_1/model.pt
ctrl__lE0p01,controls,1,ACM,0.8043297623637797,0.3490018038456534,"{""beta"": 0.005, ""knn_k"": 20, ""lambda_E"": 0.01, ""lambda_H"": 0.35, ""lambda_bal"": 0.01, ""num_clusters"": 28, ""num_hops"": 1, ""tau_s"": 0.05}",/autodl-fs/data/recap/tuning_hyperparams/interaction_tuning/results/interaction_paper_v1/checkpoints/ctrl__lE0p01/recap/trial_1/model.pt
ctrl__lE0p01,controls,1,BlogCatalog,0.7211778322440087,0.32875041561126295,"{""beta"": 0.005, ""knn_k"": 20, ""lambda_E"": 0.01, ""lambda_H"": 0.35, ""lambda_bal"": 0.01, ""num_clusters"": 28, ""num_hops"": 1, ""tau_s"": 0.05}",/autodl-fs/data/recap/tuning_hyperparams/interaction_tuning/results/interaction_paper_v1/checkpoints/ctrl__lE0p01/recap/trial_1/model.pt
ctrl__lE0p01,controls,1,weibo,0.69883245726612,0.2943590565185228,"{""beta"": 0.005, ""knn_k"": 20, ""lambda_E"": 0.01, ""lambda_H"": 0.35, ""lambda_bal"": 0.01, ""num_clusters"": 28, ""num_hops"": 1, ""tau_s"": 0.05}",/autodl-fs/data/recap/tuning_hyperparams/interaction_tuning/results/interaction_paper_v1/checkpoints/ctrl__lE0p01/recap/trial_1/model.pt
ctrl__lE0p01,controls,1,Reddit,0.6040381988725199,0.045667029947796,"{""beta"": 0.005, ""knn_k"": 20, ""lambda_E"": 0.01, ""lambda_H"": 0.35, ""lambda_bal"": 0.01, ""num_clusters"": 28, ""num_hops"": 1, ""tau_s"": 0.05}",/autodl-fs/data/recap/tuning_hyperparams/interaction_tuning/results/interaction_paper_v1/checkpoints/ctrl__lE0p01/recap/trial_1/model.pt
ctrl__lE0p01,controls,1,Amazon,0.7192001856779949,0.13030541068083495,"{""beta"": 0.005, ""knn_k"": 20, ""lambda_E"": 0.01, ""lambda_H"": 0.35, ""lambda_bal"": 0.01, ""num_clusters"": 28, ""num_hops"": 1, ""tau_s"": 0.05}",/autodl-fs/data/recap/tuning_hyperparams/interaction_tuning/results/interaction_paper_v1/checkpoints/ctrl__lE0p01/recap/trial_1/model.pt
ctrl__lE0p01,controls,2,Facebook,0.536780303030303,0.029135534918950948,"{""beta"": 0.005, ""knn_k"": 20, ""lambda_E"": 0.01, ""lambda_H"": 0.35, ""lambda_bal"": 0.01, ""num_clusters"": 28, ""num_hops"": 1, ""tau_s"": 0.05}",/autodl-fs/data/recap/tuning_hyperparams/interaction_tuning/results/interaction_paper_v1/checkpoints/ctrl__lE0p01/recap/trial_2/model.pt
ctrl__lE0p01,controls,2,cora,0.826413864998697,0.33827963349824497,"{""beta"": 0.005, ""knn_k"": 20, ""lambda_E"": 0.01, ""lambda_H"": 0.35, ""lambda_bal"": 0.01, ""num_clusters"": 28, ""num_hops"": 1, ""tau_s"": 0.05}",/autodl-fs/data/recap/tuning_hyperparams/interaction_tuning/results/interaction_paper_v1/checkpoints/ctrl__lE0p01/recap/trial_2/model.pt
ctrl__lE0p01,controls,2,citeseer,0.8734676319378869,0.32243802747558997,"{""beta"": 0.005, ""knn_k"": 20, ""lambda_E"": 0.01, ""lambda_H"": 0.35, ""lambda_bal"": 0.01, ""num_clusters"": 28, ""num_hops"": 1, ""tau_s"": 0.05}",/autodl-fs/data/recap/tuning_hyperparams/interaction_tuning/results/interaction_paper_v1/checkpoints/ctrl__lE0p01/recap/trial_2/model.pt
ctrl__lE0p01,controls,2,ACM,0.8066073111197076,0.3543027138985591,"{""beta"": 0.005, ""knn_k"": 20, ""lambda_E"": 0.01, ""lambda_H"": 0.35, ""lambda_bal"": 0.01, ""num_clusters"": 28, ""num_hops"": 1, ""tau_s"": 0.05}",/autodl-fs/data/recap/tuning_hyperparams/interaction_tuning/results/interaction_paper_v1/checkpoints/ctrl__lE0p01/recap/trial_2/model.pt
ctrl__lE0p01,controls,2,BlogCatalog,0.7271500544662309,0.33080664506291596,"{""beta"": 0.005, ""knn_k"": 20, ""lambda_E"": 0.01, ""lambda_H"": 0.35, ""lambda_bal"": 0.01, ""num_clusters"": 28, ""num_hops"": 1, ""tau_s"": 0.05}",/autodl-fs/data/recap/tuning_hyperparams/interaction_tuning/results/interaction_paper_v1/checkpoints/ctrl__lE0p01/recap/trial_2/model.pt
ctrl__lE0p01,controls,2,weibo,0.694968264090701,0.28836832004011936,"{""beta"": 0.005, ""knn_k"": 20, ""lambda_E"": 0.01, ""lambda_H"": 0.35, ""lambda_bal"": 0.01, ""num_clusters"": 28, ""num_hops"": 1, ""tau_s"": 0.05}",/autodl-fs/data/recap/tuning_hyperparams/interaction_tuning/results/interaction_paper_v1/checkpoints/ctrl__lE0p01/recap/trial_2/model.pt
ctrl__lE0p01,controls,2,Reddit,0.6026953662560843,0.04530965028360873,"{""beta"": 0.005, ""knn_k"": 20, ""lambda_E"": 0.01, ""lambda_H"": 0.35, ""lambda_bal"": 0.01, ""num_clusters"": 28, ""num_hops"": 1, ""tau_s"": 0.05}",/autodl-fs/data/recap/tuning_hyperparams/interaction_tuning/results/interaction_paper_v1/checkpoints/ctrl__lE0p01/recap/trial_2/model.pt
ctrl__lE0p01,controls,2,Amazon,0.7059580622690476,0.1257757496937496,"{""beta"": 0.005, ""knn_k"": 20, ""lambda_E"": 0.01, ""lambda_H"": 0.35, ""lambda_bal"": 0.01, ""num_clusters"": 28, ""num_hops"": 1, ""tau_s"": 0.05}",/autodl-fs/data/recap/tuning_hyperparams/interaction_tuning/results/interaction_paper_v1/checkpoints/ctrl__lE0p01/recap/trial_2/model.pt
ctrl__lE0p3,controls,0,Facebook,0.5546969696969697,0.03872834062741835,"{""beta"": 0.005, ""knn_k"": 20, ""lambda_E"": 0.3, ""lambda_H"": 0.35, ""lambda_bal"": 0.01, ""num_clusters"": 28, ""num_hops"": 1, ""tau_s"": 0.05}",/autodl-fs/data/recap/tuning_hyperparams/interaction_tuning/results/interaction_paper_v1/checkpoints/ctrl__lE0p3/recap/trial_0/model.pt
ctrl__lE0p3,controls,0,cora,0.8345478238206931,0.37494557054408867,"{""beta"": 0.005, ""knn_k"": 20, ""lambda_E"": 0.3, ""lambda_H"": 0.35, ""lambda_bal"": 0.01, ""num_clusters"": 28, ""num_hops"": 1, ""tau_s"": 0.05}",/autodl-fs/data/recap/tuning_hyperparams/interaction_tuning/results/interaction_paper_v1/checkpoints/ctrl__lE0p3/recap/trial_0/model.pt
ctrl__lE0p3,controls,0,citeseer,0.8721193998531108,0.3191207507222913,"{""beta"": 0.005, ""knn_k"": 20, ""lambda_E"": 0.3, ""lambda_H"": 0.35, ""lambda_bal"": 0.01, ""num_clusters"": 28, ""num_hops"": 1, ""tau_s"": 0.05}",/autodl-fs/data/recap/tuning_hyperparams/interaction_tuning/results/interaction_paper_v1/checkpoints/ctrl__lE0p3/recap/trial_0/model.pt
ctrl__lE0p3,controls,0,ACM,0.8070069615402499,0.35367175404390655,"{""beta"": 0.005, ""knn_k"": 20, ""lambda_E"": 0.3, ""lambda_H"": 0.35, ""lambda_bal"": 0.01, ""num_clusters"": 28, ""num_hops"": 1, ""tau_s"": 0.05}",/autodl-fs/data/recap/tuning_hyperparams/interaction_tuning/results/interaction_paper_v1/checkpoints/ctrl__lE0p3/recap/trial_0/model.pt
ctrl__lE0p3,controls,0,BlogCatalog,0.7217316857298476,0.32710445150775863,"{""beta"": 0.005, ""knn_k"": 20, ""lambda_E"": 0.3, ""lambda_H"": 0.35, ""lambda_bal"": 0.01, ""num_clusters"": 28, ""num_hops"": 1, ""tau_s"": 0.05}",/autodl-fs/data/recap/tuning_hyperparams/interaction_tuning/results/interaction_paper_v1/checkpoints/ctrl__lE0p3/recap/trial_0/model.pt
ctrl__lE0p3,controls,0,weibo,0.7070006860165732,0.29912448325798524,"{""beta"": 0.005, ""knn_k"": 20, ""lambda_E"": 0.3, ""lambda_H"": 0.35, ""lambda_bal"": 0.01, ""num_clusters"": 28, ""num_hops"": 1, ""tau_s"": 0.05}",/autodl-fs/data/recap/tuning_hyperparams/interaction_tuning/results/interaction_paper_v1/checkpoints/ctrl__lE0p3/recap/trial_0/model.pt
ctrl__lE0p3,controls,0,Reddit,0.6056361658262545,0.046778565215510555,"{""beta"": 0.005, ""knn_k"": 20, ""lambda_E"": 0.3, ""lambda_H"": 0.35, ""lambda_bal"": 0.01, ""num_clusters"": 28, ""num_hops"": 1, ""tau_s"": 0.05}",/autodl-fs/data/recap/tuning_hyperparams/interaction_tuning/results/interaction_paper_v1/checkpoints/ctrl__lE0p3/recap/trial_0/model.pt
ctrl__lE0p3,controls,0,Amazon,0.7049606335095789,0.1243859408726225,"{""beta"": 0.005, ""knn_k"": 20, ""lambda_E"": 0.3, ""lambda_H"": 0.35, ""lambda_bal"": 0.01, ""num_clusters"": 28, ""num_hops"": 1, ""tau_s"": 0.05}",/autodl-fs/data/recap/tuning_hyperparams/interaction_tuning/results/interaction_paper_v1/checkpoints/ctrl__lE0p3/recap/trial_0/model.pt
ctrl__lE0p3,controls,1,Facebook,0.5440909090909092,0.03520843628391671,"{""beta"": 0.005, ""knn_k"": 20, ""lambda_E"": 0.3, ""lambda_H"": 0.35, ""lambda_bal"": 0.01, ""num_clusters"": 28, ""num_hops"": 1, ""tau_s"": 0.05}",/autodl-fs/data/recap/tuning_hyperparams/interaction_tuning/results/interaction_paper_v1/checkpoints/ctrl__lE0p3/recap/trial_1/model.pt
ctrl__lE0p3,controls,1,cora,0.8333880635913473,0.35568827470732506,"{""beta"": 0.005, ""knn_k"": 20, ""lambda_E"": 0.3, ""lambda_H"": 0.35, ""lambda_bal"": 0.01, ""num_clusters"": 28, ""num_hops"": 1, ""tau_s"": 0.05}",/autodl-fs/data/recap/tuning_hyperparams/interaction_tuning/results/interaction_paper_v1/checkpoints/ctrl__lE0p3/recap/trial_1/model.pt
ctrl__lE0p3,controls,1,citeseer,0.8725296401217082,0.3449265489677977,"{""beta"": 0.005, ""knn_k"": 20, ""lambda_E"": 0.3, ""lambda_H"": 0.35, ""lambda_bal"": 0.01, ""num_clusters"": 28, ""num_hops"": 1, ""tau_s"": 0.05}",/autodl-fs/data/recap/tuning_hyperparams/interaction_tuning/results/interaction_paper_v1/checkpoints/ctrl__lE0p3/recap/trial_1/model.pt
ctrl__lE0p3,controls,1,ACM,0.8043307639939062,0.3490022162571973,"{""beta"": 0.005, ""knn_k"": 20, ""lambda_E"": 0.3, ""lambda_H"": 0.35, ""lambda_bal"": 0.01, ""num_clusters"": 28, ""num_hops"": 1, ""tau_s"": 0.05}",/autodl-fs/data/recap/tuning_hyperparams/interaction_tuning/results/interaction_paper_v1/checkpoints/ctrl__lE0p3/recap/trial_1/model.pt
ctrl__lE0p3,controls,1,BlogCatalog,0.7211659177559913,0.3287494443228365,"{""beta"": 0.005, ""knn_k"": 20, ""lambda_E"": 0.3, ""lambda_H"": 0.35, ""lambda_bal"": 0.01, ""num_clusters"": 28, ""num_hops"": 1, ""tau_s"": 0.05}",/autodl-fs/data/recap/tuning_hyperparams/interaction_tuning/results/interaction_paper_v1/checkpoints/ctrl__lE0p3/recap/trial_1/model.pt
ctrl__lE0p3,controls,1,weibo,0.6984512350438299,0.294311350906194,"{""beta"": 0.005, ""knn_k"": 20, ""lambda_E"": 0.3, ""lambda_H"": 0.35, ""lambda_bal"": 0.01, ""num_clusters"": 28, ""num_hops"": 1, ""tau_s"": 0.05}",/autodl-fs/data/recap/tuning_hyperparams/interaction_tuning/results/interaction_paper_v1/checkpoints/ctrl__lE0p3/recap/trial_1/model.pt
ctrl__lE0p3,controls,1,Reddit,0.6040425733392208,0.04566614267004243,"{""beta"": 0.005, ""knn_k"": 20, ""lambda_E"": 0.3, ""lambda_H"": 0.35, ""lambda_bal"": 0.01, ""num_clusters"": 28, ""num_hops"": 1, ""tau_s"": 0.05}",/autodl-fs/data/recap/tuning_hyperparams/interaction_tuning/results/interaction_paper_v1/checkpoints/ctrl__lE0p3/recap/trial_1/model.pt
ctrl__lE0p3,controls,1,Amazon,0.7191921614332694,0.13030486278926545,"{""beta"": 0.005, ""knn_k"": 20, ""lambda_E"": 0.3, ""lambda_H"": 0.35, ""lambda_bal"": 0.01, ""num_clusters"": 28, ""num_hops"": 1, ""tau_s"": 0.05}",/autodl-fs/data/recap/tuning_hyperparams/interaction_tuning/results/interaction_paper_v1/checkpoints/ctrl__lE0p3/recap/trial_1/model.pt
ctrl__lE0p3,controls,2,Facebook,0.536780303030303,0.029135534918950948,"{""beta"": 0.005, ""knn_k"": 20, ""lambda_E"": 0.3, ""lambda_H"": 0.35, ""lambda_bal"": 0.01, ""num_clusters"": 28, ""num_hops"": 1, ""tau_s"": 0.05}",/autodl-fs/data/recap/tuning_hyperparams/interaction_tuning/results/interaction_paper_v1/checkpoints/ctrl__lE0p3/recap/trial_2/model.pt
ctrl__lE0p3,controls,2,cora,0.8264399270263227,0.3383422908844871,"{""beta"": 0.005, ""knn_k"": 20, ""lambda_E"": 0.3, ""lambda_H"": 0.35, ""lambda_bal"": 0.01, ""num_clusters"": 28, ""num_hops"": 1, ""tau_s"": 0.05}",/autodl-fs/data/recap/tuning_hyperparams/interaction_tuning/results/interaction_paper_v1/checkpoints/ctrl__lE0p3/recap/trial_2/model.pt
ctrl__lE0p3,controls,2,citeseer,0.873511698667506,0.3224190077228203,"{""beta"": 0.005, ""knn_k"": 20, ""lambda_E"": 0.3, ""lambda_H"": 0.35, ""lambda_bal"": 0.01, ""num_clusters"": 28, ""num_hops"": 1, ""tau_s"": 0.05}",/autodl-fs/data/recap/tuning_hyperparams/interaction_tuning/results/interaction_paper_v1/checkpoints/ctrl__lE0p3/recap/trial_2/model.pt
ctrl__lE0p3,controls,2,ACM,0.8065761551510304,0.3542980183536466,"{""beta"": 0.005, ""knn_k"": 20, ""lambda_E"": 0.3, ""lambda_H"": 0.35, ""lambda_bal"": 0.01, ""num_clusters"": 28, ""num_hops"": 1, ""tau_s"": 0.05}",/autodl-fs/data/recap/tuning_hyperparams/interaction_tuning/results/interaction_paper_v1/checkpoints/ctrl__lE0p3/recap/trial_2/model.pt
ctrl__lE0p3,controls,2,BlogCatalog,0.7271936274509805,0.33080657749731623,"{""beta"": 0.005, ""knn_k"": 20, ""lambda_E"": 0.3, ""lambda_H"": 0.35, ""lambda_bal"": 0.01, ""num_clusters"": 28, ""num_hops"": 1, ""tau_s"": 0.05}",/autodl-fs/data/recap/tuning_hyperparams/interaction_tuning/results/interaction_paper_v1/checkpoints/ctrl__lE0p3/recap/trial_2/model.pt
ctrl__lE0p3,controls,2,weibo,0.6950378898815002,0.2883821824951288,"{""beta"": 0.005, ""knn_k"": 20, ""lambda_E"": 0.3, ""lambda_H"": 0.35, ""lambda_bal"": 0.01, ""num_clusters"": 28, ""num_hops"": 1, ""tau_s"": 0.05}",/autodl-fs/data/recap/tuning_hyperparams/interaction_tuning/results/interaction_paper_v1/checkpoints/ctrl__lE0p3/recap/trial_2/model.pt
ctrl__lE0p3,controls,2,Reddit,0.6026828861599078,0.04530868323016948,"{""beta"": 0.005, ""knn_k"": 20, ""lambda_E"": 0.3, ""lambda_H"": 0.35, ""lambda_bal"": 0.01, ""num_clusters"": 28, ""num_hops"": 1, ""tau_s"": 0.05}",/autodl-fs/data/recap/tuning_hyperparams/interaction_tuning/results/interaction_paper_v1/checkpoints/ctrl__lE0p3/recap/trial_2/model.pt
ctrl__lE0p3,controls,2,Amazon,0.7059598790791739,0.12577653423007062,"{""beta"": 0.005, ""knn_k"": 20, ""lambda_E"": 0.3, ""lambda_H"": 0.35, ""lambda_bal"": 0.01, ""num_clusters"": 28, ""num_hops"": 1, ""tau_s"": 0.05}",/autodl-fs/data/recap/tuning_hyperparams/interaction_tuning/results/interaction_paper_v1/checkpoints/ctrl__lE0p3/recap/trial_2/model.pt
