run_id,kind,param,value,trial,dataset,AUROC,AUPRC,checkpoint
baseline,baseline,baseline,baseline,0,Facebook,0.5978409090909091,0.047178874987215874,/autodl-fs/data/recap/tuning_hyperparams/sensitivity_results/sensitivity_default_v2/checkpoints/baseline/recap/trial_0/model.pt
baseline,baseline,baseline,baseline,0,cora,0.8189184258535314,0.41679309770811984,/autodl-fs/data/recap/tuning_hyperparams/sensitivity_results/sensitivity_default_v2/checkpoints/baseline/recap/trial_0/model.pt
baseline,baseline,baseline,baseline,0,citeseer,0.9042346028748295,0.47293393667772665,/autodl-fs/data/recap/tuning_hyperparams/sensitivity_results/sensitivity_default_v2/checkpoints/baseline/recap/trial_0/model.pt
baseline,baseline,baseline,baseline,0,ACM,0.7858407245729075,0.367044065586749,/autodl-fs/data/recap/tuning_hyperparams/sensitivity_results/sensitivity_default_v2/checkpoints/baseline/recap/trial_0/model.pt
baseline,baseline,baseline,baseline,0,BlogCatalog,0.732547998366013,0.33229817662250116,/autodl-fs/data/recap/tuning_hyperparams/sensitivity_results/sensitivity_default_v2/checkpoints/baseline/recap/trial_0/model.pt
baseline,baseline,baseline,baseline,0,weibo,0.7669296142104481,0.31069042890171533,/autodl-fs/data/recap/tuning_hyperparams/sensitivity_results/sensitivity_default_v2/checkpoints/baseline/recap/trial_0/model.pt
baseline,baseline,baseline,baseline,0,Reddit,0.5881458900084093,0.046348005930494644,/autodl-fs/data/recap/tuning_hyperparams/sensitivity_results/sensitivity_default_v2/checkpoints/baseline/recap/trial_0/model.pt
baseline,baseline,baseline,baseline,0,Amazon,0.7339726688168614,0.13742339709661755,/autodl-fs/data/recap/tuning_hyperparams/sensitivity_results/sensitivity_default_v2/checkpoints/baseline/recap/trial_0/model.pt
baseline,baseline,baseline,baseline,1,Facebook,0.6026136363636364,0.05092564893521915,/autodl-fs/data/recap/tuning_hyperparams/sensitivity_results/sensitivity_default_v2/checkpoints/baseline/recap/trial_1/model.pt
baseline,baseline,baseline,baseline,1,cora,0.8231535053427157,0.4193332165566959,/autodl-fs/data/recap/tuning_hyperparams/sensitivity_results/sensitivity_default_v2/checkpoints/baseline/recap/trial_1/model.pt
baseline,baseline,baseline,baseline,1,citeseer,0.8991469940195153,0.46190222491046395,/autodl-fs/data/recap/tuning_hyperparams/sensitivity_results/sensitivity_default_v2/checkpoints/baseline/recap/trial_1/model.pt
baseline,baseline,baseline,baseline,1,ACM,0.7714234713990844,0.3681931211989826,/autodl-fs/data/recap/tuning_hyperparams/sensitivity_results/sensitivity_default_v2/checkpoints/baseline/recap/trial_1/model.pt
baseline,baseline,baseline,baseline,1,BlogCatalog,0.7258292483660131,0.3254706598407174,/autodl-fs/data/recap/tuning_hyperparams/sensitivity_results/sensitivity_default_v2/checkpoints/baseline/recap/trial_1/model.pt
baseline,baseline,baseline,baseline,1,weibo,0.7309434745577731,0.3067775474025169,/autodl-fs/data/recap/tuning_hyperparams/sensitivity_results/sensitivity_default_v2/checkpoints/baseline/recap/trial_1/model.pt
baseline,baseline,baseline,baseline,1,Reddit,0.5912961493370881,0.04669334033953548,/autodl-fs/data/recap/tuning_hyperparams/sensitivity_results/sensitivity_default_v2/checkpoints/baseline/recap/trial_1/model.pt
baseline,baseline,baseline,baseline,1,Amazon,0.7001152009021068,0.12098721678253965,/autodl-fs/data/recap/tuning_hyperparams/sensitivity_results/sensitivity_default_v2/checkpoints/baseline/recap/trial_1/model.pt
baseline,baseline,baseline,baseline,2,Facebook,0.5750757575757576,0.035283566551926236,/autodl-fs/data/recap/tuning_hyperparams/sensitivity_results/sensitivity_default_v2/checkpoints/baseline/recap/trial_2/model.pt
baseline,baseline,baseline,baseline,2,cora,0.818657805577274,0.40003431483594953,/autodl-fs/data/recap/tuning_hyperparams/sensitivity_results/sensitivity_default_v2/checkpoints/baseline/recap/trial_2/model.pt
baseline,baseline,baseline,baseline,2,citeseer,0.907191270590704,0.4423198030090206,/autodl-fs/data/recap/tuning_hyperparams/sensitivity_results/sensitivity_default_v2/checkpoints/baseline/recap/trial_2/model.pt
baseline,baseline,baseline,baseline,2,ACM,0.7821088615904263,0.37310389832741697,/autodl-fs/data/recap/tuning_hyperparams/sensitivity_results/sensitivity_default_v2/checkpoints/baseline/recap/trial_2/model.pt
baseline,baseline,baseline,baseline,2,BlogCatalog,0.7405446623093682,0.32942546174891507,/autodl-fs/data/recap/tuning_hyperparams/sensitivity_results/sensitivity_default_v2/checkpoints/baseline/recap/trial_2/model.pt
baseline,baseline,baseline,baseline,2,weibo,0.7292402794447547,0.3073193963712162,/autodl-fs/data/recap/tuning_hyperparams/sensitivity_results/sensitivity_default_v2/checkpoints/baseline/recap/trial_2/model.pt
baseline,baseline,baseline,baseline,2,Reddit,0.5890551357783,0.04570504140484835,/autodl-fs/data/recap/tuning_hyperparams/sensitivity_results/sensitivity_default_v2/checkpoints/baseline/recap/trial_2/model.pt
baseline,baseline,baseline,baseline,2,Amazon,0.7186351577286421,0.12659624685916254,/autodl-fs/data/recap/tuning_hyperparams/sensitivity_results/sensitivity_default_v2/checkpoints/baseline/recap/trial_2/model.pt
beta__0,sensitivity,beta,0,0,Facebook,0.5991287878787879,0.0535496485748667,/autodl-fs/data/recap/tuning_hyperparams/sensitivity_results/sensitivity_default_v2/checkpoints/beta__0/recap/trial_0/model.pt
beta__0,sensitivity,beta,0,0,cora,0.8189080010424811,0.41347932615606137,/autodl-fs/data/recap/tuning_hyperparams/sensitivity_results/sensitivity_default_v2/checkpoints/beta__0/recap/trial_0/model.pt
beta__0,sensitivity,beta,0,0,citeseer,0.9029126009862555,0.4696008066260437,/autodl-fs/data/recap/tuning_hyperparams/sensitivity_results/sensitivity_default_v2/checkpoints/beta__0/recap/trial_0/model.pt
beta__0,sensitivity,beta,0,0,ACM,0.79458600992626,0.3690217749999605,/autodl-fs/data/recap/tuning_hyperparams/sensitivity_results/sensitivity_default_v2/checkpoints/beta__0/recap/trial_0/model.pt
beta__0,sensitivity,beta,0,0,BlogCatalog,0.7361614923747277,0.3380053801797447,/autodl-fs/data/recap/tuning_hyperparams/sensitivity_results/sensitivity_default_v2/checkpoints/beta__0/recap/trial_0/model.pt
beta__0,sensitivity,beta,0,0,weibo,0.7297234564474246,0.3116503819609794,/autodl-fs/data/recap/tuning_hyperparams/sensitivity_results/sensitivity_default_v2/checkpoints/beta__0/recap/trial_0/model.pt
beta__0,sensitivity,beta,0,0,Reddit,0.5888550682571199,0.04644679930409421,/autodl-fs/data/recap/tuning_hyperparams/sensitivity_results/sensitivity_default_v2/checkpoints/beta__0/recap/trial_0/model.pt
beta__0,sensitivity,beta,0,0,Amazon,0.7349851619602956,0.13829460269647847,/autodl-fs/data/recap/tuning_hyperparams/sensitivity_results/sensitivity_default_v2/checkpoints/beta__0/recap/trial_0/model.pt
beta__0,sensitivity,beta,0,1,Facebook,0.6009469696969697,0.051989023283358325,/autodl-fs/data/recap/tuning_hyperparams/sensitivity_results/sensitivity_default_v2/checkpoints/beta__0/recap/trial_1/model.pt
beta__0,sensitivity,beta,0,1,cora,0.8235913474068283,0.41910473604489273,/autodl-fs/data/recap/tuning_hyperparams/sensitivity_results/sensitivity_default_v2/checkpoints/beta__0/recap/trial_1/model.pt
beta__0,sensitivity,beta,0,1,citeseer,0.8986108488091491,0.4618826140183741,/autodl-fs/data/recap/tuning_hyperparams/sensitivity_results/sensitivity_default_v2/checkpoints/beta__0/recap/trial_1/model.pt
beta__0,sensitivity,beta,0,1,ACM,0.7882457439417984,0.3719497081235022,/autodl-fs/data/recap/tuning_hyperparams/sensitivity_results/sensitivity_default_v2/checkpoints/beta__0/recap/trial_1/model.pt
beta__0,sensitivity,beta,0,1,BlogCatalog,0.7210127314814814,0.3356326377435049,/autodl-fs/data/recap/tuning_hyperparams/sensitivity_results/sensitivity_default_v2/checkpoints/beta__0/recap/trial_1/model.pt
beta__0,sensitivity,beta,0,1,weibo,0.7225926596226664,0.3081470298868173,/autodl-fs/data/recap/tuning_hyperparams/sensitivity_results/sensitivity_default_v2/checkpoints/beta__0/recap/trial_1/model.pt
beta__0,sensitivity,beta,0,1,Reddit,0.5930572581666147,0.04704250357850301,/autodl-fs/data/recap/tuning_hyperparams/sensitivity_results/sensitivity_default_v2/checkpoints/beta__0/recap/trial_1/model.pt
beta__0,sensitivity,beta,0,1,Amazon,0.7021020341763181,0.12182609809592551,/autodl-fs/data/recap/tuning_hyperparams/sensitivity_results/sensitivity_default_v2/checkpoints/beta__0/recap/trial_1/model.pt
beta__0,sensitivity,beta,0,2,Facebook,0.5758712121212121,0.03572465051485633,/autodl-fs/data/recap/tuning_hyperparams/sensitivity_results/sensitivity_default_v2/checkpoints/beta__0/recap/trial_2/model.pt
beta__0,sensitivity,beta,0,2,cora,0.8208079228563983,0.4026721154843549,/autodl-fs/data/recap/tuning_hyperparams/sensitivity_results/sensitivity_default_v2/checkpoints/beta__0/recap/trial_2/model.pt
beta__0,sensitivity,beta,0,2,citeseer,0.9054789633826461,0.43846417713644176,/autodl-fs/data/recap/tuning_hyperparams/sensitivity_results/sensitivity_default_v2/checkpoints/beta__0/recap/trial_2/model.pt
beta__0,sensitivity,beta,0,2,ACM,0.7929801859637038,0.3744865278757738,/autodl-fs/data/recap/tuning_hyperparams/sensitivity_results/sensitivity_default_v2/checkpoints/beta__0/recap/trial_2/model.pt
beta__0,sensitivity,beta,0,2,BlogCatalog,0.7316224128540305,0.33935844010665095,/autodl-fs/data/recap/tuning_hyperparams/sensitivity_results/sensitivity_default_v2/checkpoints/beta__0/recap/trial_2/model.pt
beta__0,sensitivity,beta,0,2,weibo,0.7121440524747651,0.30746302267995035,/autodl-fs/data/recap/tuning_hyperparams/sensitivity_results/sensitivity_default_v2/checkpoints/beta__0/recap/trial_2/model.pt
beta__0,sensitivity,beta,0,2,Reddit,0.5895062204916489,0.04579814050918173,/autodl-fs/data/recap/tuning_hyperparams/sensitivity_results/sensitivity_default_v2/checkpoints/beta__0/recap/trial_2/model.pt
beta__0,sensitivity,beta,0,2,Amazon,0.7219085953741289,0.12867541744134403,/autodl-fs/data/recap/tuning_hyperparams/sensitivity_results/sensitivity_default_v2/checkpoints/beta__0/recap/trial_2/model.pt
beta__0p005,sensitivity,beta,0.005,0,Facebook,0.599469696969697,0.07373384716991398,/autodl-fs/data/recap/tuning_hyperparams/sensitivity_results/sensitivity_default_v2/checkpoints/beta__0p005/recap/trial_0/model.pt
beta__0p005,sensitivity,beta,0.005,0,cora,0.8195022152723483,0.41567441850348724,/autodl-fs/data/recap/tuning_hyperparams/sensitivity_results/sensitivity_default_v2/checkpoints/beta__0p005/recap/trial_0/model.pt
beta__0p005,sensitivity,beta,0.005,0,citeseer,0.9032105760151086,0.471203039172948,/autodl-fs/data/recap/tuning_hyperparams/sensitivity_results/sensitivity_default_v2/checkpoints/beta__0p005/recap/trial_0/model.pt
beta__0p005,sensitivity,beta,0.005,0,ACM,0.793648167823444,0.3691671172135691,/autodl-fs/data/recap/tuning_hyperparams/sensitivity_results/sensitivity_default_v2/checkpoints/beta__0p005/recap/trial_0/model.pt
beta__0p005,sensitivity,beta,0.005,0,BlogCatalog,0.734545547385621,0.3369923844497963,/autodl-fs/data/recap/tuning_hyperparams/sensitivity_results/sensitivity_default_v2/checkpoints/beta__0p005/recap/trial_0/model.pt
beta__0p005,sensitivity,beta,0.005,0,weibo,0.7681746242347276,0.31351283490665793,/autodl-fs/data/recap/tuning_hyperparams/sensitivity_results/sensitivity_default_v2/checkpoints/beta__0p005/recap/trial_0/model.pt
beta__0p005,sensitivity,beta,0.005,0,Reddit,0.5882919199997529,0.046358446565884545,/autodl-fs/data/recap/tuning_hyperparams/sensitivity_results/sensitivity_default_v2/checkpoints/beta__0p005/recap/trial_0/model.pt
beta__0p005,sensitivity,beta,0.005,0,Amazon,0.7351009836058625,0.13863915624362366,/autodl-fs/data/recap/tuning_hyperparams/sensitivity_results/sensitivity_default_v2/checkpoints/beta__0p005/recap/trial_0/model.pt
beta__0p005,sensitivity,beta,0.005,1,Facebook,0.6054545454545454,0.050848840740723475,/autodl-fs/data/recap/tuning_hyperparams/sensitivity_results/sensitivity_default_v2/checkpoints/beta__0p005/recap/trial_1/model.pt
beta__0p005,sensitivity,beta,0.005,1,cora,0.8232812092780818,0.4261613737194762,/autodl-fs/data/recap/tuning_hyperparams/sensitivity_results/sensitivity_default_v2/checkpoints/beta__0p005/recap/trial_1/model.pt
beta__0p005,sensitivity,beta,0.005,1,citeseer,0.8985457979225685,0.46337633288767455,/autodl-fs/data/recap/tuning_hyperparams/sensitivity_results/sensitivity_default_v2/checkpoints/beta__0p005/recap/trial_1/model.pt
beta__0p005,sensitivity,beta,0.005,1,ACM,0.7830644167312718,0.37018136044403194,/autodl-fs/data/recap/tuning_hyperparams/sensitivity_results/sensitivity_default_v2/checkpoints/beta__0p005/recap/trial_1/model.pt
beta__0p005,sensitivity,beta,0.005,1,BlogCatalog,0.7260147739651415,0.3344689865512387,/autodl-fs/data/recap/tuning_hyperparams/sensitivity_results/sensitivity_default_v2/checkpoints/beta__0p005/recap/trial_1/model.pt
beta__0p005,sensitivity,beta,0.005,1,weibo,0.7226817745206597,0.30493635051685564,/autodl-fs/data/recap/tuning_hyperparams/sensitivity_results/sensitivity_default_v2/checkpoints/beta__0p005/recap/trial_1/model.pt
beta__0p005,sensitivity,beta,0.005,1,Reddit,0.5938015608097189,0.046939144089006124,/autodl-fs/data/recap/tuning_hyperparams/sensitivity_results/sensitivity_default_v2/checkpoints/beta__0p005/recap/trial_1/model.pt
beta__0p005,sensitivity,beta,0.005,1,Amazon,0.7014896177628315,0.12099764194377173,/autodl-fs/data/recap/tuning_hyperparams/sensitivity_results/sensitivity_default_v2/checkpoints/beta__0p005/recap/trial_1/model.pt
beta__0p005,sensitivity,beta,0.005,2,Facebook,0.5783333333333334,0.03455311268523959,/autodl-fs/data/recap/tuning_hyperparams/sensitivity_results/sensitivity_default_v2/checkpoints/beta__0p005/recap/trial_2/model.pt
beta__0p005,sensitivity,beta,0.005,2,cora,0.821065936929893,0.40278544464135957,/autodl-fs/data/recap/tuning_hyperparams/sensitivity_results/sensitivity_default_v2/checkpoints/beta__0p005/recap/trial_2/model.pt
beta__0p005,sensitivity,beta,0.005,2,citeseer,0.9057895289056762,0.439024555435643,/autodl-fs/data/recap/tuning_hyperparams/sensitivity_results/sensitivity_default_v2/checkpoints/beta__0p005/recap/trial_2/model.pt
beta__0p005,sensitivity,beta,0.005,2,ACM,0.7897857766202449,0.3744192216721026,/autodl-fs/data/recap/tuning_hyperparams/sensitivity_results/sensitivity_default_v2/checkpoints/beta__0p005/recap/trial_2/model.pt
beta__0p005,sensitivity,beta,0.005,2,BlogCatalog,0.7345819716775599,0.33683728993190737,/autodl-fs/data/recap/tuning_hyperparams/sensitivity_results/sensitivity_default_v2/checkpoints/beta__0p005/recap/trial_2/model.pt
beta__0p005,sensitivity,beta,0.005,2,weibo,0.7275349443513384,0.30824266023877533,/autodl-fs/data/recap/tuning_hyperparams/sensitivity_results/sensitivity_default_v2/checkpoints/beta__0p005/recap/trial_2/model.pt
beta__0p005,sensitivity,beta,0.005,2,Reddit,0.5907108714246454,0.04583664683586934,/autodl-fs/data/recap/tuning_hyperparams/sensitivity_results/sensitivity_default_v2/checkpoints/beta__0p005/recap/trial_2/model.pt
beta__0p005,sensitivity,beta,0.005,2,Amazon,0.7220506093656864,0.1292484037857075,/autodl-fs/data/recap/tuning_hyperparams/sensitivity_results/sensitivity_default_v2/checkpoints/beta__0p005/recap/trial_2/model.pt
beta__0p01,sensitivity,beta,0.01,0,Facebook,0.6027272727272727,0.04783783677221065,/autodl-fs/data/recap/tuning_hyperparams/sensitivity_results/sensitivity_default_v2/checkpoints/beta__0p01/recap/trial_0/model.pt
beta__0p01,sensitivity,beta,0.01,0,cora,0.8185561636695335,0.41611129035043576,/autodl-fs/data/recap/tuning_hyperparams/sensitivity_results/sensitivity_default_v2/checkpoints/beta__0p01/recap/trial_0/model.pt
beta__0p01,sensitivity,beta,0.01,0,citeseer,0.9037309831077537,0.4721957715500933,/autodl-fs/data/recap/tuning_hyperparams/sensitivity_results/sensitivity_default_v2/checkpoints/beta__0p01/recap/trial_0/model.pt
beta__0p01,sensitivity,beta,0.01,0,ACM,0.7909059681234902,0.36925460123587533,/autodl-fs/data/recap/tuning_hyperparams/sensitivity_results/sensitivity_default_v2/checkpoints/beta__0p01/recap/trial_0/model.pt
beta__0p01,sensitivity,beta,0.01,0,BlogCatalog,0.733507625272331,0.335574566647085,/autodl-fs/data/recap/tuning_hyperparams/sensitivity_results/sensitivity_default_v2/checkpoints/beta__0p01/recap/trial_0/model.pt
beta__0p01,sensitivity,beta,0.01,0,weibo,0.7701008358763434,0.31267780204304074,/autodl-fs/data/recap/tuning_hyperparams/sensitivity_results/sensitivity_default_v2/checkpoints/beta__0p01/recap/trial_0/model.pt
beta__0p01,sensitivity,beta,0.01,0,Reddit,0.5883907314828825,0.04644443502500728,/autodl-fs/data/recap/tuning_hyperparams/sensitivity_results/sensitivity_default_v2/checkpoints/beta__0p01/recap/trial_0/model.pt
beta__0p01,sensitivity,beta,0.01,0,Amazon,0.735698638437071,0.13887418087649045,/autodl-fs/data/recap/tuning_hyperparams/sensitivity_results/sensitivity_default_v2/checkpoints/beta__0p01/recap/trial_0/model.pt
beta__0p01,sensitivity,beta,0.01,1,Facebook,0.6028030303030303,0.05095718386962951,/autodl-fs/data/recap/tuning_hyperparams/sensitivity_results/sensitivity_default_v2/checkpoints/beta__0p01/recap/trial_1/model.pt
beta__0p01,sensitivity,beta,0.01,1,cora,0.8235105551211885,0.4178627685290872,/autodl-fs/data/recap/tuning_hyperparams/sensitivity_results/sensitivity_default_v2/checkpoints/beta__0p01/recap/trial_1/model.pt
beta__0p01,sensitivity,beta,0.01,1,citeseer,0.8991354527331865,0.4639060143945788,/autodl-fs/data/recap/tuning_hyperparams/sensitivity_results/sensitivity_default_v2/checkpoints/beta__0p01/recap/trial_1/model.pt
beta__0p01,sensitivity,beta,0.01,1,ACM,0.7778003759592321,0.36992394006959173,/autodl-fs/data/recap/tuning_hyperparams/sensitivity_results/sensitivity_default_v2/checkpoints/beta__0p01/recap/trial_1/model.pt
beta__0p01,sensitivity,beta,0.01,1,BlogCatalog,0.7251133578431372,0.3303003788124343,/autodl-fs/data/recap/tuning_hyperparams/sensitivity_results/sensitivity_default_v2/checkpoints/beta__0p01/recap/trial_1/model.pt
beta__0p01,sensitivity,beta,0.01,1,weibo,0.7293562205255916,0.30658392072119384,/autodl-fs/data/recap/tuning_hyperparams/sensitivity_results/sensitivity_default_v2/checkpoints/beta__0p01/recap/trial_1/model.pt
beta__0p01,sensitivity,beta,0.01,1,Reddit,0.5923223477608393,0.04699572376656456,/autodl-fs/data/recap/tuning_hyperparams/sensitivity_results/sensitivity_default_v2/checkpoints/beta__0p01/recap/trial_1/model.pt
beta__0p01,sensitivity,beta,0.01,1,Amazon,0.7029680470033005,0.12192811697313481,/autodl-fs/data/recap/tuning_hyperparams/sensitivity_results/sensitivity_default_v2/checkpoints/beta__0p01/recap/trial_1/model.pt
beta__0p01,sensitivity,beta,0.01,2,Facebook,0.5778030303030304,0.036914178971479875,/autodl-fs/data/recap/tuning_hyperparams/sensitivity_results/sensitivity_default_v2/checkpoints/beta__0p01/recap/trial_2/model.pt
beta__0p01,sensitivity,beta,0.01,2,cora,0.8183189992181392,0.39594745203225623,/autodl-fs/data/recap/tuning_hyperparams/sensitivity_results/sensitivity_default_v2/checkpoints/beta__0p01/recap/trial_2/model.pt
beta__0p01,sensitivity,beta,0.01,2,citeseer,0.9068890987304586,0.44063520956943125,/autodl-fs/data/recap/tuning_hyperparams/sensitivity_results/sensitivity_default_v2/checkpoints/beta__0p01/recap/trial_2/model.pt
beta__0p01,sensitivity,beta,0.01,2,ACM,0.786884792186526,0.3749379279879159,/autodl-fs/data/recap/tuning_hyperparams/sensitivity_results/sensitivity_default_v2/checkpoints/beta__0p01/recap/trial_2/model.pt
beta__0p01,sensitivity,beta,0.01,2,BlogCatalog,0.7365444580610022,0.3330329335059913,/autodl-fs/data/recap/tuning_hyperparams/sensitivity_results/sensitivity_default_v2/checkpoints/beta__0p01/recap/trial_2/model.pt
beta__0p01,sensitivity,beta,0.01,2,weibo,0.720048757924806,0.30693369731795417,/autodl-fs/data/recap/tuning_hyperparams/sensitivity_results/sensitivity_default_v2/checkpoints/beta__0p01/recap/trial_2/model.pt
beta__0p01,sensitivity,beta,0.01,2,Reddit,0.5884002523809965,0.04543751954710808,/autodl-fs/data/recap/tuning_hyperparams/sensitivity_results/sensitivity_default_v2/checkpoints/beta__0p01/recap/trial_2/model.pt
beta__0p01,sensitivity,beta,0.01,2,Amazon,0.7176848146316197,0.12647796383905663,/autodl-fs/data/recap/tuning_hyperparams/sensitivity_results/sensitivity_default_v2/checkpoints/beta__0p01/recap/trial_2/model.pt
beta__0p015,sensitivity,beta,0.015,0,Facebook,0.5982954545454545,0.07396834165044461,/autodl-fs/data/recap/tuning_hyperparams/sensitivity_results/sensitivity_default_v2/checkpoints/beta__0p015/recap/trial_0/model.pt
beta__0p015,sensitivity,beta,0.015,0,cora,0.8190096429502214,0.417281038635838,/autodl-fs/data/recap/tuning_hyperparams/sensitivity_results/sensitivity_default_v2/checkpoints/beta__0p015/recap/trial_0/model.pt
beta__0p015,sensitivity,beta,0.015,0,citeseer,0.9036743258839576,0.4707212106471081,/autodl-fs/data/recap/tuning_hyperparams/sensitivity_results/sensitivity_default_v2/checkpoints/beta__0p015/recap/trial_0/model.pt
beta__0p015,sensitivity,beta,0.015,0,ACM,0.7886399117553315,0.36815065535164,/autodl-fs/data/recap/tuning_hyperparams/sensitivity_results/sensitivity_default_v2/checkpoints/beta__0p015/recap/trial_0/model.pt
beta__0p015,sensitivity,beta,0.015,0,BlogCatalog,0.733007897603486,0.33367632577817813,/autodl-fs/data/recap/tuning_hyperparams/sensitivity_results/sensitivity_default_v2/checkpoints/beta__0p015/recap/trial_0/model.pt
beta__0p015,sensitivity,beta,0.015,0,weibo,0.7641558174755692,0.31136971355368975,/autodl-fs/data/recap/tuning_hyperparams/sensitivity_results/sensitivity_default_v2/checkpoints/beta__0p015/recap/trial_0/model.pt
beta__0p015,sensitivity,beta,0.015,0,Reddit,0.5884690859011452,0.046470471318589626,/autodl-fs/data/recap/tuning_hyperparams/sensitivity_results/sensitivity_default_v2/checkpoints/beta__0p015/recap/trial_0/model.pt
beta__0p015,sensitivity,beta,0.015,0,Amazon,0.7344186957029262,0.13783613181435173,/autodl-fs/data/recap/tuning_hyperparams/sensitivity_results/sensitivity_default_v2/checkpoints/beta__0p015/recap/trial_0/model.pt
beta__0p015,sensitivity,beta,0.015,1,Facebook,0.6062878787878788,0.0510866655802723,/autodl-fs/data/recap/tuning_hyperparams/sensitivity_results/sensitivity_default_v2/checkpoints/beta__0p015/recap/trial_1/model.pt
beta__0p015,sensitivity,beta,0.015,1,cora,0.822533229085223,0.42090965526504465,/autodl-fs/data/recap/tuning_hyperparams/sensitivity_results/sensitivity_default_v2/checkpoints/beta__0p015/recap/trial_1/model.pt
beta__0p015,sensitivity,beta,0.015,1,citeseer,0.8991239114468574,0.46369228450996797,/autodl-fs/data/recap/tuning_hyperparams/sensitivity_results/sensitivity_default_v2/checkpoints/beta__0p015/recap/trial_1/model.pt
beta__0p015,sensitivity,beta,0.015,1,ACM,0.7747100834315722,0.36939337393298877,/autodl-fs/data/recap/tuning_hyperparams/sensitivity_results/sensitivity_default_v2/checkpoints/beta__0p015/recap/trial_1/model.pt
beta__0p015,sensitivity,beta,0.015,1,BlogCatalog,0.7269059776688453,0.32730542142041863,/autodl-fs/data/recap/tuning_hyperparams/sensitivity_results/sensitivity_default_v2/checkpoints/beta__0p015/recap/trial_1/model.pt
beta__0p015,sensitivity,beta,0.015,1,weibo,0.7343690481795186,0.3059176334085461,/autodl-fs/data/recap/tuning_hyperparams/sensitivity_results/sensitivity_default_v2/checkpoints/beta__0p015/recap/trial_1/model.pt
beta__0p015,sensitivity,beta,0.015,1,Reddit,0.5905406532056606,0.046758096561453466,/autodl-fs/data/recap/tuning_hyperparams/sensitivity_results/sensitivity_default_v2/checkpoints/beta__0p015/recap/trial_1/model.pt
beta__0p015,sensitivity,beta,0.015,1,Amazon,0.6994127009865128,0.11943322737730956,/autodl-fs/data/recap/tuning_hyperparams/sensitivity_results/sensitivity_default_v2/checkpoints/beta__0p015/recap/trial_1/model.pt
beta__0p015,sensitivity,beta,0.015,2,Facebook,0.5750000000000001,0.03679158762415594,/autodl-fs/data/recap/tuning_hyperparams/sensitivity_results/sensitivity_default_v2/checkpoints/beta__0p015/recap/trial_2/model.pt
beta__0p015,sensitivity,beta,0.015,2,cora,0.8194162105811832,0.39622473618912524,/autodl-fs/data/recap/tuning_hyperparams/sensitivity_results/sensitivity_default_v2/checkpoints/beta__0p015/recap/trial_2/model.pt
beta__0p015,sensitivity,beta,0.015,2,citeseer,0.9071052355471619,0.43958380475498426,/autodl-fs/data/recap/tuning_hyperparams/sensitivity_results/sensitivity_default_v2/checkpoints/beta__0p015/recap/trial_2/model.pt
beta__0p015,sensitivity,beta,0.015,2,ACM,0.7846415097244052,0.3745772176794678,/autodl-fs/data/recap/tuning_hyperparams/sensitivity_results/sensitivity_default_v2/checkpoints/beta__0p015/recap/trial_2/model.pt
beta__0p015,sensitivity,beta,0.015,2,BlogCatalog,0.739119008714597,0.3323514124389621,/autodl-fs/data/recap/tuning_hyperparams/sensitivity_results/sensitivity_default_v2/checkpoints/beta__0p015/recap/trial_2/model.pt
beta__0p015,sensitivity,beta,0.015,2,weibo,0.7300671525848823,0.3092459546992014,/autodl-fs/data/recap/tuning_hyperparams/sensitivity_results/sensitivity_default_v2/checkpoints/beta__0p015/recap/trial_2/model.pt
beta__0p015,sensitivity,beta,0.015,2,Reddit,0.5900498123096464,0.04566163110024122,/autodl-fs/data/recap/tuning_hyperparams/sensitivity_results/sensitivity_default_v2/checkpoints/beta__0p015/recap/trial_2/model.pt
beta__0p015,sensitivity,beta,0.015,2,Amazon,0.7204734667750091,0.12736092979592767,/autodl-fs/data/recap/tuning_hyperparams/sensitivity_results/sensitivity_default_v2/checkpoints/beta__0p015/recap/trial_2/model.pt
beta__0p03,sensitivity,beta,0.03,0,Facebook,0.5961363636363637,0.05401775060290898,/autodl-fs/data/recap/tuning_hyperparams/sensitivity_results/sensitivity_default_v2/checkpoints/beta__0p03/recap/trial_0/model.pt
beta__0p03,sensitivity,beta,0.03,0,cora,0.8187542350794891,0.4159493248088941,/autodl-fs/data/recap/tuning_hyperparams/sensitivity_results/sensitivity_default_v2/checkpoints/beta__0p03/recap/trial_0/model.pt
beta__0p03,sensitivity,beta,0.03,0,citeseer,0.9055670968418844,0.47454711959156737,/autodl-fs/data/recap/tuning_hyperparams/sensitivity_results/sensitivity_default_v2/checkpoints/beta__0p03/recap/trial_0/model.pt
beta__0p03,sensitivity,beta,0.03,0,ACM,0.7817441627895674,0.3654235862754389,/autodl-fs/data/recap/tuning_hyperparams/sensitivity_results/sensitivity_default_v2/checkpoints/beta__0p03/recap/trial_0/model.pt
beta__0p03,sensitivity,beta,0.03,0,BlogCatalog,0.7327355664488018,0.32995641847896773,/autodl-fs/data/recap/tuning_hyperparams/sensitivity_results/sensitivity_default_v2/checkpoints/beta__0p03/recap/trial_0/model.pt
beta__0p03,sensitivity,beta,0.03,0,weibo,0.7651493798031096,0.3096173179858532,/autodl-fs/data/recap/tuning_hyperparams/sensitivity_results/sensitivity_default_v2/checkpoints/beta__0p03/recap/trial_0/model.pt
beta__0p03,sensitivity,beta,0.03,0,Reddit,0.5876520899143325,0.04626138872335445,/autodl-fs/data/recap/tuning_hyperparams/sensitivity_results/sensitivity_default_v2/checkpoints/beta__0p03/recap/trial_0/model.pt
beta__0p03,sensitivity,beta,0.03,0,Amazon,0.7324507875341995,0.13620248552623768,/autodl-fs/data/recap/tuning_hyperparams/sensitivity_results/sensitivity_default_v2/checkpoints/beta__0p03/recap/trial_0/model.pt
beta__0p03,sensitivity,beta,0.03,1,Facebook,0.6070833333333333,0.05285645540649209,/autodl-fs/data/recap/tuning_hyperparams/sensitivity_results/sensitivity_default_v2/checkpoints/beta__0p03/recap/trial_1/model.pt
beta__0p03,sensitivity,beta,0.03,1,cora,0.8229710711493354,0.42045796959379517,/autodl-fs/data/recap/tuning_hyperparams/sensitivity_results/sensitivity_default_v2/checkpoints/beta__0p03/recap/trial_1/model.pt
beta__0p03,sensitivity,beta,0.03,1,citeseer,0.899620186758997,0.4625819929414152,/autodl-fs/data/recap/tuning_hyperparams/sensitivity_results/sensitivity_default_v2/checkpoints/beta__0p03/recap/trial_1/model.pt
beta__0p03,sensitivity,beta,0.03,1,ACM,0.7664192218514785,0.36585386340193393,/autodl-fs/data/recap/tuning_hyperparams/sensitivity_results/sensitivity_default_v2/checkpoints/beta__0p03/recap/trial_1/model.pt
beta__0p03,sensitivity,beta,0.03,1,BlogCatalog,0.7264862472766884,0.3224823306360185,/autodl-fs/data/recap/tuning_hyperparams/sensitivity_results/sensitivity_default_v2/checkpoints/beta__0p03/recap/trial_1/model.pt
beta__0p03,sensitivity,beta,0.03,1,weibo,0.7384026055178478,0.3050285230983539,/autodl-fs/data/recap/tuning_hyperparams/sensitivity_results/sensitivity_default_v2/checkpoints/beta__0p03/recap/trial_1/model.pt
beta__0p03,sensitivity,beta,0.03,1,Reddit,0.5903916640162545,0.04669717518615131,/autodl-fs/data/recap/tuning_hyperparams/sensitivity_results/sensitivity_default_v2/checkpoints/beta__0p03/recap/trial_1/model.pt
beta__0p03,sensitivity,beta,0.03,1,Amazon,0.6980662932819055,0.11934651449702491,/autodl-fs/data/recap/tuning_hyperparams/sensitivity_results/sensitivity_default_v2/checkpoints/beta__0p03/recap/trial_1/model.pt
beta__0p03,sensitivity,beta,0.03,2,Facebook,0.5759090909090908,0.03356944486137489,/autodl-fs/data/recap/tuning_hyperparams/sensitivity_results/sensitivity_default_v2/checkpoints/beta__0p03/recap/trial_2/model.pt
beta__0p03,sensitivity,beta,0.03,2,cora,0.818590044305447,0.40026591777703574,/autodl-fs/data/recap/tuning_hyperparams/sensitivity_results/sensitivity_default_v2/checkpoints/beta__0p03/recap/trial_2/model.pt
beta__0p03,sensitivity,beta,0.03,2,citeseer,0.9070569719861505,0.443061654891384,/autodl-fs/data/recap/tuning_hyperparams/sensitivity_results/sensitivity_default_v2/checkpoints/beta__0p03/recap/trial_2/model.pt
beta__0p03,sensitivity,beta,0.03,2,ACM,0.7780348628436238,0.3716560911344218,/autodl-fs/data/recap/tuning_hyperparams/sensitivity_results/sensitivity_default_v2/checkpoints/beta__0p03/recap/trial_2/model.pt
beta__0p03,sensitivity,beta,0.03,2,BlogCatalog,0.7404142837690632,0.3273677663394026,/autodl-fs/data/recap/tuning_hyperparams/sensitivity_results/sensitivity_default_v2/checkpoints/beta__0p03/recap/trial_2/model.pt
beta__0p03,sensitivity,beta,0.03,2,weibo,0.7423660020702783,0.30988318183334956,/autodl-fs/data/recap/tuning_hyperparams/sensitivity_results/sensitivity_default_v2/checkpoints/beta__0p03/recap/trial_2/model.pt
beta__0p03,sensitivity,beta,0.03,2,Reddit,0.5924695356992508,0.04623106643342475,/autodl-fs/data/recap/tuning_hyperparams/sensitivity_results/sensitivity_default_v2/checkpoints/beta__0p03/recap/trial_2/model.pt
beta__0p03,sensitivity,beta,0.03,2,Amazon,0.7172896584290982,0.12562144094552974,/autodl-fs/data/recap/tuning_hyperparams/sensitivity_results/sensitivity_default_v2/checkpoints/beta__0p03/recap/trial_2/model.pt
beta__0p04,sensitivity,beta,0.04,0,Facebook,0.5955303030303031,0.07368407678682594,/autodl-fs/data/recap/tuning_hyperparams/sensitivity_results/sensitivity_default_v2/checkpoints/beta__0p04/recap/trial_0/model.pt
beta__0p04,sensitivity,beta,0.04,0,cora,0.8196664060463903,0.4175804433091999,/autodl-fs/data/recap/tuning_hyperparams/sensitivity_results/sensitivity_default_v2/checkpoints/beta__0p04/recap/trial_0/model.pt
beta__0p04,sensitivity,beta,0.04,0,citeseer,0.9059773371104817,0.47570453823405384,/autodl-fs/data/recap/tuning_hyperparams/sensitivity_results/sensitivity_default_v2/checkpoints/beta__0p04/recap/trial_0/model.pt
beta__0p04,sensitivity,beta,0.04,0,ACM,0.7779345943962064,0.3629103670313004,/autodl-fs/data/recap/tuning_hyperparams/sensitivity_results/sensitivity_default_v2/checkpoints/beta__0p04/recap/trial_0/model.pt
beta__0p04,sensitivity,beta,0.04,0,BlogCatalog,0.7319934640522876,0.32833389712592304,/autodl-fs/data/recap/tuning_hyperparams/sensitivity_results/sensitivity_default_v2/checkpoints/beta__0p04/recap/trial_0/model.pt
beta__0p04,sensitivity,beta,0.04,0,weibo,0.76345291034277,0.30866304152550234,/autodl-fs/data/recap/tuning_hyperparams/sensitivity_results/sensitivity_default_v2/checkpoints/beta__0p04/recap/trial_0/model.pt
beta__0p04,sensitivity,beta,0.04,0,Reddit,0.5871259959631392,0.046169615447445335,/autodl-fs/data/recap/tuning_hyperparams/sensitivity_results/sensitivity_default_v2/checkpoints/beta__0p04/recap/trial_0/model.pt
beta__0p04,sensitivity,beta,0.04,0,Amazon,0.730507860504713,0.1352719008614684,/autodl-fs/data/recap/tuning_hyperparams/sensitivity_results/sensitivity_default_v2/checkpoints/beta__0p04/recap/trial_0/model.pt
beta__0p04,sensitivity,beta,0.04,1,Facebook,0.6037499999999999,0.0500481056186068,/autodl-fs/data/recap/tuning_hyperparams/sensitivity_results/sensitivity_default_v2/checkpoints/beta__0p04/recap/trial_1/model.pt
beta__0p04,sensitivity,beta,0.04,1,cora,0.8225071670575971,0.41872303736403726,/autodl-fs/data/recap/tuning_hyperparams/sensitivity_results/sensitivity_default_v2/checkpoints/beta__0p04/recap/trial_1/model.pt
beta__0p04,sensitivity,beta,0.04,1,citeseer,0.8990536145210366,0.46015118066964344,/autodl-fs/data/recap/tuning_hyperparams/sensitivity_results/sensitivity_default_v2/checkpoints/beta__0p04/recap/trial_1/model.pt
beta__0p04,sensitivity,beta,0.04,1,ACM,0.7613451744992561,0.36278577173094306,/autodl-fs/data/recap/tuning_hyperparams/sensitivity_results/sensitivity_default_v2/checkpoints/beta__0p04/recap/trial_1/model.pt
beta__0p04,sensitivity,beta,0.04,1,BlogCatalog,0.7265492238562091,0.319718498745743,/autodl-fs/data/recap/tuning_hyperparams/sensitivity_results/sensitivity_default_v2/checkpoints/beta__0p04/recap/trial_1/model.pt
beta__0p04,sensitivity,beta,0.04,1,weibo,0.739684071636761,0.3062999356848418,/autodl-fs/data/recap/tuning_hyperparams/sensitivity_results/sensitivity_default_v2/checkpoints/beta__0p04/recap/trial_1/model.pt
beta__0p04,sensitivity,beta,0.04,1,Reddit,0.5893806475651718,0.04625652381105024,/autodl-fs/data/recap/tuning_hyperparams/sensitivity_results/sensitivity_default_v2/checkpoints/beta__0p04/recap/trial_1/model.pt
beta__0p04,sensitivity,beta,0.04,1,Amazon,0.6934384236870861,0.1178377614988528,/autodl-fs/data/recap/tuning_hyperparams/sensitivity_results/sensitivity_default_v2/checkpoints/beta__0p04/recap/trial_1/model.pt
beta__0p04,sensitivity,beta,0.04,2,Facebook,0.5731818181818181,0.034387662896721835,/autodl-fs/data/recap/tuning_hyperparams/sensitivity_results/sensitivity_default_v2/checkpoints/beta__0p04/recap/trial_2/model.pt
beta__0p04,sensitivity,beta,0.04,2,cora,0.8185327078446702,0.40084461651423076,/autodl-fs/data/recap/tuning_hyperparams/sensitivity_results/sensitivity_default_v2/checkpoints/beta__0p04/recap/trial_2/model.pt
beta__0p04,sensitivity,beta,0.04,2,citeseer,0.9065218759836324,0.44406421691708314,/autodl-fs/data/recap/tuning_hyperparams/sensitivity_results/sensitivity_default_v2/checkpoints/beta__0p04/recap/trial_2/model.pt
beta__0p04,sensitivity,beta,0.04,2,ACM,0.7749648665053726,0.37023654275488727,/autodl-fs/data/recap/tuning_hyperparams/sensitivity_results/sensitivity_default_v2/checkpoints/beta__0p04/recap/trial_2/model.pt
beta__0p04,sensitivity,beta,0.04,2,BlogCatalog,0.7381038943355119,0.3245118701685954,/autodl-fs/data/recap/tuning_hyperparams/sensitivity_results/sensitivity_default_v2/checkpoints/beta__0p04/recap/trial_2/model.pt
beta__0p04,sensitivity,beta,0.04,2,weibo,0.7691098720964288,0.315356963963698,/autodl-fs/data/recap/tuning_hyperparams/sensitivity_results/sensitivity_default_v2/checkpoints/beta__0p04/recap/trial_2/model.pt
beta__0p04,sensitivity,beta,0.04,2,Reddit,0.589611207692474,0.0456105061597827,/autodl-fs/data/recap/tuning_hyperparams/sensitivity_results/sensitivity_default_v2/checkpoints/beta__0p04/recap/trial_2/model.pt
beta__0p04,sensitivity,beta,0.04,2,Amazon,0.7150033542856961,0.1244526092406,/autodl-fs/data/recap/tuning_hyperparams/sensitivity_results/sensitivity_default_v2/checkpoints/beta__0p04/recap/trial_2/model.pt
beta__0p05,sensitivity,beta,0.05,0,Facebook,0.5956060606060607,0.07331446741674386,/autodl-fs/data/recap/tuning_hyperparams/sensitivity_results/sensitivity_default_v2/checkpoints/beta__0p05/recap/trial_0/model.pt
beta__0p05,sensitivity,beta,0.05,0,cora,0.8195439145165494,0.4178506948912669,/autodl-fs/data/recap/tuning_hyperparams/sensitivity_results/sensitivity_default_v2/checkpoints/beta__0p05/recap/trial_0/model.pt
beta__0p05,sensitivity,beta,0.05,0,citeseer,0.906194523135033,0.47697091868765296,/autodl-fs/data/recap/tuning_hyperparams/sensitivity_results/sensitivity_default_v2/checkpoints/beta__0p05/recap/trial_0/model.pt
beta__0p05,sensitivity,beta,0.05,0,ACM,0.7760204265067601,0.3601680440307482,/autodl-fs/data/recap/tuning_hyperparams/sensitivity_results/sensitivity_default_v2/checkpoints/beta__0p05/recap/trial_0/model.pt
beta__0p05,sensitivity,beta,0.05,0,BlogCatalog,0.7307325708061002,0.3267994480282034,/autodl-fs/data/recap/tuning_hyperparams/sensitivity_results/sensitivity_default_v2/checkpoints/beta__0p05/recap/trial_0/model.pt
beta__0p05,sensitivity,beta,0.05,0,weibo,0.7760554841889077,0.3085149622769512,/autodl-fs/data/recap/tuning_hyperparams/sensitivity_results/sensitivity_default_v2/checkpoints/beta__0p05/recap/trial_0/model.pt
beta__0p05,sensitivity,beta,0.05,0,Reddit,0.5863378199922391,0.04603875001170174,/autodl-fs/data/recap/tuning_hyperparams/sensitivity_results/sensitivity_default_v2/checkpoints/beta__0p05/recap/trial_0/model.pt
beta__0p05,sensitivity,beta,0.05,0,Amazon,0.726685821901434,0.13388123100500976,/autodl-fs/data/recap/tuning_hyperparams/sensitivity_results/sensitivity_default_v2/checkpoints/beta__0p05/recap/trial_0/model.pt
beta__0p05,sensitivity,beta,0.05,1,Facebook,0.6042045454545455,0.05117316917151796,/autodl-fs/data/recap/tuning_hyperparams/sensitivity_results/sensitivity_default_v2/checkpoints/beta__0p05/recap/trial_1/model.pt
beta__0p05,sensitivity,beta,0.05,1,cora,0.8239536095908262,0.4246320130473464,/autodl-fs/data/recap/tuning_hyperparams/sensitivity_results/sensitivity_default_v2/checkpoints/beta__0p05/recap/trial_1/model.pt
beta__0p05,sensitivity,beta,0.05,1,citeseer,0.8995236596369742,0.46242018885581326,/autodl-fs/data/recap/tuning_hyperparams/sensitivity_results/sensitivity_default_v2/checkpoints/beta__0p05/recap/trial_1/model.pt
beta__0p05,sensitivity,beta,0.05,1,ACM,0.759936566236904,0.36037139140468183,/autodl-fs/data/recap/tuning_hyperparams/sensitivity_results/sensitivity_default_v2/checkpoints/beta__0p05/recap/trial_1/model.pt
beta__0p05,sensitivity,beta,0.05,1,BlogCatalog,0.7273451116557735,0.3186314384635087,/autodl-fs/data/recap/tuning_hyperparams/sensitivity_results/sensitivity_default_v2/checkpoints/beta__0p05/recap/trial_1/model.pt
beta__0p05,sensitivity,beta,0.05,1,weibo,0.7451177111503372,0.30324757690431764,/autodl-fs/data/recap/tuning_hyperparams/sensitivity_results/sensitivity_default_v2/checkpoints/beta__0p05/recap/trial_1/model.pt
beta__0p05,sensitivity,beta,0.05,1,Reddit,0.5907587332367863,0.04661467292677347,/autodl-fs/data/recap/tuning_hyperparams/sensitivity_results/sensitivity_default_v2/checkpoints/beta__0p05/recap/trial_1/model.pt
beta__0p05,sensitivity,beta,0.05,1,Amazon,0.6922440224297323,0.11804483285560238,/autodl-fs/data/recap/tuning_hyperparams/sensitivity_results/sensitivity_default_v2/checkpoints/beta__0p05/recap/trial_1/model.pt
beta__0p05,sensitivity,beta,0.05,2,Facebook,0.5731060606060606,0.03307356653920649,/autodl-fs/data/recap/tuning_hyperparams/sensitivity_results/sensitivity_default_v2/checkpoints/beta__0p05/recap/trial_2/model.pt
beta__0p05,sensitivity,beta,0.05,2,cora,0.8174381026843889,0.3980824927256802,/autodl-fs/data/recap/tuning_hyperparams/sensitivity_results/sensitivity_default_v2/checkpoints/beta__0p05/recap/trial_2/model.pt
beta__0p05,sensitivity,beta,0.05,2,citeseer,0.9064442346028749,0.44167229127608765,/autodl-fs/data/recap/tuning_hyperparams/sensitivity_results/sensitivity_default_v2/checkpoints/beta__0p05/recap/trial_2/model.pt
beta__0p05,sensitivity,beta,0.05,2,ACM,0.770317724456613,0.36680547286849785,/autodl-fs/data/recap/tuning_hyperparams/sensitivity_results/sensitivity_default_v2/checkpoints/beta__0p05/recap/trial_2/model.pt
beta__0p05,sensitivity,beta,0.05,2,BlogCatalog,0.7412343409586057,0.3206649083542968,/autodl-fs/data/recap/tuning_hyperparams/sensitivity_results/sensitivity_default_v2/checkpoints/beta__0p05/recap/trial_2/model.pt
beta__0p05,sensitivity,beta,0.05,2,weibo,0.7507224726678647,0.3078191227059724,/autodl-fs/data/recap/tuning_hyperparams/sensitivity_results/sensitivity_default_v2/checkpoints/beta__0p05/recap/trial_2/model.pt
beta__0p05,sensitivity,beta,0.05,2,Reddit,0.5919934907935488,0.04606169378695221,/autodl-fs/data/recap/tuning_hyperparams/sensitivity_results/sensitivity_default_v2/checkpoints/beta__0p05/recap/trial_2/model.pt
beta__0p05,sensitivity,beta,0.05,2,Amazon,0.7089869875516712,0.12278065720359957,/autodl-fs/data/recap/tuning_hyperparams/sensitivity_results/sensitivity_default_v2/checkpoints/beta__0p05/recap/trial_2/model.pt
beta__0p08,sensitivity,beta,0.08,0,Facebook,0.5892803030303031,0.052428146895299614,/autodl-fs/data/recap/tuning_hyperparams/sensitivity_results/sensitivity_default_v2/checkpoints/beta__0p08/recap/trial_0/model.pt
beta__0p08,sensitivity,beta,0.08,0,cora,0.8182720875684127,0.414206807105942,/autodl-fs/data/recap/tuning_hyperparams/sensitivity_results/sensitivity_default_v2/checkpoints/beta__0p08/recap/trial_0/model.pt
beta__0p08,sensitivity,beta,0.08,0,citeseer,0.9070811037666563,0.4787869006632204,/autodl-fs/data/recap/tuning_hyperparams/sensitivity_results/sensitivity_default_v2/checkpoints/beta__0p08/recap/trial_0/model.pt
beta__0p08,sensitivity,beta,0.08,0,ACM,0.7692360166371819,0.35127109919662197,/autodl-fs/data/recap/tuning_hyperparams/sensitivity_results/sensitivity_default_v2/checkpoints/beta__0p08/recap/trial_0/model.pt
beta__0p08,sensitivity,beta,0.08,0,BlogCatalog,0.730858864379085,0.32375917545100114,/autodl-fs/data/recap/tuning_hyperparams/sensitivity_results/sensitivity_default_v2/checkpoints/beta__0p08/recap/trial_0/model.pt
beta__0p08,sensitivity,beta,0.08,0,weibo,0.7757665868352074,0.30579445951915646,/autodl-fs/data/recap/tuning_hyperparams/sensitivity_results/sensitivity_default_v2/checkpoints/beta__0p08/recap/trial_0/model.pt
beta__0p08,sensitivity,beta,0.08,0,Reddit,0.5842859377878785,0.04555737468725552,/autodl-fs/data/recap/tuning_hyperparams/sensitivity_results/sensitivity_default_v2/checkpoints/beta__0p08/recap/trial_0/model.pt
beta__0p08,sensitivity,beta,0.08,0,Amazon,0.7211405388931358,0.13053659818794894,/autodl-fs/data/recap/tuning_hyperparams/sensitivity_results/sensitivity_default_v2/checkpoints/beta__0p08/recap/trial_0/model.pt
beta__0p08,sensitivity,beta,0.08,1,Facebook,0.5956818181818181,0.049233111024748005,/autodl-fs/data/recap/tuning_hyperparams/sensitivity_results/sensitivity_default_v2/checkpoints/beta__0p08/recap/trial_1/model.pt
beta__0p08,sensitivity,beta,0.08,1,cora,0.8235522543653895,0.423558008544967,/autodl-fs/data/recap/tuning_hyperparams/sensitivity_results/sensitivity_default_v2/checkpoints/beta__0p08/recap/trial_1/model.pt
beta__0p08,sensitivity,beta,0.08,1,citeseer,0.8990745986779982,0.46195468667310424,/autodl-fs/data/recap/tuning_hyperparams/sensitivity_results/sensitivity_default_v2/checkpoints/beta__0p08/recap/trial_1/model.pt
beta__0p08,sensitivity,beta,0.08,1,ACM,0.7527413298632649,0.3508667196960138,/autodl-fs/data/recap/tuning_hyperparams/sensitivity_results/sensitivity_default_v2/checkpoints/beta__0p08/recap/trial_1/model.pt
beta__0p08,sensitivity,beta,0.08,1,BlogCatalog,0.7268055555555556,0.3141273196460362,/autodl-fs/data/recap/tuning_hyperparams/sensitivity_results/sensitivity_default_v2/checkpoints/beta__0p08/recap/trial_1/model.pt
beta__0p08,sensitivity,beta,0.08,1,weibo,0.7480730240796708,0.3033367433251877,/autodl-fs/data/recap/tuning_hyperparams/sensitivity_results/sensitivity_default_v2/checkpoints/beta__0p08/recap/trial_1/model.pt
beta__0p08,sensitivity,beta,0.08,1,Reddit,0.587736234067935,0.04558932419124164,/autodl-fs/data/recap/tuning_hyperparams/sensitivity_results/sensitivity_default_v2/checkpoints/beta__0p08/recap/trial_1/model.pt
beta__0p08,sensitivity,beta,0.08,1,Amazon,0.6854830663455151,0.11607944658480046,/autodl-fs/data/recap/tuning_hyperparams/sensitivity_results/sensitivity_default_v2/checkpoints/beta__0p08/recap/trial_1/model.pt
beta__0p08,sensitivity,beta,0.08,2,Facebook,0.5733712121212121,0.03378134125104546,/autodl-fs/data/recap/tuning_hyperparams/sensitivity_results/sensitivity_default_v2/checkpoints/beta__0p08/recap/trial_2/model.pt
beta__0p08,sensitivity,beta,0.08,2,cora,0.8159603857180088,0.3989661944928761,/autodl-fs/data/recap/tuning_hyperparams/sensitivity_results/sensitivity_default_v2/checkpoints/beta__0p08/recap/trial_2/model.pt
beta__0p08,sensitivity,beta,0.08,2,citeseer,0.9054558808099884,0.4420835248034573,/autodl-fs/data/recap/tuning_hyperparams/sensitivity_results/sensitivity_default_v2/checkpoints/beta__0p08/recap/trial_2/model.pt
beta__0p08,sensitivity,beta,0.08,2,ACM,0.7648906288434261,0.35885188313636146,/autodl-fs/data/recap/tuning_hyperparams/sensitivity_results/sensitivity_default_v2/checkpoints/beta__0p08/recap/trial_2/model.pt
beta__0p08,sensitivity,beta,0.08,2,BlogCatalog,0.7398379629629629,0.3173707169787596,/autodl-fs/data/recap/tuning_hyperparams/sensitivity_results/sensitivity_default_v2/checkpoints/beta__0p08/recap/trial_2/model.pt
beta__0p08,sensitivity,beta,0.08,2,weibo,0.7559888115710575,0.3072564253517777,/autodl-fs/data/recap/tuning_hyperparams/sensitivity_results/sensitivity_default_v2/checkpoints/beta__0p08/recap/trial_2/model.pt
beta__0p08,sensitivity,beta,0.08,2,Reddit,0.5928116447274295,0.04597964351801128,/autodl-fs/data/recap/tuning_hyperparams/sensitivity_results/sensitivity_default_v2/checkpoints/beta__0p08/recap/trial_2/model.pt
beta__0p08,sensitivity,beta,0.08,2,Amazon,0.6990392708050877,0.11892550511991269,/autodl-fs/data/recap/tuning_hyperparams/sensitivity_results/sensitivity_default_v2/checkpoints/beta__0p08/recap/trial_2/model.pt
beta__0p12,sensitivity,beta,0.12,0,Facebook,0.587840909090909,0.07231969471790708,/autodl-fs/data/recap/tuning_hyperparams/sensitivity_results/sensitivity_default_v2/checkpoints/beta__0p12/recap/trial_0/model.pt
beta__0p12,sensitivity,beta,0.12,0,cora,0.818712535835288,0.41675550413346474,/autodl-fs/data/recap/tuning_hyperparams/sensitivity_results/sensitivity_default_v2/checkpoints/beta__0p12/recap/trial_0/model.pt
beta__0p12,sensitivity,beta,0.12,0,citeseer,0.9089833175952157,0.483549623997006,/autodl-fs/data/recap/tuning_hyperparams/sensitivity_results/sensitivity_default_v2/checkpoints/beta__0p12/recap/trial_0/model.pt
beta__0p12,sensitivity,beta,0.12,0,ACM,0.7636832428017851,0.3433622893272464,/autodl-fs/data/recap/tuning_hyperparams/sensitivity_results/sensitivity_default_v2/checkpoints/beta__0p12/recap/trial_0/model.pt
beta__0p12,sensitivity,beta,0.12,0,BlogCatalog,0.7288759531590414,0.32106724298925515,/autodl-fs/data/recap/tuning_hyperparams/sensitivity_results/sensitivity_default_v2/checkpoints/beta__0p12/recap/trial_0/model.pt
beta__0p12,sensitivity,beta,0.12,0,weibo,0.77856720975293,0.30383294869626776,/autodl-fs/data/recap/tuning_hyperparams/sensitivity_results/sensitivity_default_v2/checkpoints/beta__0p12/recap/trial_0/model.pt
beta__0p12,sensitivity,beta,0.12,0,Reddit,0.5825349931603927,0.04512689432932654,/autodl-fs/data/recap/tuning_hyperparams/sensitivity_results/sensitivity_default_v2/checkpoints/beta__0p12/recap/trial_0/model.pt
beta__0p12,sensitivity,beta,0.12,0,Amazon,0.7122669354334448,0.12595798263145497,/autodl-fs/data/recap/tuning_hyperparams/sensitivity_results/sensitivity_default_v2/checkpoints/beta__0p12/recap/trial_0/model.pt
beta__0p12,sensitivity,beta,0.12,1,Facebook,0.5943560606060606,0.05022431985744075,/autodl-fs/data/recap/tuning_hyperparams/sensitivity_results/sensitivity_default_v2/checkpoints/beta__0p12/recap/trial_1/model.pt
beta__0p12,sensitivity,beta,0.12,1,cora,0.8223638259056555,0.4220812772769772,/autodl-fs/data/recap/tuning_hyperparams/sensitivity_results/sensitivity_default_v2/checkpoints/beta__0p12/recap/trial_1/model.pt
beta__0p12,sensitivity,beta,0.12,1,citeseer,0.8991469940195153,0.46022509327824745,/autodl-fs/data/recap/tuning_hyperparams/sensitivity_results/sensitivity_default_v2/checkpoints/beta__0p12/recap/trial_1/model.pt
beta__0p12,sensitivity,beta,0.12,1,ACM,0.7472896152359118,0.34090516048002883,/autodl-fs/data/recap/tuning_hyperparams/sensitivity_results/sensitivity_default_v2/checkpoints/beta__0p12/recap/trial_1/model.pt
beta__0p12,sensitivity,beta,0.12,1,BlogCatalog,0.7245608660130718,0.30909514031826535,/autodl-fs/data/recap/tuning_hyperparams/sensitivity_results/sensitivity_default_v2/checkpoints/beta__0p12/recap/trial_1/model.pt
beta__0p12,sensitivity,beta,0.12,1,weibo,0.7610104284301898,0.30289024417262417,/autodl-fs/data/recap/tuning_hyperparams/sensitivity_results/sensitivity_default_v2/checkpoints/beta__0p12/recap/trial_1/model.pt
beta__0p12,sensitivity,beta,0.12,1,Reddit,0.5828382466314033,0.04466843545780598,/autodl-fs/data/recap/tuning_hyperparams/sensitivity_results/sensitivity_default_v2/checkpoints/beta__0p12/recap/trial_1/model.pt
beta__0p12,sensitivity,beta,0.12,1,Amazon,0.6760279322444886,0.11324209292969059,/autodl-fs/data/recap/tuning_hyperparams/sensitivity_results/sensitivity_default_v2/checkpoints/beta__0p12/recap/trial_1/model.pt
beta__0p12,sensitivity,beta,0.12,2,Facebook,0.5700757575757575,0.032546054625371,/autodl-fs/data/recap/tuning_hyperparams/sensitivity_results/sensitivity_default_v2/checkpoints/beta__0p12/recap/trial_2/model.pt
beta__0p12,sensitivity,beta,0.12,2,cora,0.8155303622621839,0.4044971842171587,/autodl-fs/data/recap/tuning_hyperparams/sensitivity_results/sensitivity_default_v2/checkpoints/beta__0p12/recap/trial_2/model.pt
beta__0p12,sensitivity,beta,0.12,2,citeseer,0.9050645262826567,0.4405257943552587,/autodl-fs/data/recap/tuning_hyperparams/sensitivity_results/sensitivity_default_v2/checkpoints/beta__0p12/recap/trial_2/model.pt
beta__0p12,sensitivity,beta,0.12,2,ACM,0.7619078797609455,0.3501656864091951,/autodl-fs/data/recap/tuning_hyperparams/sensitivity_results/sensitivity_default_v2/checkpoints/beta__0p12/recap/trial_2/model.pt
beta__0p12,sensitivity,beta,0.12,2,BlogCatalog,0.735213779956427,0.31310363910718364,/autodl-fs/data/recap/tuning_hyperparams/sensitivity_results/sensitivity_default_v2/checkpoints/beta__0p12/recap/trial_2/model.pt
beta__0p12,sensitivity,beta,0.12,2,weibo,0.7665999043734474,0.3063755453043865,/autodl-fs/data/recap/tuning_hyperparams/sensitivity_results/sensitivity_default_v2/checkpoints/beta__0p12/recap/trial_2/model.pt
beta__0p12,sensitivity,beta,0.12,2,Reddit,0.5957373909857165,0.04670499033518569,/autodl-fs/data/recap/tuning_hyperparams/sensitivity_results/sensitivity_default_v2/checkpoints/beta__0p12/recap/trial_2/model.pt
beta__0p12,sensitivity,beta,0.12,2,Amazon,0.6861761794087888,0.11436376294235509,/autodl-fs/data/recap/tuning_hyperparams/sensitivity_results/sensitivity_default_v2/checkpoints/beta__0p12/recap/trial_2/model.pt
lambda_H__0,sensitivity,lambda_H,0,0,Facebook,0.6007575757575757,0.04084190035523921,/autodl-fs/data/recap/tuning_hyperparams/sensitivity_results/sensitivity_default_v2/checkpoints/lambda_H__0/recap/trial_0/model.pt
lambda_H__0,sensitivity,lambda_H,0,0,cora,0.8197967161845191,0.40996085887321626,/autodl-fs/data/recap/tuning_hyperparams/sensitivity_results/sensitivity_default_v2/checkpoints/lambda_H__0/recap/trial_0/model.pt
lambda_H__0,sensitivity,lambda_H,0,0,citeseer,0.9034791732242156,0.4741836520996475,/autodl-fs/data/recap/tuning_hyperparams/sensitivity_results/sensitivity_default_v2/checkpoints/lambda_H__0/recap/trial_0/model.pt
lambda_H__0,sensitivity,lambda_H,0,0,ACM,0.7879702956569634,0.36731879565156444,/autodl-fs/data/recap/tuning_hyperparams/sensitivity_results/sensitivity_default_v2/checkpoints/lambda_H__0/recap/trial_0/model.pt
lambda_H__0,sensitivity,lambda_H,0,0,BlogCatalog,0.7295234204793029,0.32988305306306304,/autodl-fs/data/recap/tuning_hyperparams/sensitivity_results/sensitivity_default_v2/checkpoints/lambda_H__0/recap/trial_0/model.pt
lambda_H__0,sensitivity,lambda_H,0,0,weibo,0.7684097163669982,0.3130718982512996,/autodl-fs/data/recap/tuning_hyperparams/sensitivity_results/sensitivity_default_v2/checkpoints/lambda_H__0/recap/trial_0/model.pt
lambda_H__0,sensitivity,lambda_H,0,0,Reddit,0.5885542593410302,0.04618625496743092,/autodl-fs/data/recap/tuning_hyperparams/sensitivity_results/sensitivity_default_v2/checkpoints/lambda_H__0/recap/trial_0/model.pt
lambda_H__0,sensitivity,lambda_H,0,0,Amazon,0.7439873804368611,0.14243399652285854,/autodl-fs/data/recap/tuning_hyperparams/sensitivity_results/sensitivity_default_v2/checkpoints/lambda_H__0/recap/trial_0/model.pt
lambda_H__0,sensitivity,lambda_H,0,1,Facebook,0.5970075757575758,0.05168823963584105,/autodl-fs/data/recap/tuning_hyperparams/sensitivity_results/sensitivity_default_v2/checkpoints/lambda_H__0/recap/trial_1/model.pt
lambda_H__0,sensitivity,lambda_H,0,1,cora,0.8228381548084441,0.42362325381128685,/autodl-fs/data/recap/tuning_hyperparams/sensitivity_results/sensitivity_default_v2/checkpoints/lambda_H__0/recap/trial_1/model.pt
lambda_H__0,sensitivity,lambda_H,0,1,citeseer,0.9004700451159375,0.46403983154842,/autodl-fs/data/recap/tuning_hyperparams/sensitivity_results/sensitivity_default_v2/checkpoints/lambda_H__0/recap/trial_1/model.pt
lambda_H__0,sensitivity,lambda_H,0,1,ACM,0.7741823825069409,0.3675529809053474,/autodl-fs/data/recap/tuning_hyperparams/sensitivity_results/sensitivity_default_v2/checkpoints/lambda_H__0/recap/trial_1/model.pt
lambda_H__0,sensitivity,lambda_H,0,1,BlogCatalog,0.7300789760348585,0.33004168285193847,/autodl-fs/data/recap/tuning_hyperparams/sensitivity_results/sensitivity_default_v2/checkpoints/lambda_H__0/recap/trial_1/model.pt
lambda_H__0,sensitivity,lambda_H,0,1,weibo,0.7661464578127322,0.3020099981031169,/autodl-fs/data/recap/tuning_hyperparams/sensitivity_results/sensitivity_default_v2/checkpoints/lambda_H__0/recap/trial_1/model.pt
lambda_H__0,sensitivity,lambda_H,0,1,Reddit,0.5907018651696727,0.046576377007753716,/autodl-fs/data/recap/tuning_hyperparams/sensitivity_results/sensitivity_default_v2/checkpoints/lambda_H__0/recap/trial_1/model.pt
lambda_H__0,sensitivity,lambda_H,0,1,Amazon,0.711833474817422,0.12414802423624477,/autodl-fs/data/recap/tuning_hyperparams/sensitivity_results/sensitivity_default_v2/checkpoints/lambda_H__0/recap/trial_1/model.pt
lambda_H__0,sensitivity,lambda_H,0,2,Facebook,0.566439393939394,0.03314050079284582,/autodl-fs/data/recap/tuning_hyperparams/sensitivity_results/sensitivity_default_v2/checkpoints/lambda_H__0/recap/trial_2/model.pt
lambda_H__0,sensitivity,lambda_H,0,2,cora,0.8192181391712274,0.39400179507386207,/autodl-fs/data/recap/tuning_hyperparams/sensitivity_results/sensitivity_default_v2/checkpoints/lambda_H__0/recap/trial_2/model.pt
lambda_H__0,sensitivity,lambda_H,0,2,citeseer,0.9050697723218969,0.43489988811857017,/autodl-fs/data/recap/tuning_hyperparams/sensitivity_results/sensitivity_default_v2/checkpoints/lambda_H__0/recap/trial_2/model.pt
lambda_H__0,sensitivity,lambda_H,0,2,ACM,0.7821801881989204,0.3745782300096102,/autodl-fs/data/recap/tuning_hyperparams/sensitivity_results/sensitivity_default_v2/checkpoints/lambda_H__0/recap/trial_2/model.pt
lambda_H__0,sensitivity,lambda_H,0,2,BlogCatalog,0.7356587009803923,0.32991872231322644,/autodl-fs/data/recap/tuning_hyperparams/sensitivity_results/sensitivity_default_v2/checkpoints/lambda_H__0/recap/trial_2/model.pt
lambda_H__0,sensitivity,lambda_H,0,2,weibo,0.7388042339817882,0.3108513248348025,/autodl-fs/data/recap/tuning_hyperparams/sensitivity_results/sensitivity_default_v2/checkpoints/lambda_H__0/recap/trial_2/model.pt
lambda_H__0,sensitivity,lambda_H,0,2,Reddit,0.5863815646592496,0.045759115778763834,/autodl-fs/data/recap/tuning_hyperparams/sensitivity_results/sensitivity_default_v2/checkpoints/lambda_H__0/recap/trial_2/model.pt
lambda_H__0,sensitivity,lambda_H,0,2,Amazon,0.7349759265088192,0.13427347948039467,/autodl-fs/data/recap/tuning_hyperparams/sensitivity_results/sensitivity_default_v2/checkpoints/lambda_H__0/recap/trial_2/model.pt
lambda_H__0p025,sensitivity,lambda_H,0.025,0,Facebook,0.5979166666666667,0.053550521846557196,/autodl-fs/data/recap/tuning_hyperparams/sensitivity_results/sensitivity_default_v2/checkpoints/lambda_H__0p025/recap/trial_0/model.pt
lambda_H__0p025,sensitivity,lambda_H,0.025,0,cora,0.8190695856137606,0.41263567954258873,/autodl-fs/data/recap/tuning_hyperparams/sensitivity_results/sensitivity_default_v2/checkpoints/lambda_H__0p025/recap/trial_0/model.pt
lambda_H__0p025,sensitivity,lambda_H,0.025,0,citeseer,0.9041065995173645,0.47374645053531916,/autodl-fs/data/recap/tuning_hyperparams/sensitivity_results/sensitivity_default_v2/checkpoints/lambda_H__0p025/recap/trial_0/model.pt
lambda_H__0p025,sensitivity,lambda_H,0.025,0,ACM,0.7869786818315576,0.36664264783299827,/autodl-fs/data/recap/tuning_hyperparams/sensitivity_results/sensitivity_default_v2/checkpoints/lambda_H__0p025/recap/trial_0/model.pt
lambda_H__0p025,sensitivity,lambda_H,0.025,0,BlogCatalog,0.7314491421568627,0.33105640670286585,/autodl-fs/data/recap/tuning_hyperparams/sensitivity_results/sensitivity_default_v2/checkpoints/lambda_H__0p025/recap/trial_0/model.pt
lambda_H__0p025,sensitivity,lambda_H,0.025,0,weibo,0.7688396231433376,0.3115858068391342,/autodl-fs/data/recap/tuning_hyperparams/sensitivity_results/sensitivity_default_v2/checkpoints/lambda_H__0p025/recap/trial_0/model.pt
lambda_H__0p025,sensitivity,lambda_H,0.025,0,Reddit,0.588685622002847,0.046345788501079344,/autodl-fs/data/recap/tuning_hyperparams/sensitivity_results/sensitivity_default_v2/checkpoints/lambda_H__0p025/recap/trial_0/model.pt
lambda_H__0p025,sensitivity,lambda_H,0.025,0,Amazon,0.7395778308589137,0.1398297189676631,/autodl-fs/data/recap/tuning_hyperparams/sensitivity_results/sensitivity_default_v2/checkpoints/lambda_H__0p025/recap/trial_0/model.pt
lambda_H__0p025,sensitivity,lambda_H,0.025,1,Facebook,0.5953030303030303,0.04766536627070121,/autodl-fs/data/recap/tuning_hyperparams/sensitivity_results/sensitivity_default_v2/checkpoints/lambda_H__0p025/recap/trial_1/model.pt
lambda_H__0p025,sensitivity,lambda_H,0.025,1,cora,0.8224315871774823,0.42517732629503224,/autodl-fs/data/recap/tuning_hyperparams/sensitivity_results/sensitivity_default_v2/checkpoints/lambda_H__0p025/recap/trial_1/model.pt
lambda_H__0p025,sensitivity,lambda_H,0.025,1,citeseer,0.9002371209736649,0.46505660516188796,/autodl-fs/data/recap/tuning_hyperparams/sensitivity_results/sensitivity_default_v2/checkpoints/lambda_H__0p025/recap/trial_1/model.pt
lambda_H__0p025,sensitivity,lambda_H,0.025,1,ACM,0.7733164469037451,0.3688442235075248,/autodl-fs/data/recap/tuning_hyperparams/sensitivity_results/sensitivity_default_v2/checkpoints/lambda_H__0p025/recap/trial_1/model.pt
lambda_H__0p025,sensitivity,lambda_H,0.025,1,BlogCatalog,0.7296568627450981,0.3265503731331111,/autodl-fs/data/recap/tuning_hyperparams/sensitivity_results/sensitivity_default_v2/checkpoints/lambda_H__0p025/recap/trial_1/model.pt
lambda_H__0p025,sensitivity,lambda_H,0.025,1,weibo,0.7385346728795393,0.2974694020045841,/autodl-fs/data/recap/tuning_hyperparams/sensitivity_results/sensitivity_default_v2/checkpoints/lambda_H__0p025/recap/trial_1/model.pt
lambda_H__0p025,sensitivity,lambda_H,0.025,1,Reddit,0.5910219732035609,0.0463106526937588,/autodl-fs/data/recap/tuning_hyperparams/sensitivity_results/sensitivity_default_v2/checkpoints/lambda_H__0p025/recap/trial_1/model.pt
lambda_H__0p025,sensitivity,lambda_H,0.025,1,Amazon,0.7184389422349764,0.12634886925616567,/autodl-fs/data/recap/tuning_hyperparams/sensitivity_results/sensitivity_default_v2/checkpoints/lambda_H__0p025/recap/trial_1/model.pt
lambda_H__0p025,sensitivity,lambda_H,0.025,2,Facebook,0.5727272727272728,0.03338146347263312,/autodl-fs/data/recap/tuning_hyperparams/sensitivity_results/sensitivity_default_v2/checkpoints/lambda_H__0p025/recap/trial_2/model.pt
lambda_H__0p025,sensitivity,lambda_H,0.025,2,cora,0.8198801146729215,0.4001702568606174,/autodl-fs/data/recap/tuning_hyperparams/sensitivity_results/sensitivity_default_v2/checkpoints/lambda_H__0p025/recap/trial_2/model.pt
lambda_H__0p025,sensitivity,lambda_H,0.025,2,citeseer,0.90674116042388,0.43980760465875096,/autodl-fs/data/recap/tuning_hyperparams/sensitivity_results/sensitivity_default_v2/checkpoints/lambda_H__0p025/recap/trial_2/model.pt
lambda_H__0p025,sensitivity,lambda_H,0.025,2,ACM,0.7819800730430863,0.3742652601159042,/autodl-fs/data/recap/tuning_hyperparams/sensitivity_results/sensitivity_default_v2/checkpoints/lambda_H__0p025/recap/trial_2/model.pt
lambda_H__0p025,sensitivity,lambda_H,0.025,2,BlogCatalog,0.7399046840958605,0.3298155586409049,/autodl-fs/data/recap/tuning_hyperparams/sensitivity_results/sensitivity_default_v2/checkpoints/lambda_H__0p025/recap/trial_2/model.pt
lambda_H__0p025,sensitivity,lambda_H,0.025,2,weibo,0.7495570240576597,0.31423550399723016,/autodl-fs/data/recap/tuning_hyperparams/sensitivity_results/sensitivity_default_v2/checkpoints/lambda_H__0p025/recap/trial_2/model.pt
lambda_H__0p025,sensitivity,lambda_H,0.025,2,Reddit,0.5866127680904784,0.045804192199509354,/autodl-fs/data/recap/tuning_hyperparams/sensitivity_results/sensitivity_default_v2/checkpoints/lambda_H__0p025/recap/trial_2/model.pt
lambda_H__0p025,sensitivity,lambda_H,0.025,2,Amazon,0.7325915903190061,0.132457576496811,/autodl-fs/data/recap/tuning_hyperparams/sensitivity_results/sensitivity_default_v2/checkpoints/lambda_H__0p025/recap/trial_2/model.pt
lambda_H__0p05,sensitivity,lambda_H,0.05,0,Facebook,0.6002272727272727,0.04724613610129952,/autodl-fs/data/recap/tuning_hyperparams/sensitivity_results/sensitivity_default_v2/checkpoints/lambda_H__0p05/recap/trial_0/model.pt
lambda_H__0p05,sensitivity,lambda_H,0.05,0,cora,0.8195647641386499,0.41172765861847577,/autodl-fs/data/recap/tuning_hyperparams/sensitivity_results/sensitivity_default_v2/checkpoints/lambda_H__0p05/recap/trial_0/model.pt
lambda_H__0p05,sensitivity,lambda_H,0.05,0,citeseer,0.9057496590074493,0.47237186654975144,/autodl-fs/data/recap/tuning_hyperparams/sensitivity_results/sensitivity_default_v2/checkpoints/lambda_H__0p05/recap/trial_0/model.pt
lambda_H__0p05,sensitivity,lambda_H,0.05,0,ACM,0.7857010235289243,0.367849734697434,/autodl-fs/data/recap/tuning_hyperparams/sensitivity_results/sensitivity_default_v2/checkpoints/lambda_H__0p05/recap/trial_0/model.pt
lambda_H__0p05,sensitivity,lambda_H,0.05,0,BlogCatalog,0.733061683006536,0.3320507222982154,/autodl-fs/data/recap/tuning_hyperparams/sensitivity_results/sensitivity_default_v2/checkpoints/lambda_H__0p05/recap/trial_0/model.pt
lambda_H__0p05,sensitivity,lambda_H,0.05,0,weibo,0.7575875297839415,0.30988756845311866,/autodl-fs/data/recap/tuning_hyperparams/sensitivity_results/sensitivity_default_v2/checkpoints/lambda_H__0p05/recap/trial_0/model.pt
lambda_H__0p05,sensitivity,lambda_H,0.05,0,Reddit,0.5910012588171236,0.04654934395031197,/autodl-fs/data/recap/tuning_hyperparams/sensitivity_results/sensitivity_default_v2/checkpoints/lambda_H__0p05/recap/trial_0/model.pt
lambda_H__0p05,sensitivity,lambda_H,0.05,0,Amazon,0.7367245305551885,0.13867765479568797,/autodl-fs/data/recap/tuning_hyperparams/sensitivity_results/sensitivity_default_v2/checkpoints/lambda_H__0p05/recap/trial_0/model.pt
lambda_H__0p05,sensitivity,lambda_H,0.05,1,Facebook,0.6031060606060606,0.050868934140700706,/autodl-fs/data/recap/tuning_hyperparams/sensitivity_results/sensitivity_default_v2/checkpoints/lambda_H__0p05/recap/trial_1/model.pt
lambda_H__0p05,sensitivity,lambda_H,0.05,1,cora,0.8226088089653376,0.42436666657232114,/autodl-fs/data/recap/tuning_hyperparams/sensitivity_results/sensitivity_default_v2/checkpoints/lambda_H__0p05/recap/trial_1/model.pt
lambda_H__0p05,sensitivity,lambda_H,0.05,1,citeseer,0.899087189172175,0.4647569452940272,/autodl-fs/data/recap/tuning_hyperparams/sensitivity_results/sensitivity_default_v2/checkpoints/lambda_H__0p05/recap/trial_1/model.pt
lambda_H__0p05,sensitivity,lambda_H,0.05,1,ACM,0.7713084420866423,0.368738248698532,/autodl-fs/data/recap/tuning_hyperparams/sensitivity_results/sensitivity_default_v2/checkpoints/lambda_H__0p05/recap/trial_1/model.pt
lambda_H__0p05,sensitivity,lambda_H,0.05,1,BlogCatalog,0.7269604438997821,0.32656602862048734,/autodl-fs/data/recap/tuning_hyperparams/sensitivity_results/sensitivity_default_v2/checkpoints/lambda_H__0p05/recap/trial_1/model.pt
lambda_H__0p05,sensitivity,lambda_H,0.05,1,weibo,0.7309170305142861,0.2996262671159898,/autodl-fs/data/recap/tuning_hyperparams/sensitivity_results/sensitivity_default_v2/checkpoints/lambda_H__0p05/recap/trial_1/model.pt
lambda_H__0p05,sensitivity,lambda_H,0.05,1,Reddit,0.5920102166956411,0.04677768438226593,/autodl-fs/data/recap/tuning_hyperparams/sensitivity_results/sensitivity_default_v2/checkpoints/lambda_H__0p05/recap/trial_1/model.pt
lambda_H__0p05,sensitivity,lambda_H,0.05,1,Amazon,0.7220910333910018,0.1290476595673779,/autodl-fs/data/recap/tuning_hyperparams/sensitivity_results/sensitivity_default_v2/checkpoints/lambda_H__0p05/recap/trial_1/model.pt
lambda_H__0p05,sensitivity,lambda_H,0.05,2,Facebook,0.5749242424242424,0.035912732697170296,/autodl-fs/data/recap/tuning_hyperparams/sensitivity_results/sensitivity_default_v2/checkpoints/lambda_H__0p05/recap/trial_2/model.pt
lambda_H__0p05,sensitivity,lambda_H,0.05,2,cora,0.819319781078968,0.4027124143983451,/autodl-fs/data/recap/tuning_hyperparams/sensitivity_results/sensitivity_default_v2/checkpoints/lambda_H__0p05/recap/trial_2/model.pt
lambda_H__0p05,sensitivity,lambda_H,0.05,2,citeseer,0.9057958241527647,0.4378191683981187,/autodl-fs/data/recap/tuning_hyperparams/sensitivity_results/sensitivity_default_v2/checkpoints/lambda_H__0p05/recap/trial_2/model.pt
lambda_H__0p05,sensitivity,lambda_H,0.05,2,ACM,0.7829165444941498,0.3739730204798062,/autodl-fs/data/recap/tuning_hyperparams/sensitivity_results/sensitivity_default_v2/checkpoints/lambda_H__0p05/recap/trial_2/model.pt
lambda_H__0p05,sensitivity,lambda_H,0.05,2,BlogCatalog,0.7390468409586056,0.32860770160607083,/autodl-fs/data/recap/tuning_hyperparams/sensitivity_results/sensitivity_default_v2/checkpoints/lambda_H__0p05/recap/trial_2/model.pt
lambda_H__0p05,sensitivity,lambda_H,0.05,2,weibo,0.7405372359646328,0.3102667234167482,/autodl-fs/data/recap/tuning_hyperparams/sensitivity_results/sensitivity_default_v2/checkpoints/lambda_H__0p05/recap/trial_2/model.pt
lambda_H__0p05,sensitivity,lambda_H,0.05,2,Reddit,0.5875230431466516,0.04555556571991999,/autodl-fs/data/recap/tuning_hyperparams/sensitivity_results/sensitivity_default_v2/checkpoints/lambda_H__0p05/recap/trial_2/model.pt
lambda_H__0p05,sensitivity,lambda_H,0.05,2,Amazon,0.7308840916017497,0.13089396586124286,/autodl-fs/data/recap/tuning_hyperparams/sensitivity_results/sensitivity_default_v2/checkpoints/lambda_H__0p05/recap/trial_2/model.pt
lambda_H__0p075,sensitivity,lambda_H,0.075,0,Facebook,0.596780303030303,0.053345015712032304,/autodl-fs/data/recap/tuning_hyperparams/sensitivity_results/sensitivity_default_v2/checkpoints/lambda_H__0p075/recap/trial_0/model.pt
lambda_H__0p075,sensitivity,lambda_H,0.075,0,cora,0.8182720875684127,0.413091798367067,/autodl-fs/data/recap/tuning_hyperparams/sensitivity_results/sensitivity_default_v2/checkpoints/lambda_H__0p075/recap/trial_0/model.pt
lambda_H__0p075,sensitivity,lambda_H,0.075,0,citeseer,0.904549365229252,0.4731912884789828,/autodl-fs/data/recap/tuning_hyperparams/sensitivity_results/sensitivity_default_v2/checkpoints/lambda_H__0p075/recap/trial_0/model.pt
lambda_H__0p075,sensitivity,lambda_H,0.075,0,ACM,0.7845949602822024,0.3668511919115546,/autodl-fs/data/recap/tuning_hyperparams/sensitivity_results/sensitivity_default_v2/checkpoints/lambda_H__0p075/recap/trial_0/model.pt
lambda_H__0p075,sensitivity,lambda_H,0.075,0,BlogCatalog,0.7334497549019607,0.3326728837337806,/autodl-fs/data/recap/tuning_hyperparams/sensitivity_results/sensitivity_default_v2/checkpoints/lambda_H__0p075/recap/trial_0/model.pt
lambda_H__0p075,sensitivity,lambda_H,0.075,0,weibo,0.7551767654379715,0.310809525320755,/autodl-fs/data/recap/tuning_hyperparams/sensitivity_results/sensitivity_default_v2/checkpoints/lambda_H__0p075/recap/trial_0/model.pt
lambda_H__0p075,sensitivity,lambda_H,0.075,0,Reddit,0.5887430047131019,0.046463985673602395,/autodl-fs/data/recap/tuning_hyperparams/sensitivity_results/sensitivity_default_v2/checkpoints/lambda_H__0p075/recap/trial_0/model.pt
lambda_H__0p075,sensitivity,lambda_H,0.075,0,Amazon,0.7354595008041656,0.1377178800813982,/autodl-fs/data/recap/tuning_hyperparams/sensitivity_results/sensitivity_default_v2/checkpoints/lambda_H__0p075/recap/trial_0/model.pt
lambda_H__0p075,sensitivity,lambda_H,0.075,1,Facebook,0.6026136363636364,0.05230981555777983,/autodl-fs/data/recap/tuning_hyperparams/sensitivity_results/sensitivity_default_v2/checkpoints/lambda_H__0p075/recap/trial_1/model.pt
lambda_H__0p075,sensitivity,lambda_H,0.075,1,cora,0.8217200938232995,0.4201336450698346,/autodl-fs/data/recap/tuning_hyperparams/sensitivity_results/sensitivity_default_v2/checkpoints/lambda_H__0p075/recap/trial_1/model.pt
lambda_H__0p075,sensitivity,lambda_H,0.075,1,citeseer,0.8988154443395237,0.46387422058710254,/autodl-fs/data/recap/tuning_hyperparams/sensitivity_results/sensitivity_default_v2/checkpoints/lambda_H__0p075/recap/trial_1/model.pt
lambda_H__0p075,sensitivity,lambda_H,0.075,1,ACM,0.7717084615288102,0.3696058033811933,/autodl-fs/data/recap/tuning_hyperparams/sensitivity_results/sensitivity_default_v2/checkpoints/lambda_H__0p075/recap/trial_1/model.pt
lambda_H__0p075,sensitivity,lambda_H,0.075,1,BlogCatalog,0.7270652913943354,0.3255118353208519,/autodl-fs/data/recap/tuning_hyperparams/sensitivity_results/sensitivity_default_v2/checkpoints/lambda_H__0p075/recap/trial_1/model.pt
lambda_H__0p075,sensitivity,lambda_H,0.075,1,weibo,0.7326186206420064,0.30305334247752297,/autodl-fs/data/recap/tuning_hyperparams/sensitivity_results/sensitivity_default_v2/checkpoints/lambda_H__0p075/recap/trial_1/model.pt
lambda_H__0p075,sensitivity,lambda_H,0.075,1,Reddit,0.5896199566258761,0.046564791887106854,/autodl-fs/data/recap/tuning_hyperparams/sensitivity_results/sensitivity_default_v2/checkpoints/lambda_H__0p075/recap/trial_1/model.pt
lambda_H__0p075,sensitivity,lambda_H,0.075,1,Amazon,0.7051972730285604,0.12022586693856181,/autodl-fs/data/recap/tuning_hyperparams/sensitivity_results/sensitivity_default_v2/checkpoints/lambda_H__0p075/recap/trial_1/model.pt
lambda_H__0p075,sensitivity,lambda_H,0.075,2,Facebook,0.5839015151515152,0.03791594926592444,/autodl-fs/data/recap/tuning_hyperparams/sensitivity_results/sensitivity_default_v2/checkpoints/lambda_H__0p075/recap/trial_2/model.pt
lambda_H__0p075,sensitivity,lambda_H,0.075,2,cora,0.818975762314308,0.40004327277419194,/autodl-fs/data/recap/tuning_hyperparams/sensitivity_results/sensitivity_default_v2/checkpoints/lambda_H__0p075/recap/trial_2/model.pt
lambda_H__0p075,sensitivity,lambda_H,0.075,2,citeseer,0.9056384429755535,0.4392586880308518,/autodl-fs/data/recap/tuning_hyperparams/sensitivity_results/sensitivity_default_v2/checkpoints/lambda_H__0p075/recap/trial_2/model.pt
lambda_H__0p075,sensitivity,lambda_H,0.075,2,ACM,0.7829799634963808,0.3740448757721272,/autodl-fs/data/recap/tuning_hyperparams/sensitivity_results/sensitivity_default_v2/checkpoints/lambda_H__0p075/recap/trial_2/model.pt
lambda_H__0p075,sensitivity,lambda_H,0.075,2,BlogCatalog,0.7390982434640523,0.33055257613244937,/autodl-fs/data/recap/tuning_hyperparams/sensitivity_results/sensitivity_default_v2/checkpoints/lambda_H__0p075/recap/trial_2/model.pt
lambda_H__0p075,sensitivity,lambda_H,0.075,2,weibo,0.734151152318302,0.31216944770204735,/autodl-fs/data/recap/tuning_hyperparams/sensitivity_results/sensitivity_default_v2/checkpoints/lambda_H__0p075/recap/trial_2/model.pt
lambda_H__0p075,sensitivity,lambda_H,0.075,2,Reddit,0.5878486835943089,0.04555912417537624,/autodl-fs/data/recap/tuning_hyperparams/sensitivity_results/sensitivity_default_v2/checkpoints/lambda_H__0p075/recap/trial_2/model.pt
lambda_H__0p075,sensitivity,lambda_H,0.075,2,Amazon,0.7243386546187931,0.12723149978802922,/autodl-fs/data/recap/tuning_hyperparams/sensitivity_results/sensitivity_default_v2/checkpoints/lambda_H__0p075/recap/trial_2/model.pt
lambda_H__0p15,sensitivity,lambda_H,0.15,0,Facebook,0.600909090909091,0.05396371836613494,/autodl-fs/data/recap/tuning_hyperparams/sensitivity_results/sensitivity_default_v2/checkpoints/lambda_H__0p15/recap/trial_0/model.pt
lambda_H__0p15,sensitivity,lambda_H,0.15,0,cora,0.8164816262705239,0.40535360915543556,/autodl-fs/data/recap/tuning_hyperparams/sensitivity_results/sensitivity_default_v2/checkpoints/lambda_H__0p15/recap/trial_0/model.pt
lambda_H__0p15,sensitivity,lambda_H,0.15,0,citeseer,0.9038988563634456,0.46741081455783773,/autodl-fs/data/recap/tuning_hyperparams/sensitivity_results/sensitivity_default_v2/checkpoints/lambda_H__0p15/recap/trial_0/model.pt
lambda_H__0p15,sensitivity,lambda_H,0.15,0,ACM,0.7868043454721416,0.3676241954310149,/autodl-fs/data/recap/tuning_hyperparams/sensitivity_results/sensitivity_default_v2/checkpoints/lambda_H__0p15/recap/trial_0/model.pt
lambda_H__0p15,sensitivity,lambda_H,0.15,0,BlogCatalog,0.7359889025054466,0.33246853060200593,/autodl-fs/data/recap/tuning_hyperparams/sensitivity_results/sensitivity_default_v2/checkpoints/lambda_H__0p15/recap/trial_0/model.pt
lambda_H__0p15,sensitivity,lambda_H,0.15,0,weibo,0.7620965449099344,0.3103668811117616,/autodl-fs/data/recap/tuning_hyperparams/sensitivity_results/sensitivity_default_v2/checkpoints/lambda_H__0p15/recap/trial_0/model.pt
lambda_H__0p15,sensitivity,lambda_H,0.15,0,Reddit,0.5886339003671464,0.04624321315231235,/autodl-fs/data/recap/tuning_hyperparams/sensitivity_results/sensitivity_default_v2/checkpoints/lambda_H__0p15/recap/trial_0/model.pt
lambda_H__0p15,sensitivity,lambda_H,0.15,0,Amazon,0.7354931874919285,0.13755984723691392,/autodl-fs/data/recap/tuning_hyperparams/sensitivity_results/sensitivity_default_v2/checkpoints/lambda_H__0p15/recap/trial_0/model.pt
lambda_H__0p15,sensitivity,lambda_H,0.15,1,Facebook,0.5995075757575757,0.05187054871229515,/autodl-fs/data/recap/tuning_hyperparams/sensitivity_results/sensitivity_default_v2/checkpoints/lambda_H__0p15/recap/trial_1/model.pt
lambda_H__0p15,sensitivity,lambda_H,0.15,1,cora,0.824365389627313,0.4197602605347173,/autodl-fs/data/recap/tuning_hyperparams/sensitivity_results/sensitivity_default_v2/checkpoints/lambda_H__0p15/recap/trial_1/model.pt
lambda_H__0p15,sensitivity,lambda_H,0.15,1,citeseer,0.8989256111635714,0.45888819442219186,/autodl-fs/data/recap/tuning_hyperparams/sensitivity_results/sensitivity_default_v2/checkpoints/lambda_H__0p15/recap/trial_1/model.pt
lambda_H__0p15,sensitivity,lambda_H,0.15,1,ACM,0.7716265387279233,0.36733137610194516,/autodl-fs/data/recap/tuning_hyperparams/sensitivity_results/sensitivity_default_v2/checkpoints/lambda_H__0p15/recap/trial_1/model.pt
lambda_H__0p15,sensitivity,lambda_H,0.15,1,BlogCatalog,0.7261383442265794,0.3260724466265403,/autodl-fs/data/recap/tuning_hyperparams/sensitivity_results/sensitivity_default_v2/checkpoints/lambda_H__0p15/recap/trial_1/model.pt
lambda_H__0p15,sensitivity,lambda_H,0.15,1,weibo,0.7317974031643586,0.30683821742624423,/autodl-fs/data/recap/tuning_hyperparams/sensitivity_results/sensitivity_default_v2/checkpoints/lambda_H__0p15/recap/trial_1/model.pt
lambda_H__0p15,sensitivity,lambda_H,0.15,1,Reddit,0.5939752528699075,0.04714971448231081,/autodl-fs/data/recap/tuning_hyperparams/sensitivity_results/sensitivity_default_v2/checkpoints/lambda_H__0p15/recap/trial_1/model.pt
lambda_H__0p15,sensitivity,lambda_H,0.15,1,Amazon,0.7006107358641195,0.12121063378422418,/autodl-fs/data/recap/tuning_hyperparams/sensitivity_results/sensitivity_default_v2/checkpoints/lambda_H__0p15/recap/trial_1/model.pt
lambda_H__0p15,sensitivity,lambda_H,0.15,2,Facebook,0.5840530303030304,0.03759592675232527,/autodl-fs/data/recap/tuning_hyperparams/sensitivity_results/sensitivity_default_v2/checkpoints/lambda_H__0p15/recap/trial_2/model.pt
lambda_H__0p15,sensitivity,lambda_H,0.15,2,cora,0.8160594214229866,0.3881846038067485,/autodl-fs/data/recap/tuning_hyperparams/sensitivity_results/sensitivity_default_v2/checkpoints/lambda_H__0p15/recap/trial_2/model.pt
lambda_H__0p15,sensitivity,lambda_H,0.15,2,citeseer,0.9047843877872207,0.4368640033500341,/autodl-fs/data/recap/tuning_hyperparams/sensitivity_results/sensitivity_default_v2/checkpoints/lambda_H__0p15/recap/trial_2/model.pt
lambda_H__0p15,sensitivity,lambda_H,0.15,2,ACM,0.7830100124001811,0.3730921062949778,/autodl-fs/data/recap/tuning_hyperparams/sensitivity_results/sensitivity_default_v2/checkpoints/lambda_H__0p15/recap/trial_2/model.pt
lambda_H__0p15,sensitivity,lambda_H,0.15,2,BlogCatalog,0.7425299564270152,0.3286298881933883,/autodl-fs/data/recap/tuning_hyperparams/sensitivity_results/sensitivity_default_v2/checkpoints/lambda_H__0p15/recap/trial_2/model.pt
lambda_H__0p15,sensitivity,lambda_H,0.15,2,weibo,0.7253510943554043,0.3066956754091291,/autodl-fs/data/recap/tuning_hyperparams/sensitivity_results/sensitivity_default_v2/checkpoints/lambda_H__0p15/recap/trial_2/model.pt
lambda_H__0p15,sensitivity,lambda_H,0.15,2,Reddit,0.5868666158199243,0.04531863309560276,/autodl-fs/data/recap/tuning_hyperparams/sensitivity_results/sensitivity_default_v2/checkpoints/lambda_H__0p15/recap/trial_2/model.pt
lambda_H__0p15,sensitivity,lambda_H,0.15,2,Amazon,0.7202929969691065,0.12734726268403157,/autodl-fs/data/recap/tuning_hyperparams/sensitivity_results/sensitivity_default_v2/checkpoints/lambda_H__0p15/recap/trial_2/model.pt
lambda_H__0p2,sensitivity,lambda_H,0.2,0,Facebook,0.6024621212121212,0.052818978407012544,/autodl-fs/data/recap/tuning_hyperparams/sensitivity_results/sensitivity_default_v2/checkpoints/lambda_H__0p2/recap/trial_0/model.pt
lambda_H__0p2,sensitivity,lambda_H,0.2,0,cora,0.8197836851707063,0.4106410425833531,/autodl-fs/data/recap/tuning_hyperparams/sensitivity_results/sensitivity_default_v2/checkpoints/lambda_H__0p2/recap/trial_0/model.pt
lambda_H__0p2,sensitivity,lambda_H,0.2,0,citeseer,0.9007061168817543,0.4551373548649178,/autodl-fs/data/recap/tuning_hyperparams/sensitivity_results/sensitivity_default_v2/checkpoints/lambda_H__0p2/recap/trial_0/model.pt
lambda_H__0p2,sensitivity,lambda_H,0.2,0,ACM,0.7845110342210623,0.3678933737208991,/autodl-fs/data/recap/tuning_hyperparams/sensitivity_results/sensitivity_default_v2/checkpoints/lambda_H__0p2/recap/trial_0/model.pt
lambda_H__0p2,sensitivity,lambda_H,0.2,0,BlogCatalog,0.7304391339869281,0.3279117889473424,/autodl-fs/data/recap/tuning_hyperparams/sensitivity_results/sensitivity_default_v2/checkpoints/lambda_H__0p2/recap/trial_0/model.pt
lambda_H__0p2,sensitivity,lambda_H,0.2,0,weibo,0.7789022695409253,0.3183035722453072,/autodl-fs/data/recap/tuning_hyperparams/sensitivity_results/sensitivity_default_v2/checkpoints/lambda_H__0p2/recap/trial_0/model.pt
lambda_H__0p2,sensitivity,lambda_H,0.2,0,Reddit,0.5890313335330148,0.04651746309999945,/autodl-fs/data/recap/tuning_hyperparams/sensitivity_results/sensitivity_default_v2/checkpoints/lambda_H__0p2/recap/trial_0/model.pt
lambda_H__0p2,sensitivity,lambda_H,0.2,0,Amazon,0.7396670059559579,0.14072025542193384,/autodl-fs/data/recap/tuning_hyperparams/sensitivity_results/sensitivity_default_v2/checkpoints/lambda_H__0p2/recap/trial_0/model.pt
lambda_H__0p2,sensitivity,lambda_H,0.2,1,Facebook,0.603560606060606,0.05193241219060446,/autodl-fs/data/recap/tuning_hyperparams/sensitivity_results/sensitivity_default_v2/checkpoints/lambda_H__0p2/recap/trial_1/model.pt
lambda_H__0p2,sensitivity,lambda_H,0.2,1,cora,0.8244175136825647,0.4193525158087412,/autodl-fs/data/recap/tuning_hyperparams/sensitivity_results/sensitivity_default_v2/checkpoints/lambda_H__0p2/recap/trial_1/model.pt
lambda_H__0p2,sensitivity,lambda_H,0.2,1,citeseer,0.8991921099569825,0.46292018068292146,/autodl-fs/data/recap/tuning_hyperparams/sensitivity_results/sensitivity_default_v2/checkpoints/lambda_H__0p2/recap/trial_1/model.pt
lambda_H__0p2,sensitivity,lambda_H,0.2,1,ACM,0.7720589266383954,0.36874455612951196,/autodl-fs/data/recap/tuning_hyperparams/sensitivity_results/sensitivity_default_v2/checkpoints/lambda_H__0p2/recap/trial_1/model.pt
lambda_H__0p2,sensitivity,lambda_H,0.2,1,BlogCatalog,0.7261206427015251,0.32585718337161285,/autodl-fs/data/recap/tuning_hyperparams/sensitivity_results/sensitivity_default_v2/checkpoints/lambda_H__0p2/recap/trial_1/model.pt
lambda_H__0p2,sensitivity,lambda_H,0.2,1,weibo,0.733145208675603,0.30819069965326507,/autodl-fs/data/recap/tuning_hyperparams/sensitivity_results/sensitivity_default_v2/checkpoints/lambda_H__0p2/recap/trial_1/model.pt
lambda_H__0p2,sensitivity,lambda_H,0.2,1,Reddit,0.5924489499735988,0.04688577945484437,/autodl-fs/data/recap/tuning_hyperparams/sensitivity_results/sensitivity_default_v2/checkpoints/lambda_H__0p2/recap/trial_1/model.pt
lambda_H__0p2,sensitivity,lambda_H,0.2,1,Amazon,0.7099933489609285,0.12363385790944892,/autodl-fs/data/recap/tuning_hyperparams/sensitivity_results/sensitivity_default_v2/checkpoints/lambda_H__0p2/recap/trial_1/model.pt
lambda_H__0p2,sensitivity,lambda_H,0.2,2,Facebook,0.5899242424242424,0.039940897883859565,/autodl-fs/data/recap/tuning_hyperparams/sensitivity_results/sensitivity_default_v2/checkpoints/lambda_H__0p2/recap/trial_2/model.pt
lambda_H__0p2,sensitivity,lambda_H,0.2,2,cora,0.8131587177482409,0.37665501588212563,/autodl-fs/data/recap/tuning_hyperparams/sensitivity_results/sensitivity_default_v2/checkpoints/lambda_H__0p2/recap/trial_2/model.pt
lambda_H__0p2,sensitivity,lambda_H,0.2,2,citeseer,0.9004658482845452,0.43069637236232455,/autodl-fs/data/recap/tuning_hyperparams/sensitivity_results/sensitivity_default_v2/checkpoints/lambda_H__0p2/recap/trial_2/model.pt
lambda_H__0p2,sensitivity,lambda_H,0.2,2,ACM,0.7860014598495509,0.37239771236357305,/autodl-fs/data/recap/tuning_hyperparams/sensitivity_results/sensitivity_default_v2/checkpoints/lambda_H__0p2/recap/trial_2/model.pt
lambda_H__0p2,sensitivity,lambda_H,0.2,2,BlogCatalog,0.7424618736383441,0.32306130318512943,/autodl-fs/data/recap/tuning_hyperparams/sensitivity_results/sensitivity_default_v2/checkpoints/lambda_H__0p2/recap/trial_2/model.pt
lambda_H__0p2,sensitivity,lambda_H,0.2,2,weibo,0.7312028707531325,0.30887593668480756,/autodl-fs/data/recap/tuning_hyperparams/sensitivity_results/sensitivity_default_v2/checkpoints/lambda_H__0p2/recap/trial_2/model.pt
lambda_H__0p2,sensitivity,lambda_H,0.2,2,Reddit,0.5830641749704337,0.0449477340631408,/autodl-fs/data/recap/tuning_hyperparams/sensitivity_results/sensitivity_default_v2/checkpoints/lambda_H__0p2/recap/trial_2/model.pt
lambda_H__0p2,sensitivity,lambda_H,0.2,2,Amazon,0.7332612362514787,0.13283751421121598,/autodl-fs/data/recap/tuning_hyperparams/sensitivity_results/sensitivity_default_v2/checkpoints/lambda_H__0p2/recap/trial_2/model.pt
lambda_H__0p3,sensitivity,lambda_H,0.3,0,Facebook,0.6054924242424242,0.05431312443533962,/autodl-fs/data/recap/tuning_hyperparams/sensitivity_results/sensitivity_default_v2/checkpoints/lambda_H__0p3/recap/trial_0/model.pt
lambda_H__0p3,sensitivity,lambda_H,0.3,0,cora,0.8175136825645035,0.4043199306028303,/autodl-fs/data/recap/tuning_hyperparams/sensitivity_results/sensitivity_default_v2/checkpoints/lambda_H__0p3/recap/trial_0/model.pt
lambda_H__0p3,sensitivity,lambda_H,0.3,0,citeseer,0.8993369006400169,0.4477567966371796,/autodl-fs/data/recap/tuning_hyperparams/sensitivity_results/sensitivity_default_v2/checkpoints/lambda_H__0p3/recap/trial_0/model.pt
lambda_H__0p3,sensitivity,lambda_H,0.3,0,ACM,0.7848868563880647,0.36869191114932814,/autodl-fs/data/recap/tuning_hyperparams/sensitivity_results/sensitivity_default_v2/checkpoints/lambda_H__0p3/recap/trial_0/model.pt
lambda_H__0p3,sensitivity,lambda_H,0.3,0,BlogCatalog,0.7239872685185185,0.3250052060422263,/autodl-fs/data/recap/tuning_hyperparams/sensitivity_results/sensitivity_default_v2/checkpoints/lambda_H__0p3/recap/trial_0/model.pt
lambda_H__0p3,sensitivity,lambda_H,0.3,0,weibo,0.7967601766767817,0.3238843579722848,/autodl-fs/data/recap/tuning_hyperparams/sensitivity_results/sensitivity_default_v2/checkpoints/lambda_H__0p3/recap/trial_0/model.pt
lambda_H__0p3,sensitivity,lambda_H,0.3,0,Reddit,0.5913229107804356,0.04703662926339048,/autodl-fs/data/recap/tuning_hyperparams/sensitivity_results/sensitivity_default_v2/checkpoints/lambda_H__0p3/recap/trial_0/model.pt
lambda_H__0p3,sensitivity,lambda_H,0.3,0,Amazon,0.7341152884117947,0.13784259085330403,/autodl-fs/data/recap/tuning_hyperparams/sensitivity_results/sensitivity_default_v2/checkpoints/lambda_H__0p3/recap/trial_0/model.pt
lambda_H__0p3,sensitivity,lambda_H,0.3,1,Facebook,0.6083712121212121,0.05112972752801988,/autodl-fs/data/recap/tuning_hyperparams/sensitivity_results/sensitivity_default_v2/checkpoints/lambda_H__0p3/recap/trial_1/model.pt
lambda_H__0p3,sensitivity,lambda_H,0.3,1,cora,0.8264842324732865,0.4183426539312799,/autodl-fs/data/recap/tuning_hyperparams/sensitivity_results/sensitivity_default_v2/checkpoints/lambda_H__0p3/recap/trial_1/model.pt
lambda_H__0p3,sensitivity,lambda_H,0.3,1,citeseer,0.8999192109956982,0.46008310842046496,/autodl-fs/data/recap/tuning_hyperparams/sensitivity_results/sensitivity_default_v2/checkpoints/lambda_H__0p3/recap/trial_1/model.pt
lambda_H__0p3,sensitivity,lambda_H,0.3,1,ACM,0.7749103040221564,0.368685300431971,/autodl-fs/data/recap/tuning_hyperparams/sensitivity_results/sensitivity_default_v2/checkpoints/lambda_H__0p3/recap/trial_1/model.pt
lambda_H__0p3,sensitivity,lambda_H,0.3,1,BlogCatalog,0.7270540577342047,0.32864984595629837,/autodl-fs/data/recap/tuning_hyperparams/sensitivity_results/sensitivity_default_v2/checkpoints/lambda_H__0p3/recap/trial_1/model.pt
lambda_H__0p3,sensitivity,lambda_H,0.3,1,weibo,0.7426289903755909,0.31092611458442393,/autodl-fs/data/recap/tuning_hyperparams/sensitivity_results/sensitivity_default_v2/checkpoints/lambda_H__0p3/recap/trial_1/model.pt
lambda_H__0p3,sensitivity,lambda_H,0.3,1,Reddit,0.5907501129641695,0.04712598663771717,/autodl-fs/data/recap/tuning_hyperparams/sensitivity_results/sensitivity_default_v2/checkpoints/lambda_H__0p3/recap/trial_1/model.pt
lambda_H__0p3,sensitivity,lambda_H,0.3,1,Amazon,0.7016061964126175,0.12229768160515592,/autodl-fs/data/recap/tuning_hyperparams/sensitivity_results/sensitivity_default_v2/checkpoints/lambda_H__0p3/recap/trial_1/model.pt
lambda_H__0p3,sensitivity,lambda_H,0.3,2,Facebook,0.5979545454545455,0.052602493971793236,/autodl-fs/data/recap/tuning_hyperparams/sensitivity_results/sensitivity_default_v2/checkpoints/lambda_H__0p3/recap/trial_2/model.pt
lambda_H__0p3,sensitivity,lambda_H,0.3,2,cora,0.8185926505082096,0.38462790092016025,/autodl-fs/data/recap/tuning_hyperparams/sensitivity_results/sensitivity_default_v2/checkpoints/lambda_H__0p3/recap/trial_2/model.pt
lambda_H__0p3,sensitivity,lambda_H,0.3,2,citeseer,0.8992571608435631,0.42999721456297146,/autodl-fs/data/recap/tuning_hyperparams/sensitivity_results/sensitivity_default_v2/checkpoints/lambda_H__0p3/recap/trial_2/model.pt
lambda_H__0p3,sensitivity,lambda_H,0.3,2,ACM,0.7862143853275315,0.3705352875104181,/autodl-fs/data/recap/tuning_hyperparams/sensitivity_results/sensitivity_default_v2/checkpoints/lambda_H__0p3/recap/trial_2/model.pt
lambda_H__0p3,sensitivity,lambda_H,0.3,2,BlogCatalog,0.7350136165577341,0.31919923821000995,/autodl-fs/data/recap/tuning_hyperparams/sensitivity_results/sensitivity_default_v2/checkpoints/lambda_H__0p3/recap/trial_2/model.pt
lambda_H__0p3,sensitivity,lambda_H,0.3,2,weibo,0.7484862695800563,0.31725270280439527,/autodl-fs/data/recap/tuning_hyperparams/sensitivity_results/sensitivity_default_v2/checkpoints/lambda_H__0p3/recap/trial_2/model.pt
lambda_H__0p3,sensitivity,lambda_H,0.3,2,Reddit,0.5850577738390423,0.04525498469697333,/autodl-fs/data/recap/tuning_hyperparams/sensitivity_results/sensitivity_default_v2/checkpoints/lambda_H__0p3/recap/trial_2/model.pt
lambda_H__0p3,sensitivity,lambda_H,0.3,2,Amazon,0.7386411138378404,0.13633259651309207,/autodl-fs/data/recap/tuning_hyperparams/sensitivity_results/sensitivity_default_v2/checkpoints/lambda_H__0p3/recap/trial_2/model.pt
lambda_H__0p5,sensitivity,lambda_H,0.5,0,Facebook,0.5880681818181819,0.05427708514188721,/autodl-fs/data/recap/tuning_hyperparams/sensitivity_results/sensitivity_default_v2/checkpoints/lambda_H__0p5/recap/trial_0/model.pt
lambda_H__0p5,sensitivity,lambda_H,0.5,0,cora,0.8221892103205628,0.41135070854665173,/autodl-fs/data/recap/tuning_hyperparams/sensitivity_results/sensitivity_default_v2/checkpoints/lambda_H__0p5/recap/trial_0/model.pt
lambda_H__0p5,sensitivity,lambda_H,0.5,0,citeseer,0.9001993494911343,0.4376585185549197,/autodl-fs/data/recap/tuning_hyperparams/sensitivity_results/sensitivity_default_v2/checkpoints/lambda_H__0p5/recap/trial_0/model.pt
lambda_H__0p5,sensitivity,lambda_H,0.5,0,ACM,0.7861984646802549,0.3680349710484524,/autodl-fs/data/recap/tuning_hyperparams/sensitivity_results/sensitivity_default_v2/checkpoints/lambda_H__0p5/recap/trial_0/model.pt
lambda_H__0p5,sensitivity,lambda_H,0.5,0,BlogCatalog,0.7321000136165577,0.32567790704262756,/autodl-fs/data/recap/tuning_hyperparams/sensitivity_results/sensitivity_default_v2/checkpoints/lambda_H__0p5/recap/trial_0/model.pt
lambda_H__0p5,sensitivity,lambda_H,0.5,0,weibo,0.7555644076014549,0.3190655508321837,/autodl-fs/data/recap/tuning_hyperparams/sensitivity_results/sensitivity_default_v2/checkpoints/lambda_H__0p5/recap/trial_0/model.pt
lambda_H__0p5,sensitivity,lambda_H,0.5,0,Reddit,0.5857027503558758,0.04623613815303045,/autodl-fs/data/recap/tuning_hyperparams/sensitivity_results/sensitivity_default_v2/checkpoints/lambda_H__0p5/recap/trial_0/model.pt
lambda_H__0p5,sensitivity,lambda_H,0.5,0,Amazon,0.7419926743187681,0.1387642036763684,/autodl-fs/data/recap/tuning_hyperparams/sensitivity_results/sensitivity_default_v2/checkpoints/lambda_H__0p5/recap/trial_0/model.pt
lambda_H__0p5,sensitivity,lambda_H,0.5,1,Facebook,0.6001515151515152,0.05733019743910454,/autodl-fs/data/recap/tuning_hyperparams/sensitivity_results/sensitivity_default_v2/checkpoints/lambda_H__0p5/recap/trial_1/model.pt
lambda_H__0p5,sensitivity,lambda_H,0.5,1,cora,0.8234245504300235,0.4160761429694238,/autodl-fs/data/recap/tuning_hyperparams/sensitivity_results/sensitivity_default_v2/checkpoints/lambda_H__0p5/recap/trial_1/model.pt
lambda_H__0p5,sensitivity,lambda_H,0.5,1,citeseer,0.8999685237645578,0.46595968592706166,/autodl-fs/data/recap/tuning_hyperparams/sensitivity_results/sensitivity_default_v2/checkpoints/lambda_H__0p5/recap/trial_1/model.pt
lambda_H__0p5,sensitivity,lambda_H,0.5,1,ACM,0.7759561113091527,0.36904732344310043,/autodl-fs/data/recap/tuning_hyperparams/sensitivity_results/sensitivity_default_v2/checkpoints/lambda_H__0p5/recap/trial_1/model.pt
lambda_H__0p5,sensitivity,lambda_H,0.5,1,BlogCatalog,0.7300994008714596,0.3290732051770579,/autodl-fs/data/recap/tuning_hyperparams/sensitivity_results/sensitivity_default_v2/checkpoints/lambda_H__0p5/recap/trial_1/model.pt
lambda_H__0p5,sensitivity,lambda_H,0.5,1,weibo,0.7456569862105777,0.313051543561286,/autodl-fs/data/recap/tuning_hyperparams/sensitivity_results/sensitivity_default_v2/checkpoints/lambda_H__0p5/recap/trial_1/model.pt
lambda_H__0p5,sensitivity,lambda_H,0.5,1,Reddit,0.5884716591168518,0.0466928101684016,/autodl-fs/data/recap/tuning_hyperparams/sensitivity_results/sensitivity_default_v2/checkpoints/lambda_H__0p5/recap/trial_1/model.pt
lambda_H__0p5,sensitivity,lambda_H,0.5,1,Amazon,0.7168390895177172,0.12670807309465376,/autodl-fs/data/recap/tuning_hyperparams/sensitivity_results/sensitivity_default_v2/checkpoints/lambda_H__0p5/recap/trial_1/model.pt
lambda_H__0p5,sensitivity,lambda_H,0.5,2,Facebook,0.6002651515151516,0.05106870752177779,/autodl-fs/data/recap/tuning_hyperparams/sensitivity_results/sensitivity_default_v2/checkpoints/lambda_H__0p5/recap/trial_2/model.pt
lambda_H__0p5,sensitivity,lambda_H,0.5,2,cora,0.8191894709408392,0.38279191916973426,/autodl-fs/data/recap/tuning_hyperparams/sensitivity_results/sensitivity_default_v2/checkpoints/lambda_H__0p5/recap/trial_2/model.pt
lambda_H__0p5,sensitivity,lambda_H,0.5,2,citeseer,0.8989193159164831,0.4271784681990547,/autodl-fs/data/recap/tuning_hyperparams/sensitivity_results/sensitivity_default_v2/checkpoints/lambda_H__0p5/recap/trial_2/model.pt
lambda_H__0p5,sensitivity,lambda_H,0.5,2,ACM,0.7854396507832377,0.36986898587083683,/autodl-fs/data/recap/tuning_hyperparams/sensitivity_results/sensitivity_default_v2/checkpoints/lambda_H__0p5/recap/trial_2/model.pt
lambda_H__0p5,sensitivity,lambda_H,0.5,2,BlogCatalog,0.7350565087145969,0.3197193290498392,/autodl-fs/data/recap/tuning_hyperparams/sensitivity_results/sensitivity_default_v2/checkpoints/lambda_H__0p5/recap/trial_2/model.pt
lambda_H__0p5,sensitivity,lambda_H,0.5,2,weibo,0.7532415353075367,0.3194883588826381,/autodl-fs/data/recap/tuning_hyperparams/sensitivity_results/sensitivity_default_v2/checkpoints/lambda_H__0p5/recap/trial_2/model.pt
lambda_H__0p5,sensitivity,lambda_H,0.5,2,Reddit,0.5840219258563919,0.045057161632219754,/autodl-fs/data/recap/tuning_hyperparams/sensitivity_results/sensitivity_default_v2/checkpoints/lambda_H__0p5/recap/trial_2/model.pt
lambda_H__0p5,sensitivity,lambda_H,0.5,2,Amazon,0.7426306774748701,0.13844627071745214,/autodl-fs/data/recap/tuning_hyperparams/sensitivity_results/sensitivity_default_v2/checkpoints/lambda_H__0p5/recap/trial_2/model.pt
lambda_H__0p8,sensitivity,lambda_H,0.8,0,Facebook,0.592310606060606,0.054468702953964096,/autodl-fs/data/recap/tuning_hyperparams/sensitivity_results/sensitivity_default_v2/checkpoints/lambda_H__0p8/recap/trial_0/model.pt
lambda_H__0p8,sensitivity,lambda_H,0.8,0,cora,0.8217331248371124,0.4190367687061176,/autodl-fs/data/recap/tuning_hyperparams/sensitivity_results/sensitivity_default_v2/checkpoints/lambda_H__0p8/recap/trial_0/model.pt
lambda_H__0p8,sensitivity,lambda_H,0.8,0,citeseer,0.9022620921204492,0.4463871434910938,/autodl-fs/data/recap/tuning_hyperparams/sensitivity_results/sensitivity_default_v2/checkpoints/lambda_H__0p8/recap/trial_0/model.pt
lambda_H__0p8,sensitivity,lambda_H,0.8,0,ACM,0.7863396418107407,0.3686731221936318,/autodl-fs/data/recap/tuning_hyperparams/sensitivity_results/sensitivity_default_v2/checkpoints/lambda_H__0p8/recap/trial_0/model.pt
lambda_H__0p8,sensitivity,lambda_H,0.8,0,BlogCatalog,0.7337802968409586,0.3255999316035183,/autodl-fs/data/recap/tuning_hyperparams/sensitivity_results/sensitivity_default_v2/checkpoints/lambda_H__0p8/recap/trial_0/model.pt
lambda_H__0p8,sensitivity,lambda_H,0.8,0,weibo,0.7632812533437193,0.314824593517114,/autodl-fs/data/recap/tuning_hyperparams/sensitivity_results/sensitivity_default_v2/checkpoints/lambda_H__0p8/recap/trial_0/model.pt
lambda_H__0p8,sensitivity,lambda_H,0.8,0,Reddit,0.5864457663911268,0.04650869303165256,/autodl-fs/data/recap/tuning_hyperparams/sensitivity_results/sensitivity_default_v2/checkpoints/lambda_H__0p8/recap/trial_0/model.pt
lambda_H__0p8,sensitivity,lambda_H,0.8,0,Amazon,0.737502125289346,0.13627283890223746,/autodl-fs/data/recap/tuning_hyperparams/sensitivity_results/sensitivity_default_v2/checkpoints/lambda_H__0p8/recap/trial_0/model.pt
lambda_H__0p8,sensitivity,lambda_H,0.8,1,Facebook,0.5978787878787879,0.05615541311564472,/autodl-fs/data/recap/tuning_hyperparams/sensitivity_results/sensitivity_default_v2/checkpoints/lambda_H__0p8/recap/trial_1/model.pt
lambda_H__0p8,sensitivity,lambda_H,0.8,1,cora,0.8238754235079488,0.39907603717071444,/autodl-fs/data/recap/tuning_hyperparams/sensitivity_results/sensitivity_default_v2/checkpoints/lambda_H__0p8/recap/trial_1/model.pt
lambda_H__0p8,sensitivity,lambda_H,0.8,1,citeseer,0.9004889308572028,0.4704309200000448,/autodl-fs/data/recap/tuning_hyperparams/sensitivity_results/sensitivity_default_v2/checkpoints/lambda_H__0p8/recap/trial_1/model.pt
lambda_H__0p8,sensitivity,lambda_H,0.8,1,ACM,0.78917204093947,0.37092372850415234,/autodl-fs/data/recap/tuning_hyperparams/sensitivity_results/sensitivity_default_v2/checkpoints/lambda_H__0p8/recap/trial_1/model.pt
lambda_H__0p8,sensitivity,lambda_H,0.8,1,BlogCatalog,0.7270887799564271,0.3246745111780591,/autodl-fs/data/recap/tuning_hyperparams/sensitivity_results/sensitivity_default_v2/checkpoints/lambda_H__0p8/recap/trial_1/model.pt
lambda_H__0p8,sensitivity,lambda_H,0.8,1,weibo,0.7796246657809187,0.3256090522581647,/autodl-fs/data/recap/tuning_hyperparams/sensitivity_results/sensitivity_default_v2/checkpoints/lambda_H__0p8/recap/trial_1/model.pt
lambda_H__0p8,sensitivity,lambda_H,0.8,1,Reddit,0.5877720017662552,0.04604670011004285,/autodl-fs/data/recap/tuning_hyperparams/sensitivity_results/sensitivity_default_v2/checkpoints/lambda_H__0p8/recap/trial_1/model.pt
lambda_H__0p8,sensitivity,lambda_H,0.8,1,Amazon,0.7370822150488503,0.1347049274961556,/autodl-fs/data/recap/tuning_hyperparams/sensitivity_results/sensitivity_default_v2/checkpoints/lambda_H__0p8/recap/trial_1/model.pt
lambda_H__0p8,sensitivity,lambda_H,0.8,2,Facebook,0.5968181818181818,0.07127498143921882,/autodl-fs/data/recap/tuning_hyperparams/sensitivity_results/sensitivity_default_v2/checkpoints/lambda_H__0p8/recap/trial_2/model.pt
lambda_H__0p8,sensitivity,lambda_H,0.8,2,cora,0.8158952306489445,0.3803958883991885,/autodl-fs/data/recap/tuning_hyperparams/sensitivity_results/sensitivity_default_v2/checkpoints/lambda_H__0p8/recap/trial_2/model.pt
lambda_H__0p8,sensitivity,lambda_H,0.8,2,citeseer,0.8985478963382646,0.4249818297213126,/autodl-fs/data/recap/tuning_hyperparams/sensitivity_results/sensitivity_default_v2/checkpoints/lambda_H__0p8/recap/trial_2/model.pt
lambda_H__0p8,sensitivity,lambda_H,0.8,2,ACM,0.7870817970172299,0.3712312309540028,/autodl-fs/data/recap/tuning_hyperparams/sensitivity_results/sensitivity_default_v2/checkpoints/lambda_H__0p8/recap/trial_2/model.pt
lambda_H__0p8,sensitivity,lambda_H,0.8,2,BlogCatalog,0.7332768246187364,0.3192608583724774,/autodl-fs/data/recap/tuning_hyperparams/sensitivity_results/sensitivity_default_v2/checkpoints/lambda_H__0p8/recap/trial_2/model.pt
lambda_H__0p8,sensitivity,lambda_H,0.8,2,weibo,0.7561248531820591,0.3205688951467516,/autodl-fs/data/recap/tuning_hyperparams/sensitivity_results/sensitivity_default_v2/checkpoints/lambda_H__0p8/recap/trial_2/model.pt
lambda_H__0p8,sensitivity,lambda_H,0.8,2,Reddit,0.5835371320172879,0.04499615236021298,/autodl-fs/data/recap/tuning_hyperparams/sensitivity_results/sensitivity_default_v2/checkpoints/lambda_H__0p8/recap/trial_2/model.pt
lambda_H__0p8,sensitivity,lambda_H,0.8,2,Amazon,0.7224257806568161,0.12963334679202373,/autodl-fs/data/recap/tuning_hyperparams/sensitivity_results/sensitivity_default_v2/checkpoints/lambda_H__0p8/recap/trial_2/model.pt
lambda_usage_entropy__0,sensitivity,lambda_usage_entropy,0,0,Facebook,0.6006439393939393,0.0736907122754353,/autodl-fs/data/recap/tuning_hyperparams/sensitivity_results/sensitivity_default_v2/checkpoints/lambda_usage_entropy__0/recap/trial_0/model.pt
lambda_usage_entropy__0,sensitivity,lambda_usage_entropy,0,0,cora,0.8178577013291635,0.40592675474445294,/autodl-fs/data/recap/tuning_hyperparams/sensitivity_results/sensitivity_default_v2/checkpoints/lambda_usage_entropy__0/recap/trial_0/model.pt
lambda_usage_entropy__0,sensitivity,lambda_usage_entropy,0,0,citeseer,0.9049291784702551,0.47073095560992556,/autodl-fs/data/recap/tuning_hyperparams/sensitivity_results/sensitivity_default_v2/checkpoints/lambda_usage_entropy__0/recap/trial_0/model.pt
lambda_usage_entropy__0,sensitivity,lambda_usage_entropy,0,0,ACM,0.7855908442149904,0.3677714915074207,/autodl-fs/data/recap/tuning_hyperparams/sensitivity_results/sensitivity_default_v2/checkpoints/lambda_usage_entropy__0/recap/trial_0/model.pt
lambda_usage_entropy__0,sensitivity,lambda_usage_entropy,0,0,BlogCatalog,0.7327015250544664,0.3325364979411617,/autodl-fs/data/recap/tuning_hyperparams/sensitivity_results/sensitivity_default_v2/checkpoints/lambda_usage_entropy__0/recap/trial_0/model.pt
lambda_usage_entropy__0,sensitivity,lambda_usage_entropy,0,0,weibo,0.761795801236175,0.3128253040875962,/autodl-fs/data/recap/tuning_hyperparams/sensitivity_results/sensitivity_default_v2/checkpoints/lambda_usage_entropy__0/recap/trial_0/model.pt
lambda_usage_entropy__0,sensitivity,lambda_usage_entropy,0,0,Reddit,0.588690382451904,0.0463179236120463,/autodl-fs/data/recap/tuning_hyperparams/sensitivity_results/sensitivity_default_v2/checkpoints/lambda_usage_entropy__0/recap/trial_0/model.pt
lambda_usage_entropy__0,sensitivity,lambda_usage_entropy,0,0,Amazon,0.7318643363654381,0.13549250672302732,/autodl-fs/data/recap/tuning_hyperparams/sensitivity_results/sensitivity_default_v2/checkpoints/lambda_usage_entropy__0/recap/trial_0/model.pt
lambda_usage_entropy__0,sensitivity,lambda_usage_entropy,0,1,Facebook,0.5984848484848485,0.05205148239175528,/autodl-fs/data/recap/tuning_hyperparams/sensitivity_results/sensitivity_default_v2/checkpoints/lambda_usage_entropy__0/recap/trial_1/model.pt
lambda_usage_entropy__0,sensitivity,lambda_usage_entropy,0,1,cora,0.8227417253062288,0.42312464874772954,/autodl-fs/data/recap/tuning_hyperparams/sensitivity_results/sensitivity_default_v2/checkpoints/lambda_usage_entropy__0/recap/trial_1/model.pt
lambda_usage_entropy__0,sensitivity,lambda_usage_entropy,0,1,citeseer,0.8995488406253278,0.4646160989153883,/autodl-fs/data/recap/tuning_hyperparams/sensitivity_results/sensitivity_default_v2/checkpoints/lambda_usage_entropy__0/recap/trial_1/model.pt
lambda_usage_entropy__0,sensitivity,lambda_usage_entropy,0,1,ACM,0.772634863961232,0.3693208090831718,/autodl-fs/data/recap/tuning_hyperparams/sensitivity_results/sensitivity_default_v2/checkpoints/lambda_usage_entropy__0/recap/trial_1/model.pt
lambda_usage_entropy__0,sensitivity,lambda_usage_entropy,0,1,BlogCatalog,0.7263579112200436,0.3254339049589995,/autodl-fs/data/recap/tuning_hyperparams/sensitivity_results/sensitivity_default_v2/checkpoints/lambda_usage_entropy__0/recap/trial_1/model.pt
lambda_usage_entropy__0,sensitivity,lambda_usage_entropy,0,1,weibo,0.7297150493815763,0.3035980301952912,/autodl-fs/data/recap/tuning_hyperparams/sensitivity_results/sensitivity_default_v2/checkpoints/lambda_usage_entropy__0/recap/trial_1/model.pt
lambda_usage_entropy__0,sensitivity,lambda_usage_entropy,0,1,Reddit,0.5897617408113041,0.046375674376209625,/autodl-fs/data/recap/tuning_hyperparams/sensitivity_results/sensitivity_default_v2/checkpoints/lambda_usage_entropy__0/recap/trial_1/model.pt
lambda_usage_entropy__0,sensitivity,lambda_usage_entropy,0,1,Amazon,0.714242716446053,0.12398123700229192,/autodl-fs/data/recap/tuning_hyperparams/sensitivity_results/sensitivity_default_v2/checkpoints/lambda_usage_entropy__0/recap/trial_1/model.pt
lambda_usage_entropy__0,sensitivity,lambda_usage_entropy,0,2,Facebook,0.5803409090909092,0.03464180868068129,/autodl-fs/data/recap/tuning_hyperparams/sensitivity_results/sensitivity_default_v2/checkpoints/lambda_usage_entropy__0/recap/trial_2/model.pt
lambda_usage_entropy__0,sensitivity,lambda_usage_entropy,0,2,cora,0.8193041438623925,0.40181054033055685,/autodl-fs/data/recap/tuning_hyperparams/sensitivity_results/sensitivity_default_v2/checkpoints/lambda_usage_entropy__0/recap/trial_2/model.pt
lambda_usage_entropy__0,sensitivity,lambda_usage_entropy,0,2,citeseer,0.9060539292833911,0.44132925295868436,/autodl-fs/data/recap/tuning_hyperparams/sensitivity_results/sensitivity_default_v2/checkpoints/lambda_usage_entropy__0/recap/trial_2/model.pt
lambda_usage_entropy__0,sensitivity,lambda_usage_entropy,0,2,ACM,0.7813505221497851,0.3734526959083506,/autodl-fs/data/recap/tuning_hyperparams/sensitivity_results/sensitivity_default_v2/checkpoints/lambda_usage_entropy__0/recap/trial_2/model.pt
lambda_usage_entropy__0,sensitivity,lambda_usage_entropy,0,2,BlogCatalog,0.7354534313725489,0.3290055030941037,/autodl-fs/data/recap/tuning_hyperparams/sensitivity_results/sensitivity_default_v2/checkpoints/lambda_usage_entropy__0/recap/trial_2/model.pt
lambda_usage_entropy__0,sensitivity,lambda_usage_entropy,0,2,weibo,0.7630951514769839,0.31266226726264734,/autodl-fs/data/recap/tuning_hyperparams/sensitivity_results/sensitivity_default_v2/checkpoints/lambda_usage_entropy__0/recap/trial_2/model.pt
lambda_usage_entropy__0,sensitivity,lambda_usage_entropy,0,2,Reddit,0.5884461842813574,0.045813841642147954,/autodl-fs/data/recap/tuning_hyperparams/sensitivity_results/sensitivity_default_v2/checkpoints/lambda_usage_entropy__0/recap/trial_2/model.pt
lambda_usage_entropy__0,sensitivity,lambda_usage_entropy,0,2,Amazon,0.733034967690303,0.13207023063066586,/autodl-fs/data/recap/tuning_hyperparams/sensitivity_results/sensitivity_default_v2/checkpoints/lambda_usage_entropy__0/recap/trial_2/model.pt
lambda_usage_entropy__0p025,sensitivity,lambda_usage_entropy,0.025,0,Facebook,0.5970454545454545,0.07360776513087432,/autodl-fs/data/recap/tuning_hyperparams/sensitivity_results/sensitivity_default_v2/checkpoints/lambda_usage_entropy__0p025/recap/trial_0/model.pt
lambda_usage_entropy__0p025,sensitivity,lambda_usage_entropy,0.025,0,cora,0.8178394579098255,0.41117505319838565,/autodl-fs/data/recap/tuning_hyperparams/sensitivity_results/sensitivity_default_v2/checkpoints/lambda_usage_entropy__0p025/recap/trial_0/model.pt
lambda_usage_entropy__0p025,sensitivity,lambda_usage_entropy,0.025,0,citeseer,0.9047508131360821,0.47030319961516337,/autodl-fs/data/recap/tuning_hyperparams/sensitivity_results/sensitivity_default_v2/checkpoints/lambda_usage_entropy__0p025/recap/trial_0/model.pt
lambda_usage_entropy__0p025,sensitivity,lambda_usage_entropy,0.025,0,ACM,0.7841953625790351,0.367764393918817,/autodl-fs/data/recap/tuning_hyperparams/sensitivity_results/sensitivity_default_v2/checkpoints/lambda_usage_entropy__0p025/recap/trial_0/model.pt
lambda_usage_entropy__0p025,sensitivity,lambda_usage_entropy,0.025,0,BlogCatalog,0.7317776416122004,0.3325217563354,/autodl-fs/data/recap/tuning_hyperparams/sensitivity_results/sensitivity_default_v2/checkpoints/lambda_usage_entropy__0p025/recap/trial_0/model.pt
lambda_usage_entropy__0p025,sensitivity,lambda_usage_entropy,0.025,0,weibo,0.75545763786518,0.3108911895499825,/autodl-fs/data/recap/tuning_hyperparams/sensitivity_results/sensitivity_default_v2/checkpoints/lambda_usage_entropy__0p025/recap/trial_0/model.pt
lambda_usage_entropy__0p025,sensitivity,lambda_usage_entropy,0.025,0,Reddit,0.5888021886743513,0.04643316246273902,/autodl-fs/data/recap/tuning_hyperparams/sensitivity_results/sensitivity_default_v2/checkpoints/lambda_usage_entropy__0p025/recap/trial_0/model.pt
lambda_usage_entropy__0p025,sensitivity,lambda_usage_entropy,0.025,0,Amazon,0.7339634333653849,0.13650433588049754,/autodl-fs/data/recap/tuning_hyperparams/sensitivity_results/sensitivity_default_v2/checkpoints/lambda_usage_entropy__0p025/recap/trial_0/model.pt
lambda_usage_entropy__0p025,sensitivity,lambda_usage_entropy,0.025,1,Facebook,0.5953409090909091,0.048108725860442916,/autodl-fs/data/recap/tuning_hyperparams/sensitivity_results/sensitivity_default_v2/checkpoints/lambda_usage_entropy__0p025/recap/trial_1/model.pt
lambda_usage_entropy__0p025,sensitivity,lambda_usage_entropy,0.025,1,cora,0.8232629658587437,0.4221983653332619,/autodl-fs/data/recap/tuning_hyperparams/sensitivity_results/sensitivity_default_v2/checkpoints/lambda_usage_entropy__0p025/recap/trial_1/model.pt
lambda_usage_entropy__0p025,sensitivity,lambda_usage_entropy,0.025,1,citeseer,0.8993410974714091,0.46329507642981504,/autodl-fs/data/recap/tuning_hyperparams/sensitivity_results/sensitivity_default_v2/checkpoints/lambda_usage_entropy__0p025/recap/trial_1/model.pt
lambda_usage_entropy__0p025,sensitivity,lambda_usage_entropy,0.025,1,ACM,0.7708442655989922,0.3683978122185705,/autodl-fs/data/recap/tuning_hyperparams/sensitivity_results/sensitivity_default_v2/checkpoints/lambda_usage_entropy__0p025/recap/trial_1/model.pt
lambda_usage_entropy__0p025,sensitivity,lambda_usage_entropy,0.025,1,BlogCatalog,0.7271660539215686,0.3258524434404859,/autodl-fs/data/recap/tuning_hyperparams/sensitivity_results/sensitivity_default_v2/checkpoints/lambda_usage_entropy__0p025/recap/trial_1/model.pt
lambda_usage_entropy__0p025,sensitivity,lambda_usage_entropy,0.025,1,weibo,0.7309628872370957,0.3005079534664423,/autodl-fs/data/recap/tuning_hyperparams/sensitivity_results/sensitivity_default_v2/checkpoints/lambda_usage_entropy__0p025/recap/trial_1/model.pt
lambda_usage_entropy__0p025,sensitivity,lambda_usage_entropy,0.025,1,Reddit,0.5920726171765236,0.04674554388243402,/autodl-fs/data/recap/tuning_hyperparams/sensitivity_results/sensitivity_default_v2/checkpoints/lambda_usage_entropy__0p025/recap/trial_1/model.pt
lambda_usage_entropy__0p025,sensitivity,lambda_usage_entropy,0.025,1,Amazon,0.7192706627708203,0.12659904274953326,/autodl-fs/data/recap/tuning_hyperparams/sensitivity_results/sensitivity_default_v2/checkpoints/lambda_usage_entropy__0p025/recap/trial_1/model.pt
lambda_usage_entropy__0p025,sensitivity,lambda_usage_entropy,0.025,2,Facebook,0.5709090909090909,0.03383733709214218,/autodl-fs/data/recap/tuning_hyperparams/sensitivity_results/sensitivity_default_v2/checkpoints/lambda_usage_entropy__0p025/recap/trial_2/model.pt
lambda_usage_entropy__0p025,sensitivity,lambda_usage_entropy,0.025,2,cora,0.8192468074016159,0.4032418625798293,/autodl-fs/data/recap/tuning_hyperparams/sensitivity_results/sensitivity_default_v2/checkpoints/lambda_usage_entropy__0p025/recap/trial_2/model.pt
lambda_usage_entropy__0p025,sensitivity,lambda_usage_entropy,0.025,2,citeseer,0.9060979960130103,0.43651048528935926,/autodl-fs/data/recap/tuning_hyperparams/sensitivity_results/sensitivity_default_v2/checkpoints/lambda_usage_entropy__0p025/recap/trial_2/model.pt
lambda_usage_entropy__0p025,sensitivity,lambda_usage_entropy,0.025,2,ACM,0.7806581848627541,0.3723641649110753,/autodl-fs/data/recap/tuning_hyperparams/sensitivity_results/sensitivity_default_v2/checkpoints/lambda_usage_entropy__0p025/recap/trial_2/model.pt
lambda_usage_entropy__0p025,sensitivity,lambda_usage_entropy,0.025,2,BlogCatalog,0.7326831427015249,0.32841466181776147,/autodl-fs/data/recap/tuning_hyperparams/sensitivity_results/sensitivity_default_v2/checkpoints/lambda_usage_entropy__0p025/recap/trial_2/model.pt
lambda_usage_entropy__0p025,sensitivity,lambda_usage_entropy,0.025,2,weibo,0.7459924281379298,0.31114861250368603,/autodl-fs/data/recap/tuning_hyperparams/sensitivity_results/sensitivity_default_v2/checkpoints/lambda_usage_entropy__0p025/recap/trial_2/model.pt
lambda_usage_entropy__0p025,sensitivity,lambda_usage_entropy,0.025,2,Reddit,0.5873023898998195,0.04568017036455594,/autodl-fs/data/recap/tuning_hyperparams/sensitivity_results/sensitivity_default_v2/checkpoints/lambda_usage_entropy__0p025/recap/trial_2/model.pt
lambda_usage_entropy__0p025,sensitivity,lambda_usage_entropy,0.025,2,Amazon,0.733834137044713,0.13295626125923776,/autodl-fs/data/recap/tuning_hyperparams/sensitivity_results/sensitivity_default_v2/checkpoints/lambda_usage_entropy__0p025/recap/trial_2/model.pt
lambda_usage_entropy__0p05,sensitivity,lambda_usage_entropy,0.05,0,Facebook,0.5984090909090909,0.05364362380800334,/autodl-fs/data/recap/tuning_hyperparams/sensitivity_results/sensitivity_default_v2/checkpoints/lambda_usage_entropy__0p05/recap/trial_0/model.pt
lambda_usage_entropy__0p05,sensitivity,lambda_usage_entropy,0.05,0,cora,0.8175423507948917,0.4089608584367211,/autodl-fs/data/recap/tuning_hyperparams/sensitivity_results/sensitivity_default_v2/checkpoints/lambda_usage_entropy__0p05/recap/trial_0/model.pt
lambda_usage_entropy__0p05,sensitivity,lambda_usage_entropy,0.05,0,citeseer,0.9047487147203861,0.47144529729745027,/autodl-fs/data/recap/tuning_hyperparams/sensitivity_results/sensitivity_default_v2/checkpoints/lambda_usage_entropy__0p05/recap/trial_0/model.pt
lambda_usage_entropy__0p05,sensitivity,lambda_usage_entropy,0.05,0,ACM,0.7846933309041166,0.3669121212414478,/autodl-fs/data/recap/tuning_hyperparams/sensitivity_results/sensitivity_default_v2/checkpoints/lambda_usage_entropy__0p05/recap/trial_0/model.pt
lambda_usage_entropy__0p05,sensitivity,lambda_usage_entropy,0.05,0,BlogCatalog,0.7347171160130719,0.33297103156387015,/autodl-fs/data/recap/tuning_hyperparams/sensitivity_results/sensitivity_default_v2/checkpoints/lambda_usage_entropy__0p05/recap/trial_0/model.pt
lambda_usage_entropy__0p05,sensitivity,lambda_usage_entropy,0.05,0,weibo,0.7559833851921915,0.31135570908203475,/autodl-fs/data/recap/tuning_hyperparams/sensitivity_results/sensitivity_default_v2/checkpoints/lambda_usage_entropy__0p05/recap/trial_0/model.pt
lambda_usage_entropy__0p05,sensitivity,lambda_usage_entropy,0.05,0,Reddit,0.5885115439603026,0.046235407455862944,/autodl-fs/data/recap/tuning_hyperparams/sensitivity_results/sensitivity_default_v2/checkpoints/lambda_usage_entropy__0p05/recap/trial_0/model.pt
lambda_usage_entropy__0p05,sensitivity,lambda_usage_entropy,0.05,0,Amazon,0.7315669094076398,0.13577631122578881,/autodl-fs/data/recap/tuning_hyperparams/sensitivity_results/sensitivity_default_v2/checkpoints/lambda_usage_entropy__0p05/recap/trial_0/model.pt
lambda_usage_entropy__0p05,sensitivity,lambda_usage_entropy,0.05,1,Facebook,0.6026893939393939,0.05020095767484792,/autodl-fs/data/recap/tuning_hyperparams/sensitivity_results/sensitivity_default_v2/checkpoints/lambda_usage_entropy__0p05/recap/trial_1/model.pt
lambda_usage_entropy__0p05,sensitivity,lambda_usage_entropy,0.05,1,cora,0.8246155850925202,0.4248015915697879,/autodl-fs/data/recap/tuning_hyperparams/sensitivity_results/sensitivity_default_v2/checkpoints/lambda_usage_entropy__0p05/recap/trial_1/model.pt
lambda_usage_entropy__0p05,sensitivity,lambda_usage_entropy,0.05,1,citeseer,0.8999958031686077,0.46888236599286376,/autodl-fs/data/recap/tuning_hyperparams/sensitivity_results/sensitivity_default_v2/checkpoints/lambda_usage_entropy__0p05/recap/trial_1/model.pt
lambda_usage_entropy__0p05,sensitivity,lambda_usage_entropy,0.05,1,ACM,0.7719704668829976,0.3682323196722409,/autodl-fs/data/recap/tuning_hyperparams/sensitivity_results/sensitivity_default_v2/checkpoints/lambda_usage_entropy__0p05/recap/trial_1/model.pt
lambda_usage_entropy__0p05,sensitivity,lambda_usage_entropy,0.05,1,BlogCatalog,0.7268167892156863,0.32668800123945174,/autodl-fs/data/recap/tuning_hyperparams/sensitivity_results/sensitivity_default_v2/checkpoints/lambda_usage_entropy__0p05/recap/trial_1/model.pt
lambda_usage_entropy__0p05,sensitivity,lambda_usage_entropy,0.05,1,weibo,0.7334670464418546,0.3043969161271888,/autodl-fs/data/recap/tuning_hyperparams/sensitivity_results/sensitivity_default_v2/checkpoints/lambda_usage_entropy__0p05/recap/trial_1/model.pt
lambda_usage_entropy__0p05,sensitivity,lambda_usage_entropy,0.05,1,Reddit,0.5930539129861963,0.04677934776055418,/autodl-fs/data/recap/tuning_hyperparams/sensitivity_results/sensitivity_default_v2/checkpoints/lambda_usage_entropy__0p05/recap/trial_1/model.pt
lambda_usage_entropy__0p05,sensitivity,lambda_usage_entropy,0.05,1,Amazon,0.713677839897544,0.12461099932956415,/autodl-fs/data/recap/tuning_hyperparams/sensitivity_results/sensitivity_default_v2/checkpoints/lambda_usage_entropy__0p05/recap/trial_1/model.pt
lambda_usage_entropy__0p05,sensitivity,lambda_usage_entropy,0.05,2,Facebook,0.5722348484848484,0.03393583683934735,/autodl-fs/data/recap/tuning_hyperparams/sensitivity_results/sensitivity_default_v2/checkpoints/lambda_usage_entropy__0p05/recap/trial_2/model.pt
lambda_usage_entropy__0p05,sensitivity,lambda_usage_entropy,0.05,2,cora,0.8198436278342455,0.4028158290669332,/autodl-fs/data/recap/tuning_hyperparams/sensitivity_results/sensitivity_default_v2/checkpoints/lambda_usage_entropy__0p05/recap/trial_2/model.pt
lambda_usage_entropy__0p05,sensitivity,lambda_usage_entropy,0.05,2,citeseer,0.9051642010282237,0.4376915980580201,/autodl-fs/data/recap/tuning_hyperparams/sensitivity_results/sensitivity_default_v2/checkpoints/lambda_usage_entropy__0p05/recap/trial_2/model.pt
lambda_usage_entropy__0p05,sensitivity,lambda_usage_entropy,0.05,2,ACM,0.7842462348459951,0.37380784512352083,/autodl-fs/data/recap/tuning_hyperparams/sensitivity_results/sensitivity_default_v2/checkpoints/lambda_usage_entropy__0p05/recap/trial_2/model.pt
lambda_usage_entropy__0p05,sensitivity,lambda_usage_entropy,0.05,2,BlogCatalog,0.7385348583877995,0.3289157119654578,/autodl-fs/data/recap/tuning_hyperparams/sensitivity_results/sensitivity_default_v2/checkpoints/lambda_usage_entropy__0p05/recap/trial_2/model.pt
lambda_usage_entropy__0p05,sensitivity,lambda_usage_entropy,0.05,2,weibo,0.7565257937951574,0.3142394519972167,/autodl-fs/data/recap/tuning_hyperparams/sensitivity_results/sensitivity_default_v2/checkpoints/lambda_usage_entropy__0p05/recap/trial_2/model.pt
lambda_usage_entropy__0p05,sensitivity,lambda_usage_entropy,0.05,2,Reddit,0.5879343716773352,0.045686686823566594,/autodl-fs/data/recap/tuning_hyperparams/sensitivity_results/sensitivity_default_v2/checkpoints/lambda_usage_entropy__0p05/recap/trial_2/model.pt
lambda_usage_entropy__0p05,sensitivity,lambda_usage_entropy,0.05,2,Amazon,0.7347548812767573,0.13319600960794675,/autodl-fs/data/recap/tuning_hyperparams/sensitivity_results/sensitivity_default_v2/checkpoints/lambda_usage_entropy__0p05/recap/trial_2/model.pt
lambda_usage_entropy__0p075,sensitivity,lambda_usage_entropy,0.075,0,Facebook,0.5968560606060606,0.05251480914281832,/autodl-fs/data/recap/tuning_hyperparams/sensitivity_results/sensitivity_default_v2/checkpoints/lambda_usage_entropy__0p075/recap/trial_0/model.pt
lambda_usage_entropy__0p075,sensitivity,lambda_usage_entropy,0.075,0,cora,0.8195282772999739,0.4173703367548132,/autodl-fs/data/recap/tuning_hyperparams/sensitivity_results/sensitivity_default_v2/checkpoints/lambda_usage_entropy__0p075/recap/trial_0/model.pt
lambda_usage_entropy__0p075,sensitivity,lambda_usage_entropy,0.075,0,citeseer,0.9043919840520407,0.473000781656762,/autodl-fs/data/recap/tuning_hyperparams/sensitivity_results/sensitivity_default_v2/checkpoints/lambda_usage_entropy__0p075/recap/trial_0/model.pt
lambda_usage_entropy__0p075,sensitivity,lambda_usage_entropy,0.075,0,ACM,0.7854016942731745,0.3664877697762141,/autodl-fs/data/recap/tuning_hyperparams/sensitivity_results/sensitivity_default_v2/checkpoints/lambda_usage_entropy__0p075/recap/trial_0/model.pt
lambda_usage_entropy__0p075,sensitivity,lambda_usage_entropy,0.075,0,BlogCatalog,0.7344764433551199,0.3322597603276009,/autodl-fs/data/recap/tuning_hyperparams/sensitivity_results/sensitivity_default_v2/checkpoints/lambda_usage_entropy__0p075/recap/trial_0/model.pt
lambda_usage_entropy__0p075,sensitivity,lambda_usage_entropy,0.075,0,weibo,0.7649941547963992,0.313244433061638,/autodl-fs/data/recap/tuning_hyperparams/sensitivity_results/sensitivity_default_v2/checkpoints/lambda_usage_entropy__0p075/recap/trial_0/model.pt
lambda_usage_entropy__0p075,sensitivity,lambda_usage_entropy,0.075,0,Reddit,0.5892270265874939,0.04646452553486066,/autodl-fs/data/recap/tuning_hyperparams/sensitivity_results/sensitivity_default_v2/checkpoints/lambda_usage_entropy__0p075/recap/trial_0/model.pt
lambda_usage_entropy__0p075,sensitivity,lambda_usage_entropy,0.075,0,Amazon,0.7361177159729253,0.13835755552635792,/autodl-fs/data/recap/tuning_hyperparams/sensitivity_results/sensitivity_default_v2/checkpoints/lambda_usage_entropy__0p075/recap/trial_0/model.pt
lambda_usage_entropy__0p075,sensitivity,lambda_usage_entropy,0.075,1,Facebook,0.6054545454545454,0.05112434897424012,/autodl-fs/data/recap/tuning_hyperparams/sensitivity_results/sensitivity_default_v2/checkpoints/lambda_usage_entropy__0p075/recap/trial_1/model.pt
lambda_usage_entropy__0p075,sensitivity,lambda_usage_entropy,0.075,1,cora,0.8245582486317435,0.42367195595762347,/autodl-fs/data/recap/tuning_hyperparams/sensitivity_results/sensitivity_default_v2/checkpoints/lambda_usage_entropy__0p075/recap/trial_1/model.pt
lambda_usage_entropy__0p075,sensitivity,lambda_usage_entropy,0.075,1,citeseer,0.8995236596369742,0.4634471041533013,/autodl-fs/data/recap/tuning_hyperparams/sensitivity_results/sensitivity_default_v2/checkpoints/lambda_usage_entropy__0p075/recap/trial_1/model.pt
lambda_usage_entropy__0p075,sensitivity,lambda_usage_entropy,0.075,1,ACM,0.7715301713662626,0.3687357893319375,/autodl-fs/data/recap/tuning_hyperparams/sensitivity_results/sensitivity_default_v2/checkpoints/lambda_usage_entropy__0p075/recap/trial_1/model.pt
lambda_usage_entropy__0p075,sensitivity,lambda_usage_entropy,0.075,1,BlogCatalog,0.7269481889978213,0.3253482762062056,/autodl-fs/data/recap/tuning_hyperparams/sensitivity_results/sensitivity_default_v2/checkpoints/lambda_usage_entropy__0p075/recap/trial_1/model.pt
lambda_usage_entropy__0p075,sensitivity,lambda_usage_entropy,0.075,1,weibo,0.7294159106931153,0.3053099025283636,/autodl-fs/data/recap/tuning_hyperparams/sensitivity_results/sensitivity_default_v2/checkpoints/lambda_usage_entropy__0p075/recap/trial_1/model.pt
lambda_usage_entropy__0p075,sensitivity,lambda_usage_entropy,0.075,1,Reddit,0.5923889940476375,0.04672127251144148,/autodl-fs/data/recap/tuning_hyperparams/sensitivity_results/sensitivity_default_v2/checkpoints/lambda_usage_entropy__0p075/recap/trial_1/model.pt
lambda_usage_entropy__0p075,sensitivity,lambda_usage_entropy,0.075,1,Amazon,0.7129915398722448,0.12423445339560207,/autodl-fs/data/recap/tuning_hyperparams/sensitivity_results/sensitivity_default_v2/checkpoints/lambda_usage_entropy__0p075/recap/trial_1/model.pt
lambda_usage_entropy__0p075,sensitivity,lambda_usage_entropy,0.075,2,Facebook,0.5757954545454546,0.042785827632534225,/autodl-fs/data/recap/tuning_hyperparams/sensitivity_results/sensitivity_default_v2/checkpoints/lambda_usage_entropy__0p075/recap/trial_2/model.pt
lambda_usage_entropy__0p075,sensitivity,lambda_usage_entropy,0.075,2,cora,0.8199504821475111,0.40106548838347045,/autodl-fs/data/recap/tuning_hyperparams/sensitivity_results/sensitivity_default_v2/checkpoints/lambda_usage_entropy__0p075/recap/trial_2/model.pt
lambda_usage_entropy__0p075,sensitivity,lambda_usage_entropy,0.075,2,citeseer,0.9054013220018885,0.44311227971285144,/autodl-fs/data/recap/tuning_hyperparams/sensitivity_results/sensitivity_default_v2/checkpoints/lambda_usage_entropy__0p075/recap/trial_2/model.pt
lambda_usage_entropy__0p075,sensitivity,lambda_usage_entropy,0.075,2,ACM,0.7831629982226864,0.37342155082327905,/autodl-fs/data/recap/tuning_hyperparams/sensitivity_results/sensitivity_default_v2/checkpoints/lambda_usage_entropy__0p075/recap/trial_2/model.pt
lambda_usage_entropy__0p075,sensitivity,lambda_usage_entropy,0.075,2,BlogCatalog,0.7370128676470589,0.3310356388891611,/autodl-fs/data/recap/tuning_hyperparams/sensitivity_results/sensitivity_default_v2/checkpoints/lambda_usage_entropy__0p075/recap/trial_2/model.pt
lambda_usage_entropy__0p075,sensitivity,lambda_usage_entropy,0.075,2,weibo,0.7345365780735162,0.31206224831611734,/autodl-fs/data/recap/tuning_hyperparams/sensitivity_results/sensitivity_default_v2/checkpoints/lambda_usage_entropy__0p075/recap/trial_2/model.pt
lambda_usage_entropy__0p075,sensitivity,lambda_usage_entropy,0.075,2,Reddit,0.5893401194177945,0.04584254181504325,/autodl-fs/data/recap/tuning_hyperparams/sensitivity_results/sensitivity_default_v2/checkpoints/lambda_usage_entropy__0p075/recap/trial_2/model.pt
lambda_usage_entropy__0p075,sensitivity,lambda_usage_entropy,0.075,2,Amazon,0.7260993707326725,0.1287073111915517,/autodl-fs/data/recap/tuning_hyperparams/sensitivity_results/sensitivity_default_v2/checkpoints/lambda_usage_entropy__0p075/recap/trial_2/model.pt
lambda_usage_entropy__0p15,sensitivity,lambda_usage_entropy,0.15,0,Facebook,0.5975,0.0737273809916286,/autodl-fs/data/recap/tuning_hyperparams/sensitivity_results/sensitivity_default_v2/checkpoints/lambda_usage_entropy__0p15/recap/trial_0/model.pt
lambda_usage_entropy__0p15,sensitivity,lambda_usage_entropy,0.15,0,cora,0.8179437060203284,0.41044494071335746,/autodl-fs/data/recap/tuning_hyperparams/sensitivity_results/sensitivity_default_v2/checkpoints/lambda_usage_entropy__0p15/recap/trial_0/model.pt
lambda_usage_entropy__0p15,sensitivity,lambda_usage_entropy,0.15,0,citeseer,0.9044339523659638,0.4698451242185741,/autodl-fs/data/recap/tuning_hyperparams/sensitivity_results/sensitivity_default_v2/checkpoints/lambda_usage_entropy__0p15/recap/trial_0/model.pt
lambda_usage_entropy__0p15,sensitivity,lambda_usage_entropy,0.15,0,ACM,0.7835663915768599,0.366889449782549,/autodl-fs/data/recap/tuning_hyperparams/sensitivity_results/sensitivity_default_v2/checkpoints/lambda_usage_entropy__0p15/recap/trial_0/model.pt
lambda_usage_entropy__0p15,sensitivity,lambda_usage_entropy,0.15,0,BlogCatalog,0.7351681644880175,0.3326774144132393,/autodl-fs/data/recap/tuning_hyperparams/sensitivity_results/sensitivity_default_v2/checkpoints/lambda_usage_entropy__0p15/recap/trial_0/model.pt
lambda_usage_entropy__0p15,sensitivity,lambda_usage_entropy,0.15,0,weibo,0.7567421610989472,0.312106475467937,/autodl-fs/data/recap/tuning_hyperparams/sensitivity_results/sensitivity_default_v2/checkpoints/lambda_usage_entropy__0p15/recap/trial_0/model.pt
lambda_usage_entropy__0p15,sensitivity,lambda_usage_entropy,0.15,0,Reddit,0.5871662667889459,0.046203392026398823,/autodl-fs/data/recap/tuning_hyperparams/sensitivity_results/sensitivity_default_v2/checkpoints/lambda_usage_entropy__0p15/recap/trial_0/model.pt
lambda_usage_entropy__0p15,sensitivity,lambda_usage_entropy,0.15,0,Amazon,0.727990367272709,0.13431627372155994,/autodl-fs/data/recap/tuning_hyperparams/sensitivity_results/sensitivity_default_v2/checkpoints/lambda_usage_entropy__0p15/recap/trial_0/model.pt
lambda_usage_entropy__0p15,sensitivity,lambda_usage_entropy,0.15,1,Facebook,0.6043560606060606,0.054474044871991686,/autodl-fs/data/recap/tuning_hyperparams/sensitivity_results/sensitivity_default_v2/checkpoints/lambda_usage_entropy__0p15/recap/trial_1/model.pt
lambda_usage_entropy__0p15,sensitivity,lambda_usage_entropy,0.15,1,cora,0.825702371644514,0.42036072872707414,/autodl-fs/data/recap/tuning_hyperparams/sensitivity_results/sensitivity_default_v2/checkpoints/lambda_usage_entropy__0p15/recap/trial_1/model.pt
lambda_usage_entropy__0p15,sensitivity,lambda_usage_entropy,0.15,1,citeseer,0.900197251075438,0.4604695914050328,/autodl-fs/data/recap/tuning_hyperparams/sensitivity_results/sensitivity_default_v2/checkpoints/lambda_usage_entropy__0p15/recap/trial_1/model.pt
lambda_usage_entropy__0p15,sensitivity,lambda_usage_entropy,0.15,1,ACM,0.7715634360299429,0.3674264076435291,/autodl-fs/data/recap/tuning_hyperparams/sensitivity_results/sensitivity_default_v2/checkpoints/lambda_usage_entropy__0p15/recap/trial_1/model.pt
lambda_usage_entropy__0p15,sensitivity,lambda_usage_entropy,0.15,1,BlogCatalog,0.727099332788671,0.32592266768355116,/autodl-fs/data/recap/tuning_hyperparams/sensitivity_results/sensitivity_default_v2/checkpoints/lambda_usage_entropy__0p15/recap/trial_1/model.pt
lambda_usage_entropy__0p15,sensitivity,lambda_usage_entropy,0.15,1,weibo,0.7351163599055719,0.30664193606953655,/autodl-fs/data/recap/tuning_hyperparams/sensitivity_results/sensitivity_default_v2/checkpoints/lambda_usage_entropy__0p15/recap/trial_1/model.pt
lambda_usage_entropy__0p15,sensitivity,lambda_usage_entropy,0.15,1,Reddit,0.5930781012138373,0.04712439318969764,/autodl-fs/data/recap/tuning_hyperparams/sensitivity_results/sensitivity_default_v2/checkpoints/lambda_usage_entropy__0p15/recap/trial_1/model.pt
lambda_usage_entropy__0p15,sensitivity,lambda_usage_entropy,0.15,1,Amazon,0.7068396693829493,0.1220314546148509,/autodl-fs/data/recap/tuning_hyperparams/sensitivity_results/sensitivity_default_v2/checkpoints/lambda_usage_entropy__0p15/recap/trial_1/model.pt
lambda_usage_entropy__0p15,sensitivity,lambda_usage_entropy,0.15,2,Facebook,0.5856818181818182,0.035339118707582384,/autodl-fs/data/recap/tuning_hyperparams/sensitivity_results/sensitivity_default_v2/checkpoints/lambda_usage_entropy__0p15/recap/trial_2/model.pt
lambda_usage_entropy__0p15,sensitivity,lambda_usage_entropy,0.15,2,cora,0.8199218139171228,0.40313111485092423,/autodl-fs/data/recap/tuning_hyperparams/sensitivity_results/sensitivity_default_v2/checkpoints/lambda_usage_entropy__0p15/recap/trial_2/model.pt
lambda_usage_entropy__0p15,sensitivity,lambda_usage_entropy,0.15,2,citeseer,0.9058021193998531,0.4408634726711748,/autodl-fs/data/recap/tuning_hyperparams/sensitivity_results/sensitivity_default_v2/checkpoints/lambda_usage_entropy__0p15/recap/trial_2/model.pt
lambda_usage_entropy__0p15,sensitivity,lambda_usage_entropy,0.15,2,ACM,0.781547052524113,0.3724588972433298,/autodl-fs/data/recap/tuning_hyperparams/sensitivity_results/sensitivity_default_v2/checkpoints/lambda_usage_entropy__0p15/recap/trial_2/model.pt
lambda_usage_entropy__0p15,sensitivity,lambda_usage_entropy,0.15,2,BlogCatalog,0.7394852941176471,0.33093029604634294,/autodl-fs/data/recap/tuning_hyperparams/sensitivity_results/sensitivity_default_v2/checkpoints/lambda_usage_entropy__0p15/recap/trial_2/model.pt
lambda_usage_entropy__0p15,sensitivity,lambda_usage_entropy,0.15,2,weibo,0.7458770984800636,0.31489812265836153,/autodl-fs/data/recap/tuning_hyperparams/sensitivity_results/sensitivity_default_v2/checkpoints/lambda_usage_entropy__0p15/recap/trial_2/model.pt
lambda_usage_entropy__0p15,sensitivity,lambda_usage_entropy,0.15,2,Reddit,0.5860013720386147,0.045476605152359045,/autodl-fs/data/recap/tuning_hyperparams/sensitivity_results/sensitivity_default_v2/checkpoints/lambda_usage_entropy__0p15/recap/trial_2/model.pt
lambda_usage_entropy__0p15,sensitivity,lambda_usage_entropy,0.15,2,Amazon,0.7344230106269768,0.13353927860964293,/autodl-fs/data/recap/tuning_hyperparams/sensitivity_results/sensitivity_default_v2/checkpoints/lambda_usage_entropy__0p15/recap/trial_2/model.pt
lambda_usage_entropy__0p2,sensitivity,lambda_usage_entropy,0.2,0,Facebook,0.6000000000000001,0.07471475441517593,/autodl-fs/data/recap/tuning_hyperparams/sensitivity_results/sensitivity_default_v2/checkpoints/lambda_usage_entropy__0p2/recap/trial_0/model.pt
lambda_usage_entropy__0p2,sensitivity,lambda_usage_entropy,0.2,0,cora,0.8184910086004692,0.4138120700555418,/autodl-fs/data/recap/tuning_hyperparams/sensitivity_results/sensitivity_default_v2/checkpoints/lambda_usage_entropy__0p2/recap/trial_0/model.pt
lambda_usage_entropy__0p2,sensitivity,lambda_usage_entropy,0.2,0,citeseer,0.9048557339208897,0.4698301743049708,/autodl-fs/data/recap/tuning_hyperparams/sensitivity_results/sensitivity_default_v2/checkpoints/lambda_usage_entropy__0p2/recap/trial_0/model.pt
lambda_usage_entropy__0p2,sensitivity,lambda_usage_entropy,0.2,0,ACM,0.7855426605341598,0.36701770883928675,/autodl-fs/data/recap/tuning_hyperparams/sensitivity_results/sensitivity_default_v2/checkpoints/lambda_usage_entropy__0p2/recap/trial_0/model.pt
lambda_usage_entropy__0p2,sensitivity,lambda_usage_entropy,0.2,0,BlogCatalog,0.7333234613289761,0.33311483375100104,/autodl-fs/data/recap/tuning_hyperparams/sensitivity_results/sensitivity_default_v2/checkpoints/lambda_usage_entropy__0p2/recap/trial_0/model.pt
lambda_usage_entropy__0p2,sensitivity,lambda_usage_entropy,0.2,0,weibo,0.753133772008934,0.3103708569765508,/autodl-fs/data/recap/tuning_hyperparams/sensitivity_results/sensitivity_default_v2/checkpoints/lambda_usage_entropy__0p2/recap/trial_0/model.pt
lambda_usage_entropy__0p2,sensitivity,lambda_usage_entropy,0.2,0,Reddit,0.5881330239298768,0.04633763839558788,/autodl-fs/data/recap/tuning_hyperparams/sensitivity_results/sensitivity_default_v2/checkpoints/lambda_usage_entropy__0p2/recap/trial_0/model.pt
lambda_usage_entropy__0p2,sensitivity,lambda_usage_entropy,0.2,0,Amazon,0.732314829576397,0.13580905631333248,/autodl-fs/data/recap/tuning_hyperparams/sensitivity_results/sensitivity_default_v2/checkpoints/lambda_usage_entropy__0p2/recap/trial_0/model.pt
lambda_usage_entropy__0p2,sensitivity,lambda_usage_entropy,0.2,1,Facebook,0.6041287878787879,0.05024665277617454,/autodl-fs/data/recap/tuning_hyperparams/sensitivity_results/sensitivity_default_v2/checkpoints/lambda_usage_entropy__0p2/recap/trial_1/model.pt
lambda_usage_entropy__0p2,sensitivity,lambda_usage_entropy,0.2,1,cora,0.8243054469637738,0.4219649373326475,/autodl-fs/data/recap/tuning_hyperparams/sensitivity_results/sensitivity_default_v2/checkpoints/lambda_usage_entropy__0p2/recap/trial_1/model.pt
lambda_usage_entropy__0p2,sensitivity,lambda_usage_entropy,0.2,1,citeseer,0.8990913860035673,0.4642663681619778,/autodl-fs/data/recap/tuning_hyperparams/sensitivity_results/sensitivity_default_v2/checkpoints/lambda_usage_entropy__0p2/recap/trial_1/model.pt
lambda_usage_entropy__0p2,sensitivity,lambda_usage_entropy,0.2,1,ACM,0.772167788017952,0.3682396069353441,/autodl-fs/data/recap/tuning_hyperparams/sensitivity_results/sensitivity_default_v2/checkpoints/lambda_usage_entropy__0p2/recap/trial_1/model.pt
lambda_usage_entropy__0p2,sensitivity,lambda_usage_entropy,0.2,1,BlogCatalog,0.7257318899782135,0.32586409160093255,/autodl-fs/data/recap/tuning_hyperparams/sensitivity_results/sensitivity_default_v2/checkpoints/lambda_usage_entropy__0p2/recap/trial_1/model.pt
lambda_usage_entropy__0p2,sensitivity,lambda_usage_entropy,0.2,1,weibo,0.7350199079319291,0.3040352385077218,/autodl-fs/data/recap/tuning_hyperparams/sensitivity_results/sensitivity_default_v2/checkpoints/lambda_usage_entropy__0p2/recap/trial_1/model.pt
lambda_usage_entropy__0p2,sensitivity,lambda_usage_entropy,0.2,1,Reddit,0.5905248279290657,0.04655389631068367,/autodl-fs/data/recap/tuning_hyperparams/sensitivity_results/sensitivity_default_v2/checkpoints/lambda_usage_entropy__0p2/recap/trial_1/model.pt
lambda_usage_entropy__0p2,sensitivity,lambda_usage_entropy,0.2,1,Amazon,0.7118387738469576,0.12423380332278079,/autodl-fs/data/recap/tuning_hyperparams/sensitivity_results/sensitivity_default_v2/checkpoints/lambda_usage_entropy__0p2/recap/trial_1/model.pt
lambda_usage_entropy__0p2,sensitivity,lambda_usage_entropy,0.2,2,Facebook,0.5768560606060606,0.03431023813471826,/autodl-fs/data/recap/tuning_hyperparams/sensitivity_results/sensitivity_default_v2/checkpoints/lambda_usage_entropy__0p2/recap/trial_2/model.pt
lambda_usage_entropy__0p2,sensitivity,lambda_usage_entropy,0.2,2,cora,0.8211076361740943,0.403212795102115,/autodl-fs/data/recap/tuning_hyperparams/sensitivity_results/sensitivity_default_v2/checkpoints/lambda_usage_entropy__0p2/recap/trial_2/model.pt
lambda_usage_entropy__0p2,sensitivity,lambda_usage_entropy,0.2,2,citeseer,0.9057958241527648,0.43902407995012926,/autodl-fs/data/recap/tuning_hyperparams/sensitivity_results/sensitivity_default_v2/checkpoints/lambda_usage_entropy__0p2/recap/trial_2/model.pt
lambda_usage_entropy__0p2,sensitivity,lambda_usage_entropy,0.2,2,ACM,0.7827162184688156,0.37219723745516115,/autodl-fs/data/recap/tuning_hyperparams/sensitivity_results/sensitivity_default_v2/checkpoints/lambda_usage_entropy__0p2/recap/trial_2/model.pt
lambda_usage_entropy__0p2,sensitivity,lambda_usage_entropy,0.2,2,BlogCatalog,0.7406753812636167,0.3294804365399791,/autodl-fs/data/recap/tuning_hyperparams/sensitivity_results/sensitivity_default_v2/checkpoints/lambda_usage_entropy__0p2/recap/trial_2/model.pt
lambda_usage_entropy__0p2,sensitivity,lambda_usage_entropy,0.2,2,weibo,0.7431882131102536,0.31293845192556397,/autodl-fs/data/recap/tuning_hyperparams/sensitivity_results/sensitivity_default_v2/checkpoints/lambda_usage_entropy__0p2/recap/trial_2/model.pt
lambda_usage_entropy__0p2,sensitivity,lambda_usage_entropy,0.2,2,Reddit,0.5887623038309006,0.04580584510738325,/autodl-fs/data/recap/tuning_hyperparams/sensitivity_results/sensitivity_default_v2/checkpoints/lambda_usage_entropy__0p2/recap/trial_2/model.pt
lambda_usage_entropy__0p2,sensitivity,lambda_usage_entropy,0.2,2,Amazon,0.7300710690701249,0.13123213278278492,/autodl-fs/data/recap/tuning_hyperparams/sensitivity_results/sensitivity_default_v2/checkpoints/lambda_usage_entropy__0p2/recap/trial_2/model.pt
lambda_usage_entropy__0p3,sensitivity,lambda_usage_entropy,0.3,0,Facebook,0.5981818181818181,0.053972977472799964,/autodl-fs/data/recap/tuning_hyperparams/sensitivity_results/sensitivity_default_v2/checkpoints/lambda_usage_entropy__0p3/recap/trial_0/model.pt
lambda_usage_entropy__0p3,sensitivity,lambda_usage_entropy,0.3,0,cora,0.8190956476413865,0.41874231897005026,/autodl-fs/data/recap/tuning_hyperparams/sensitivity_results/sensitivity_default_v2/checkpoints/lambda_usage_entropy__0p3/recap/trial_0/model.pt
lambda_usage_entropy__0p3,sensitivity,lambda_usage_entropy,0.3,0,citeseer,0.9048935054034206,0.47148654488929975,/autodl-fs/data/recap/tuning_hyperparams/sensitivity_results/sensitivity_default_v2/checkpoints/lambda_usage_entropy__0p3/recap/trial_0/model.pt
lambda_usage_entropy__0p3,sensitivity,lambda_usage_entropy,0.3,0,ACM,0.7862267211933021,0.36733210509937925,/autodl-fs/data/recap/tuning_hyperparams/sensitivity_results/sensitivity_default_v2/checkpoints/lambda_usage_entropy__0p3/recap/trial_0/model.pt
lambda_usage_entropy__0p3,sensitivity,lambda_usage_entropy,0.3,0,BlogCatalog,0.7327781181917212,0.3325321038233701,/autodl-fs/data/recap/tuning_hyperparams/sensitivity_results/sensitivity_default_v2/checkpoints/lambda_usage_entropy__0p3/recap/trial_0/model.pt
lambda_usage_entropy__0p3,sensitivity,lambda_usage_entropy,0.3,0,weibo,0.7653905861650878,0.3116912432488391,/autodl-fs/data/recap/tuning_hyperparams/sensitivity_results/sensitivity_default_v2/checkpoints/lambda_usage_entropy__0p3/recap/trial_0/model.pt
lambda_usage_entropy__0p3,sensitivity,lambda_usage_entropy,0.3,0,Reddit,0.5877463982699755,0.046324393614553344,/autodl-fs/data/recap/tuning_hyperparams/sensitivity_results/sensitivity_default_v2/checkpoints/lambda_usage_entropy__0p3/recap/trial_0/model.pt
lambda_usage_entropy__0p3,sensitivity,lambda_usage_entropy,0.3,0,Amazon,0.7317918910616424,0.13602327939937334,/autodl-fs/data/recap/tuning_hyperparams/sensitivity_results/sensitivity_default_v2/checkpoints/lambda_usage_entropy__0p3/recap/trial_0/model.pt
lambda_usage_entropy__0p3,sensitivity,lambda_usage_entropy,0.3,1,Facebook,0.6039772727272728,0.050150732392601045,/autodl-fs/data/recap/tuning_hyperparams/sensitivity_results/sensitivity_default_v2/checkpoints/lambda_usage_entropy__0p3/recap/trial_1/model.pt
lambda_usage_entropy__0p3,sensitivity,lambda_usage_entropy,0.3,1,cora,0.8250482147511076,0.424675548772201,/autodl-fs/data/recap/tuning_hyperparams/sensitivity_results/sensitivity_default_v2/checkpoints/lambda_usage_entropy__0p3/recap/trial_1/model.pt
lambda_usage_entropy__0p3,sensitivity,lambda_usage_entropy,0.3,1,citeseer,0.8997408456615255,0.4658062272742558,/autodl-fs/data/recap/tuning_hyperparams/sensitivity_results/sensitivity_default_v2/checkpoints/lambda_usage_entropy__0p3/recap/trial_1/model.pt
lambda_usage_entropy__0p3,sensitivity,lambda_usage_entropy,0.3,1,ACM,0.7718154778002388,0.3683420904762901,/autodl-fs/data/recap/tuning_hyperparams/sensitivity_results/sensitivity_default_v2/checkpoints/lambda_usage_entropy__0p3/recap/trial_1/model.pt
lambda_usage_entropy__0p3,sensitivity,lambda_usage_entropy,0.3,1,BlogCatalog,0.7273175381263617,0.3263942215290051,/autodl-fs/data/recap/tuning_hyperparams/sensitivity_results/sensitivity_default_v2/checkpoints/lambda_usage_entropy__0p3/recap/trial_1/model.pt
lambda_usage_entropy__0p3,sensitivity,lambda_usage_entropy,0.3,1,weibo,0.733721398397705,0.30563560977775117,/autodl-fs/data/recap/tuning_hyperparams/sensitivity_results/sensitivity_default_v2/checkpoints/lambda_usage_entropy__0p3/recap/trial_1/model.pt
lambda_usage_entropy__0p3,sensitivity,lambda_usage_entropy,0.3,1,Reddit,0.591405382343829,0.046719985363046355,/autodl-fs/data/recap/tuning_hyperparams/sensitivity_results/sensitivity_default_v2/checkpoints/lambda_usage_entropy__0p3/recap/trial_1/model.pt
lambda_usage_entropy__0p3,sensitivity,lambda_usage_entropy,0.3,1,Amazon,0.7110157588596366,0.12300639561985201,/autodl-fs/data/recap/tuning_hyperparams/sensitivity_results/sensitivity_default_v2/checkpoints/lambda_usage_entropy__0p3/recap/trial_1/model.pt
lambda_usage_entropy__0p3,sensitivity,lambda_usage_entropy,0.3,2,Facebook,0.5844318181818182,0.03811330250800129,/autodl-fs/data/recap/tuning_hyperparams/sensitivity_results/sensitivity_default_v2/checkpoints/lambda_usage_entropy__0p3/recap/trial_2/model.pt
lambda_usage_entropy__0p3,sensitivity,lambda_usage_entropy,0.3,2,cora,0.8193302058900183,0.40343038745712545,/autodl-fs/data/recap/tuning_hyperparams/sensitivity_results/sensitivity_default_v2/checkpoints/lambda_usage_entropy__0p3/recap/trial_2/model.pt
lambda_usage_entropy__0p3,sensitivity,lambda_usage_entropy,0.3,2,citeseer,0.9051600041968316,0.437299097852495,/autodl-fs/data/recap/tuning_hyperparams/sensitivity_results/sensitivity_default_v2/checkpoints/lambda_usage_entropy__0p3/recap/trial_2/model.pt
lambda_usage_entropy__0p3,sensitivity,lambda_usage_entropy,0.3,2,ACM,0.7841879821465229,0.3726462426668215,/autodl-fs/data/recap/tuning_hyperparams/sensitivity_results/sensitivity_default_v2/checkpoints/lambda_usage_entropy__0p3/recap/trial_2/model.pt
lambda_usage_entropy__0p3,sensitivity,lambda_usage_entropy,0.3,2,BlogCatalog,0.7459763071895424,0.3308028598157786,/autodl-fs/data/recap/tuning_hyperparams/sensitivity_results/sensitivity_default_v2/checkpoints/lambda_usage_entropy__0p3/recap/trial_2/model.pt
lambda_usage_entropy__0p3,sensitivity,lambda_usage_entropy,0.3,2,weibo,0.73703592232238,0.31227848509096784,/autodl-fs/data/recap/tuning_hyperparams/sensitivity_results/sensitivity_default_v2/checkpoints/lambda_usage_entropy__0p3/recap/trial_2/model.pt
lambda_usage_entropy__0p3,sensitivity,lambda_usage_entropy,0.3,2,Reddit,0.5871950868048587,0.04548953990838189,/autodl-fs/data/recap/tuning_hyperparams/sensitivity_results/sensitivity_default_v2/checkpoints/lambda_usage_entropy__0p3/recap/trial_2/model.pt
lambda_usage_entropy__0p3,sensitivity,lambda_usage_entropy,0.3,2,Amazon,0.7315300433021554,0.13218226453565038,/autodl-fs/data/recap/tuning_hyperparams/sensitivity_results/sensitivity_default_v2/checkpoints/lambda_usage_entropy__0p3/recap/trial_2/model.pt
lambda_usage_entropy__0p5,sensitivity,lambda_usage_entropy,0.5,0,Facebook,0.6002651515151515,0.0540282696491192,/autodl-fs/data/recap/tuning_hyperparams/sensitivity_results/sensitivity_default_v2/checkpoints/lambda_usage_entropy__0p5/recap/trial_0/model.pt
lambda_usage_entropy__0p5,sensitivity,lambda_usage_entropy,0.5,0,cora,0.819238988793328,0.41771288163596837,/autodl-fs/data/recap/tuning_hyperparams/sensitivity_results/sensitivity_default_v2/checkpoints/lambda_usage_entropy__0p5/recap/trial_0/model.pt
lambda_usage_entropy__0p5,sensitivity,lambda_usage_entropy,0.5,0,citeseer,0.9043206379183717,0.4702303027806826,/autodl-fs/data/recap/tuning_hyperparams/sensitivity_results/sensitivity_default_v2/checkpoints/lambda_usage_entropy__0p5/recap/trial_0/model.pt
lambda_usage_entropy__0p5,sensitivity,lambda_usage_entropy,0.5,0,ACM,0.7856653865833647,0.36732686181852364,/autodl-fs/data/recap/tuning_hyperparams/sensitivity_results/sensitivity_default_v2/checkpoints/lambda_usage_entropy__0p5/recap/trial_0/model.pt
lambda_usage_entropy__0p5,sensitivity,lambda_usage_entropy,0.5,0,BlogCatalog,0.7330266203703704,0.3329227420284419,/autodl-fs/data/recap/tuning_hyperparams/sensitivity_results/sensitivity_default_v2/checkpoints/lambda_usage_entropy__0p5/recap/trial_0/model.pt
lambda_usage_entropy__0p5,sensitivity,lambda_usage_entropy,0.5,0,weibo,0.7634427454358804,0.3121731541658272,/autodl-fs/data/recap/tuning_hyperparams/sensitivity_results/sensitivity_default_v2/checkpoints/lambda_usage_entropy__0p5/recap/trial_0/model.pt
lambda_usage_entropy__0p5,sensitivity,lambda_usage_entropy,0.5,0,Reddit,0.5879885378679569,0.046388489126506435,/autodl-fs/data/recap/tuning_hyperparams/sensitivity_results/sensitivity_default_v2/checkpoints/lambda_usage_entropy__0p5/recap/trial_0/model.pt
lambda_usage_entropy__0p5,sensitivity,lambda_usage_entropy,0.5,0,Amazon,0.7338335314413373,0.13715460757004028,/autodl-fs/data/recap/tuning_hyperparams/sensitivity_results/sensitivity_default_v2/checkpoints/lambda_usage_entropy__0p5/recap/trial_0/model.pt
lambda_usage_entropy__0p5,sensitivity,lambda_usage_entropy,0.5,1,Facebook,0.6027272727272727,0.04914083548162989,/autodl-fs/data/recap/tuning_hyperparams/sensitivity_results/sensitivity_default_v2/checkpoints/lambda_usage_entropy__0p5/recap/trial_1/model.pt
lambda_usage_entropy__0p5,sensitivity,lambda_usage_entropy,0.5,1,cora,0.8230648944487883,0.4235881184733321,/autodl-fs/data/recap/tuning_hyperparams/sensitivity_results/sensitivity_default_v2/checkpoints/lambda_usage_entropy__0p5/recap/trial_1/model.pt
lambda_usage_entropy__0p5,sensitivity,lambda_usage_entropy,0.5,1,citeseer,0.8993452943028015,0.46619785943935943,/autodl-fs/data/recap/tuning_hyperparams/sensitivity_results/sensitivity_default_v2/checkpoints/lambda_usage_entropy__0p5/recap/trial_1/model.pt
lambda_usage_entropy__0p5,sensitivity,lambda_usage_entropy,0.5,1,ACM,0.7720303538210976,0.3679527630632242,/autodl-fs/data/recap/tuning_hyperparams/sensitivity_results/sensitivity_default_v2/checkpoints/lambda_usage_entropy__0p5/recap/trial_1/model.pt
lambda_usage_entropy__0p5,sensitivity,lambda_usage_entropy,0.5,1,BlogCatalog,0.7279772603485839,0.3267923811224422,/autodl-fs/data/recap/tuning_hyperparams/sensitivity_results/sensitivity_default_v2/checkpoints/lambda_usage_entropy__0p5/recap/trial_1/model.pt
lambda_usage_entropy__0p5,sensitivity,lambda_usage_entropy,0.5,1,weibo,0.7371656204200598,0.305740902312835,/autodl-fs/data/recap/tuning_hyperparams/sensitivity_results/sensitivity_default_v2/checkpoints/lambda_usage_entropy__0p5/recap/trial_1/model.pt
lambda_usage_entropy__0p5,sensitivity,lambda_usage_entropy,0.5,1,Reddit,0.5914658529129317,0.04680296023185504,/autodl-fs/data/recap/tuning_hyperparams/sensitivity_results/sensitivity_default_v2/checkpoints/lambda_usage_entropy__0p5/recap/trial_1/model.pt
lambda_usage_entropy__0p5,sensitivity,lambda_usage_entropy,0.5,1,Amazon,0.6974577375899379,0.11937807130611597,/autodl-fs/data/recap/tuning_hyperparams/sensitivity_results/sensitivity_default_v2/checkpoints/lambda_usage_entropy__0p5/recap/trial_1/model.pt
lambda_usage_entropy__0p5,sensitivity,lambda_usage_entropy,0.5,2,Facebook,0.5882954545454546,0.04011224385361733,/autodl-fs/data/recap/tuning_hyperparams/sensitivity_results/sensitivity_default_v2/checkpoints/lambda_usage_entropy__0p5/recap/trial_2/model.pt
lambda_usage_entropy__0p5,sensitivity,lambda_usage_entropy,0.5,2,cora,0.8142064112587958,0.3828861246133751,/autodl-fs/data/recap/tuning_hyperparams/sensitivity_results/sensitivity_default_v2/checkpoints/lambda_usage_entropy__0p5/recap/trial_2/model.pt
lambda_usage_entropy__0p5,sensitivity,lambda_usage_entropy,0.5,2,citeseer,0.9016115832546429,0.4313480200517638,/autodl-fs/data/recap/tuning_hyperparams/sensitivity_results/sensitivity_default_v2/checkpoints/lambda_usage_entropy__0p5/recap/trial_2/model.pt
lambda_usage_entropy__0p5,sensitivity,lambda_usage_entropy,0.5,2,ACM,0.7860582891798958,0.37193151336029173,/autodl-fs/data/recap/tuning_hyperparams/sensitivity_results/sensitivity_default_v2/checkpoints/lambda_usage_entropy__0p5/recap/trial_2/model.pt
lambda_usage_entropy__0p5,sensitivity,lambda_usage_entropy,0.5,2,BlogCatalog,0.7419835920479303,0.32560292842923905,/autodl-fs/data/recap/tuning_hyperparams/sensitivity_results/sensitivity_default_v2/checkpoints/lambda_usage_entropy__0p5/recap/trial_2/model.pt
lambda_usage_entropy__0p5,sensitivity,lambda_usage_entropy,0.5,2,weibo,0.727888041116972,0.3071657724402567,/autodl-fs/data/recap/tuning_hyperparams/sensitivity_results/sensitivity_default_v2/checkpoints/lambda_usage_entropy__0p5/recap/trial_2/model.pt
lambda_usage_entropy__0p5,sensitivity,lambda_usage_entropy,0.5,2,Reddit,0.5832637278484726,0.04487426876845923,/autodl-fs/data/recap/tuning_hyperparams/sensitivity_results/sensitivity_default_v2/checkpoints/lambda_usage_entropy__0p5/recap/trial_2/model.pt
lambda_usage_entropy__0p5,sensitivity,lambda_usage_entropy,0.5,2,Amazon,0.7226279007833935,0.12710530329616068,/autodl-fs/data/recap/tuning_hyperparams/sensitivity_results/sensitivity_default_v2/checkpoints/lambda_usage_entropy__0p5/recap/trial_2/model.pt
lambda_usage_entropy__0p8,sensitivity,lambda_usage_entropy,0.8,0,Facebook,0.5972348484848485,0.0534550972928734,/autodl-fs/data/recap/tuning_hyperparams/sensitivity_results/sensitivity_default_v2/checkpoints/lambda_usage_entropy__0p8/recap/trial_0/model.pt
lambda_usage_entropy__0p8,sensitivity,lambda_usage_entropy,0.8,0,cora,0.8191008600469116,0.4122242427214869,/autodl-fs/data/recap/tuning_hyperparams/sensitivity_results/sensitivity_default_v2/checkpoints/lambda_usage_entropy__0p8/recap/trial_0/model.pt
lambda_usage_entropy__0p8,sensitivity,lambda_usage_entropy,0.8,0,citeseer,0.9036890147938307,0.46879985965808324,/autodl-fs/data/recap/tuning_hyperparams/sensitivity_results/sensitivity_default_v2/checkpoints/lambda_usage_entropy__0p8/recap/trial_0/model.pt
lambda_usage_entropy__0p8,sensitivity,lambda_usage_entropy,0.8,0,ACM,0.785088763934652,0.3666857279538013,/autodl-fs/data/recap/tuning_hyperparams/sensitivity_results/sensitivity_default_v2/checkpoints/lambda_usage_entropy__0p8/recap/trial_0/model.pt
lambda_usage_entropy__0p8,sensitivity,lambda_usage_entropy,0.8,0,BlogCatalog,0.737276688453159,0.3326146316666064,/autodl-fs/data/recap/tuning_hyperparams/sensitivity_results/sensitivity_default_v2/checkpoints/lambda_usage_entropy__0p8/recap/trial_0/model.pt
lambda_usage_entropy__0p8,sensitivity,lambda_usage_entropy,0.8,0,weibo,0.752402204424379,0.31035754991855924,/autodl-fs/data/recap/tuning_hyperparams/sensitivity_results/sensitivity_default_v2/checkpoints/lambda_usage_entropy__0p8/recap/trial_0/model.pt
lambda_usage_entropy__0p8,sensitivity,lambda_usage_entropy,0.8,0,Reddit,0.5871815774223995,0.04622280919972388,/autodl-fs/data/recap/tuning_hyperparams/sensitivity_results/sensitivity_default_v2/checkpoints/lambda_usage_entropy__0p8/recap/trial_0/model.pt
lambda_usage_entropy__0p8,sensitivity,lambda_usage_entropy,0.8,0,Amazon,0.7356012876944573,0.13807680817900064,/autodl-fs/data/recap/tuning_hyperparams/sensitivity_results/sensitivity_default_v2/checkpoints/lambda_usage_entropy__0p8/recap/trial_0/model.pt
lambda_usage_entropy__0p8,sensitivity,lambda_usage_entropy,0.8,1,Facebook,0.598560606060606,0.052648865714857065,/autodl-fs/data/recap/tuning_hyperparams/sensitivity_results/sensitivity_default_v2/checkpoints/lambda_usage_entropy__0p8/recap/trial_1/model.pt
lambda_usage_entropy__0p8,sensitivity,lambda_usage_entropy,0.8,1,cora,0.8240265832681782,0.4163743242300653,/autodl-fs/data/recap/tuning_hyperparams/sensitivity_results/sensitivity_default_v2/checkpoints/lambda_usage_entropy__0p8/recap/trial_1/model.pt
lambda_usage_entropy__0p8,sensitivity,lambda_usage_entropy,0.8,1,citeseer,0.8993683768754591,0.4658969714517328,/autodl-fs/data/recap/tuning_hyperparams/sensitivity_results/sensitivity_default_v2/checkpoints/lambda_usage_entropy__0p8/recap/trial_1/model.pt
lambda_usage_entropy__0p8,sensitivity,lambda_usage_entropy,0.8,1,ACM,0.7720006212215481,0.36873960036631803,/autodl-fs/data/recap/tuning_hyperparams/sensitivity_results/sensitivity_default_v2/checkpoints/lambda_usage_entropy__0p8/recap/trial_1/model.pt
lambda_usage_entropy__0p8,sensitivity,lambda_usage_entropy,0.8,1,BlogCatalog,0.7249148965141614,0.3242321227364816,/autodl-fs/data/recap/tuning_hyperparams/sensitivity_results/sensitivity_default_v2/checkpoints/lambda_usage_entropy__0p8/recap/trial_1/model.pt
lambda_usage_entropy__0p8,sensitivity,lambda_usage_entropy,0.8,1,weibo,0.7467420327001233,0.3088420796512787,/autodl-fs/data/recap/tuning_hyperparams/sensitivity_results/sensitivity_default_v2/checkpoints/lambda_usage_entropy__0p8/recap/trial_1/model.pt
lambda_usage_entropy__0p8,sensitivity,lambda_usage_entropy,0.8,1,Reddit,0.5897244291835598,0.04651791586692813,/autodl-fs/data/recap/tuning_hyperparams/sensitivity_results/sensitivity_default_v2/checkpoints/lambda_usage_entropy__0p8/recap/trial_1/model.pt
lambda_usage_entropy__0p8,sensitivity,lambda_usage_entropy,0.8,1,Amazon,0.703270243087681,0.12023045679522322,/autodl-fs/data/recap/tuning_hyperparams/sensitivity_results/sensitivity_default_v2/checkpoints/lambda_usage_entropy__0p8/recap/trial_1/model.pt
lambda_usage_entropy__0p8,sensitivity,lambda_usage_entropy,0.8,2,Facebook,0.5970075757575758,0.041641167668319094,/autodl-fs/data/recap/tuning_hyperparams/sensitivity_results/sensitivity_default_v2/checkpoints/lambda_usage_entropy__0p8/recap/trial_2/model.pt
lambda_usage_entropy__0p8,sensitivity,lambda_usage_entropy,0.8,2,cora,0.8151368256450352,0.3807984344627267,/autodl-fs/data/recap/tuning_hyperparams/sensitivity_results/sensitivity_default_v2/checkpoints/lambda_usage_entropy__0p8/recap/trial_2/model.pt
lambda_usage_entropy__0p8,sensitivity,lambda_usage_entropy,0.8,2,citeseer,0.8998782918896233,0.42666018210503165,/autodl-fs/data/recap/tuning_hyperparams/sensitivity_results/sensitivity_default_v2/checkpoints/lambda_usage_entropy__0p8/recap/trial_2/model.pt
lambda_usage_entropy__0p8,sensitivity,lambda_usage_entropy,0.8,2,ACM,0.7854478746937515,0.3704677353857053,/autodl-fs/data/recap/tuning_hyperparams/sensitivity_results/sensitivity_default_v2/checkpoints/lambda_usage_entropy__0p8/recap/trial_2/model.pt
lambda_usage_entropy__0p8,sensitivity,lambda_usage_entropy,0.8,2,BlogCatalog,0.7371037581699347,0.32222646198135413,/autodl-fs/data/recap/tuning_hyperparams/sensitivity_results/sensitivity_default_v2/checkpoints/lambda_usage_entropy__0p8/recap/trial_2/model.pt
lambda_usage_entropy__0p8,sensitivity,lambda_usage_entropy,0.8,2,weibo,0.7322818794408414,0.3099865281025251,/autodl-fs/data/recap/tuning_hyperparams/sensitivity_results/sensitivity_default_v2/checkpoints/lambda_usage_entropy__0p8/recap/trial_2/model.pt
lambda_usage_entropy__0p8,sensitivity,lambda_usage_entropy,0.8,2,Reddit,0.5844295232243011,0.04515988917506325,/autodl-fs/data/recap/tuning_hyperparams/sensitivity_results/sensitivity_default_v2/checkpoints/lambda_usage_entropy__0p8/recap/trial_2/model.pt
lambda_usage_entropy__0p8,sensitivity,lambda_usage_entropy,0.8,2,Amazon,0.7302541126903733,0.1319727180757696,/autodl-fs/data/recap/tuning_hyperparams/sensitivity_results/sensitivity_default_v2/checkpoints/lambda_usage_entropy__0p8/recap/trial_2/model.pt
cluster_init_gain__0p8,sensitivity,cluster_init_gain,0.8,0,Facebook,0.598030303030303,0.0564082721458683,/autodl-fs/data/recap/tuning_hyperparams/sensitivity_results/sensitivity_default_v2/checkpoints/cluster_init_gain__0p8/recap/trial_0/model.pt
cluster_init_gain__0p8,sensitivity,cluster_init_gain,0.8,0,cora,0.8289627313004952,0.42910286432866734,/autodl-fs/data/recap/tuning_hyperparams/sensitivity_results/sensitivity_default_v2/checkpoints/cluster_init_gain__0p8/recap/trial_0/model.pt
cluster_init_gain__0p8,sensitivity,cluster_init_gain,0.8,0,citeseer,0.9081964117091597,0.4736095400618695,/autodl-fs/data/recap/tuning_hyperparams/sensitivity_results/sensitivity_default_v2/checkpoints/cluster_init_gain__0p8/recap/trial_0/model.pt
cluster_init_gain__0p8,sensitivity,cluster_init_gain,0.8,0,ACM,0.7886194046964222,0.3722242780307357,/autodl-fs/data/recap/tuning_hyperparams/sensitivity_results/sensitivity_default_v2/checkpoints/cluster_init_gain__0p8/recap/trial_0/model.pt
cluster_init_gain__0p8,sensitivity,cluster_init_gain,0.8,0,BlogCatalog,0.7282546977124184,0.3310945335826603,/autodl-fs/data/recap/tuning_hyperparams/sensitivity_results/sensitivity_default_v2/checkpoints/cluster_init_gain__0p8/recap/trial_0/model.pt
cluster_init_gain__0p8,sensitivity,cluster_init_gain,0.8,0,weibo,0.765462810503513,0.30988592555929584,/autodl-fs/data/recap/tuning_hyperparams/sensitivity_results/sensitivity_default_v2/checkpoints/cluster_init_gain__0p8/recap/trial_0/model.pt
cluster_init_gain__0p8,sensitivity,cluster_init_gain,0.8,0,Reddit,0.592161135796827,0.04718543049854763,/autodl-fs/data/recap/tuning_hyperparams/sensitivity_results/sensitivity_default_v2/checkpoints/cluster_init_gain__0p8/recap/trial_0/model.pt
cluster_init_gain__0p8,sensitivity,cluster_init_gain,0.8,0,Amazon,0.7308783383696824,0.1302437417660643,/autodl-fs/data/recap/tuning_hyperparams/sensitivity_results/sensitivity_default_v2/checkpoints/cluster_init_gain__0p8/recap/trial_0/model.pt
cluster_init_gain__0p8,sensitivity,cluster_init_gain,0.8,1,Facebook,0.5859848484848484,0.05647840400964025,/autodl-fs/data/recap/tuning_hyperparams/sensitivity_results/sensitivity_default_v2/checkpoints/cluster_init_gain__0p8/recap/trial_1/model.pt
cluster_init_gain__0p8,sensitivity,cluster_init_gain,0.8,1,cora,0.8284076101120668,0.4275574484057724,/autodl-fs/data/recap/tuning_hyperparams/sensitivity_results/sensitivity_default_v2/checkpoints/cluster_init_gain__0p8/recap/trial_1/model.pt
cluster_init_gain__0p8,sensitivity,cluster_init_gain,0.8,1,citeseer,0.903119294932326,0.47553443464207845,/autodl-fs/data/recap/tuning_hyperparams/sensitivity_results/sensitivity_default_v2/checkpoints/cluster_init_gain__0p8/recap/trial_1/model.pt
cluster_init_gain__0p8,sensitivity,cluster_init_gain,0.8,1,ACM,0.7860329321224785,0.36616104953973183,/autodl-fs/data/recap/tuning_hyperparams/sensitivity_results/sensitivity_default_v2/checkpoints/cluster_init_gain__0p8/recap/trial_1/model.pt
cluster_init_gain__0p8,sensitivity,cluster_init_gain,0.8,1,BlogCatalog,0.7225708061002178,0.33257563975170923,/autodl-fs/data/recap/tuning_hyperparams/sensitivity_results/sensitivity_default_v2/checkpoints/cluster_init_gain__0p8/recap/trial_1/model.pt
cluster_init_gain__0p8,sensitivity,cluster_init_gain,0.8,1,weibo,0.7612640925351981,0.30574666329788247,/autodl-fs/data/recap/tuning_hyperparams/sensitivity_results/sensitivity_default_v2/checkpoints/cluster_init_gain__0p8/recap/trial_1/model.pt
cluster_init_gain__0p8,sensitivity,cluster_init_gain,0.8,1,Reddit,0.588002047250416,0.045566448512345106,/autodl-fs/data/recap/tuning_hyperparams/sensitivity_results/sensitivity_default_v2/checkpoints/cluster_init_gain__0p8/recap/trial_1/model.pt
cluster_init_gain__0p8,sensitivity,cluster_init_gain,0.8,1,Amazon,0.7303352635426918,0.1299182319192485,/autodl-fs/data/recap/tuning_hyperparams/sensitivity_results/sensitivity_default_v2/checkpoints/cluster_init_gain__0p8/recap/trial_1/model.pt
cluster_init_gain__0p8,sensitivity,cluster_init_gain,0.8,2,Facebook,0.5932575757575758,0.04246997105631315,/autodl-fs/data/recap/tuning_hyperparams/sensitivity_results/sensitivity_default_v2/checkpoints/cluster_init_gain__0p8/recap/trial_2/model.pt
cluster_init_gain__0p8,sensitivity,cluster_init_gain,0.8,2,cora,0.8197211363044045,0.4097245031470065,/autodl-fs/data/recap/tuning_hyperparams/sensitivity_results/sensitivity_default_v2/checkpoints/cluster_init_gain__0p8/recap/trial_2/model.pt
cluster_init_gain__0p8,sensitivity,cluster_init_gain,0.8,2,citeseer,0.9061452103661736,0.46364743713495976,/autodl-fs/data/recap/tuning_hyperparams/sensitivity_results/sensitivity_default_v2/checkpoints/cluster_init_gain__0p8/recap/trial_2/model.pt
cluster_init_gain__0p8,sensitivity,cluster_init_gain,0.8,2,ACM,0.789613390803707,0.36977937175737563,/autodl-fs/data/recap/tuning_hyperparams/sensitivity_results/sensitivity_default_v2/checkpoints/cluster_init_gain__0p8/recap/trial_2/model.pt
cluster_init_gain__0p8,sensitivity,cluster_init_gain,0.8,2,BlogCatalog,0.729834218409586,0.33299828106220614,/autodl-fs/data/recap/tuning_hyperparams/sensitivity_results/sensitivity_default_v2/checkpoints/cluster_init_gain__0p8/recap/trial_2/model.pt
cluster_init_gain__0p8,sensitivity,cluster_init_gain,0.8,2,weibo,0.7498459214113598,0.2997220612566603,/autodl-fs/data/recap/tuning_hyperparams/sensitivity_results/sensitivity_default_v2/checkpoints/cluster_init_gain__0p8/recap/trial_2/model.pt
cluster_init_gain__0p8,sensitivity,cluster_init_gain,0.8,2,Reddit,0.587224550124698,0.04517058137530309,/autodl-fs/data/recap/tuning_hyperparams/sensitivity_results/sensitivity_default_v2/checkpoints/cluster_init_gain__0p8/recap/trial_2/model.pt
cluster_init_gain__0p8,sensitivity,cluster_init_gain,0.8,2,Amazon,0.7317432913907576,0.1314804497011708,/autodl-fs/data/recap/tuning_hyperparams/sensitivity_results/sensitivity_default_v2/checkpoints/cluster_init_gain__0p8/recap/trial_2/model.pt
cluster_init_gain__1p0,sensitivity,cluster_init_gain,1.0,0,Facebook,0.6017045454545454,0.05508370428972954,/autodl-fs/data/recap/tuning_hyperparams/sensitivity_results/sensitivity_default_v2/checkpoints/cluster_init_gain__1p0/recap/trial_0/model.pt
cluster_init_gain__1p0,sensitivity,cluster_init_gain,1.0,0,cora,0.8286812614021372,0.4323027166396171,/autodl-fs/data/recap/tuning_hyperparams/sensitivity_results/sensitivity_default_v2/checkpoints/cluster_init_gain__1p0/recap/trial_0/model.pt
cluster_init_gain__1p0,sensitivity,cluster_init_gain,1.0,0,citeseer,0.9085342566362395,0.47271433148486625,/autodl-fs/data/recap/tuning_hyperparams/sensitivity_results/sensitivity_default_v2/checkpoints/cluster_init_gain__1p0/recap/trial_0/model.pt
cluster_init_gain__1p0,sensitivity,cluster_init_gain,1.0,0,ACM,0.7884419580118759,0.37350012799123816,/autodl-fs/data/recap/tuning_hyperparams/sensitivity_results/sensitivity_default_v2/checkpoints/cluster_init_gain__1p0/recap/trial_0/model.pt
cluster_init_gain__1p0,sensitivity,cluster_init_gain,1.0,0,BlogCatalog,0.7269580610021786,0.3297193976401594,/autodl-fs/data/recap/tuning_hyperparams/sensitivity_results/sensitivity_default_v2/checkpoints/cluster_init_gain__1p0/recap/trial_0/model.pt
cluster_init_gain__1p0,sensitivity,cluster_init_gain,1.0,0,weibo,0.760519837923999,0.312094059703596,/autodl-fs/data/recap/tuning_hyperparams/sensitivity_results/sensitivity_default_v2/checkpoints/cluster_init_gain__1p0/recap/trial_0/model.pt
cluster_init_gain__1p0,sensitivity,cluster_init_gain,1.0,0,Reddit,0.5898442123746973,0.046758025980682,/autodl-fs/data/recap/tuning_hyperparams/sensitivity_results/sensitivity_default_v2/checkpoints/cluster_init_gain__1p0/recap/trial_0/model.pt
cluster_init_gain__1p0,sensitivity,cluster_init_gain,1.0,0,Amazon,0.732399235546859,0.1314609053570796,/autodl-fs/data/recap/tuning_hyperparams/sensitivity_results/sensitivity_default_v2/checkpoints/cluster_init_gain__1p0/recap/trial_0/model.pt
cluster_init_gain__1p0,sensitivity,cluster_init_gain,1.0,1,Facebook,0.5875,0.056642339353211925,/autodl-fs/data/recap/tuning_hyperparams/sensitivity_results/sensitivity_default_v2/checkpoints/cluster_init_gain__1p0/recap/trial_1/model.pt
cluster_init_gain__1p0,sensitivity,cluster_init_gain,1.0,1,cora,0.8273234297628356,0.42090991847471826,/autodl-fs/data/recap/tuning_hyperparams/sensitivity_results/sensitivity_default_v2/checkpoints/cluster_init_gain__1p0/recap/trial_1/model.pt
cluster_init_gain__1p0,sensitivity,cluster_init_gain,1.0,1,citeseer,0.9012674430804745,0.47365725815755516,/autodl-fs/data/recap/tuning_hyperparams/sensitivity_results/sensitivity_default_v2/checkpoints/cluster_init_gain__1p0/recap/trial_1/model.pt
cluster_init_gain__1p0,sensitivity,cluster_init_gain,1.0,1,ACM,0.7844799309697604,0.36649010100546286,/autodl-fs/data/recap/tuning_hyperparams/sensitivity_results/sensitivity_default_v2/checkpoints/cluster_init_gain__1p0/recap/trial_1/model.pt
cluster_init_gain__1p0,sensitivity,cluster_init_gain,1.0,1,BlogCatalog,0.7236717047930283,0.33230065617486215,/autodl-fs/data/recap/tuning_hyperparams/sensitivity_results/sensitivity_default_v2/checkpoints/cluster_init_gain__1p0/recap/trial_1/model.pt
cluster_init_gain__1p0,sensitivity,cluster_init_gain,1.0,1,weibo,0.7640317750403691,0.30657608315738955,/autodl-fs/data/recap/tuning_hyperparams/sensitivity_results/sensitivity_default_v2/checkpoints/cluster_init_gain__1p0/recap/trial_1/model.pt
cluster_init_gain__1p0,sensitivity,cluster_init_gain,1.0,1,Reddit,0.5860556668900216,0.04534482536843812,/autodl-fs/data/recap/tuning_hyperparams/sensitivity_results/sensitivity_default_v2/checkpoints/cluster_init_gain__1p0/recap/trial_1/model.pt
cluster_init_gain__1p0,sensitivity,cluster_init_gain,1.0,1,Amazon,0.7248388073065442,0.12740308339073794,/autodl-fs/data/recap/tuning_hyperparams/sensitivity_results/sensitivity_default_v2/checkpoints/cluster_init_gain__1p0/recap/trial_1/model.pt
cluster_init_gain__1p0,sensitivity,cluster_init_gain,1.0,2,Facebook,0.5935227272727273,0.041514833411989936,/autodl-fs/data/recap/tuning_hyperparams/sensitivity_results/sensitivity_default_v2/checkpoints/cluster_init_gain__1p0/recap/trial_2/model.pt
cluster_init_gain__1p0,sensitivity,cluster_init_gain,1.0,2,cora,0.8208574407088871,0.40208092065811335,/autodl-fs/data/recap/tuning_hyperparams/sensitivity_results/sensitivity_default_v2/checkpoints/cluster_init_gain__1p0/recap/trial_2/model.pt
cluster_init_gain__1p0,sensitivity,cluster_init_gain,1.0,2,citeseer,0.9058671702864337,0.457053338881129,/autodl-fs/data/recap/tuning_hyperparams/sensitivity_results/sensitivity_default_v2/checkpoints/cluster_init_gain__1p0/recap/trial_2/model.pt
cluster_init_gain__1p0,sensitivity,cluster_init_gain,1.0,2,ACM,0.7900063988349881,0.37358779424134614,/autodl-fs/data/recap/tuning_hyperparams/sensitivity_results/sensitivity_default_v2/checkpoints/cluster_init_gain__1p0/recap/trial_2/model.pt
cluster_init_gain__1p0,sensitivity,cluster_init_gain,1.0,2,BlogCatalog,0.7322586465141613,0.33174891170124127,/autodl-fs/data/recap/tuning_hyperparams/sensitivity_results/sensitivity_default_v2/checkpoints/cluster_init_gain__1p0/recap/trial_2/model.pt
cluster_init_gain__1p0,sensitivity,cluster_init_gain,1.0,2,weibo,0.7524663274084409,0.3011039564285626,/autodl-fs/data/recap/tuning_hyperparams/sensitivity_results/sensitivity_default_v2/checkpoints/cluster_init_gain__1p0/recap/trial_2/model.pt
cluster_init_gain__1p0,sensitivity,cluster_init_gain,1.0,2,Reddit,0.5831909058439787,0.044741522202806396,/autodl-fs/data/recap/tuning_hyperparams/sensitivity_results/sensitivity_default_v2/checkpoints/cluster_init_gain__1p0/recap/trial_2/model.pt
cluster_init_gain__1p0,sensitivity,cluster_init_gain,1.0,2,Amazon,0.7266369951292835,0.1293010897923208,/autodl-fs/data/recap/tuning_hyperparams/sensitivity_results/sensitivity_default_v2/checkpoints/cluster_init_gain__1p0/recap/trial_2/model.pt
cluster_init_gain__1p25,sensitivity,cluster_init_gain,1.25,0,Facebook,0.5999242424242425,0.0545208126136392,/autodl-fs/data/recap/tuning_hyperparams/sensitivity_results/sensitivity_default_v2/checkpoints/cluster_init_gain__1p25/recap/trial_0/model.pt
cluster_init_gain__1p25,sensitivity,cluster_init_gain,1.25,0,cora,0.8188402397706542,0.42256695084093465,/autodl-fs/data/recap/tuning_hyperparams/sensitivity_results/sensitivity_default_v2/checkpoints/cluster_init_gain__1p25/recap/trial_0/model.pt
cluster_init_gain__1p25,sensitivity,cluster_init_gain,1.25,0,citeseer,0.9056195572342881,0.47524377805621193,/autodl-fs/data/recap/tuning_hyperparams/sensitivity_results/sensitivity_default_v2/checkpoints/cluster_init_gain__1p25/recap/trial_0/model.pt
cluster_init_gain__1p25,sensitivity,cluster_init_gain,1.25,0,ACM,0.7901066672824056,0.3668920356815055,/autodl-fs/data/recap/tuning_hyperparams/sensitivity_results/sensitivity_default_v2/checkpoints/cluster_init_gain__1p25/recap/trial_0/model.pt
cluster_init_gain__1p25,sensitivity,cluster_init_gain,1.25,0,BlogCatalog,0.7388303376906319,0.3327389350817244,/autodl-fs/data/recap/tuning_hyperparams/sensitivity_results/sensitivity_default_v2/checkpoints/cluster_init_gain__1p25/recap/trial_0/model.pt
cluster_init_gain__1p25,sensitivity,cluster_init_gain,1.25,0,weibo,0.7407947214632085,0.30811145175444116,/autodl-fs/data/recap/tuning_hyperparams/sensitivity_results/sensitivity_default_v2/checkpoints/cluster_init_gain__1p25/recap/trial_0/model.pt
cluster_init_gain__1p25,sensitivity,cluster_init_gain,1.25,0,Reddit,0.5912458429700261,0.04660079374630071,/autodl-fs/data/recap/tuning_hyperparams/sensitivity_results/sensitivity_default_v2/checkpoints/cluster_init_gain__1p25/recap/trial_0/model.pt
cluster_init_gain__1p25,sensitivity,cluster_init_gain,1.25,0,Amazon,0.7444806443862159,0.14267502495189321,/autodl-fs/data/recap/tuning_hyperparams/sensitivity_results/sensitivity_default_v2/checkpoints/cluster_init_gain__1p25/recap/trial_0/model.pt
cluster_init_gain__1p25,sensitivity,cluster_init_gain,1.25,1,Facebook,0.5882954545454546,0.05056956343313282,/autodl-fs/data/recap/tuning_hyperparams/sensitivity_results/sensitivity_default_v2/checkpoints/cluster_init_gain__1p25/recap/trial_1/model.pt
cluster_init_gain__1p25,sensitivity,cluster_init_gain,1.25,1,cora,0.8270706280948658,0.4281011109565312,/autodl-fs/data/recap/tuning_hyperparams/sensitivity_results/sensitivity_default_v2/checkpoints/cluster_init_gain__1p25/recap/trial_1/model.pt
cluster_init_gain__1p25,sensitivity,cluster_init_gain,1.25,1,citeseer,0.8996191375511489,0.46676900159372514,/autodl-fs/data/recap/tuning_hyperparams/sensitivity_results/sensitivity_default_v2/checkpoints/cluster_init_gain__1p25/recap/trial_1/model.pt
cluster_init_gain__1p25,sensitivity,cluster_init_gain,1.25,1,ACM,0.7832056992965077,0.36770798413803374,/autodl-fs/data/recap/tuning_hyperparams/sensitivity_results/sensitivity_default_v2/checkpoints/cluster_init_gain__1p25/recap/trial_1/model.pt
cluster_init_gain__1p25,sensitivity,cluster_init_gain,1.25,1,BlogCatalog,0.7233449074074074,0.33030504467478666,/autodl-fs/data/recap/tuning_hyperparams/sensitivity_results/sensitivity_default_v2/checkpoints/cluster_init_gain__1p25/recap/trial_1/model.pt
cluster_init_gain__1p25,sensitivity,cluster_init_gain,1.25,1,weibo,0.7623176507417477,0.3066919127041998,/autodl-fs/data/recap/tuning_hyperparams/sensitivity_results/sensitivity_default_v2/checkpoints/cluster_init_gain__1p25/recap/trial_1/model.pt
cluster_init_gain__1p25,sensitivity,cluster_init_gain,1.25,1,Reddit,0.5872408900444344,0.04556080673013597,/autodl-fs/data/recap/tuning_hyperparams/sensitivity_results/sensitivity_default_v2/checkpoints/cluster_init_gain__1p25/recap/trial_1/model.pt
cluster_init_gain__1p25,sensitivity,cluster_init_gain,1.25,1,Amazon,0.7190628651125976,0.12606405179829405,/autodl-fs/data/recap/tuning_hyperparams/sensitivity_results/sensitivity_default_v2/checkpoints/cluster_init_gain__1p25/recap/trial_1/model.pt
cluster_init_gain__1p25,sensitivity,cluster_init_gain,1.25,2,Facebook,0.5860227272727273,0.036902575984633486,/autodl-fs/data/recap/tuning_hyperparams/sensitivity_results/sensitivity_default_v2/checkpoints/cluster_init_gain__1p25/recap/trial_2/model.pt
cluster_init_gain__1p25,sensitivity,cluster_init_gain,1.25,2,cora,0.8175423507948918,0.4030216097023377,/autodl-fs/data/recap/tuning_hyperparams/sensitivity_results/sensitivity_default_v2/checkpoints/cluster_init_gain__1p25/recap/trial_2/model.pt
cluster_init_gain__1p25,sensitivity,cluster_init_gain,1.25,2,citeseer,0.9068534256636239,0.46249527286171416,/autodl-fs/data/recap/tuning_hyperparams/sensitivity_results/sensitivity_default_v2/checkpoints/cluster_init_gain__1p25/recap/trial_2/model.pt
cluster_init_gain__1p25,sensitivity,cluster_init_gain,1.25,2,ACM,0.7825271212443746,0.3721761285128351,/autodl-fs/data/recap/tuning_hyperparams/sensitivity_results/sensitivity_default_v2/checkpoints/cluster_init_gain__1p25/recap/trial_2/model.pt
cluster_init_gain__1p25,sensitivity,cluster_init_gain,1.25,2,BlogCatalog,0.7310290713507626,0.3264405611839814,/autodl-fs/data/recap/tuning_hyperparams/sensitivity_results/sensitivity_default_v2/checkpoints/cluster_init_gain__1p25/recap/trial_2/model.pt
cluster_init_gain__1p25,sensitivity,cluster_init_gain,1.25,2,weibo,0.7565533078288431,0.30681104055307973,/autodl-fs/data/recap/tuning_hyperparams/sensitivity_results/sensitivity_default_v2/checkpoints/cluster_init_gain__1p25/recap/trial_2/model.pt
cluster_init_gain__1p25,sensitivity,cluster_init_gain,1.25,2,Reddit,0.5871456810632939,0.04618892517753105,/autodl-fs/data/recap/tuning_hyperparams/sensitivity_results/sensitivity_default_v2/checkpoints/cluster_init_gain__1p25/recap/trial_2/model.pt
cluster_init_gain__1p25,sensitivity,cluster_init_gain,1.25,2,Amazon,0.7163783010493743,0.1266914269550133,/autodl-fs/data/recap/tuning_hyperparams/sensitivity_results/sensitivity_default_v2/checkpoints/cluster_init_gain__1p25/recap/trial_2/model.pt
cluster_init_gain__1p75,sensitivity,cluster_init_gain,1.75,0,Facebook,0.6026136363636364,0.04770316926757551,/autodl-fs/data/recap/tuning_hyperparams/sensitivity_results/sensitivity_default_v2/checkpoints/cluster_init_gain__1p75/recap/trial_0/model.pt
cluster_init_gain__1p75,sensitivity,cluster_init_gain,1.75,0,cora,0.8189106072452436,0.4026148970223667,/autodl-fs/data/recap/tuning_hyperparams/sensitivity_results/sensitivity_default_v2/checkpoints/cluster_init_gain__1p75/recap/trial_0/model.pt
cluster_init_gain__1p75,sensitivity,cluster_init_gain,1.75,0,citeseer,0.8963519043122443,0.4159309022638359,/autodl-fs/data/recap/tuning_hyperparams/sensitivity_results/sensitivity_default_v2/checkpoints/cluster_init_gain__1p75/recap/trial_0/model.pt
cluster_init_gain__1p75,sensitivity,cluster_init_gain,1.75,0,ACM,0.7830322064150931,0.3686937388923498,/autodl-fs/data/recap/tuning_hyperparams/sensitivity_results/sensitivity_default_v2/checkpoints/cluster_init_gain__1p75/recap/trial_0/model.pt
cluster_init_gain__1p75,sensitivity,cluster_init_gain,1.75,0,BlogCatalog,0.7207768246187364,0.31561317131042554,/autodl-fs/data/recap/tuning_hyperparams/sensitivity_results/sensitivity_default_v2/checkpoints/cluster_init_gain__1p75/recap/trial_0/model.pt
cluster_init_gain__1p75,sensitivity,cluster_init_gain,1.75,0,weibo,0.7521299683466328,0.3145136943212647,/autodl-fs/data/recap/tuning_hyperparams/sensitivity_results/sensitivity_default_v2/checkpoints/cluster_init_gain__1p75/recap/trial_0/model.pt
cluster_init_gain__1p75,sensitivity,cluster_init_gain,1.75,0,Reddit,0.5860348238427991,0.04603543996897408,/autodl-fs/data/recap/tuning_hyperparams/sensitivity_results/sensitivity_default_v2/checkpoints/cluster_init_gain__1p75/recap/trial_0/model.pt
cluster_init_gain__1p75,sensitivity,cluster_init_gain,1.75,0,Amazon,0.7347931099898365,0.13572344057768967,/autodl-fs/data/recap/tuning_hyperparams/sensitivity_results/sensitivity_default_v2/checkpoints/cluster_init_gain__1p75/recap/trial_0/model.pt
cluster_init_gain__1p75,sensitivity,cluster_init_gain,1.75,1,Facebook,0.5945454545454546,0.04907762637316246,/autodl-fs/data/recap/tuning_hyperparams/sensitivity_results/sensitivity_default_v2/checkpoints/cluster_init_gain__1p75/recap/trial_1/model.pt
cluster_init_gain__1p75,sensitivity,cluster_init_gain,1.75,1,cora,0.8224341933802449,0.41541351333294685,/autodl-fs/data/recap/tuning_hyperparams/sensitivity_results/sensitivity_default_v2/checkpoints/cluster_init_gain__1p75/recap/trial_1/model.pt
cluster_init_gain__1p75,sensitivity,cluster_init_gain,1.75,1,citeseer,0.8993662784597629,0.4657750954592414,/autodl-fs/data/recap/tuning_hyperparams/sensitivity_results/sensitivity_default_v2/checkpoints/cluster_init_gain__1p75/recap/trial_1/model.pt
cluster_init_gain__1p75,sensitivity,cluster_init_gain,1.75,1,ACM,0.7704362858331859,0.36823325821088254,/autodl-fs/data/recap/tuning_hyperparams/sensitivity_results/sensitivity_default_v2/checkpoints/cluster_init_gain__1p75/recap/trial_1/model.pt
cluster_init_gain__1p75,sensitivity,cluster_init_gain,1.75,1,BlogCatalog,0.7233561410675381,0.323894147439837,/autodl-fs/data/recap/tuning_hyperparams/sensitivity_results/sensitivity_default_v2/checkpoints/cluster_init_gain__1p75/recap/trial_1/model.pt
cluster_init_gain__1p75,sensitivity,cluster_init_gain,1.75,1,weibo,0.723076830187664,0.30212468937425463,/autodl-fs/data/recap/tuning_hyperparams/sensitivity_results/sensitivity_default_v2/checkpoints/cluster_init_gain__1p75/recap/trial_1/model.pt
cluster_init_gain__1p75,sensitivity,cluster_init_gain,1.75,1,Reddit,0.5885666107764216,0.04604481049548104,/autodl-fs/data/recap/tuning_hyperparams/sensitivity_results/sensitivity_default_v2/checkpoints/cluster_init_gain__1p75/recap/trial_1/model.pt
cluster_init_gain__1p75,sensitivity,cluster_init_gain,1.75,1,Amazon,0.7106748041592235,0.12555582757806652,/autodl-fs/data/recap/tuning_hyperparams/sensitivity_results/sensitivity_default_v2/checkpoints/cluster_init_gain__1p75/recap/trial_1/model.pt
cluster_init_gain__1p75,sensitivity,cluster_init_gain,1.75,2,Facebook,0.5909090909090909,0.03980164869946123,/autodl-fs/data/recap/tuning_hyperparams/sensitivity_results/sensitivity_default_v2/checkpoints/cluster_init_gain__1p75/recap/trial_2/model.pt
cluster_init_gain__1p75,sensitivity,cluster_init_gain,1.75,2,cora,0.814206411258796,0.38104031759325696,/autodl-fs/data/recap/tuning_hyperparams/sensitivity_results/sensitivity_default_v2/checkpoints/cluster_init_gain__1p75/recap/trial_2/model.pt
cluster_init_gain__1p75,sensitivity,cluster_init_gain,1.75,2,citeseer,0.901250655754905,0.43642709936680146,/autodl-fs/data/recap/tuning_hyperparams/sensitivity_results/sensitivity_default_v2/checkpoints/cluster_init_gain__1p75/recap/trial_2/model.pt
cluster_init_gain__1p75,sensitivity,cluster_init_gain,1.75,2,ACM,0.7833236807819547,0.3739136234934676,/autodl-fs/data/recap/tuning_hyperparams/sensitivity_results/sensitivity_default_v2/checkpoints/cluster_init_gain__1p75/recap/trial_2/model.pt
cluster_init_gain__1p75,sensitivity,cluster_init_gain,1.75,2,BlogCatalog,0.7318334694989106,0.31682839437983695,/autodl-fs/data/recap/tuning_hyperparams/sensitivity_results/sensitivity_default_v2/checkpoints/cluster_init_gain__1p75/recap/trial_2/model.pt
cluster_init_gain__1p75,sensitivity,cluster_init_gain,1.75,2,weibo,0.7397557609800867,0.3132299832354899,/autodl-fs/data/recap/tuning_hyperparams/sensitivity_results/sensitivity_default_v2/checkpoints/cluster_init_gain__1p75/recap/trial_2/model.pt
cluster_init_gain__1p75,sensitivity,cluster_init_gain,1.75,2,Reddit,0.5858886651906701,0.04547318204481008,/autodl-fs/data/recap/tuning_hyperparams/sensitivity_results/sensitivity_default_v2/checkpoints/cluster_init_gain__1p75/recap/trial_2/model.pt
cluster_init_gain__1p75,sensitivity,cluster_init_gain,1.75,2,Amazon,0.7278766652389568,0.13080475400541997,/autodl-fs/data/recap/tuning_hyperparams/sensitivity_results/sensitivity_default_v2/checkpoints/cluster_init_gain__1p75/recap/trial_2/model.pt
cluster_init_gain__2p0,sensitivity,cluster_init_gain,2.0,0,Facebook,0.601439393939394,0.04622781007266001,/autodl-fs/data/recap/tuning_hyperparams/sensitivity_results/sensitivity_default_v2/checkpoints/cluster_init_gain__2p0/recap/trial_0/model.pt
cluster_init_gain__2p0,sensitivity,cluster_init_gain,2.0,0,cora,0.8169429241594994,0.3955571910618619,/autodl-fs/data/recap/tuning_hyperparams/sensitivity_results/sensitivity_default_v2/checkpoints/cluster_init_gain__2p0/recap/trial_0/model.pt
cluster_init_gain__2p0,sensitivity,cluster_init_gain,2.0,0,citeseer,0.8964211520302172,0.4144493864313683,/autodl-fs/data/recap/tuning_hyperparams/sensitivity_results/sensitivity_default_v2/checkpoints/cluster_init_gain__2p0/recap/trial_0/model.pt
cluster_init_gain__2p0,sensitivity,cluster_init_gain,2.0,0,ACM,0.779035754927045,0.3673096416110738,/autodl-fs/data/recap/tuning_hyperparams/sensitivity_results/sensitivity_default_v2/checkpoints/cluster_init_gain__2p0/recap/trial_0/model.pt
cluster_init_gain__2p0,sensitivity,cluster_init_gain,2.0,0,BlogCatalog,0.7157604847494554,0.314000551071809,/autodl-fs/data/recap/tuning_hyperparams/sensitivity_results/sensitivity_default_v2/checkpoints/cluster_init_gain__2p0/recap/trial_0/model.pt
cluster_init_gain__2p0,sensitivity,cluster_init_gain,2.0,0,weibo,0.7464452632756742,0.32340242113250817,/autodl-fs/data/recap/tuning_hyperparams/sensitivity_results/sensitivity_default_v2/checkpoints/cluster_init_gain__2p0/recap/trial_0/model.pt
cluster_init_gain__2p0,sensitivity,cluster_init_gain,2.0,0,Reddit,0.5830127106563038,0.04539396669923045,/autodl-fs/data/recap/tuning_hyperparams/sensitivity_results/sensitivity_default_v2/checkpoints/cluster_init_gain__2p0/recap/trial_0/model.pt
cluster_init_gain__2p0,sensitivity,cluster_init_gain,2.0,0,Amazon,0.7312238350954122,0.1345159691935458,/autodl-fs/data/recap/tuning_hyperparams/sensitivity_results/sensitivity_default_v2/checkpoints/cluster_init_gain__2p0/recap/trial_0/model.pt
cluster_init_gain__2p0,sensitivity,cluster_init_gain,2.0,1,Facebook,0.5898863636363636,0.04843842040830511,/autodl-fs/data/recap/tuning_hyperparams/sensitivity_results/sensitivity_default_v2/checkpoints/cluster_init_gain__2p0/recap/trial_1/model.pt
cluster_init_gain__2p0,sensitivity,cluster_init_gain,2.0,1,cora,0.8229580401355224,0.4172575424390191,/autodl-fs/data/recap/tuning_hyperparams/sensitivity_results/sensitivity_default_v2/checkpoints/cluster_init_gain__2p0/recap/trial_1/model.pt
cluster_init_gain__2p0,sensitivity,cluster_init_gain,2.0,1,citeseer,0.8998657013954465,0.4635856695289315,/autodl-fs/data/recap/tuning_hyperparams/sensitivity_results/sensitivity_default_v2/checkpoints/cluster_init_gain__2p0/recap/trial_1/model.pt
cluster_init_gain__2p0,sensitivity,cluster_init_gain,2.0,1,ACM,0.7714660143207804,0.3696953390441169,/autodl-fs/data/recap/tuning_hyperparams/sensitivity_results/sensitivity_default_v2/checkpoints/cluster_init_gain__2p0/recap/trial_1/model.pt
cluster_init_gain__2p0,sensitivity,cluster_init_gain,2.0,1,BlogCatalog,0.723776892701525,0.32481074734518683,/autodl-fs/data/recap/tuning_hyperparams/sensitivity_results/sensitivity_default_v2/checkpoints/cluster_init_gain__2p0/recap/trial_1/model.pt
cluster_init_gain__2p0,sensitivity,cluster_init_gain,2.0,1,weibo,0.7283530282862609,0.3036353118131413,/autodl-fs/data/recap/tuning_hyperparams/sensitivity_results/sensitivity_default_v2/checkpoints/cluster_init_gain__2p0/recap/trial_1/model.pt
cluster_init_gain__2p0,sensitivity,cluster_init_gain,2.0,1,Reddit,0.5895013313818065,0.04676306921021822,/autodl-fs/data/recap/tuning_hyperparams/sensitivity_results/sensitivity_default_v2/checkpoints/cluster_init_gain__2p0/recap/trial_1/model.pt
cluster_init_gain__2p0,sensitivity,cluster_init_gain,2.0,1,Amazon,0.7068626823112185,0.12355345407798363,/autodl-fs/data/recap/tuning_hyperparams/sensitivity_results/sensitivity_default_v2/checkpoints/cluster_init_gain__2p0/recap/trial_1/model.pt
cluster_init_gain__2p0,sensitivity,cluster_init_gain,2.0,2,Facebook,0.5921969696969698,0.042644600236165585,/autodl-fs/data/recap/tuning_hyperparams/sensitivity_results/sensitivity_default_v2/checkpoints/cluster_init_gain__2p0/recap/trial_2/model.pt
cluster_init_gain__2p0,sensitivity,cluster_init_gain,2.0,2,cora,0.8186108939275477,0.39344965338035803,/autodl-fs/data/recap/tuning_hyperparams/sensitivity_results/sensitivity_default_v2/checkpoints/cluster_init_gain__2p0/recap/trial_2/model.pt
cluster_init_gain__2p0,sensitivity,cluster_init_gain,2.0,2,citeseer,0.9004637498688491,0.4450953125409908,/autodl-fs/data/recap/tuning_hyperparams/sensitivity_results/sensitivity_default_v2/checkpoints/cluster_init_gain__2p0/recap/trial_2/model.pt
cluster_init_gain__2p0,sensitivity,cluster_init_gain,2.0,2,ACM,0.784364163614067,0.37363138478352265,/autodl-fs/data/recap/tuning_hyperparams/sensitivity_results/sensitivity_default_v2/checkpoints/cluster_init_gain__2p0/recap/trial_2/model.pt
cluster_init_gain__2p0,sensitivity,cluster_init_gain,2.0,2,BlogCatalog,0.729624183006536,0.3211893883907057,/autodl-fs/data/recap/tuning_hyperparams/sensitivity_results/sensitivity_default_v2/checkpoints/cluster_init_gain__2p0/recap/trial_2/model.pt
cluster_init_gain__2p0,sensitivity,cluster_init_gain,2.0,2,weibo,0.7467155886566365,0.31407497940044726,/autodl-fs/data/recap/tuning_hyperparams/sensitivity_results/sensitivity_default_v2/checkpoints/cluster_init_gain__2p0/recap/trial_2/model.pt
cluster_init_gain__2p0,sensitivity,cluster_init_gain,2.0,2,Reddit,0.5858714246454366,0.04544930676117187,/autodl-fs/data/recap/tuning_hyperparams/sensitivity_results/sensitivity_default_v2/checkpoints/cluster_init_gain__2p0/recap/trial_2/model.pt
cluster_init_gain__2p0,sensitivity,cluster_init_gain,2.0,2,Amazon,0.7363792609307247,0.1328302818611088,/autodl-fs/data/recap/tuning_hyperparams/sensitivity_results/sensitivity_default_v2/checkpoints/cluster_init_gain__2p0/recap/trial_2/model.pt
cluster_init_gain__2p25,sensitivity,cluster_init_gain,2.25,0,Facebook,0.600378787878788,0.04638066177974359,/autodl-fs/data/recap/tuning_hyperparams/sensitivity_results/sensitivity_default_v2/checkpoints/cluster_init_gain__2p25/recap/trial_0/model.pt
cluster_init_gain__2p25,sensitivity,cluster_init_gain,2.25,0,cora,0.8178967943706021,0.4038877146226679,/autodl-fs/data/recap/tuning_hyperparams/sensitivity_results/sensitivity_default_v2/checkpoints/cluster_init_gain__2p25/recap/trial_0/model.pt
cluster_init_gain__2p25,sensitivity,cluster_init_gain,2.25,0,citeseer,0.8961305214563005,0.4202474054535567,/autodl-fs/data/recap/tuning_hyperparams/sensitivity_results/sensitivity_default_v2/checkpoints/cluster_init_gain__2p25/recap/trial_0/model.pt
cluster_init_gain__2p25,sensitivity,cluster_init_gain,2.25,0,ACM,0.7794845379411693,0.3671305949452157,/autodl-fs/data/recap/tuning_hyperparams/sensitivity_results/sensitivity_default_v2/checkpoints/cluster_init_gain__2p25/recap/trial_0/model.pt
cluster_init_gain__2p25,sensitivity,cluster_init_gain,2.25,0,BlogCatalog,0.7173941312636166,0.3178401456486675,/autodl-fs/data/recap/tuning_hyperparams/sensitivity_results/sensitivity_default_v2/checkpoints/cluster_init_gain__2p25/recap/trial_0/model.pt
cluster_init_gain__2p25,sensitivity,cluster_init_gain,2.25,0,weibo,0.7531354534221038,0.3211568473578021,/autodl-fs/data/recap/tuning_hyperparams/sensitivity_results/sensitivity_default_v2/checkpoints/cluster_init_gain__2p25/recap/trial_0/model.pt
cluster_init_gain__2p25,sensitivity,cluster_init_gain,2.25,0,Reddit,0.5850400186506675,0.04633794851367358,/autodl-fs/data/recap/tuning_hyperparams/sensitivity_results/sensitivity_default_v2/checkpoints/cluster_init_gain__2p25/recap/trial_0/model.pt
cluster_init_gain__2p25,sensitivity,cluster_init_gain,2.25,0,Amazon,0.7278008134161738,0.1328228875000576,/autodl-fs/data/recap/tuning_hyperparams/sensitivity_results/sensitivity_default_v2/checkpoints/cluster_init_gain__2p25/recap/trial_0/model.pt
cluster_init_gain__2p25,sensitivity,cluster_init_gain,2.25,1,Facebook,0.5929924242424243,0.04909639634763571,/autodl-fs/data/recap/tuning_hyperparams/sensitivity_results/sensitivity_default_v2/checkpoints/cluster_init_gain__2p25/recap/trial_1/model.pt
cluster_init_gain__2p25,sensitivity,cluster_init_gain,2.25,1,cora,0.8222335157675268,0.41154128496050585,/autodl-fs/data/recap/tuning_hyperparams/sensitivity_results/sensitivity_default_v2/checkpoints/cluster_init_gain__2p25/recap/trial_1/model.pt
cluster_init_gain__2p25,sensitivity,cluster_init_gain,2.25,1,citeseer,0.8996117930962123,0.45780764304269667,/autodl-fs/data/recap/tuning_hyperparams/sensitivity_results/sensitivity_default_v2/checkpoints/cluster_init_gain__2p25/recap/trial_1/model.pt
cluster_init_gain__2p25,sensitivity,cluster_init_gain,2.25,1,ACM,0.7729107339850677,0.3702454447959662,/autodl-fs/data/recap/tuning_hyperparams/sensitivity_results/sensitivity_default_v2/checkpoints/cluster_init_gain__2p25/recap/trial_1/model.pt
cluster_init_gain__2p25,sensitivity,cluster_init_gain,2.25,1,BlogCatalog,0.7216993464052287,0.3235506016115882,/autodl-fs/data/recap/tuning_hyperparams/sensitivity_results/sensitivity_default_v2/checkpoints/cluster_init_gain__2p25/recap/trial_1/model.pt
cluster_init_gain__2p25,sensitivity,cluster_init_gain,2.25,1,weibo,0.7273367668809296,0.30400914400096246,/autodl-fs/data/recap/tuning_hyperparams/sensitivity_results/sensitivity_default_v2/checkpoints/cluster_init_gain__2p25/recap/trial_1/model.pt
cluster_init_gain__2p25,sensitivity,cluster_init_gain,2.25,1,Reddit,0.591278265487928,0.046789481741069464,/autodl-fs/data/recap/tuning_hyperparams/sensitivity_results/sensitivity_default_v2/checkpoints/cluster_init_gain__2p25/recap/trial_1/model.pt
cluster_init_gain__2p25,sensitivity,cluster_init_gain,2.25,1,Amazon,0.7068666944335815,0.12389327761175142,/autodl-fs/data/recap/tuning_hyperparams/sensitivity_results/sensitivity_default_v2/checkpoints/cluster_init_gain__2p25/recap/trial_1/model.pt
cluster_init_gain__2p25,sensitivity,cluster_init_gain,2.25,2,Facebook,0.5804166666666667,0.033824412124915756,/autodl-fs/data/recap/tuning_hyperparams/sensitivity_results/sensitivity_default_v2/checkpoints/cluster_init_gain__2p25/recap/trial_2/model.pt
cluster_init_gain__2p25,sensitivity,cluster_init_gain,2.25,2,cora,0.8184910086004692,0.39285471870005717,/autodl-fs/data/recap/tuning_hyperparams/sensitivity_results/sensitivity_default_v2/checkpoints/cluster_init_gain__2p25/recap/trial_2/model.pt
cluster_init_gain__2p25,sensitivity,cluster_init_gain,2.25,2,citeseer,0.9024026859720911,0.44478039273962033,/autodl-fs/data/recap/tuning_hyperparams/sensitivity_results/sensitivity_default_v2/checkpoints/cluster_init_gain__2p25/recap/trial_2/model.pt
cluster_init_gain__2p25,sensitivity,cluster_init_gain,2.25,2,ACM,0.783671826327036,0.3746149759629976,/autodl-fs/data/recap/tuning_hyperparams/sensitivity_results/sensitivity_default_v2/checkpoints/cluster_init_gain__2p25/recap/trial_2/model.pt
cluster_init_gain__2p25,sensitivity,cluster_init_gain,2.25,2,BlogCatalog,0.7284967320261438,0.32421902904905164,/autodl-fs/data/recap/tuning_hyperparams/sensitivity_results/sensitivity_default_v2/checkpoints/cluster_init_gain__2p25/recap/trial_2/model.pt
cluster_init_gain__2p25,sensitivity,cluster_init_gain,2.25,2,weibo,0.7490136983202377,0.3117935675657359,/autodl-fs/data/recap/tuning_hyperparams/sensitivity_results/sensitivity_default_v2/checkpoints/cluster_init_gain__2p25/recap/trial_2/model.pt
cluster_init_gain__2p25,sensitivity,cluster_init_gain,2.25,2,Reddit,0.5858692374120861,0.04511060472296574,/autodl-fs/data/recap/tuning_hyperparams/sensitivity_results/sensitivity_default_v2/checkpoints/cluster_init_gain__2p25/recap/trial_2/model.pt
cluster_init_gain__2p25,sensitivity,cluster_init_gain,2.25,2,Amazon,0.7294766693570597,0.13045300303567067,/autodl-fs/data/recap/tuning_hyperparams/sensitivity_results/sensitivity_default_v2/checkpoints/cluster_init_gain__2p25/recap/trial_2/model.pt
cluster_init_gain__2p5,sensitivity,cluster_init_gain,2.5,0,Facebook,0.5955303030303031,0.04197054628030898,/autodl-fs/data/recap/tuning_hyperparams/sensitivity_results/sensitivity_default_v2/checkpoints/cluster_init_gain__2p5/recap/trial_0/model.pt
cluster_init_gain__2p5,sensitivity,cluster_init_gain,2.5,0,cora,0.8178524889236383,0.40125206239655703,/autodl-fs/data/recap/tuning_hyperparams/sensitivity_results/sensitivity_default_v2/checkpoints/cluster_init_gain__2p5/recap/trial_0/model.pt
cluster_init_gain__2p5,sensitivity,cluster_init_gain,2.5,0,citeseer,0.8941475186234393,0.40745802631984923,/autodl-fs/data/recap/tuning_hyperparams/sensitivity_results/sensitivity_default_v2/checkpoints/cluster_init_gain__2p5/recap/trial_0/model.pt
cluster_init_gain__2p5,sensitivity,cluster_init_gain,2.5,0,ACM,0.7820517686732058,0.36667888575074903,/autodl-fs/data/recap/tuning_hyperparams/sensitivity_results/sensitivity_default_v2/checkpoints/cluster_init_gain__2p5/recap/trial_0/model.pt
cluster_init_gain__2p5,sensitivity,cluster_init_gain,2.5,0,BlogCatalog,0.7174349809368191,0.316464386843581,/autodl-fs/data/recap/tuning_hyperparams/sensitivity_results/sensitivity_default_v2/checkpoints/cluster_init_gain__2p5/recap/trial_0/model.pt
cluster_init_gain__2p5,sensitivity,cluster_init_gain,2.5,0,weibo,0.7419059062847555,0.32081978404792993,/autodl-fs/data/recap/tuning_hyperparams/sensitivity_results/sensitivity_default_v2/checkpoints/cluster_init_gain__2p5/recap/trial_0/model.pt
cluster_init_gain__2p5,sensitivity,cluster_init_gain,2.5,0,Reddit,0.5854898167561631,0.04591666321281756,/autodl-fs/data/recap/tuning_hyperparams/sensitivity_results/sensitivity_default_v2/checkpoints/cluster_init_gain__2p5/recap/trial_0/model.pt
cluster_init_gain__2p5,sensitivity,cluster_init_gain,2.5,0,Amazon,0.7238494027918013,0.1310412769249669,/autodl-fs/data/recap/tuning_hyperparams/sensitivity_results/sensitivity_default_v2/checkpoints/cluster_init_gain__2p5/recap/trial_0/model.pt
cluster_init_gain__2p5,sensitivity,cluster_init_gain,2.5,1,Facebook,0.5958712121212122,0.04965530520300758,/autodl-fs/data/recap/tuning_hyperparams/sensitivity_results/sensitivity_default_v2/checkpoints/cluster_init_gain__2p5/recap/trial_1/model.pt
cluster_init_gain__2p5,sensitivity,cluster_init_gain,2.5,1,cora,0.8229163408913214,0.4088501808693081,/autodl-fs/data/recap/tuning_hyperparams/sensitivity_results/sensitivity_default_v2/checkpoints/cluster_init_gain__2p5/recap/trial_1/model.pt
cluster_init_gain__2p5,sensitivity,cluster_init_gain,2.5,1,citeseer,0.8988563634455986,0.4588386955065111,/autodl-fs/data/recap/tuning_hyperparams/sensitivity_results/sensitivity_default_v2/checkpoints/cluster_init_gain__2p5/recap/trial_1/model.pt
cluster_init_gain__2p5,sensitivity,cluster_init_gain,2.5,1,ACM,0.7738434625025001,0.37195485982111387,/autodl-fs/data/recap/tuning_hyperparams/sensitivity_results/sensitivity_default_v2/checkpoints/cluster_init_gain__2p5/recap/trial_1/model.pt
cluster_init_gain__2p5,sensitivity,cluster_init_gain,2.5,1,BlogCatalog,0.7192555147058822,0.32201764642200814,/autodl-fs/data/recap/tuning_hyperparams/sensitivity_results/sensitivity_default_v2/checkpoints/cluster_init_gain__2p5/recap/trial_1/model.pt
cluster_init_gain__2p5,sensitivity,cluster_init_gain,2.5,1,weibo,0.7364968001178824,0.3095480067145063,/autodl-fs/data/recap/tuning_hyperparams/sensitivity_results/sensitivity_default_v2/checkpoints/cluster_init_gain__2p5/recap/trial_1/model.pt
cluster_init_gain__2p5,sensitivity,cluster_init_gain,2.5,1,Reddit,0.5913611230336772,0.04651380678402516,/autodl-fs/data/recap/tuning_hyperparams/sensitivity_results/sensitivity_default_v2/checkpoints/cluster_init_gain__2p5/recap/trial_1/model.pt
cluster_init_gain__2p5,sensitivity,cluster_init_gain,2.5,1,Amazon,0.7112395293068885,0.12590963989531703,/autodl-fs/data/recap/tuning_hyperparams/sensitivity_results/sensitivity_default_v2/checkpoints/cluster_init_gain__2p5/recap/trial_1/model.pt
cluster_init_gain__2p5,sensitivity,cluster_init_gain,2.5,2,Facebook,0.5871969696969698,0.03958325473703127,/autodl-fs/data/recap/tuning_hyperparams/sensitivity_results/sensitivity_default_v2/checkpoints/cluster_init_gain__2p5/recap/trial_2/model.pt
cluster_init_gain__2p5,sensitivity,cluster_init_gain,2.5,2,cora,0.817148814177743,0.39488303993608864,/autodl-fs/data/recap/tuning_hyperparams/sensitivity_results/sensitivity_default_v2/checkpoints/cluster_init_gain__2p5/recap/trial_2/model.pt
cluster_init_gain__2p5,sensitivity,cluster_init_gain,2.5,2,citeseer,0.9007092645052985,0.44141254594695256,/autodl-fs/data/recap/tuning_hyperparams/sensitivity_results/sensitivity_default_v2/checkpoints/cluster_init_gain__2p5/recap/trial_2/model.pt
cluster_init_gain__2p5,sensitivity,cluster_init_gain,2.5,2,ACM,0.7864066455944774,0.37510788689155616,/autodl-fs/data/recap/tuning_hyperparams/sensitivity_results/sensitivity_default_v2/checkpoints/cluster_init_gain__2p5/recap/trial_2/model.pt
cluster_init_gain__2p5,sensitivity,cluster_init_gain,2.5,2,BlogCatalog,0.724776688453159,0.3205515246500023,/autodl-fs/data/recap/tuning_hyperparams/sensitivity_results/sensitivity_default_v2/checkpoints/cluster_init_gain__2p5/recap/trial_2/model.pt
cluster_init_gain__2p5,sensitivity,cluster_init_gain,2.5,2,weibo,0.7538380548434176,0.31631031556247763,/autodl-fs/data/recap/tuning_hyperparams/sensitivity_results/sensitivity_default_v2/checkpoints/cluster_init_gain__2p5/recap/trial_2/model.pt
cluster_init_gain__2p5,sensitivity,cluster_init_gain,2.5,2,Reddit,0.5822102533382327,0.04483973999172834,/autodl-fs/data/recap/tuning_hyperparams/sensitivity_results/sensitivity_default_v2/checkpoints/cluster_init_gain__2p5/recap/trial_2/model.pt
cluster_init_gain__2p5,sensitivity,cluster_init_gain,2.5,2,Amazon,0.7354627559223089,0.1332626733308349,/autodl-fs/data/recap/tuning_hyperparams/sensitivity_results/sensitivity_default_v2/checkpoints/cluster_init_gain__2p5/recap/trial_2/model.pt
cluster_init_gain__3p0,sensitivity,cluster_init_gain,3.0,0,Facebook,0.588409090909091,0.03830123299334795,/autodl-fs/data/recap/tuning_hyperparams/sensitivity_results/sensitivity_default_v2/checkpoints/cluster_init_gain__3p0/recap/trial_0/model.pt
cluster_init_gain__3p0,sensitivity,cluster_init_gain,3.0,0,cora,0.817375553818087,0.3951757016442584,/autodl-fs/data/recap/tuning_hyperparams/sensitivity_results/sensitivity_default_v2/checkpoints/cluster_init_gain__3p0/recap/trial_0/model.pt
cluster_init_gain__3p0,sensitivity,cluster_init_gain,3.0,0,citeseer,0.9051180358829084,0.42889259645665073,/autodl-fs/data/recap/tuning_hyperparams/sensitivity_results/sensitivity_default_v2/checkpoints/cluster_init_gain__3p0/recap/trial_0/model.pt
cluster_init_gain__3p0,sensitivity,cluster_init_gain,3.0,0,ACM,0.7880749923638881,0.368778570123281,/autodl-fs/data/recap/tuning_hyperparams/sensitivity_results/sensitivity_default_v2/checkpoints/cluster_init_gain__3p0/recap/trial_0/model.pt
cluster_init_gain__3p0,sensitivity,cluster_init_gain,3.0,0,BlogCatalog,0.740601171023965,0.32675440295975366,/autodl-fs/data/recap/tuning_hyperparams/sensitivity_results/sensitivity_default_v2/checkpoints/cluster_init_gain__3p0/recap/trial_0/model.pt
cluster_init_gain__3p0,sensitivity,cluster_init_gain,3.0,0,weibo,0.7456351278393718,0.31564080742268014,/autodl-fs/data/recap/tuning_hyperparams/sensitivity_results/sensitivity_default_v2/checkpoints/cluster_init_gain__3p0/recap/trial_0/model.pt
cluster_init_gain__3p0,sensitivity,cluster_init_gain,3.0,0,Reddit,0.5875795252314093,0.047413345649254604,/autodl-fs/data/recap/tuning_hyperparams/sensitivity_results/sensitivity_default_v2/checkpoints/cluster_init_gain__3p0/recap/trial_0/model.pt
cluster_init_gain__3p0,sensitivity,cluster_init_gain,3.0,0,Amazon,0.7522641617699849,0.14424020446460106,/autodl-fs/data/recap/tuning_hyperparams/sensitivity_results/sensitivity_default_v2/checkpoints/cluster_init_gain__3p0/recap/trial_0/model.pt
cluster_init_gain__3p0,sensitivity,cluster_init_gain,3.0,1,Facebook,0.5922727272727273,0.04861495864126335,/autodl-fs/data/recap/tuning_hyperparams/sensitivity_results/sensitivity_default_v2/checkpoints/cluster_init_gain__3p0/recap/trial_1/model.pt
cluster_init_gain__3p0,sensitivity,cluster_init_gain,3.0,1,cora,0.8180479541308313,0.40985029202389833,/autodl-fs/data/recap/tuning_hyperparams/sensitivity_results/sensitivity_default_v2/checkpoints/cluster_init_gain__3p0/recap/trial_1/model.pt
cluster_init_gain__3p0,sensitivity,cluster_init_gain,3.0,1,citeseer,0.8993473927184976,0.45610573219236983,/autodl-fs/data/recap/tuning_hyperparams/sensitivity_results/sensitivity_default_v2/checkpoints/cluster_init_gain__3p0/recap/trial_1/model.pt
cluster_init_gain__3p0,sensitivity,cluster_init_gain,3.0,1,ACM,0.7760959705052612,0.36941574220080936,/autodl-fs/data/recap/tuning_hyperparams/sensitivity_results/sensitivity_default_v2/checkpoints/cluster_init_gain__3p0/recap/trial_1/model.pt
cluster_init_gain__3p0,sensitivity,cluster_init_gain,3.0,1,BlogCatalog,0.7187711056644881,0.32249647929284714,/autodl-fs/data/recap/tuning_hyperparams/sensitivity_results/sensitivity_default_v2/checkpoints/cluster_init_gain__3p0/recap/trial_1/model.pt
cluster_init_gain__3p0,sensitivity,cluster_init_gain,3.0,1,weibo,0.7375781016417318,0.30095238329160984,/autodl-fs/data/recap/tuning_hyperparams/sensitivity_results/sensitivity_default_v2/checkpoints/cluster_init_gain__3p0/recap/trial_1/model.pt
cluster_init_gain__3p0,sensitivity,cluster_init_gain,3.0,1,Reddit,0.5953119097686472,0.04668790761188335,/autodl-fs/data/recap/tuning_hyperparams/sensitivity_results/sensitivity_default_v2/checkpoints/cluster_init_gain__3p0/recap/trial_1/model.pt
cluster_init_gain__3p0,sensitivity,cluster_init_gain,3.0,1,Amazon,0.7302784125258156,0.13146764802526822,/autodl-fs/data/recap/tuning_hyperparams/sensitivity_results/sensitivity_default_v2/checkpoints/cluster_init_gain__3p0/recap/trial_1/model.pt
cluster_init_gain__3p0,sensitivity,cluster_init_gain,3.0,2,Facebook,0.5779545454545455,0.03563145791865379,/autodl-fs/data/recap/tuning_hyperparams/sensitivity_results/sensitivity_default_v2/checkpoints/cluster_init_gain__3p0/recap/trial_2/model.pt
cluster_init_gain__3p0,sensitivity,cluster_init_gain,3.0,2,cora,0.8198358092259578,0.4019236833723188,/autodl-fs/data/recap/tuning_hyperparams/sensitivity_results/sensitivity_default_v2/checkpoints/cluster_init_gain__3p0/recap/trial_2/model.pt
cluster_init_gain__3p0,sensitivity,cluster_init_gain,3.0,2,citeseer,0.9013094113943972,0.4454621022559747,/autodl-fs/data/recap/tuning_hyperparams/sensitivity_results/sensitivity_default_v2/checkpoints/cluster_init_gain__3p0/recap/trial_2/model.pt
cluster_init_gain__3p0,sensitivity,cluster_init_gain,3.0,2,ACM,0.786072259284294,0.37580841864698844,/autodl-fs/data/recap/tuning_hyperparams/sensitivity_results/sensitivity_default_v2/checkpoints/cluster_init_gain__3p0/recap/trial_2/model.pt
cluster_init_gain__3p0,sensitivity,cluster_init_gain,3.0,2,BlogCatalog,0.7331597222222224,0.32866704900123084,/autodl-fs/data/recap/tuning_hyperparams/sensitivity_results/sensitivity_default_v2/checkpoints/cluster_init_gain__3p0/recap/trial_2/model.pt
cluster_init_gain__3p0,sensitivity,cluster_init_gain,3.0,2,weibo,0.7841631056373809,0.3133478466643254,/autodl-fs/data/recap/tuning_hyperparams/sensitivity_results/sensitivity_default_v2/checkpoints/cluster_init_gain__3p0/recap/trial_2/model.pt
cluster_init_gain__3p0,sensitivity,cluster_init_gain,3.0,2,Reddit,0.5889706056423415,0.0454747055113088,/autodl-fs/data/recap/tuning_hyperparams/sensitivity_results/sensitivity_default_v2/checkpoints/cluster_init_gain__3p0/recap/trial_2/model.pt
cluster_init_gain__3p0,sensitivity,cluster_init_gain,3.0,2,Amazon,0.7314310271502592,0.12954091678422297,/autodl-fs/data/recap/tuning_hyperparams/sensitivity_results/sensitivity_default_v2/checkpoints/cluster_init_gain__3p0/recap/trial_2/model.pt
cluster_init_gain__3p5,sensitivity,cluster_init_gain,3.5,0,Facebook,0.5914772727272728,0.03712252110550694,/autodl-fs/data/recap/tuning_hyperparams/sensitivity_results/sensitivity_default_v2/checkpoints/cluster_init_gain__3p5/recap/trial_0/model.pt
cluster_init_gain__3p5,sensitivity,cluster_init_gain,3.5,0,cora,0.8191634089132134,0.39191413608093606,/autodl-fs/data/recap/tuning_hyperparams/sensitivity_results/sensitivity_default_v2/checkpoints/cluster_init_gain__3p5/recap/trial_0/model.pt
cluster_init_gain__3p5,sensitivity,cluster_init_gain,3.5,0,citeseer,0.9067138810198299,0.4289993396958122,/autodl-fs/data/recap/tuning_hyperparams/sensitivity_results/sensitivity_default_v2/checkpoints/cluster_init_gain__3p5/recap/trial_0/model.pt
cluster_init_gain__3p5,sensitivity,cluster_init_gain,3.5,0,ACM,0.7836297051443407,0.3698332385542922,/autodl-fs/data/recap/tuning_hyperparams/sensitivity_results/sensitivity_default_v2/checkpoints/cluster_init_gain__3p5/recap/trial_0/model.pt
cluster_init_gain__3p5,sensitivity,cluster_init_gain,3.5,0,BlogCatalog,0.738926334422658,0.32635962917106714,/autodl-fs/data/recap/tuning_hyperparams/sensitivity_results/sensitivity_default_v2/checkpoints/cluster_init_gain__3p5/recap/trial_0/model.pt
cluster_init_gain__3p5,sensitivity,cluster_init_gain,3.5,0,weibo,0.7560404003842183,0.3106224069257847,/autodl-fs/data/recap/tuning_hyperparams/sensitivity_results/sensitivity_default_v2/checkpoints/cluster_init_gain__3p5/recap/trial_0/model.pt
cluster_init_gain__3p5,sensitivity,cluster_init_gain,3.5,0,Reddit,0.5880520962959075,0.04761284614134212,/autodl-fs/data/recap/tuning_hyperparams/sensitivity_results/sensitivity_default_v2/checkpoints/cluster_init_gain__3p5/recap/trial_0/model.pt
cluster_init_gain__3p5,sensitivity,cluster_init_gain,3.5,0,Amazon,0.7479491620190393,0.14113155772175212,/autodl-fs/data/recap/tuning_hyperparams/sensitivity_results/sensitivity_default_v2/checkpoints/cluster_init_gain__3p5/recap/trial_0/model.pt
cluster_init_gain__3p5,sensitivity,cluster_init_gain,3.5,1,Facebook,0.6008333333333333,0.050795052856888886,/autodl-fs/data/recap/tuning_hyperparams/sensitivity_results/sensitivity_default_v2/checkpoints/cluster_init_gain__3p5/recap/trial_1/model.pt
cluster_init_gain__3p5,sensitivity,cluster_init_gain,3.5,1,cora,0.8195465207193119,0.40863418685765923,/autodl-fs/data/recap/tuning_hyperparams/sensitivity_results/sensitivity_default_v2/checkpoints/cluster_init_gain__3p5/recap/trial_1/model.pt
cluster_init_gain__3p5,sensitivity,cluster_init_gain,3.5,1,citeseer,0.898665407617249,0.4564599056453264,/autodl-fs/data/recap/tuning_hyperparams/sensitivity_results/sensitivity_default_v2/checkpoints/cluster_init_gain__3p5/recap/trial_1/model.pt
cluster_init_gain__3p5,sensitivity,cluster_init_gain,3.5,1,ACM,0.7778567835505764,0.3717539150419337,/autodl-fs/data/recap/tuning_hyperparams/sensitivity_results/sensitivity_default_v2/checkpoints/cluster_init_gain__3p5/recap/trial_1/model.pt
cluster_init_gain__3p5,sensitivity,cluster_init_gain,3.5,1,BlogCatalog,0.7195053785403049,0.3201016468696171,/autodl-fs/data/recap/tuning_hyperparams/sensitivity_results/sensitivity_default_v2/checkpoints/cluster_init_gain__3p5/recap/trial_1/model.pt
cluster_init_gain__3p5,sensitivity,cluster_init_gain,3.5,1,weibo,0.742839472733287,0.3042971745562354,/autodl-fs/data/recap/tuning_hyperparams/sensitivity_results/sensitivity_default_v2/checkpoints/cluster_init_gain__3p5/recap/trial_1/model.pt
cluster_init_gain__3p5,sensitivity,cluster_init_gain,3.5,1,Reddit,0.5933166383098296,0.04687226795588707,/autodl-fs/data/recap/tuning_hyperparams/sensitivity_results/sensitivity_default_v2/checkpoints/cluster_init_gain__3p5/recap/trial_1/model.pt
cluster_init_gain__3p5,sensitivity,cluster_init_gain,3.5,1,Amazon,0.7318548738126955,0.1331195877751652,/autodl-fs/data/recap/tuning_hyperparams/sensitivity_results/sensitivity_default_v2/checkpoints/cluster_init_gain__3p5/recap/trial_1/model.pt
cluster_init_gain__3p5,sensitivity,cluster_init_gain,3.5,2,Facebook,0.5904166666666667,0.0338948259485842,/autodl-fs/data/recap/tuning_hyperparams/sensitivity_results/sensitivity_default_v2/checkpoints/cluster_init_gain__3p5/recap/trial_2/model.pt
cluster_init_gain__3p5,sensitivity,cluster_init_gain,3.5,2,cora,0.8172270002606202,0.4056086344586139,/autodl-fs/data/recap/tuning_hyperparams/sensitivity_results/sensitivity_default_v2/checkpoints/cluster_init_gain__3p5/recap/trial_2/model.pt
cluster_init_gain__3p5,sensitivity,cluster_init_gain,3.5,2,citeseer,0.9049102927289896,0.4491213887260327,/autodl-fs/data/recap/tuning_hyperparams/sensitivity_results/sensitivity_default_v2/checkpoints/cluster_init_gain__3p5/recap/trial_2/model.pt
cluster_init_gain__3p5,sensitivity,cluster_init_gain,3.5,2,ACM,0.7842890940719417,0.3754401114650978,/autodl-fs/data/recap/tuning_hyperparams/sensitivity_results/sensitivity_default_v2/checkpoints/cluster_init_gain__3p5/recap/trial_2/model.pt
cluster_init_gain__3p5,sensitivity,cluster_init_gain,3.5,2,BlogCatalog,0.7300064678649236,0.324854578263056,/autodl-fs/data/recap/tuning_hyperparams/sensitivity_results/sensitivity_default_v2/checkpoints/cluster_init_gain__3p5/recap/trial_2/model.pt
cluster_init_gain__3p5,sensitivity,cluster_init_gain,3.5,2,weibo,0.7782608104166908,0.31170057477795654,/autodl-fs/data/recap/tuning_hyperparams/sensitivity_results/sensitivity_default_v2/checkpoints/cluster_init_gain__3p5/recap/trial_2/model.pt
cluster_init_gain__3p5,sensitivity,cluster_init_gain,3.5,2,Reddit,0.5889326507106707,0.04593364847186456,/autodl-fs/data/recap/tuning_hyperparams/sensitivity_results/sensitivity_default_v2/checkpoints/cluster_init_gain__3p5/recap/trial_2/model.pt
cluster_init_gain__3p5,sensitivity,cluster_init_gain,3.5,2,Amazon,0.7396533798800089,0.1333237077998825,/autodl-fs/data/recap/tuning_hyperparams/sensitivity_results/sensitivity_default_v2/checkpoints/cluster_init_gain__3p5/recap/trial_2/model.pt
tau_c__0p22,sensitivity,tau_c,0.22,0,Facebook,0.6014772727272727,0.051932120448953796,/autodl-fs/data/recap/tuning_hyperparams/sensitivity_results/sensitivity_default_v2/checkpoints/tau_c__0p22/recap/trial_0/model.pt
tau_c__0p22,sensitivity,tau_c,0.22,0,cora,0.8161793067500652,0.39624399527562626,/autodl-fs/data/recap/tuning_hyperparams/sensitivity_results/sensitivity_default_v2/checkpoints/tau_c__0p22/recap/trial_0/model.pt
tau_c__0p22,sensitivity,tau_c,0.22,0,citeseer,0.895127478753541,0.40581337813078533,/autodl-fs/data/recap/tuning_hyperparams/sensitivity_results/sensitivity_default_v2/checkpoints/tau_c__0p22/recap/trial_0/model.pt
tau_c__0p22,sensitivity,tau_c,0.22,0,ACM,0.7846730874320829,0.3682138264187331,/autodl-fs/data/recap/tuning_hyperparams/sensitivity_results/sensitivity_default_v2/checkpoints/tau_c__0p22/recap/trial_0/model.pt
tau_c__0p22,sensitivity,tau_c,0.22,0,BlogCatalog,0.7074227260348585,0.31092621341135007,/autodl-fs/data/recap/tuning_hyperparams/sensitivity_results/sensitivity_default_v2/checkpoints/tau_c__0p22/recap/trial_0/model.pt
tau_c__0p22,sensitivity,tau_c,0.22,0,weibo,0.7671253459889735,0.32290876205988095,/autodl-fs/data/recap/tuning_hyperparams/sensitivity_results/sensitivity_default_v2/checkpoints/tau_c__0p22/recap/trial_0/model.pt
tau_c__0p22,sensitivity,tau_c,0.22,0,Reddit,0.5835243945995408,0.04525702110193561,/autodl-fs/data/recap/tuning_hyperparams/sensitivity_results/sensitivity_default_v2/checkpoints/tau_c__0p22/recap/trial_0/model.pt
tau_c__0p22,sensitivity,tau_c,0.22,0,Amazon,0.7315083172810589,0.1347623704317852,/autodl-fs/data/recap/tuning_hyperparams/sensitivity_results/sensitivity_default_v2/checkpoints/tau_c__0p22/recap/trial_0/model.pt
tau_c__0p22,sensitivity,tau_c,0.22,1,Facebook,0.6010606060606061,0.04888509128577099,/autodl-fs/data/recap/tuning_hyperparams/sensitivity_results/sensitivity_default_v2/checkpoints/tau_c__0p22/recap/trial_1/model.pt
tau_c__0p22,sensitivity,tau_c,0.22,1,cora,0.8244461819129529,0.4166951632136851,/autodl-fs/data/recap/tuning_hyperparams/sensitivity_results/sensitivity_default_v2/checkpoints/tau_c__0p22/recap/trial_1/model.pt
tau_c__0p22,sensitivity,tau_c,0.22,1,citeseer,0.9002895813660686,0.46444106247850125,/autodl-fs/data/recap/tuning_hyperparams/sensitivity_results/sensitivity_default_v2/checkpoints/tau_c__0p22/recap/trial_1/model.pt
tau_c__0p22,sensitivity,tau_c,0.22,1,ACM,0.772673716666672,0.36962303260729057,/autodl-fs/data/recap/tuning_hyperparams/sensitivity_results/sensitivity_default_v2/checkpoints/tau_c__0p22/recap/trial_1/model.pt
tau_c__0p22,sensitivity,tau_c,0.22,1,BlogCatalog,0.7225946350762527,0.3230785576995302,/autodl-fs/data/recap/tuning_hyperparams/sensitivity_results/sensitivity_default_v2/checkpoints/tau_c__0p22/recap/trial_1/model.pt
tau_c__0p22,sensitivity,tau_c,0.22,1,weibo,0.7295673907341295,0.3059104086720227,/autodl-fs/data/recap/tuning_hyperparams/sensitivity_results/sensitivity_default_v2/checkpoints/tau_c__0p22/recap/trial_1/model.pt
tau_c__0p22,sensitivity,tau_c,0.22,1,Reddit,0.5910473193782699,0.046994732747997224,/autodl-fs/data/recap/tuning_hyperparams/sensitivity_results/sensitivity_default_v2/checkpoints/tau_c__0p22/recap/trial_1/model.pt
tau_c__0p22,sensitivity,tau_c,0.22,1,Amazon,0.713706454657037,0.12557321673215754,/autodl-fs/data/recap/tuning_hyperparams/sensitivity_results/sensitivity_default_v2/checkpoints/tau_c__0p22/recap/trial_1/model.pt
tau_c__0p22,sensitivity,tau_c,0.22,2,Facebook,0.5800757575757576,0.03397685742810162,/autodl-fs/data/recap/tuning_hyperparams/sensitivity_results/sensitivity_default_v2/checkpoints/tau_c__0p22/recap/trial_2/model.pt
tau_c__0p22,sensitivity,tau_c,0.22,2,cora,0.819166015115976,0.399631058030844,/autodl-fs/data/recap/tuning_hyperparams/sensitivity_results/sensitivity_default_v2/checkpoints/tau_c__0p22/recap/trial_2/model.pt
tau_c__0p22,sensitivity,tau_c,0.22,2,citeseer,0.9055649984261881,0.45512578824481836,/autodl-fs/data/recap/tuning_hyperparams/sensitivity_results/sensitivity_default_v2/checkpoints/tau_c__0p22/recap/trial_2/model.pt
tau_c__0p22,sensitivity,tau_c,0.22,2,ACM,0.7842161332248199,0.3746953333539815,/autodl-fs/data/recap/tuning_hyperparams/sensitivity_results/sensitivity_default_v2/checkpoints/tau_c__0p22/recap/trial_2/model.pt
tau_c__0p22,sensitivity,tau_c,0.22,2,BlogCatalog,0.7277096949891066,0.32474076531595086,/autodl-fs/data/recap/tuning_hyperparams/sensitivity_results/sensitivity_default_v2/checkpoints/tau_c__0p22/recap/trial_2/model.pt
tau_c__0p22,sensitivity,tau_c,0.22,2,weibo,0.773841750895276,0.3083477965090352,/autodl-fs/data/recap/tuning_hyperparams/sensitivity_results/sensitivity_default_v2/checkpoints/tau_c__0p22/recap/trial_2/model.pt
tau_c__0p22,sensitivity,tau_c,0.22,2,Reddit,0.588782246252626,0.04538024917105098,/autodl-fs/data/recap/tuning_hyperparams/sensitivity_results/sensitivity_default_v2/checkpoints/tau_c__0p22/recap/trial_2/model.pt
tau_c__0p22,sensitivity,tau_c,0.22,2,Amazon,0.7343065833780344,0.13153584983472283,/autodl-fs/data/recap/tuning_hyperparams/sensitivity_results/sensitivity_default_v2/checkpoints/tau_c__0p22/recap/trial_2/model.pt
tau_c__0p25,sensitivity,tau_c,0.25,0,Facebook,0.6057954545454546,0.04244070315704157,/autodl-fs/data/recap/tuning_hyperparams/sensitivity_results/sensitivity_default_v2/checkpoints/tau_c__0p25/recap/trial_0/model.pt
tau_c__0p25,sensitivity,tau_c,0.25,0,cora,0.8170602032838156,0.387311924523645,/autodl-fs/data/recap/tuning_hyperparams/sensitivity_results/sensitivity_default_v2/checkpoints/tau_c__0p25/recap/trial_0/model.pt
tau_c__0p25,sensitivity,tau_c,0.25,0,citeseer,0.8961745881859196,0.4050082785743628,/autodl-fs/data/recap/tuning_hyperparams/sensitivity_results/sensitivity_default_v2/checkpoints/tau_c__0p25/recap/trial_0/model.pt
tau_c__0p25,sensitivity,tau_c,0.25,0,ACM,0.7816885986762245,0.3664018973055101,/autodl-fs/data/recap/tuning_hyperparams/sensitivity_results/sensitivity_default_v2/checkpoints/tau_c__0p25/recap/trial_0/model.pt
tau_c__0p25,sensitivity,tau_c,0.25,0,BlogCatalog,0.706541394335512,0.31123629136903963,/autodl-fs/data/recap/tuning_hyperparams/sensitivity_results/sensitivity_default_v2/checkpoints/tau_c__0p25/recap/trial_0/model.pt
tau_c__0p25,sensitivity,tau_c,0.25,0,weibo,0.7607160282697524,0.3257470504208414,/autodl-fs/data/recap/tuning_hyperparams/sensitivity_results/sensitivity_default_v2/checkpoints/tau_c__0p25/recap/trial_0/model.pt
tau_c__0p25,sensitivity,tau_c,0.25,0,Reddit,0.5837521241895657,0.045283877551606705,/autodl-fs/data/recap/tuning_hyperparams/sensitivity_results/sensitivity_default_v2/checkpoints/tau_c__0p25/recap/trial_0/model.pt
tau_c__0p25,sensitivity,tau_c,0.25,0,Amazon,0.7347743362851955,0.13698181629179992,/autodl-fs/data/recap/tuning_hyperparams/sensitivity_results/sensitivity_default_v2/checkpoints/tau_c__0p25/recap/trial_0/model.pt
tau_c__0p25,sensitivity,tau_c,0.25,1,Facebook,0.6062121212121212,0.05130160254810796,/autodl-fs/data/recap/tuning_hyperparams/sensitivity_results/sensitivity_default_v2/checkpoints/tau_c__0p25/recap/trial_1/model.pt
tau_c__0p25,sensitivity,tau_c,0.25,1,cora,0.823500130310138,0.42000420760096036,/autodl-fs/data/recap/tuning_hyperparams/sensitivity_results/sensitivity_default_v2/checkpoints/tau_c__0p25/recap/trial_1/model.pt
tau_c__0p25,sensitivity,tau_c,0.25,1,citeseer,0.9000062952470885,0.46059746428303716,/autodl-fs/data/recap/tuning_hyperparams/sensitivity_results/sensitivity_default_v2/checkpoints/tau_c__0p25/recap/trial_1/model.pt
tau_c__0p25,sensitivity,tau_c,0.25,1,ACM,0.7730044654779742,0.3695563446410052,/autodl-fs/data/recap/tuning_hyperparams/sensitivity_results/sensitivity_default_v2/checkpoints/tau_c__0p25/recap/trial_1/model.pt
tau_c__0p25,sensitivity,tau_c,0.25,1,BlogCatalog,0.7250102124183005,0.32422556017194826,/autodl-fs/data/recap/tuning_hyperparams/sensitivity_results/sensitivity_default_v2/checkpoints/tau_c__0p25/recap/trial_1/model.pt
tau_c__0p25,sensitivity,tau_c,0.25,1,weibo,0.7330745893224762,0.3075893054362637,/autodl-fs/data/recap/tuning_hyperparams/sensitivity_results/sensitivity_default_v2/checkpoints/tau_c__0p25/recap/trial_1/model.pt
tau_c__0p25,sensitivity,tau_c,0.25,1,Reddit,0.5905698592039295,0.04659425475106481,/autodl-fs/data/recap/tuning_hyperparams/sensitivity_results/sensitivity_default_v2/checkpoints/tau_c__0p25/recap/trial_1/model.pt
tau_c__0p25,sensitivity,tau_c,0.25,1,Amazon,0.6998726567502142,0.11850215822115161,/autodl-fs/data/recap/tuning_hyperparams/sensitivity_results/sensitivity_default_v2/checkpoints/tau_c__0p25/recap/trial_1/model.pt
tau_c__0p25,sensitivity,tau_c,0.25,2,Facebook,0.5717424242424243,0.03362611995557101,/autodl-fs/data/recap/tuning_hyperparams/sensitivity_results/sensitivity_default_v2/checkpoints/tau_c__0p25/recap/trial_2/model.pt
tau_c__0p25,sensitivity,tau_c,0.25,2,cora,0.8195804013552255,0.40372112613644257,/autodl-fs/data/recap/tuning_hyperparams/sensitivity_results/sensitivity_default_v2/checkpoints/tau_c__0p25/recap/trial_2/model.pt
tau_c__0p25,sensitivity,tau_c,0.25,2,citeseer,0.9054359458608752,0.44944728607260936,/autodl-fs/data/recap/tuning_hyperparams/sensitivity_results/sensitivity_default_v2/checkpoints/tau_c__0p25/recap/trial_2/model.pt
tau_c__0p25,sensitivity,tau_c,0.25,2,ACM,0.7833030155709202,0.37481302994582044,/autodl-fs/data/recap/tuning_hyperparams/sensitivity_results/sensitivity_default_v2/checkpoints/tau_c__0p25/recap/trial_2/model.pt
tau_c__0p25,sensitivity,tau_c,0.25,2,BlogCatalog,0.7300908905228759,0.3271704431496033,/autodl-fs/data/recap/tuning_hyperparams/sensitivity_results/sensitivity_default_v2/checkpoints/tau_c__0p25/recap/trial_2/model.pt
tau_c__0p25,sensitivity,tau_c,0.25,2,weibo,0.7370898039716813,0.30475521309628417,/autodl-fs/data/recap/tuning_hyperparams/sensitivity_results/sensitivity_default_v2/checkpoints/tau_c__0p25/recap/trial_2/model.pt
tau_c__0p25,sensitivity,tau_c,0.25,2,Reddit,0.5885197782505633,0.04556552603786812,/autodl-fs/data/recap/tuning_hyperparams/sensitivity_results/sensitivity_default_v2/checkpoints/tau_c__0p25/recap/trial_2/model.pt
tau_c__0p25,sensitivity,tau_c,0.25,2,Amazon,0.7348309602008061,0.13268156874051984,/autodl-fs/data/recap/tuning_hyperparams/sensitivity_results/sensitivity_default_v2/checkpoints/tau_c__0p25/recap/trial_2/model.pt
tau_c__0p28,sensitivity,tau_c,0.28,0,Facebook,0.6091287878787879,0.0472077066843911,/autodl-fs/data/recap/tuning_hyperparams/sensitivity_results/sensitivity_default_v2/checkpoints/tau_c__0p28/recap/trial_0/model.pt
tau_c__0p28,sensitivity,tau_c,0.28,0,cora,0.820594214229867,0.3956338771261029,/autodl-fs/data/recap/tuning_hyperparams/sensitivity_results/sensitivity_default_v2/checkpoints/tau_c__0p28/recap/trial_0/model.pt
tau_c__0p28,sensitivity,tau_c,0.28,0,citeseer,0.8966593222117302,0.42055682215686707,/autodl-fs/data/recap/tuning_hyperparams/sensitivity_results/sensitivity_default_v2/checkpoints/tau_c__0p28/recap/trial_0/model.pt
tau_c__0p28,sensitivity,tau_c,0.28,0,ACM,0.7794773683781574,0.3672046605372566,/autodl-fs/data/recap/tuning_hyperparams/sensitivity_results/sensitivity_default_v2/checkpoints/tau_c__0p28/recap/trial_0/model.pt
tau_c__0p28,sensitivity,tau_c,0.28,0,BlogCatalog,0.7160134123093682,0.3164790917282832,/autodl-fs/data/recap/tuning_hyperparams/sensitivity_results/sensitivity_default_v2/checkpoints/tau_c__0p28/recap/trial_0/model.pt
tau_c__0p28,sensitivity,tau_c,0.28,0,weibo,0.754041200125464,0.3204817208511004,/autodl-fs/data/recap/tuning_hyperparams/sensitivity_results/sensitivity_default_v2/checkpoints/tau_c__0p28/recap/trial_0/model.pt
tau_c__0p28,sensitivity,tau_c,0.28,0,Reddit,0.5843016344036881,0.04554405269853261,/autodl-fs/data/recap/tuning_hyperparams/sensitivity_results/sensitivity_default_v2/checkpoints/tau_c__0p28/recap/trial_0/model.pt
tau_c__0p28,sensitivity,tau_c,0.28,0,Amazon,0.736985545610034,0.1369772859849478,/autodl-fs/data/recap/tuning_hyperparams/sensitivity_results/sensitivity_default_v2/checkpoints/tau_c__0p28/recap/trial_0/model.pt
tau_c__0p28,sensitivity,tau_c,0.28,1,Facebook,0.595530303030303,0.05203335740443574,/autodl-fs/data/recap/tuning_hyperparams/sensitivity_results/sensitivity_default_v2/checkpoints/tau_c__0p28/recap/trial_1/model.pt
tau_c__0p28,sensitivity,tau_c,0.28,1,cora,0.8226713578316394,0.4205219665526359,/autodl-fs/data/recap/tuning_hyperparams/sensitivity_results/sensitivity_default_v2/checkpoints/tau_c__0p28/recap/trial_1/model.pt
tau_c__0p28,sensitivity,tau_c,0.28,1,citeseer,0.8994040499422935,0.4644185174302148,/autodl-fs/data/recap/tuning_hyperparams/sensitivity_results/sensitivity_default_v2/checkpoints/tau_c__0p28/recap/trial_1/model.pt
tau_c__0p28,sensitivity,tau_c,0.28,1,ACM,0.772484514007481,0.36941125742296205,/autodl-fs/data/recap/tuning_hyperparams/sensitivity_results/sensitivity_default_v2/checkpoints/tau_c__0p28/recap/trial_1/model.pt
tau_c__0p28,sensitivity,tau_c,0.28,1,BlogCatalog,0.7255780228758171,0.32449389731391276,/autodl-fs/data/recap/tuning_hyperparams/sensitivity_results/sensitivity_default_v2/checkpoints/tau_c__0p28/recap/trial_1/model.pt
tau_c__0p28,sensitivity,tau_c,0.28,1,weibo,0.7295691485751705,0.30445210101764386,/autodl-fs/data/recap/tuning_hyperparams/sensitivity_results/sensitivity_default_v2/checkpoints/tau_c__0p28/recap/trial_1/model.pt
tau_c__0p28,sensitivity,tau_c,0.28,1,Reddit,0.5906554186261704,0.046699210627643664,/autodl-fs/data/recap/tuning_hyperparams/sensitivity_results/sensitivity_default_v2/checkpoints/tau_c__0p28/recap/trial_1/model.pt
tau_c__0p28,sensitivity,tau_c,0.28,1,Amazon,0.709086609306943,0.12217649028891264,/autodl-fs/data/recap/tuning_hyperparams/sensitivity_results/sensitivity_default_v2/checkpoints/tau_c__0p28/recap/trial_1/model.pt
tau_c__0p28,sensitivity,tau_c,0.28,2,Facebook,0.5926893939393939,0.0400641273575408,/autodl-fs/data/recap/tuning_hyperparams/sensitivity_results/sensitivity_default_v2/checkpoints/tau_c__0p28/recap/trial_2/model.pt
tau_c__0p28,sensitivity,tau_c,0.28,2,cora,0.8206411258795936,0.4048176423292661,/autodl-fs/data/recap/tuning_hyperparams/sensitivity_results/sensitivity_default_v2/checkpoints/tau_c__0p28/recap/trial_2/model.pt
tau_c__0p28,sensitivity,tau_c,0.28,2,citeseer,0.903917742104711,0.4427741035859745,/autodl-fs/data/recap/tuning_hyperparams/sensitivity_results/sensitivity_default_v2/checkpoints/tau_c__0p28/recap/trial_2/model.pt
tau_c__0p28,sensitivity,tau_c,0.28,2,ACM,0.7850004096140044,0.37218121589283315,/autodl-fs/data/recap/tuning_hyperparams/sensitivity_results/sensitivity_default_v2/checkpoints/tau_c__0p28/recap/trial_2/model.pt
tau_c__0p28,sensitivity,tau_c,0.28,2,BlogCatalog,0.741713984204793,0.32950656966370784,/autodl-fs/data/recap/tuning_hyperparams/sensitivity_results/sensitivity_default_v2/checkpoints/tau_c__0p28/recap/trial_2/model.pt
tau_c__0p28,sensitivity,tau_c,0.28,2,weibo,0.7307521755957859,0.3099854242108283,/autodl-fs/data/recap/tuning_hyperparams/sensitivity_results/sensitivity_default_v2/checkpoints/tau_c__0p28/recap/trial_2/model.pt
tau_c__0p28,sensitivity,tau_c,0.28,2,Reddit,0.5873686502042619,0.04558682293761852,/autodl-fs/data/recap/tuning_hyperparams/sensitivity_results/sensitivity_default_v2/checkpoints/tau_c__0p28/recap/trial_2/model.pt
tau_c__0p28,sensitivity,tau_c,0.28,2,Amazon,0.7234459195428664,0.12739504548896793,/autodl-fs/data/recap/tuning_hyperparams/sensitivity_results/sensitivity_default_v2/checkpoints/tau_c__0p28/recap/trial_2/model.pt
tau_c__0p32,sensitivity,tau_c,0.32,0,Facebook,0.5975,0.046089594464760714,/autodl-fs/data/recap/tuning_hyperparams/sensitivity_results/sensitivity_default_v2/checkpoints/tau_c__0p32/recap/trial_0/model.pt
tau_c__0p32,sensitivity,tau_c,0.32,0,cora,0.8193406307010684,0.4139517618081329,/autodl-fs/data/recap/tuning_hyperparams/sensitivity_results/sensitivity_default_v2/checkpoints/tau_c__0p32/recap/trial_0/model.pt
tau_c__0p32,sensitivity,tau_c,0.32,0,citeseer,0.9033826461021929,0.4690096705299796,/autodl-fs/data/recap/tuning_hyperparams/sensitivity_results/sensitivity_default_v2/checkpoints/tau_c__0p32/recap/trial_0/model.pt
tau_c__0p32,sensitivity,tau_c,0.32,0,ACM,0.7856123529040262,0.36515722614651236,/autodl-fs/data/recap/tuning_hyperparams/sensitivity_results/sensitivity_default_v2/checkpoints/tau_c__0p32/recap/trial_0/model.pt
tau_c__0p32,sensitivity,tau_c,0.32,0,BlogCatalog,0.7367960239651417,0.3315580665235761,/autodl-fs/data/recap/tuning_hyperparams/sensitivity_results/sensitivity_default_v2/checkpoints/tau_c__0p32/recap/trial_0/model.pt
tau_c__0p32,sensitivity,tau_c,0.32,0,weibo,0.768860487952216,0.3074557769360768,/autodl-fs/data/recap/tuning_hyperparams/sensitivity_results/sensitivity_default_v2/checkpoints/tau_c__0p32/recap/trial_0/model.pt
tau_c__0p32,sensitivity,tau_c,0.32,0,Reddit,0.5865170444661967,0.046102112564347625,/autodl-fs/data/recap/tuning_hyperparams/sensitivity_results/sensitivity_default_v2/checkpoints/tau_c__0p32/recap/trial_0/model.pt
tau_c__0p32,sensitivity,tau_c,0.32,0,Amazon,0.7416600466647681,0.14161282074522896,/autodl-fs/data/recap/tuning_hyperparams/sensitivity_results/sensitivity_default_v2/checkpoints/tau_c__0p32/recap/trial_0/model.pt
tau_c__0p32,sensitivity,tau_c,0.32,1,Facebook,0.5910984848484849,0.051876197667196325,/autodl-fs/data/recap/tuning_hyperparams/sensitivity_results/sensitivity_default_v2/checkpoints/tau_c__0p32/recap/trial_1/model.pt
tau_c__0p32,sensitivity,tau_c,0.32,1,cora,0.8253792025019547,0.4236701507121419,/autodl-fs/data/recap/tuning_hyperparams/sensitivity_results/sensitivity_default_v2/checkpoints/tau_c__0p32/recap/trial_1/model.pt
tau_c__0p32,sensitivity,tau_c,0.32,1,citeseer,0.9008865806316232,0.46583267977573567,/autodl-fs/data/recap/tuning_hyperparams/sensitivity_results/sensitivity_default_v2/checkpoints/tau_c__0p32/recap/trial_1/model.pt
tau_c__0p32,sensitivity,tau_c,0.32,1,ACM,0.7809991081274482,0.3660601820611822,/autodl-fs/data/recap/tuning_hyperparams/sensitivity_results/sensitivity_default_v2/checkpoints/tau_c__0p32/recap/trial_1/model.pt
tau_c__0p32,sensitivity,tau_c,0.32,1,BlogCatalog,0.7286710239651417,0.33165838478412074,/autodl-fs/data/recap/tuning_hyperparams/sensitivity_results/sensitivity_default_v2/checkpoints/tau_c__0p32/recap/trial_1/model.pt
tau_c__0p32,sensitivity,tau_c,0.32,1,weibo,0.7872964955069583,0.3080794170534839,/autodl-fs/data/recap/tuning_hyperparams/sensitivity_results/sensitivity_default_v2/checkpoints/tau_c__0p32/recap/trial_1/model.pt
tau_c__0p32,sensitivity,tau_c,0.32,1,Reddit,0.5946180421533904,0.04685528065635867,/autodl-fs/data/recap/tuning_hyperparams/sensitivity_results/sensitivity_default_v2/checkpoints/tau_c__0p32/recap/trial_1/model.pt
tau_c__0p32,sensitivity,tau_c,0.32,1,Amazon,0.7306812144709531,0.12988918177080708,/autodl-fs/data/recap/tuning_hyperparams/sensitivity_results/sensitivity_default_v2/checkpoints/tau_c__0p32/recap/trial_1/model.pt
tau_c__0p32,sensitivity,tau_c,0.32,2,Facebook,0.5759848484848485,0.03458595812786967,/autodl-fs/data/recap/tuning_hyperparams/sensitivity_results/sensitivity_default_v2/checkpoints/tau_c__0p32/recap/trial_2/model.pt
tau_c__0p32,sensitivity,tau_c,0.32,2,cora,0.8197471983320302,0.3932775564747725,/autodl-fs/data/recap/tuning_hyperparams/sensitivity_results/sensitivity_default_v2/checkpoints/tau_c__0p32/recap/trial_2/model.pt
tau_c__0p32,sensitivity,tau_c,0.32,2,citeseer,0.9045011016682405,0.4334502325135913,/autodl-fs/data/recap/tuning_hyperparams/sensitivity_results/sensitivity_default_v2/checkpoints/tau_c__0p32/recap/trial_2/model.pt
tau_c__0p32,sensitivity,tau_c,0.32,2,ACM,0.781210979257927,0.37471759163506835,/autodl-fs/data/recap/tuning_hyperparams/sensitivity_results/sensitivity_default_v2/checkpoints/tau_c__0p32/recap/trial_2/model.pt
tau_c__0p32,sensitivity,tau_c,0.32,2,BlogCatalog,0.7431665305010894,0.33002691094354836,/autodl-fs/data/recap/tuning_hyperparams/sensitivity_results/sensitivity_default_v2/checkpoints/tau_c__0p32/recap/trial_2/model.pt
tau_c__0p32,sensitivity,tau_c,0.32,2,weibo,0.7583403443167318,0.3149356115829161,/autodl-fs/data/recap/tuning_hyperparams/sensitivity_results/sensitivity_default_v2/checkpoints/tau_c__0p32/recap/trial_2/model.pt
tau_c__0p32,sensitivity,tau_c,0.32,2,Reddit,0.5870354187702704,0.04627964022729346,/autodl-fs/data/recap/tuning_hyperparams/sensitivity_results/sensitivity_default_v2/checkpoints/tau_c__0p32/recap/trial_2/model.pt
tau_c__0p32,sensitivity,tau_c,0.32,2,Amazon,0.7398302917660804,0.13531988647678803,/autodl-fs/data/recap/tuning_hyperparams/sensitivity_results/sensitivity_default_v2/checkpoints/tau_c__0p32/recap/trial_2/model.pt
tau_c__0p35,sensitivity,tau_c,0.35,0,Facebook,0.6009090909090908,0.056346687441399965,/autodl-fs/data/recap/tuning_hyperparams/sensitivity_results/sensitivity_default_v2/checkpoints/tau_c__0p35/recap/trial_0/model.pt
tau_c__0p35,sensitivity,tau_c,0.35,0,cora,0.820797498045348,0.42324061199357715,/autodl-fs/data/recap/tuning_hyperparams/sensitivity_results/sensitivity_default_v2/checkpoints/tau_c__0p35/recap/trial_0/model.pt
tau_c__0p35,sensitivity,tau_c,0.35,0,citeseer,0.9022557968733607,0.46695866228154753,/autodl-fs/data/recap/tuning_hyperparams/sensitivity_results/sensitivity_default_v2/checkpoints/tau_c__0p35/recap/trial_0/model.pt
tau_c__0p35,sensitivity,tau_c,0.35,0,ACM,0.7911676571734272,0.3680409811657559,/autodl-fs/data/recap/tuning_hyperparams/sensitivity_results/sensitivity_default_v2/checkpoints/tau_c__0p35/recap/trial_0/model.pt
tau_c__0p35,sensitivity,tau_c,0.35,0,BlogCatalog,0.73703227124183,0.33360731851932973,/autodl-fs/data/recap/tuning_hyperparams/sensitivity_results/sensitivity_default_v2/checkpoints/tau_c__0p35/recap/trial_0/model.pt
tau_c__0p35,sensitivity,tau_c,0.35,0,weibo,0.7649135998199972,0.31024543151284645,/autodl-fs/data/recap/tuning_hyperparams/sensitivity_results/sensitivity_default_v2/checkpoints/tau_c__0p35/recap/trial_0/model.pt
tau_c__0p35,sensitivity,tau_c,0.35,0,Reddit,0.5880363996800978,0.04652437788662851,/autodl-fs/data/recap/tuning_hyperparams/sensitivity_results/sensitivity_default_v2/checkpoints/tau_c__0p35/recap/trial_0/model.pt
tau_c__0p35,sensitivity,tau_c,0.35,0,Amazon,0.7496980688670962,0.1463908736668726,/autodl-fs/data/recap/tuning_hyperparams/sensitivity_results/sensitivity_default_v2/checkpoints/tau_c__0p35/recap/trial_0/model.pt
tau_c__0p35,sensitivity,tau_c,0.35,1,Facebook,0.5938257575757576,0.05405785091246347,/autodl-fs/data/recap/tuning_hyperparams/sensitivity_results/sensitivity_default_v2/checkpoints/tau_c__0p35/recap/trial_1/model.pt
tau_c__0p35,sensitivity,tau_c,0.35,1,cora,0.826523325514725,0.42310953593192485,/autodl-fs/data/recap/tuning_hyperparams/sensitivity_results/sensitivity_default_v2/checkpoints/tau_c__0p35/recap/trial_1/model.pt
tau_c__0p35,sensitivity,tau_c,0.35,1,citeseer,0.8994900849858358,0.4667655821203179,/autodl-fs/data/recap/tuning_hyperparams/sensitivity_results/sensitivity_default_v2/checkpoints/tau_c__0p35/recap/trial_1/model.pt
tau_c__0p35,sensitivity,tau_c,0.35,1,ACM,0.7816566519469214,0.3667815201415377,/autodl-fs/data/recap/tuning_hyperparams/sensitivity_results/sensitivity_default_v2/checkpoints/tau_c__0p35/recap/trial_1/model.pt
tau_c__0p35,sensitivity,tau_c,0.35,1,BlogCatalog,0.7267527913943356,0.32906874068206726,/autodl-fs/data/recap/tuning_hyperparams/sensitivity_results/sensitivity_default_v2/checkpoints/tau_c__0p35/recap/trial_1/model.pt
tau_c__0p35,sensitivity,tau_c,0.35,1,weibo,0.7745472565757012,0.3094061289600523,/autodl-fs/data/recap/tuning_hyperparams/sensitivity_results/sensitivity_default_v2/checkpoints/tau_c__0p35/recap/trial_1/model.pt
tau_c__0p35,sensitivity,tau_c,0.35,1,Reddit,0.5875775953196294,0.04536784598246267,/autodl-fs/data/recap/tuning_hyperparams/sensitivity_results/sensitivity_default_v2/checkpoints/tau_c__0p35/recap/trial_1/model.pt
tau_c__0p35,sensitivity,tau_c,0.35,1,Amazon,0.7201885303868306,0.12630342630608044,/autodl-fs/data/recap/tuning_hyperparams/sensitivity_results/sensitivity_default_v2/checkpoints/tau_c__0p35/recap/trial_1/model.pt
tau_c__0p35,sensitivity,tau_c,0.35,2,Facebook,0.5825,0.039963004649571233,/autodl-fs/data/recap/tuning_hyperparams/sensitivity_results/sensitivity_default_v2/checkpoints/tau_c__0p35/recap/trial_2/model.pt
tau_c__0p35,sensitivity,tau_c,0.35,2,cora,0.8169090435235862,0.4019643219244211,/autodl-fs/data/recap/tuning_hyperparams/sensitivity_results/sensitivity_default_v2/checkpoints/tau_c__0p35/recap/trial_2/model.pt
tau_c__0p35,sensitivity,tau_c,0.35,2,citeseer,0.9043300807890042,0.4400047175967432,/autodl-fs/data/recap/tuning_hyperparams/sensitivity_results/sensitivity_default_v2/checkpoints/tau_c__0p35/recap/trial_2/model.pt
tau_c__0p35,sensitivity,tau_c,0.35,2,ACM,0.7831636835485625,0.3735822080513365,/autodl-fs/data/recap/tuning_hyperparams/sensitivity_results/sensitivity_default_v2/checkpoints/tau_c__0p35/recap/trial_2/model.pt
tau_c__0p35,sensitivity,tau_c,0.35,2,BlogCatalog,0.7350902096949892,0.32829402123503765,/autodl-fs/data/recap/tuning_hyperparams/sensitivity_results/sensitivity_default_v2/checkpoints/tau_c__0p35/recap/trial_2/model.pt
tau_c__0p35,sensitivity,tau_c,0.35,2,weibo,0.7675339293892067,0.3117379634521814,/autodl-fs/data/recap/tuning_hyperparams/sensitivity_results/sensitivity_default_v2/checkpoints/tau_c__0p35/recap/trial_2/model.pt
tau_c__0p35,sensitivity,tau_c,0.35,2,Reddit,0.5909115822497522,0.045746691023889466,/autodl-fs/data/recap/tuning_hyperparams/sensitivity_results/sensitivity_default_v2/checkpoints/tau_c__0p35/recap/trial_2/model.pt
tau_c__0p35,sensitivity,tau_c,0.35,2,Amazon,0.7139149336190569,0.1255582190576477,/autodl-fs/data/recap/tuning_hyperparams/sensitivity_results/sensitivity_default_v2/checkpoints/tau_c__0p35/recap/trial_2/model.pt
tau_c__0p38,sensitivity,tau_c,0.38,0,Facebook,0.6138636363636364,0.08205092834231242,/autodl-fs/data/recap/tuning_hyperparams/sensitivity_results/sensitivity_default_v2/checkpoints/tau_c__0p38/recap/trial_0/model.pt
tau_c__0p38,sensitivity,tau_c,0.38,0,cora,0.824175136825645,0.4206517772372937,/autodl-fs/data/recap/tuning_hyperparams/sensitivity_results/sensitivity_default_v2/checkpoints/tau_c__0p38/recap/trial_0/model.pt
tau_c__0p38,sensitivity,tau_c,0.38,0,citeseer,0.9030815234497954,0.46980091505193255,/autodl-fs/data/recap/tuning_hyperparams/sensitivity_results/sensitivity_default_v2/checkpoints/tau_c__0p38/recap/trial_0/model.pt
tau_c__0p38,sensitivity,tau_c,0.38,0,ACM,0.7825355560243887,0.36556012913644703,/autodl-fs/data/recap/tuning_hyperparams/sensitivity_results/sensitivity_default_v2/checkpoints/tau_c__0p38/recap/trial_0/model.pt
tau_c__0p38,sensitivity,tau_c,0.38,0,BlogCatalog,0.7315243736383443,0.3279556284778116,/autodl-fs/data/recap/tuning_hyperparams/sensitivity_results/sensitivity_default_v2/checkpoints/tau_c__0p38/recap/trial_0/model.pt
tau_c__0p38,sensitivity,tau_c,0.38,0,weibo,0.7400828722694615,0.2988171678997394,/autodl-fs/data/recap/tuning_hyperparams/sensitivity_results/sensitivity_default_v2/checkpoints/tau_c__0p38/recap/trial_0/model.pt
tau_c__0p38,sensitivity,tau_c,0.38,0,Reddit,0.591492485695494,0.04733692644804047,/autodl-fs/data/recap/tuning_hyperparams/sensitivity_results/sensitivity_default_v2/checkpoints/tau_c__0p38/recap/trial_0/model.pt
tau_c__0p38,sensitivity,tau_c,0.38,0,Amazon,0.7507180563523025,0.1475605054117836,/autodl-fs/data/recap/tuning_hyperparams/sensitivity_results/sensitivity_default_v2/checkpoints/tau_c__0p38/recap/trial_0/model.pt
tau_c__0p38,sensitivity,tau_c,0.38,1,Facebook,0.5878030303030303,0.05040433652603908,/autodl-fs/data/recap/tuning_hyperparams/sensitivity_results/sensitivity_default_v2/checkpoints/tau_c__0p38/recap/trial_1/model.pt
tau_c__0p38,sensitivity,tau_c,0.38,1,cora,0.8271931196247067,0.4248655087491808,/autodl-fs/data/recap/tuning_hyperparams/sensitivity_results/sensitivity_default_v2/checkpoints/tau_c__0p38/recap/trial_1/model.pt
tau_c__0p38,sensitivity,tau_c,0.38,1,citeseer,0.9003651243311299,0.46818591775537066,/autodl-fs/data/recap/tuning_hyperparams/sensitivity_results/sensitivity_default_v2/checkpoints/tau_c__0p38/recap/trial_1/model.pt
tau_c__0p38,sensitivity,tau_c,0.38,1,ACM,0.7835605926656002,0.3669735797161668,/autodl-fs/data/recap/tuning_hyperparams/sensitivity_results/sensitivity_default_v2/checkpoints/tau_c__0p38/recap/trial_1/model.pt
tau_c__0p38,sensitivity,tau_c,0.38,1,BlogCatalog,0.7251089324618736,0.33063401872488274,/autodl-fs/data/recap/tuning_hyperparams/sensitivity_results/sensitivity_default_v2/checkpoints/tau_c__0p38/recap/trial_1/model.pt
tau_c__0p38,sensitivity,tau_c,0.38,1,weibo,0.7663482273930943,0.30640614959851076,/autodl-fs/data/recap/tuning_hyperparams/sensitivity_results/sensitivity_default_v2/checkpoints/tau_c__0p38/recap/trial_1/model.pt
tau_c__0p38,sensitivity,tau_c,0.38,1,Reddit,0.5868740781454731,0.04537339378547318,/autodl-fs/data/recap/tuning_hyperparams/sensitivity_results/sensitivity_default_v2/checkpoints/tau_c__0p38/recap/trial_1/model.pt
tau_c__0p38,sensitivity,tau_c,0.38,1,Amazon,0.7168564249143412,0.1253645382046047,/autodl-fs/data/recap/tuning_hyperparams/sensitivity_results/sensitivity_default_v2/checkpoints/tau_c__0p38/recap/trial_1/model.pt
tau_c__0p38,sensitivity,tau_c,0.38,2,Facebook,0.5975,0.03894076204873793,/autodl-fs/data/recap/tuning_hyperparams/sensitivity_results/sensitivity_default_v2/checkpoints/tau_c__0p38/recap/trial_2/model.pt
tau_c__0p38,sensitivity,tau_c,0.38,2,cora,0.8175996872556686,0.40163239961349445,/autodl-fs/data/recap/tuning_hyperparams/sensitivity_results/sensitivity_default_v2/checkpoints/tau_c__0p38/recap/trial_2/model.pt
tau_c__0p38,sensitivity,tau_c,0.38,2,citeseer,0.9023439303325989,0.4426873938536781,/autodl-fs/data/recap/tuning_hyperparams/sensitivity_results/sensitivity_default_v2/checkpoints/tau_c__0p38/recap/trial_2/model.pt
tau_c__0p38,sensitivity,tau_c,0.38,2,ACM,0.7790157750418867,0.3715252596999481,/autodl-fs/data/recap/tuning_hyperparams/sensitivity_results/sensitivity_default_v2/checkpoints/tau_c__0p38/recap/trial_2/model.pt
tau_c__0p38,sensitivity,tau_c,0.38,2,BlogCatalog,0.7230739379084967,0.32744772070859696,/autodl-fs/data/recap/tuning_hyperparams/sensitivity_results/sensitivity_default_v2/checkpoints/tau_c__0p38/recap/trial_2/model.pt
tau_c__0p38,sensitivity,tau_c,0.38,2,weibo,0.7124174349705814,0.2993062399223677,/autodl-fs/data/recap/tuning_hyperparams/sensitivity_results/sensitivity_default_v2/checkpoints/tau_c__0p38/recap/trial_2/model.pt
tau_c__0p38,sensitivity,tau_c,0.38,2,Reddit,0.5860882180687089,0.045678549252314044,/autodl-fs/data/recap/tuning_hyperparams/sensitivity_results/sensitivity_default_v2/checkpoints/tau_c__0p38/recap/trial_2/model.pt
tau_c__0p38,sensitivity,tau_c,0.38,2,Amazon,0.7128310549777342,0.12515591910663476,/autodl-fs/data/recap/tuning_hyperparams/sensitivity_results/sensitivity_default_v2/checkpoints/tau_c__0p38/recap/trial_2/model.pt
tau_c__0p42,sensitivity,tau_c,0.42,0,Facebook,0.595,0.05751917959651765,/autodl-fs/data/recap/tuning_hyperparams/sensitivity_results/sensitivity_default_v2/checkpoints/tau_c__0p42/recap/trial_0/model.pt
tau_c__0p42,sensitivity,tau_c,0.42,0,cora,0.8241178003648684,0.4266563731655151,/autodl-fs/data/recap/tuning_hyperparams/sensitivity_results/sensitivity_default_v2/checkpoints/tau_c__0p42/recap/trial_0/model.pt
tau_c__0p42,sensitivity,tau_c,0.42,0,citeseer,0.906081208687441,0.4697522641383102,/autodl-fs/data/recap/tuning_hyperparams/sensitivity_results/sensitivity_default_v2/checkpoints/tau_c__0p42/recap/trial_0/model.pt
tau_c__0p42,sensitivity,tau_c,0.42,0,ACM,0.7830357384792239,0.3673978195907321,/autodl-fs/data/recap/tuning_hyperparams/sensitivity_results/sensitivity_default_v2/checkpoints/tau_c__0p42/recap/trial_0/model.pt
tau_c__0p42,sensitivity,tau_c,0.42,0,BlogCatalog,0.733609068627451,0.328258486206919,/autodl-fs/data/recap/tuning_hyperparams/sensitivity_results/sensitivity_default_v2/checkpoints/tau_c__0p42/recap/trial_0/model.pt
tau_c__0p42,sensitivity,tau_c,0.42,0,weibo,0.745554420007227,0.29544714278468687,/autodl-fs/data/recap/tuning_hyperparams/sensitivity_results/sensitivity_default_v2/checkpoints/tau_c__0p42/recap/trial_0/model.pt
tau_c__0p42,sensitivity,tau_c,0.42,0,Reddit,0.5974888502563438,0.04808107994690831,/autodl-fs/data/recap/tuning_hyperparams/sensitivity_results/sensitivity_default_v2/checkpoints/tau_c__0p42/recap/trial_0/model.pt
tau_c__0p42,sensitivity,tau_c,0.42,0,Amazon,0.7377037912133915,0.14061809830764138,/autodl-fs/data/recap/tuning_hyperparams/sensitivity_results/sensitivity_default_v2/checkpoints/tau_c__0p42/recap/trial_0/model.pt
tau_c__0p42,sensitivity,tau_c,0.42,1,Facebook,0.5889772727272727,0.057136295470642195,/autodl-fs/data/recap/tuning_hyperparams/sensitivity_results/sensitivity_default_v2/checkpoints/tau_c__0p42/recap/trial_1/model.pt
tau_c__0p42,sensitivity,tau_c,0.42,1,cora,0.8284831899921814,0.42700912636797456,/autodl-fs/data/recap/tuning_hyperparams/sensitivity_results/sensitivity_default_v2/checkpoints/tau_c__0p42/recap/trial_1/model.pt
tau_c__0p42,sensitivity,tau_c,0.42,1,citeseer,0.9004469625432797,0.46934730541813047,/autodl-fs/data/recap/tuning_hyperparams/sensitivity_results/sensitivity_default_v2/checkpoints/tau_c__0p42/recap/trial_1/model.pt
tau_c__0p42,sensitivity,tau_c,0.42,1,ACM,0.7848191672784518,0.3669639186223049,/autodl-fs/data/recap/tuning_hyperparams/sensitivity_results/sensitivity_default_v2/checkpoints/tau_c__0p42/recap/trial_1/model.pt
tau_c__0p42,sensitivity,tau_c,0.42,1,BlogCatalog,0.724891748366013,0.3307769298789631,/autodl-fs/data/recap/tuning_hyperparams/sensitivity_results/sensitivity_default_v2/checkpoints/tau_c__0p42/recap/trial_1/model.pt
tau_c__0p42,sensitivity,tau_c,0.42,1,weibo,0.7641581103117097,0.3055692977036097,/autodl-fs/data/recap/tuning_hyperparams/sensitivity_results/sensitivity_default_v2/checkpoints/tau_c__0p42/recap/trial_1/model.pt
tau_c__0p42,sensitivity,tau_c,0.42,1,Reddit,0.5861014701295973,0.04522879951835557,/autodl-fs/data/recap/tuning_hyperparams/sensitivity_results/sensitivity_default_v2/checkpoints/tau_c__0p42/recap/trial_1/model.pt
tau_c__0p42,sensitivity,tau_c,0.42,1,Amazon,0.7212126056948216,0.1263959075109466,/autodl-fs/data/recap/tuning_hyperparams/sensitivity_results/sensitivity_default_v2/checkpoints/tau_c__0p42/recap/trial_1/model.pt
tau_c__0p42,sensitivity,tau_c,0.42,2,Facebook,0.590189393939394,0.038698913782105715,/autodl-fs/data/recap/tuning_hyperparams/sensitivity_results/sensitivity_default_v2/checkpoints/tau_c__0p42/recap/trial_2/model.pt
tau_c__0p42,sensitivity,tau_c,0.42,2,cora,0.819755016940318,0.406357866998739,/autodl-fs/data/recap/tuning_hyperparams/sensitivity_results/sensitivity_default_v2/checkpoints/tau_c__0p42/recap/trial_2/model.pt
tau_c__0p42,sensitivity,tau_c,0.42,2,citeseer,0.9038589864652188,0.4559459582666369,/autodl-fs/data/recap/tuning_hyperparams/sensitivity_results/sensitivity_default_v2/checkpoints/tau_c__0p42/recap/trial_2/model.pt
tau_c__0p42,sensitivity,tau_c,0.42,2,ACM,0.7870171655153719,0.3716258568836273,/autodl-fs/data/recap/tuning_hyperparams/sensitivity_results/sensitivity_default_v2/checkpoints/tau_c__0p42/recap/trial_2/model.pt
tau_c__0p42,sensitivity,tau_c,0.42,2,BlogCatalog,0.7265866693899782,0.3306210384610389,/autodl-fs/data/recap/tuning_hyperparams/sensitivity_results/sensitivity_default_v2/checkpoints/tau_c__0p42/recap/trial_2/model.pt
tau_c__0p42,sensitivity,tau_c,0.42,2,weibo,0.7207370673341775,0.29784324686596725,/autodl-fs/data/recap/tuning_hyperparams/sensitivity_results/sensitivity_default_v2/checkpoints/tau_c__0p42/recap/trial_2/model.pt
tau_c__0p42,sensitivity,tau_c,0.42,2,Reddit,0.585678304806664,0.045230279832396435,/autodl-fs/data/recap/tuning_hyperparams/sensitivity_results/sensitivity_default_v2/checkpoints/tau_c__0p42/recap/trial_2/model.pt
tau_c__0p42,sensitivity,tau_c,0.42,2,Amazon,0.7154828407582579,0.12597661918553008,/autodl-fs/data/recap/tuning_hyperparams/sensitivity_results/sensitivity_default_v2/checkpoints/tau_c__0p42/recap/trial_2/model.pt
tau_c__0p5,sensitivity,tau_c,0.5,0,Facebook,0.6025,0.05735140270509253,/autodl-fs/data/recap/tuning_hyperparams/sensitivity_results/sensitivity_default_v2/checkpoints/tau_c__0p5/recap/trial_0/model.pt
tau_c__0p5,sensitivity,tau_c,0.5,0,cora,0.8270992963252541,0.42989342272072684,/autodl-fs/data/recap/tuning_hyperparams/sensitivity_results/sensitivity_default_v2/checkpoints/tau_c__0p5/recap/trial_0/model.pt
tau_c__0p5,sensitivity,tau_c,0.5,0,citeseer,0.9084933375301647,0.4743147931601956,/autodl-fs/data/recap/tuning_hyperparams/sensitivity_results/sensitivity_default_v2/checkpoints/tau_c__0p5/recap/trial_0/model.pt
tau_c__0p5,sensitivity,tau_c,0.5,0,ACM,0.7882278727516434,0.37337254726136165,/autodl-fs/data/recap/tuning_hyperparams/sensitivity_results/sensitivity_default_v2/checkpoints/tau_c__0p5/recap/trial_0/model.pt
tau_c__0p5,sensitivity,tau_c,0.5,0,BlogCatalog,0.727703227124183,0.3301067769446157,/autodl-fs/data/recap/tuning_hyperparams/sensitivity_results/sensitivity_default_v2/checkpoints/tau_c__0p5/recap/trial_0/model.pt
tau_c__0p5,sensitivity,tau_c,0.5,0,weibo,0.7650126503412658,0.31212452931446666,/autodl-fs/data/recap/tuning_hyperparams/sensitivity_results/sensitivity_default_v2/checkpoints/tau_c__0p5/recap/trial_0/model.pt
tau_c__0p5,sensitivity,tau_c,0.5,0,Reddit,0.5915195044604121,0.046956913814354656,/autodl-fs/data/recap/tuning_hyperparams/sensitivity_results/sensitivity_default_v2/checkpoints/tau_c__0p5/recap/trial_0/model.pt
tau_c__0p5,sensitivity,tau_c,0.5,0,Amazon,0.7310212607663032,0.13067525884872103,/autodl-fs/data/recap/tuning_hyperparams/sensitivity_results/sensitivity_default_v2/checkpoints/tau_c__0p5/recap/trial_0/model.pt
tau_c__0p5,sensitivity,tau_c,0.5,1,Facebook,0.5873863636363637,0.05676204813266694,/autodl-fs/data/recap/tuning_hyperparams/sensitivity_results/sensitivity_default_v2/checkpoints/tau_c__0p5/recap/trial_1/model.pt
tau_c__0p5,sensitivity,tau_c,0.5,1,cora,0.8286239249413604,0.4250316218856472,/autodl-fs/data/recap/tuning_hyperparams/sensitivity_results/sensitivity_default_v2/checkpoints/tau_c__0p5/recap/trial_1/model.pt
tau_c__0p5,sensitivity,tau_c,0.5,1,citeseer,0.9003430909663206,0.47103905995814666,/autodl-fs/data/recap/tuning_hyperparams/sensitivity_results/sensitivity_default_v2/checkpoints/tau_c__0p5/recap/trial_1/model.pt
tau_c__0p5,sensitivity,tau_c,0.5,1,ACM,0.785131939464849,0.36514553367983993,/autodl-fs/data/recap/tuning_hyperparams/sensitivity_results/sensitivity_default_v2/checkpoints/tau_c__0p5/recap/trial_1/model.pt
tau_c__0p5,sensitivity,tau_c,0.5,1,BlogCatalog,0.7255106209150327,0.33210849587570557,/autodl-fs/data/recap/tuning_hyperparams/sensitivity_results/sensitivity_default_v2/checkpoints/tau_c__0p5/recap/trial_1/model.pt
tau_c__0p5,sensitivity,tau_c,0.5,1,weibo,0.7563881471988574,0.30259326403121545,/autodl-fs/data/recap/tuning_hyperparams/sensitivity_results/sensitivity_default_v2/checkpoints/tau_c__0p5/recap/trial_1/model.pt
tau_c__0p5,sensitivity,tau_c,0.5,1,Reddit,0.586512026695569,0.04542994464282844,/autodl-fs/data/recap/tuning_hyperparams/sensitivity_results/sensitivity_default_v2/checkpoints/tau_c__0p5/recap/trial_1/model.pt
tau_c__0p5,sensitivity,tau_c,0.5,1,Amazon,0.72076279378766,0.12598527079552274,/autodl-fs/data/recap/tuning_hyperparams/sensitivity_results/sensitivity_default_v2/checkpoints/tau_c__0p5/recap/trial_1/model.pt
tau_c__0p5,sensitivity,tau_c,0.5,2,Facebook,0.5941666666666666,0.041460326311340175,/autodl-fs/data/recap/tuning_hyperparams/sensitivity_results/sensitivity_default_v2/checkpoints/tau_c__0p5/recap/trial_2/model.pt
tau_c__0p5,sensitivity,tau_c,0.5,2,cora,0.821717487620537,0.406503097514924,/autodl-fs/data/recap/tuning_hyperparams/sensitivity_results/sensitivity_default_v2/checkpoints/tau_c__0p5/recap/trial_2/model.pt
tau_c__0p5,sensitivity,tau_c,0.5,2,citeseer,0.906042387997062,0.4608310605380571,/autodl-fs/data/recap/tuning_hyperparams/sensitivity_results/sensitivity_default_v2/checkpoints/tau_c__0p5/recap/trial_2/model.pt
tau_c__0p5,sensitivity,tau_c,0.5,2,ACM,0.7908310040161151,0.37322520354640354,/autodl-fs/data/recap/tuning_hyperparams/sensitivity_results/sensitivity_default_v2/checkpoints/tau_c__0p5/recap/trial_2/model.pt
tau_c__0p5,sensitivity,tau_c,0.5,2,BlogCatalog,0.731550925925926,0.33243177187328016,/autodl-fs/data/recap/tuning_hyperparams/sensitivity_results/sensitivity_default_v2/checkpoints/tau_c__0p5/recap/trial_2/model.pt
tau_c__0p5,sensitivity,tau_c,0.5,2,weibo,0.7505013668360512,0.3003527683802766,/autodl-fs/data/recap/tuning_hyperparams/sensitivity_results/sensitivity_default_v2/checkpoints/tau_c__0p5/recap/trial_2/model.pt
tau_c__0p5,sensitivity,tau_c,0.5,2,Reddit,0.5829837619796057,0.04462903257629948,/autodl-fs/data/recap/tuning_hyperparams/sensitivity_results/sensitivity_default_v2/checkpoints/tau_c__0p5/recap/trial_2/model.pt
tau_c__0p5,sensitivity,tau_c,0.5,2,Amazon,0.724137821399389,0.1283789353523417,/autodl-fs/data/recap/tuning_hyperparams/sensitivity_results/sensitivity_default_v2/checkpoints/tau_c__0p5/recap/trial_2/model.pt
tau_c__0p65,sensitivity,tau_c,0.65,0,Facebook,0.5920833333333333,0.05096401357324308,/autodl-fs/data/recap/tuning_hyperparams/sensitivity_results/sensitivity_default_v2/checkpoints/tau_c__0p65/recap/trial_0/model.pt
tau_c__0p65,sensitivity,tau_c,0.65,0,cora,0.8247120145947354,0.4265346221026495,/autodl-fs/data/recap/tuning_hyperparams/sensitivity_results/sensitivity_default_v2/checkpoints/tau_c__0p65/recap/trial_0/model.pt
tau_c__0p65,sensitivity,tau_c,0.65,0,citeseer,0.903161263246249,0.4479640033373676,/autodl-fs/data/recap/tuning_hyperparams/sensitivity_results/sensitivity_default_v2/checkpoints/tau_c__0p65/recap/trial_0/model.pt
tau_c__0p65,sensitivity,tau_c,0.65,0,ACM,0.7935237548182362,0.37282543178538974,/autodl-fs/data/recap/tuning_hyperparams/sensitivity_results/sensitivity_default_v2/checkpoints/tau_c__0p65/recap/trial_0/model.pt
tau_c__0p65,sensitivity,tau_c,0.65,0,BlogCatalog,0.7264164624183007,0.3341763176267303,/autodl-fs/data/recap/tuning_hyperparams/sensitivity_results/sensitivity_default_v2/checkpoints/tau_c__0p65/recap/trial_0/model.pt
tau_c__0p65,sensitivity,tau_c,0.65,0,weibo,0.7613764415060815,0.31178590252825006,/autodl-fs/data/recap/tuning_hyperparams/sensitivity_results/sensitivity_default_v2/checkpoints/tau_c__0p65/recap/trial_0/model.pt
tau_c__0p65,sensitivity,tau_c,0.65,0,Reddit,0.5934374507872496,0.0479076180333155,/autodl-fs/data/recap/tuning_hyperparams/sensitivity_results/sensitivity_default_v2/checkpoints/tau_c__0p65/recap/trial_0/model.pt
tau_c__0p65,sensitivity,tau_c,0.65,0,Amazon,0.7316500284709287,0.1330422867280022,/autodl-fs/data/recap/tuning_hyperparams/sensitivity_results/sensitivity_default_v2/checkpoints/tau_c__0p65/recap/trial_0/model.pt
tau_c__0p65,sensitivity,tau_c,0.65,1,Facebook,0.58875,0.04639079186061189,/autodl-fs/data/recap/tuning_hyperparams/sensitivity_results/sensitivity_default_v2/checkpoints/tau_c__0p65/recap/trial_1/model.pt
tau_c__0p65,sensitivity,tau_c,0.65,1,cora,0.8265519937451132,0.42038368497423884,/autodl-fs/data/recap/tuning_hyperparams/sensitivity_results/sensitivity_default_v2/checkpoints/tau_c__0p65/recap/trial_1/model.pt
tau_c__0p65,sensitivity,tau_c,0.65,1,citeseer,0.8995698247822893,0.465322286302642,/autodl-fs/data/recap/tuning_hyperparams/sensitivity_results/sensitivity_default_v2/checkpoints/tau_c__0p65/recap/trial_1/model.pt
tau_c__0p65,sensitivity,tau_c,0.65,1,ACM,0.7896384842742489,0.3716690702990802,/autodl-fs/data/recap/tuning_hyperparams/sensitivity_results/sensitivity_default_v2/checkpoints/tau_c__0p65/recap/trial_1/model.pt
tau_c__0p65,sensitivity,tau_c,0.65,1,BlogCatalog,0.7243579793028322,0.33521433005658346,/autodl-fs/data/recap/tuning_hyperparams/sensitivity_results/sensitivity_default_v2/checkpoints/tau_c__0p65/recap/trial_1/model.pt
tau_c__0p65,sensitivity,tau_c,0.65,1,weibo,0.757325076473728,0.30837041923016006,/autodl-fs/data/recap/tuning_hyperparams/sensitivity_results/sensitivity_default_v2/checkpoints/tau_c__0p65/recap/trial_1/model.pt
tau_c__0p65,sensitivity,tau_c,0.65,1,Reddit,0.5923714961808333,0.046303804375987606,/autodl-fs/data/recap/tuning_hyperparams/sensitivity_results/sensitivity_default_v2/checkpoints/tau_c__0p65/recap/trial_1/model.pt
tau_c__0p65,sensitivity,tau_c,0.65,1,Amazon,0.7457689141667738,0.13906023442850413,/autodl-fs/data/recap/tuning_hyperparams/sensitivity_results/sensitivity_default_v2/checkpoints/tau_c__0p65/recap/trial_1/model.pt
tau_c__0p65,sensitivity,tau_c,0.65,2,Facebook,0.5928787878787879,0.03863005353250059,/autodl-fs/data/recap/tuning_hyperparams/sensitivity_results/sensitivity_default_v2/checkpoints/tau_c__0p65/recap/trial_2/model.pt
tau_c__0p65,sensitivity,tau_c,0.65,2,cora,0.8167761271826948,0.4045928763469194,/autodl-fs/data/recap/tuning_hyperparams/sensitivity_results/sensitivity_default_v2/checkpoints/tau_c__0p65/recap/trial_2/model.pt
tau_c__0p65,sensitivity,tau_c,0.65,2,citeseer,0.9007732661840311,0.4505393861676344,/autodl-fs/data/recap/tuning_hyperparams/sensitivity_results/sensitivity_default_v2/checkpoints/tau_c__0p65/recap/trial_2/model.pt
tau_c__0p65,sensitivity,tau_c,0.65,2,ACM,0.7927435376669335,0.3742961216463906,/autodl-fs/data/recap/tuning_hyperparams/sensitivity_results/sensitivity_default_v2/checkpoints/tau_c__0p65/recap/trial_2/model.pt
tau_c__0p65,sensitivity,tau_c,0.65,2,BlogCatalog,0.7307982706971676,0.3363836411347244,/autodl-fs/data/recap/tuning_hyperparams/sensitivity_results/sensitivity_default_v2/checkpoints/tau_c__0p65/recap/trial_2/model.pt
tau_c__0p65,sensitivity,tau_c,0.65,2,weibo,0.7511207383054656,0.3027380050205493,/autodl-fs/data/recap/tuning_hyperparams/sensitivity_results/sensitivity_default_v2/checkpoints/tau_c__0p65/recap/trial_2/model.pt
tau_c__0p65,sensitivity,tau_c,0.65,2,Reddit,0.5887868780408977,0.04531447702925763,/autodl-fs/data/recap/tuning_hyperparams/sensitivity_results/sensitivity_default_v2/checkpoints/tau_c__0p65/recap/trial_2/model.pt
tau_c__0p65,sensitivity,tau_c,0.65,2,Amazon,0.7317174018464544,0.13335889556280475,/autodl-fs/data/recap/tuning_hyperparams/sensitivity_results/sensitivity_default_v2/checkpoints/tau_c__0p65/recap/trial_2/model.pt
tau_s__0p03,sensitivity,tau_s,0.03,0,Facebook,0.5982954545454546,0.07540413661304479,/autodl-fs/data/recap/tuning_hyperparams/sensitivity_results/sensitivity_default_v2/checkpoints/tau_s__0p03/recap/trial_0/model.pt
tau_s__0p03,sensitivity,tau_s,0.03,0,cora,0.8203700807922857,0.4147027317622678,/autodl-fs/data/recap/tuning_hyperparams/sensitivity_results/sensitivity_default_v2/checkpoints/tau_s__0p03/recap/trial_0/model.pt
tau_s__0p03,sensitivity,tau_s,0.03,0,citeseer,0.9041107963487569,0.4736200417774248,/autodl-fs/data/recap/tuning_hyperparams/sensitivity_results/sensitivity_default_v2/checkpoints/tau_s__0p03/recap/trial_0/model.pt
tau_s__0p03,sensitivity,tau_s,0.03,0,ACM,0.783868303983989,0.36643659693951114,/autodl-fs/data/recap/tuning_hyperparams/sensitivity_results/sensitivity_default_v2/checkpoints/tau_s__0p03/recap/trial_0/model.pt
tau_s__0p03,sensitivity,tau_s,0.03,0,BlogCatalog,0.7277485021786492,0.3274571775541535,/autodl-fs/data/recap/tuning_hyperparams/sensitivity_results/sensitivity_default_v2/checkpoints/tau_s__0p03/recap/trial_0/model.pt
tau_s__0p03,sensitivity,tau_s,0.03,0,weibo,0.7394392731648293,0.31144347399722955,/autodl-fs/data/recap/tuning_hyperparams/sensitivity_results/sensitivity_default_v2/checkpoints/tau_s__0p03/recap/trial_0/model.pt
tau_s__0p03,sensitivity,tau_s,0.03,0,Reddit,0.5871939288577908,0.04646181995843574,/autodl-fs/data/recap/tuning_hyperparams/sensitivity_results/sensitivity_default_v2/checkpoints/tau_s__0p03/recap/trial_0/model.pt
tau_s__0p03,sensitivity,tau_s,0.03,0,Amazon,0.7317535866481412,0.13567134890050858,/autodl-fs/data/recap/tuning_hyperparams/sensitivity_results/sensitivity_default_v2/checkpoints/tau_s__0p03/recap/trial_0/model.pt
tau_s__0p03,sensitivity,tau_s,0.03,1,Facebook,0.5982954545454545,0.07657547371287426,/autodl-fs/data/recap/tuning_hyperparams/sensitivity_results/sensitivity_default_v2/checkpoints/tau_s__0p03/recap/trial_1/model.pt
tau_s__0p03,sensitivity,tau_s,0.03,1,cora,0.8174224654678135,0.38722537362573745,/autodl-fs/data/recap/tuning_hyperparams/sensitivity_results/sensitivity_default_v2/checkpoints/tau_s__0p03/recap/trial_1/model.pt
tau_s__0p03,sensitivity,tau_s,0.03,1,citeseer,0.8958829084041549,0.4467761881393461,/autodl-fs/data/recap/tuning_hyperparams/sensitivity_results/sensitivity_default_v2/checkpoints/tau_s__0p03/recap/trial_1/model.pt
tau_s__0p03,sensitivity,tau_s,0.03,1,ACM,0.7876845674839863,0.36539942873022946,/autodl-fs/data/recap/tuning_hyperparams/sensitivity_results/sensitivity_default_v2/checkpoints/tau_s__0p03/recap/trial_1/model.pt
tau_s__0p03,sensitivity,tau_s,0.03,1,BlogCatalog,0.717755991285403,0.32243975207389713,/autodl-fs/data/recap/tuning_hyperparams/sensitivity_results/sensitivity_default_v2/checkpoints/tau_s__0p03/recap/trial_1/model.pt
tau_s__0p03,sensitivity,tau_s,0.03,1,weibo,0.7245405767797454,0.3091821979949314,/autodl-fs/data/recap/tuning_hyperparams/sensitivity_results/sensitivity_default_v2/checkpoints/tau_s__0p03/recap/trial_1/model.pt
tau_s__0p03,sensitivity,tau_s,0.03,1,Reddit,0.5863446390138614,0.04529988725589648,/autodl-fs/data/recap/tuning_hyperparams/sensitivity_results/sensitivity_default_v2/checkpoints/tau_s__0p03/recap/trial_1/model.pt
tau_s__0p03,sensitivity,tau_s,0.03,1,Amazon,0.711527947914476,0.12762200263542245,/autodl-fs/data/recap/tuning_hyperparams/sensitivity_results/sensitivity_default_v2/checkpoints/tau_s__0p03/recap/trial_1/model.pt
tau_s__0p03,sensitivity,tau_s,0.03,2,Facebook,0.5825,0.05099857808110393,/autodl-fs/data/recap/tuning_hyperparams/sensitivity_results/sensitivity_default_v2/checkpoints/tau_s__0p03/recap/trial_2/model.pt
tau_s__0p03,sensitivity,tau_s,0.03,2,cora,0.8185874381026844,0.3942670854589486,/autodl-fs/data/recap/tuning_hyperparams/sensitivity_results/sensitivity_default_v2/checkpoints/tau_s__0p03/recap/trial_2/model.pt
tau_s__0p03,sensitivity,tau_s,0.03,2,citeseer,0.9009421886475713,0.43240207512173506,/autodl-fs/data/recap/tuning_hyperparams/sensitivity_results/sensitivity_default_v2/checkpoints/tau_s__0p03/recap/trial_2/model.pt
tau_s__0p03,sensitivity,tau_s,0.03,2,ACM,0.7823441919528192,0.3695056075290042,/autodl-fs/data/recap/tuning_hyperparams/sensitivity_results/sensitivity_default_v2/checkpoints/tau_s__0p03/recap/trial_2/model.pt
tau_s__0p03,sensitivity,tau_s,0.03,2,BlogCatalog,0.7397099673202614,0.3268457033221016,/autodl-fs/data/recap/tuning_hyperparams/sensitivity_results/sensitivity_default_v2/checkpoints/tau_s__0p03/recap/trial_2/model.pt
tau_s__0p03,sensitivity,tau_s,0.03,2,weibo,0.7187137922959483,0.3072284986887276,/autodl-fs/data/recap/tuning_hyperparams/sensitivity_results/sensitivity_default_v2/checkpoints/tau_s__0p03/recap/trial_2/model.pt
tau_s__0p03,sensitivity,tau_s,0.03,2,Reddit,0.5829570005362581,0.04469902931162929,/autodl-fs/data/recap/tuning_hyperparams/sensitivity_results/sensitivity_default_v2/checkpoints/tau_s__0p03/recap/trial_2/model.pt
tau_s__0p03,sensitivity,tau_s,0.03,2,Amazon,0.720863323947995,0.12764023515249612,/autodl-fs/data/recap/tuning_hyperparams/sensitivity_results/sensitivity_default_v2/checkpoints/tau_s__0p03/recap/trial_2/model.pt
tau_s__0p05,sensitivity,tau_s,0.05,0,Facebook,0.596780303030303,0.053444758919004326,/autodl-fs/data/recap/tuning_hyperparams/sensitivity_results/sensitivity_default_v2/checkpoints/tau_s__0p05/recap/trial_0/model.pt
tau_s__0p05,sensitivity,tau_s,0.05,0,cora,0.8208470158978368,0.41328807364574316,/autodl-fs/data/recap/tuning_hyperparams/sensitivity_results/sensitivity_default_v2/checkpoints/tau_s__0p05/recap/trial_0/model.pt
tau_s__0p05,sensitivity,tau_s,0.05,0,citeseer,0.9044276571188753,0.47597589018842784,/autodl-fs/data/recap/tuning_hyperparams/sensitivity_results/sensitivity_default_v2/checkpoints/tau_s__0p05/recap/trial_0/model.pt
tau_s__0p05,sensitivity,tau_s,0.05,0,ACM,0.7843208826491198,0.36644725958876523,/autodl-fs/data/recap/tuning_hyperparams/sensitivity_results/sensitivity_default_v2/checkpoints/tau_s__0p05/recap/trial_0/model.pt
tau_s__0p05,sensitivity,tau_s,0.05,0,BlogCatalog,0.731130174291939,0.3300193462198589,/autodl-fs/data/recap/tuning_hyperparams/sensitivity_results/sensitivity_default_v2/checkpoints/tau_s__0p05/recap/trial_0/model.pt
tau_s__0p05,sensitivity,tau_s,0.05,0,weibo,0.7503808400829334,0.31259893856346244,/autodl-fs/data/recap/tuning_hyperparams/sensitivity_results/sensitivity_default_v2/checkpoints/tau_s__0p05/recap/trial_0/model.pt
tau_s__0p05,sensitivity,tau_s,0.05,0,Reddit,0.589084470437354,0.04653876456893209,/autodl-fs/data/recap/tuning_hyperparams/sensitivity_results/sensitivity_default_v2/checkpoints/tau_s__0p05/recap/trial_0/model.pt
tau_s__0p05,sensitivity,tau_s,0.05,0,Amazon,0.7344517010868916,0.13741987087521318,/autodl-fs/data/recap/tuning_hyperparams/sensitivity_results/sensitivity_default_v2/checkpoints/tau_s__0p05/recap/trial_0/model.pt
tau_s__0p05,sensitivity,tau_s,0.05,1,Facebook,0.6088636363636364,0.05187436801116853,/autodl-fs/data/recap/tuning_hyperparams/sensitivity_results/sensitivity_default_v2/checkpoints/tau_s__0p05/recap/trial_1/model.pt
tau_s__0p05,sensitivity,tau_s,0.05,1,cora,0.8221553296846495,0.41690005970217026,/autodl-fs/data/recap/tuning_hyperparams/sensitivity_results/sensitivity_default_v2/checkpoints/tau_s__0p05/recap/trial_1/model.pt
tau_s__0p05,sensitivity,tau_s,0.05,1,citeseer,0.8981292624068827,0.4613378135017802,/autodl-fs/data/recap/tuning_hyperparams/sensitivity_results/sensitivity_default_v2/checkpoints/tau_s__0p05/recap/trial_1/model.pt
tau_s__0p05,sensitivity,tau_s,0.05,1,ACM,0.7725027015018864,0.36676387566766927,/autodl-fs/data/recap/tuning_hyperparams/sensitivity_results/sensitivity_default_v2/checkpoints/tau_s__0p05/recap/trial_1/model.pt
tau_s__0p05,sensitivity,tau_s,0.05,1,BlogCatalog,0.7221343954248365,0.3223955046275403,/autodl-fs/data/recap/tuning_hyperparams/sensitivity_results/sensitivity_default_v2/checkpoints/tau_s__0p05/recap/trial_1/model.pt
tau_s__0p05,sensitivity,tau_s,0.05,1,weibo,0.7301628402798115,0.3063962627829818,/autodl-fs/data/recap/tuning_hyperparams/sensitivity_results/sensitivity_default_v2/checkpoints/tau_s__0p05/recap/trial_1/model.pt
tau_s__0p05,sensitivity,tau_s,0.05,1,Reddit,0.590929723420483,0.046815219730382156,/autodl-fs/data/recap/tuning_hyperparams/sensitivity_results/sensitivity_default_v2/checkpoints/tau_s__0p05/recap/trial_1/model.pt
tau_s__0p05,sensitivity,tau_s,0.05,1,Amazon,0.6964326781764617,0.11910257184068652,/autodl-fs/data/recap/tuning_hyperparams/sensitivity_results/sensitivity_default_v2/checkpoints/tau_s__0p05/recap/trial_1/model.pt
tau_s__0p05,sensitivity,tau_s,0.05,2,Facebook,0.58875,0.044684438777027824,/autodl-fs/data/recap/tuning_hyperparams/sensitivity_results/sensitivity_default_v2/checkpoints/tau_s__0p05/recap/trial_2/model.pt
tau_s__0p05,sensitivity,tau_s,0.05,2,cora,0.8168074016158456,0.38469172532261875,/autodl-fs/data/recap/tuning_hyperparams/sensitivity_results/sensitivity_default_v2/checkpoints/tau_s__0p05/recap/trial_2/model.pt
tau_s__0p05,sensitivity,tau_s,0.05,2,citeseer,0.899311719651663,0.42265189887958127,/autodl-fs/data/recap/tuning_hyperparams/sensitivity_results/sensitivity_default_v2/checkpoints/tau_s__0p05/recap/trial_2/model.pt
tau_s__0p05,sensitivity,tau_s,0.05,2,ACM,0.7836212176469517,0.36968313849704565,/autodl-fs/data/recap/tuning_hyperparams/sensitivity_results/sensitivity_default_v2/checkpoints/tau_s__0p05/recap/trial_2/model.pt
tau_s__0p05,sensitivity,tau_s,0.05,2,BlogCatalog,0.7397412854030501,0.32260016611759146,/autodl-fs/data/recap/tuning_hyperparams/sensitivity_results/sensitivity_default_v2/checkpoints/tau_s__0p05/recap/trial_2/model.pt
tau_s__0p05,sensitivity,tau_s,0.05,2,weibo,0.7179263559374368,0.30493315954824673,/autodl-fs/data/recap/tuning_hyperparams/sensitivity_results/sensitivity_default_v2/checkpoints/tau_s__0p05/recap/trial_2/model.pt
tau_s__0p05,sensitivity,tau_s,0.05,2,Reddit,0.5823324810842914,0.044932114749773114,/autodl-fs/data/recap/tuning_hyperparams/sensitivity_results/sensitivity_default_v2/checkpoints/tau_s__0p05/recap/trial_2/model.pt
tau_s__0p05,sensitivity,tau_s,0.05,2,Amazon,0.7272179201672435,0.12977185577537045,/autodl-fs/data/recap/tuning_hyperparams/sensitivity_results/sensitivity_default_v2/checkpoints/tau_s__0p05/recap/trial_2/model.pt
tau_s__0p06,sensitivity,tau_s,0.06,0,Facebook,0.5993181818181819,0.05379804165019279,/autodl-fs/data/recap/tuning_hyperparams/sensitivity_results/sensitivity_default_v2/checkpoints/tau_s__0p06/recap/trial_0/model.pt
tau_s__0p06,sensitivity,tau_s,0.06,0,cora,0.8202658326817825,0.4164795017140758,/autodl-fs/data/recap/tuning_hyperparams/sensitivity_results/sensitivity_default_v2/checkpoints/tau_s__0p06/recap/trial_0/model.pt
tau_s__0p06,sensitivity,tau_s,0.06,0,citeseer,0.9047927814500053,0.4742792636845278,/autodl-fs/data/recap/tuning_hyperparams/sensitivity_results/sensitivity_default_v2/checkpoints/tau_s__0p06/recap/trial_0/model.pt
tau_s__0p06,sensitivity,tau_s,0.06,0,ACM,0.7833146133934397,0.3667629233968258,/autodl-fs/data/recap/tuning_hyperparams/sensitivity_results/sensitivity_default_v2/checkpoints/tau_s__0p06/recap/trial_0/model.pt
tau_s__0p06,sensitivity,tau_s,0.06,0,BlogCatalog,0.7302767565359476,0.3308312268896291,/autodl-fs/data/recap/tuning_hyperparams/sensitivity_results/sensitivity_default_v2/checkpoints/tau_s__0p06/recap/trial_0/model.pt
tau_s__0p06,sensitivity,tau_s,0.06,0,weibo,0.7477026546151123,0.31049715383296134,/autodl-fs/data/recap/tuning_hyperparams/sensitivity_results/sensitivity_default_v2/checkpoints/tau_s__0p06/recap/trial_0/model.pt
tau_s__0p06,sensitivity,tau_s,0.06,0,Reddit,0.5875344939565456,0.04632086586341938,/autodl-fs/data/recap/tuning_hyperparams/sensitivity_results/sensitivity_default_v2/checkpoints/tau_s__0p06/recap/trial_0/model.pt
tau_s__0p06,sensitivity,tau_s,0.06,0,Amazon,0.7324071840911627,0.13687663589911214,/autodl-fs/data/recap/tuning_hyperparams/sensitivity_results/sensitivity_default_v2/checkpoints/tau_s__0p06/recap/trial_0/model.pt
tau_s__0p06,sensitivity,tau_s,0.06,1,Facebook,0.6004545454545455,0.04968109632595746,/autodl-fs/data/recap/tuning_hyperparams/sensitivity_results/sensitivity_default_v2/checkpoints/tau_s__0p06/recap/trial_1/model.pt
tau_s__0p06,sensitivity,tau_s,0.06,1,cora,0.8226922074537399,0.4199441462974667,/autodl-fs/data/recap/tuning_hyperparams/sensitivity_results/sensitivity_default_v2/checkpoints/tau_s__0p06/recap/trial_1/model.pt
tau_s__0p06,sensitivity,tau_s,0.06,1,citeseer,0.8983968104081418,0.4624219168050207,/autodl-fs/data/recap/tuning_hyperparams/sensitivity_results/sensitivity_default_v2/checkpoints/tau_s__0p06/recap/trial_1/model.pt
tau_s__0p06,sensitivity,tau_s,0.06,1,ACM,0.7725672275689942,0.3685680704602315,/autodl-fs/data/recap/tuning_hyperparams/sensitivity_results/sensitivity_default_v2/checkpoints/tau_s__0p06/recap/trial_1/model.pt
tau_s__0p06,sensitivity,tau_s,0.06,1,BlogCatalog,0.7240121187363834,0.32333853388833367,/autodl-fs/data/recap/tuning_hyperparams/sensitivity_results/sensitivity_default_v2/checkpoints/tau_s__0p06/recap/trial_1/model.pt
tau_s__0p06,sensitivity,tau_s,0.06,1,weibo,0.730405804482831,0.30405640815982177,/autodl-fs/data/recap/tuning_hyperparams/sensitivity_results/sensitivity_default_v2/checkpoints/tau_s__0p06/recap/trial_1/model.pt
tau_s__0p06,sensitivity,tau_s,0.06,1,Reddit,0.5898629968493547,0.04656944190123092,/autodl-fs/data/recap/tuning_hyperparams/sensitivity_results/sensitivity_default_v2/checkpoints/tau_s__0p06/recap/trial_1/model.pt
tau_s__0p06,sensitivity,tau_s,0.06,1,Amazon,0.7040791777965212,0.12240887344196921,/autodl-fs/data/recap/tuning_hyperparams/sensitivity_results/sensitivity_default_v2/checkpoints/tau_s__0p06/recap/trial_1/model.pt
tau_s__0p06,sensitivity,tau_s,0.06,2,Facebook,0.5793560606060606,0.03757834181030092,/autodl-fs/data/recap/tuning_hyperparams/sensitivity_results/sensitivity_default_v2/checkpoints/tau_s__0p06/recap/trial_2/model.pt
tau_s__0p06,sensitivity,tau_s,0.06,2,cora,0.8173781600208496,0.39455349275626883,/autodl-fs/data/recap/tuning_hyperparams/sensitivity_results/sensitivity_default_v2/checkpoints/tau_s__0p06/recap/trial_2/model.pt
tau_s__0p06,sensitivity,tau_s,0.06,2,citeseer,0.9060665197775679,0.4341082604482235,/autodl-fs/data/recap/tuning_hyperparams/sensitivity_results/sensitivity_default_v2/checkpoints/tau_s__0p06/recap/trial_2/model.pt
tau_s__0p06,sensitivity,tau_s,0.06,2,ACM,0.7829285113382948,0.3717072344784638,/autodl-fs/data/recap/tuning_hyperparams/sensitivity_results/sensitivity_default_v2/checkpoints/tau_s__0p06/recap/trial_2/model.pt
tau_s__0p06,sensitivity,tau_s,0.06,2,BlogCatalog,0.742146309912854,0.3290993458884539,/autodl-fs/data/recap/tuning_hyperparams/sensitivity_results/sensitivity_default_v2/checkpoints/tau_s__0p06/recap/trial_2/model.pt
tau_s__0p06,sensitivity,tau_s,0.06,2,weibo,0.7235269139220399,0.30809911208835317,/autodl-fs/data/recap/tuning_hyperparams/sensitivity_results/sensitivity_default_v2/checkpoints/tau_s__0p06/recap/trial_2/model.pt
tau_s__0p06,sensitivity,tau_s,0.06,2,Reddit,0.5835465242546166,0.04507131060562193,/autodl-fs/data/recap/tuning_hyperparams/sensitivity_results/sensitivity_default_v2/checkpoints/tau_s__0p06/recap/trial_2/model.pt
tau_s__0p06,sensitivity,tau_s,0.06,2,Amazon,0.7296954435764634,0.13158767464785853,/autodl-fs/data/recap/tuning_hyperparams/sensitivity_results/sensitivity_default_v2/checkpoints/tau_s__0p06/recap/trial_2/model.pt
tau_s__0p1,sensitivity,tau_s,0.1,0,Facebook,0.6009469696969698,0.053574139558339846,/autodl-fs/data/recap/tuning_hyperparams/sensitivity_results/sensitivity_default_v2/checkpoints/tau_s__0p1/recap/trial_0/model.pt
tau_s__0p1,sensitivity,tau_s,0.1,0,cora,0.8175944748501434,0.4150898492740054,/autodl-fs/data/recap/tuning_hyperparams/sensitivity_results/sensitivity_default_v2/checkpoints/tau_s__0p1/recap/trial_0/model.pt
tau_s__0p1,sensitivity,tau_s,0.1,0,citeseer,0.9032431014583988,0.46987001068121953,/autodl-fs/data/recap/tuning_hyperparams/sensitivity_results/sensitivity_default_v2/checkpoints/tau_s__0p1/recap/trial_0/model.pt
tau_s__0p1,sensitivity,tau_s,0.1,0,ACM,0.7859213821567923,0.36775354294104157,/autodl-fs/data/recap/tuning_hyperparams/sensitivity_results/sensitivity_default_v2/checkpoints/tau_s__0p1/recap/trial_0/model.pt
tau_s__0p1,sensitivity,tau_s,0.1,0,BlogCatalog,0.7334974128540305,0.3326380329496154,/autodl-fs/data/recap/tuning_hyperparams/sensitivity_results/sensitivity_default_v2/checkpoints/tau_s__0p1/recap/trial_0/model.pt
tau_s__0p1,sensitivity,tau_s,0.1,0,weibo,0.7744748029536621,0.31219599618381744,/autodl-fs/data/recap/tuning_hyperparams/sensitivity_results/sensitivity_default_v2/checkpoints/tau_s__0p1/recap/trial_0/model.pt
tau_s__0p1,sensitivity,tau_s,0.1,0,Reddit,0.588188991371493,0.046722247383502294,/autodl-fs/data/recap/tuning_hyperparams/sensitivity_results/sensitivity_default_v2/checkpoints/tau_s__0p1/recap/trial_0/model.pt
tau_s__0p1,sensitivity,tau_s,0.1,0,Amazon,0.7363222585130045,0.13817974360151025,/autodl-fs/data/recap/tuning_hyperparams/sensitivity_results/sensitivity_default_v2/checkpoints/tau_s__0p1/recap/trial_0/model.pt
tau_s__0p1,sensitivity,tau_s,0.1,1,Facebook,0.5969696969696969,0.04763785126571828,/autodl-fs/data/recap/tuning_hyperparams/sensitivity_results/sensitivity_default_v2/checkpoints/tau_s__0p1/recap/trial_1/model.pt
tau_s__0p1,sensitivity,tau_s,0.1,1,cora,0.8242011988532707,0.42534338629334817,/autodl-fs/data/recap/tuning_hyperparams/sensitivity_results/sensitivity_default_v2/checkpoints/tau_s__0p1/recap/trial_1/model.pt
tau_s__0p1,sensitivity,tau_s,0.1,1,citeseer,0.9004658482845451,0.470407279395835,/autodl-fs/data/recap/tuning_hyperparams/sensitivity_results/sensitivity_default_v2/checkpoints/tau_s__0p1/recap/trial_1/model.pt
tau_s__0p1,sensitivity,tau_s,0.1,1,ACM,0.7716899577301544,0.3688820335683615,/autodl-fs/data/recap/tuning_hyperparams/sensitivity_results/sensitivity_default_v2/checkpoints/tau_s__0p1/recap/trial_1/model.pt
tau_s__0p1,sensitivity,tau_s,0.1,1,BlogCatalog,0.7277134395424836,0.3278420231689515,/autodl-fs/data/recap/tuning_hyperparams/sensitivity_results/sensitivity_default_v2/checkpoints/tau_s__0p1/recap/trial_1/model.pt
tau_s__0p1,sensitivity,tau_s,0.1,1,weibo,0.7384169739576614,0.30576144629240665,/autodl-fs/data/recap/tuning_hyperparams/sensitivity_results/sensitivity_default_v2/checkpoints/tau_s__0p1/recap/trial_1/model.pt
tau_s__0p1,sensitivity,tau_s,0.1,1,Reddit,0.5915036791838172,0.046624681592166796,/autodl-fs/data/recap/tuning_hyperparams/sensitivity_results/sensitivity_default_v2/checkpoints/tau_s__0p1/recap/trial_1/model.pt
tau_s__0p1,sensitivity,tau_s,0.1,1,Amazon,0.7071930389525605,0.12291498604027624,/autodl-fs/data/recap/tuning_hyperparams/sensitivity_results/sensitivity_default_v2/checkpoints/tau_s__0p1/recap/trial_1/model.pt
tau_s__0p1,sensitivity,tau_s,0.1,2,Facebook,0.5729924242424241,0.03509131776419741,/autodl-fs/data/recap/tuning_hyperparams/sensitivity_results/sensitivity_default_v2/checkpoints/tau_s__0p1/recap/trial_2/model.pt
tau_s__0p1,sensitivity,tau_s,0.1,2,cora,0.820729736773521,0.4041290504248816,/autodl-fs/data/recap/tuning_hyperparams/sensitivity_results/sensitivity_default_v2/checkpoints/tau_s__0p1/recap/trial_2/model.pt
tau_s__0p1,sensitivity,tau_s,0.1,2,citeseer,0.9043374252439408,0.4461277942599628,/autodl-fs/data/recap/tuning_hyperparams/sensitivity_results/sensitivity_default_v2/checkpoints/tau_s__0p1/recap/trial_2/model.pt
tau_s__0p1,sensitivity,tau_s,0.1,2,ACM,0.7839266621182116,0.37377907145657674,/autodl-fs/data/recap/tuning_hyperparams/sensitivity_results/sensitivity_default_v2/checkpoints/tau_s__0p1/recap/trial_2/model.pt
tau_s__0p1,sensitivity,tau_s,0.1,2,BlogCatalog,0.7336448120915032,0.3303381087999146,/autodl-fs/data/recap/tuning_hyperparams/sensitivity_results/sensitivity_default_v2/checkpoints/tau_s__0p1/recap/trial_2/model.pt
tau_s__0p1,sensitivity,tau_s,0.1,2,weibo,0.7530819539121594,0.31433421697727776,/autodl-fs/data/recap/tuning_hyperparams/sensitivity_results/sensitivity_default_v2/checkpoints/tau_s__0p1/recap/trial_2/model.pt
tau_s__0p1,sensitivity,tau_s,0.1,2,Reddit,0.5906879698048576,0.04653910351489818,/autodl-fs/data/recap/tuning_hyperparams/sensitivity_results/sensitivity_default_v2/checkpoints/tau_s__0p1/recap/trial_2/model.pt
tau_s__0p1,sensitivity,tau_s,0.1,2,Amazon,0.7405788932386351,0.13452446278619679,/autodl-fs/data/recap/tuning_hyperparams/sensitivity_results/sensitivity_default_v2/checkpoints/tau_s__0p1/recap/trial_2/model.pt
tau_s__0p12,sensitivity,tau_s,0.12,0,Facebook,0.600719696969697,0.05241259681656256,/autodl-fs/data/recap/tuning_hyperparams/sensitivity_results/sensitivity_default_v2/checkpoints/tau_s__0p12/recap/trial_0/model.pt
tau_s__0p12,sensitivity,tau_s,0.12,0,cora,0.8178994005733646,0.4137777387244287,/autodl-fs/data/recap/tuning_hyperparams/sensitivity_results/sensitivity_default_v2/checkpoints/tau_s__0p12/recap/trial_0/model.pt
tau_s__0p12,sensitivity,tau_s,0.12,0,citeseer,0.9017353897807155,0.4605874455419238,/autodl-fs/data/recap/tuning_hyperparams/sensitivity_results/sensitivity_default_v2/checkpoints/tau_s__0p12/recap/trial_0/model.pt
tau_s__0p12,sensitivity,tau_s,0.12,0,ACM,0.7867895846071169,0.36828628843433764,/autodl-fs/data/recap/tuning_hyperparams/sensitivity_results/sensitivity_default_v2/checkpoints/tau_s__0p12/recap/trial_0/model.pt
tau_s__0p12,sensitivity,tau_s,0.12,0,BlogCatalog,0.7294022331154684,0.331705180614482,/autodl-fs/data/recap/tuning_hyperparams/sensitivity_results/sensitivity_default_v2/checkpoints/tau_s__0p12/recap/trial_0/model.pt
tau_s__0p12,sensitivity,tau_s,0.12,0,weibo,0.7920977708129908,0.320532332272548,/autodl-fs/data/recap/tuning_hyperparams/sensitivity_results/sensitivity_default_v2/checkpoints/tau_s__0p12/recap/trial_0/model.pt
tau_s__0p12,sensitivity,tau_s,0.12,0,Reddit,0.5867972676566342,0.04668933270426423,/autodl-fs/data/recap/tuning_hyperparams/sensitivity_results/sensitivity_default_v2/checkpoints/tau_s__0p12/recap/trial_0/model.pt
tau_s__0p12,sensitivity,tau_s,0.12,0,Amazon,0.7383673811121088,0.13955727362063855,/autodl-fs/data/recap/tuning_hyperparams/sensitivity_results/sensitivity_default_v2/checkpoints/tau_s__0p12/recap/trial_0/model.pt
tau_s__0p12,sensitivity,tau_s,0.12,1,Facebook,0.6016287878787879,0.051822566957788044,/autodl-fs/data/recap/tuning_hyperparams/sensitivity_results/sensitivity_default_v2/checkpoints/tau_s__0p12/recap/trial_1/model.pt
tau_s__0p12,sensitivity,tau_s,0.12,1,cora,0.8268412822517592,0.4223043993444793,/autodl-fs/data/recap/tuning_hyperparams/sensitivity_results/sensitivity_default_v2/checkpoints/tau_s__0p12/recap/trial_1/model.pt
tau_s__0p12,sensitivity,tau_s,0.12,1,citeseer,0.9008624488511174,0.46828449525766086,/autodl-fs/data/recap/tuning_hyperparams/sensitivity_results/sensitivity_default_v2/checkpoints/tau_s__0p12/recap/trial_1/model.pt
tau_s__0p12,sensitivity,tau_s,0.12,1,ACM,0.7708778465669233,0.36965382589116397,/autodl-fs/data/recap/tuning_hyperparams/sensitivity_results/sensitivity_default_v2/checkpoints/tau_s__0p12/recap/trial_1/model.pt
tau_s__0p12,sensitivity,tau_s,0.12,1,BlogCatalog,0.729104711328976,0.3290370510638635,/autodl-fs/data/recap/tuning_hyperparams/sensitivity_results/sensitivity_default_v2/checkpoints/tau_s__0p12/recap/trial_1/model.pt
tau_s__0p12,sensitivity,tau_s,0.12,1,weibo,0.7428396255890296,0.307691232527933,/autodl-fs/data/recap/tuning_hyperparams/sensitivity_results/sensitivity_default_v2/checkpoints/tau_s__0p12/recap/trial_1/model.pt
tau_s__0p12,sensitivity,tau_s,0.12,1,Reddit,0.5907037950814525,0.04668092897103149,/autodl-fs/data/recap/tuning_hyperparams/sensitivity_results/sensitivity_default_v2/checkpoints/tau_s__0p12/recap/trial_1/model.pt
tau_s__0p12,sensitivity,tau_s,0.12,1,Amazon,0.7168331848848059,0.12477021747845887,/autodl-fs/data/recap/tuning_hyperparams/sensitivity_results/sensitivity_default_v2/checkpoints/tau_s__0p12/recap/trial_1/model.pt
tau_s__0p12,sensitivity,tau_s,0.12,2,Facebook,0.5815909090909092,0.03544839914643994,/autodl-fs/data/recap/tuning_hyperparams/sensitivity_results/sensitivity_default_v2/checkpoints/tau_s__0p12/recap/trial_2/model.pt
tau_s__0p12,sensitivity,tau_s,0.12,2,cora,0.8146260099035705,0.38528631320051226,/autodl-fs/data/recap/tuning_hyperparams/sensitivity_results/sensitivity_default_v2/checkpoints/tau_s__0p12/recap/trial_2/model.pt
tau_s__0p12,sensitivity,tau_s,0.12,2,citeseer,0.9029986360297975,0.43773565799911474,/autodl-fs/data/recap/tuning_hyperparams/sensitivity_results/sensitivity_default_v2/checkpoints/tau_s__0p12/recap/trial_2/model.pt
tau_s__0p12,sensitivity,tau_s,0.12,2,ACM,0.7799696959441044,0.37310472906589054,/autodl-fs/data/recap/tuning_hyperparams/sensitivity_results/sensitivity_default_v2/checkpoints/tau_s__0p12/recap/trial_2/model.pt
tau_s__0p12,sensitivity,tau_s,0.12,2,BlogCatalog,0.7358006535947712,0.32106955853906616,/autodl-fs/data/recap/tuning_hyperparams/sensitivity_results/sensitivity_default_v2/checkpoints/tau_s__0p12/recap/trial_2/model.pt
tau_s__0p12,sensitivity,tau_s,0.12,2,weibo,0.7379918821372168,0.30913896217845876,/autodl-fs/data/recap/tuning_hyperparams/sensitivity_results/sensitivity_default_v2/checkpoints/tau_s__0p12/recap/trial_2/model.pt
tau_s__0p12,sensitivity,tau_s,0.12,2,Reddit,0.5866291080102146,0.04548566089833417,/autodl-fs/data/recap/tuning_hyperparams/sensitivity_results/sensitivity_default_v2/checkpoints/tau_s__0p12/recap/trial_2/model.pt
tau_s__0p12,sensitivity,tau_s,0.12,2,Amazon,0.7281877939731262,0.13037590052951975,/autodl-fs/data/recap/tuning_hyperparams/sensitivity_results/sensitivity_default_v2/checkpoints/tau_s__0p12/recap/trial_2/model.pt
tau_s__0p15,sensitivity,tau_s,0.15,0,Facebook,0.6003787878787878,0.05914827567843918,/autodl-fs/data/recap/tuning_hyperparams/sensitivity_results/sensitivity_default_v2/checkpoints/tau_s__0p15/recap/trial_0/model.pt
tau_s__0p15,sensitivity,tau_s,0.15,0,cora,0.8184467031535054,0.4111857437087794,/autodl-fs/data/recap/tuning_hyperparams/sensitivity_results/sensitivity_default_v2/checkpoints/tau_s__0p15/recap/trial_0/model.pt
tau_s__0p15,sensitivity,tau_s,0.15,0,citeseer,0.9007764138075752,0.4555773007146562,/autodl-fs/data/recap/tuning_hyperparams/sensitivity_results/sensitivity_default_v2/checkpoints/tau_s__0p15/recap/trial_0/model.pt
tau_s__0p15,sensitivity,tau_s,0.15,0,ACM,0.7894456441161769,0.36955569895200174,/autodl-fs/data/recap/tuning_hyperparams/sensitivity_results/sensitivity_default_v2/checkpoints/tau_s__0p15/recap/trial_0/model.pt
tau_s__0p15,sensitivity,tau_s,0.15,0,BlogCatalog,0.7295397603485838,0.330475384348745,/autodl-fs/data/recap/tuning_hyperparams/sensitivity_results/sensitivity_default_v2/checkpoints/tau_s__0p15/recap/trial_0/model.pt
tau_s__0p15,sensitivity,tau_s,0.15,0,weibo,0.7745728599126032,0.3197024278175915,/autodl-fs/data/recap/tuning_hyperparams/sensitivity_results/sensitivity_default_v2/checkpoints/tau_s__0p15/recap/trial_0/model.pt
tau_s__0p15,sensitivity,tau_s,0.15,0,Reddit,0.5855607088488772,0.04677395740254703,/autodl-fs/data/recap/tuning_hyperparams/sensitivity_results/sensitivity_default_v2/checkpoints/tau_s__0p15/recap/trial_0/model.pt
tau_s__0p15,sensitivity,tau_s,0.15,0,Amazon,0.7462646005296304,0.14452436004820085,/autodl-fs/data/recap/tuning_hyperparams/sensitivity_results/sensitivity_default_v2/checkpoints/tau_s__0p15/recap/trial_0/model.pt
tau_s__0p15,sensitivity,tau_s,0.15,1,Facebook,0.5864772727272728,0.0461631466116095,/autodl-fs/data/recap/tuning_hyperparams/sensitivity_results/sensitivity_default_v2/checkpoints/tau_s__0p15/recap/trial_1/model.pt
tau_s__0p15,sensitivity,tau_s,0.15,1,cora,0.8255512118842846,0.4241470632209385,/autodl-fs/data/recap/tuning_hyperparams/sensitivity_results/sensitivity_default_v2/checkpoints/tau_s__0p15/recap/trial_1/model.pt
tau_s__0p15,sensitivity,tau_s,0.15,1,citeseer,0.900281187703284,0.46914212372864494,/autodl-fs/data/recap/tuning_hyperparams/sensitivity_results/sensitivity_default_v2/checkpoints/tau_s__0p15/recap/trial_1/model.pt
tau_s__0p15,sensitivity,tau_s,0.15,1,ACM,0.7734361153451949,0.3701748227685503,/autodl-fs/data/recap/tuning_hyperparams/sensitivity_results/sensitivity_default_v2/checkpoints/tau_s__0p15/recap/trial_1/model.pt
tau_s__0p15,sensitivity,tau_s,0.15,1,BlogCatalog,0.7297998366013072,0.3316851727281942,/autodl-fs/data/recap/tuning_hyperparams/sensitivity_results/sensitivity_default_v2/checkpoints/tau_s__0p15/recap/trial_1/model.pt
tau_s__0p15,sensitivity,tau_s,0.15,1,weibo,0.7489105971217875,0.3061134353977135,/autodl-fs/data/recap/tuning_hyperparams/sensitivity_results/sensitivity_default_v2/checkpoints/tau_s__0p15/recap/trial_1/model.pt
tau_s__0p15,sensitivity,tau_s,0.15,1,Reddit,0.5930308827056232,0.04663346825437922,/autodl-fs/data/recap/tuning_hyperparams/sensitivity_results/sensitivity_default_v2/checkpoints/tau_s__0p15/recap/trial_1/model.pt
tau_s__0p15,sensitivity,tau_s,0.15,1,Amazon,0.705082359788057,0.1223805763172112,/autodl-fs/data/recap/tuning_hyperparams/sensitivity_results/sensitivity_default_v2/checkpoints/tau_s__0p15/recap/trial_1/model.pt
tau_s__0p15,sensitivity,tau_s,0.15,2,Facebook,0.5971212121212122,0.04077834984678279,/autodl-fs/data/recap/tuning_hyperparams/sensitivity_results/sensitivity_default_v2/checkpoints/tau_s__0p15/recap/trial_2/model.pt
tau_s__0p15,sensitivity,tau_s,0.15,2,cora,0.8190800104248112,0.4015697250410963,/autodl-fs/data/recap/tuning_hyperparams/sensitivity_results/sensitivity_default_v2/checkpoints/tau_s__0p15/recap/trial_2/model.pt
tau_s__0p15,sensitivity,tau_s,0.15,2,citeseer,0.9021298919315919,0.44210815294817296,/autodl-fs/data/recap/tuning_hyperparams/sensitivity_results/sensitivity_default_v2/checkpoints/tau_s__0p15/recap/trial_2/model.pt
tau_s__0p15,sensitivity,tau_s,0.15,2,ACM,0.7831702205030734,0.37340565816507576,/autodl-fs/data/recap/tuning_hyperparams/sensitivity_results/sensitivity_default_v2/checkpoints/tau_s__0p15/recap/trial_2/model.pt
tau_s__0p15,sensitivity,tau_s,0.15,2,BlogCatalog,0.7332931644880174,0.32420043294630374,/autodl-fs/data/recap/tuning_hyperparams/sensitivity_results/sensitivity_default_v2/checkpoints/tau_s__0p15/recap/trial_2/model.pt
tau_s__0p15,sensitivity,tau_s,0.15,2,weibo,0.7590580784565727,0.3218757767865561,/autodl-fs/data/recap/tuning_hyperparams/sensitivity_results/sensitivity_default_v2/checkpoints/tau_s__0p15/recap/trial_2/model.pt
tau_s__0p15,sensitivity,tau_s,0.15,2,Reddit,0.5891060854492886,0.045704739366192064,/autodl-fs/data/recap/tuning_hyperparams/sensitivity_results/sensitivity_default_v2/checkpoints/tau_s__0p15/recap/trial_2/model.pt
tau_s__0p15,sensitivity,tau_s,0.15,2,Amazon,0.7238521280069911,0.12958516196890987,/autodl-fs/data/recap/tuning_hyperparams/sensitivity_results/sensitivity_default_v2/checkpoints/tau_s__0p15/recap/trial_2/model.pt
tau_s__0p2,sensitivity,tau_s,0.2,0,Facebook,0.605378787878788,0.07438696778633701,/autodl-fs/data/recap/tuning_hyperparams/sensitivity_results/sensitivity_default_v2/checkpoints/tau_s__0p2/recap/trial_0/model.pt
tau_s__0p2,sensitivity,tau_s,0.2,0,cora,0.8211441230127705,0.42718013096269497,/autodl-fs/data/recap/tuning_hyperparams/sensitivity_results/sensitivity_default_v2/checkpoints/tau_s__0p2/recap/trial_0/model.pt
tau_s__0p2,sensitivity,tau_s,0.2,0,citeseer,0.9054747665512537,0.46525951523826176,/autodl-fs/data/recap/tuning_hyperparams/sensitivity_results/sensitivity_default_v2/checkpoints/tau_s__0p2/recap/trial_0/model.pt
tau_s__0p2,sensitivity,tau_s,0.2,0,ACM,0.7871031475541405,0.37137799681976674,/autodl-fs/data/recap/tuning_hyperparams/sensitivity_results/sensitivity_default_v2/checkpoints/tau_s__0p2/recap/trial_0/model.pt
tau_s__0p2,sensitivity,tau_s,0.2,0,BlogCatalog,0.730305691721133,0.3329785334896847,/autodl-fs/data/recap/tuning_hyperparams/sensitivity_results/sensitivity_default_v2/checkpoints/tau_s__0p2/recap/trial_0/model.pt
tau_s__0p2,sensitivity,tau_s,0.2,0,weibo,0.7525900641321555,0.320848026080287,/autodl-fs/data/recap/tuning_hyperparams/sensitivity_results/sensitivity_default_v2/checkpoints/tau_s__0p2/recap/trial_0/model.pt
tau_s__0p2,sensitivity,tau_s,0.2,0,Reddit,0.587741766481704,0.04637641737660829,/autodl-fs/data/recap/tuning_hyperparams/sensitivity_results/sensitivity_default_v2/checkpoints/tau_s__0p2/recap/trial_0/model.pt
tau_s__0p2,sensitivity,tau_s,0.2,0,Amazon,0.7096946350959571,0.12374005754849501,/autodl-fs/data/recap/tuning_hyperparams/sensitivity_results/sensitivity_default_v2/checkpoints/tau_s__0p2/recap/trial_0/model.pt
tau_s__0p2,sensitivity,tau_s,0.2,1,Facebook,0.5877651515151515,0.04655612351831098,/autodl-fs/data/recap/tuning_hyperparams/sensitivity_results/sensitivity_default_v2/checkpoints/tau_s__0p2/recap/trial_1/model.pt
tau_s__0p2,sensitivity,tau_s,0.2,1,cora,0.8261219702892885,0.42628150115955404,/autodl-fs/data/recap/tuning_hyperparams/sensitivity_results/sensitivity_default_v2/checkpoints/tau_s__0p2/recap/trial_1/model.pt
tau_s__0p2,sensitivity,tau_s,0.2,1,citeseer,0.9019074598677999,0.4725615590313439,/autodl-fs/data/recap/tuning_hyperparams/sensitivity_results/sensitivity_default_v2/checkpoints/tau_s__0p2/recap/trial_1/model.pt
tau_s__0p2,sensitivity,tau_s,0.2,1,ACM,0.7739345581266522,0.37138898002221427,/autodl-fs/data/recap/tuning_hyperparams/sensitivity_results/sensitivity_default_v2/checkpoints/tau_s__0p2/recap/trial_1/model.pt
tau_s__0p2,sensitivity,tau_s,0.2,1,BlogCatalog,0.7302709694989107,0.3324138116336084,/autodl-fs/data/recap/tuning_hyperparams/sensitivity_results/sensitivity_default_v2/checkpoints/tau_s__0p2/recap/trial_1/model.pt
tau_s__0p2,sensitivity,tau_s,0.2,1,weibo,0.752546653101229,0.306700995681716,/autodl-fs/data/recap/tuning_hyperparams/sensitivity_results/sensitivity_default_v2/checkpoints/tau_s__0p2/recap/trial_1/model.pt
tau_s__0p2,sensitivity,tau_s,0.2,1,Reddit,0.5928600211827116,0.046735055345181895,/autodl-fs/data/recap/tuning_hyperparams/sensitivity_results/sensitivity_default_v2/checkpoints/tau_s__0p2/recap/trial_1/model.pt
tau_s__0p2,sensitivity,tau_s,0.2,1,Amazon,0.7077197624884123,0.12292170424219333,/autodl-fs/data/recap/tuning_hyperparams/sensitivity_results/sensitivity_default_v2/checkpoints/tau_s__0p2/recap/trial_1/model.pt
tau_s__0p2,sensitivity,tau_s,0.2,2,Facebook,0.58375,0.03437864200247916,/autodl-fs/data/recap/tuning_hyperparams/sensitivity_results/sensitivity_default_v2/checkpoints/tau_s__0p2/recap/trial_2/model.pt
tau_s__0p2,sensitivity,tau_s,0.2,2,cora,0.8147537138389367,0.3843863732019647,/autodl-fs/data/recap/tuning_hyperparams/sensitivity_results/sensitivity_default_v2/checkpoints/tau_s__0p2/recap/trial_2/model.pt
tau_s__0p2,sensitivity,tau_s,0.2,2,citeseer,0.902949323260938,0.4529580414984327,/autodl-fs/data/recap/tuning_hyperparams/sensitivity_results/sensitivity_default_v2/checkpoints/tau_s__0p2/recap/trial_2/model.pt
tau_s__0p2,sensitivity,tau_s,0.2,2,ACM,0.7813346015025084,0.3735184296028203,/autodl-fs/data/recap/tuning_hyperparams/sensitivity_results/sensitivity_default_v2/checkpoints/tau_s__0p2/recap/trial_2/model.pt
tau_s__0p2,sensitivity,tau_s,0.2,2,BlogCatalog,0.7363885484749455,0.3255179156690874,/autodl-fs/data/recap/tuning_hyperparams/sensitivity_results/sensitivity_default_v2/checkpoints/tau_s__0p2/recap/trial_2/model.pt
tau_s__0p2,sensitivity,tau_s,0.2,2,weibo,0.7415490645534258,0.31275280702103847,/autodl-fs/data/recap/tuning_hyperparams/sensitivity_results/sensitivity_default_v2/checkpoints/tau_s__0p2/recap/trial_2/model.pt
tau_s__0p2,sensitivity,tau_s,0.2,2,Reddit,0.5872827047996648,0.04567760854341246,/autodl-fs/data/recap/tuning_hyperparams/sensitivity_results/sensitivity_default_v2/checkpoints/tau_s__0p2/recap/trial_2/model.pt
tau_s__0p2,sensitivity,tau_s,0.2,2,Amazon,0.7273840068929778,0.12954834332526166,/autodl-fs/data/recap/tuning_hyperparams/sensitivity_results/sensitivity_default_v2/checkpoints/tau_s__0p2/recap/trial_2/model.pt
tau_s__0p25,sensitivity,tau_s,0.25,0,Facebook,0.6092424242424243,0.05345305077698133,/autodl-fs/data/recap/tuning_hyperparams/sensitivity_results/sensitivity_default_v2/checkpoints/tau_s__0p25/recap/trial_0/model.pt
tau_s__0p25,sensitivity,tau_s,0.25,0,cora,0.8216028146989836,0.42855192654890284,/autodl-fs/data/recap/tuning_hyperparams/sensitivity_results/sensitivity_default_v2/checkpoints/tau_s__0p25/recap/trial_0/model.pt
tau_s__0p25,sensitivity,tau_s,0.25,0,citeseer,0.9054726681355576,0.4718608495408873,/autodl-fs/data/recap/tuning_hyperparams/sensitivity_results/sensitivity_default_v2/checkpoints/tau_s__0p25/recap/trial_0/model.pt
tau_s__0p25,sensitivity,tau_s,0.25,0,ACM,0.7911265376208585,0.37308732894102004,/autodl-fs/data/recap/tuning_hyperparams/sensitivity_results/sensitivity_default_v2/checkpoints/tau_s__0p25/recap/trial_0/model.pt
tau_s__0p25,sensitivity,tau_s,0.25,0,BlogCatalog,0.7249948937908497,0.3316615745890154,/autodl-fs/data/recap/tuning_hyperparams/sensitivity_results/sensitivity_default_v2/checkpoints/tau_s__0p25/recap/trial_0/model.pt
tau_s__0p25,sensitivity,tau_s,0.25,0,weibo,0.7965785076265846,0.32595483307994566,/autodl-fs/data/recap/tuning_hyperparams/sensitivity_results/sensitivity_default_v2/checkpoints/tau_s__0p25/recap/trial_0/model.pt
tau_s__0p25,sensitivity,tau_s,0.25,0,Reddit,0.5931989136912574,0.047928684357634074,/autodl-fs/data/recap/tuning_hyperparams/sensitivity_results/sensitivity_default_v2/checkpoints/tau_s__0p25/recap/trial_0/model.pt
tau_s__0p25,sensitivity,tau_s,0.25,0,Amazon,0.7147790539354908,0.12747844887887783,/autodl-fs/data/recap/tuning_hyperparams/sensitivity_results/sensitivity_default_v2/checkpoints/tau_s__0p25/recap/trial_0/model.pt
tau_s__0p25,sensitivity,tau_s,0.25,1,Facebook,0.5854545454545454,0.04420508771084995,/autodl-fs/data/recap/tuning_hyperparams/sensitivity_results/sensitivity_default_v2/checkpoints/tau_s__0p25/recap/trial_1/model.pt
tau_s__0p25,sensitivity,tau_s,0.25,1,cora,0.8276231430805316,0.42957627998613385,/autodl-fs/data/recap/tuning_hyperparams/sensitivity_results/sensitivity_default_v2/checkpoints/tau_s__0p25/recap/trial_1/model.pt
tau_s__0p25,sensitivity,tau_s,0.25,1,citeseer,0.9015402371209736,0.473361451775506,/autodl-fs/data/recap/tuning_hyperparams/sensitivity_results/sensitivity_default_v2/checkpoints/tau_s__0p25/recap/trial_1/model.pt
tau_s__0p25,sensitivity,tau_s,0.25,1,ACM,0.7739652923563285,0.37168671082185245,/autodl-fs/data/recap/tuning_hyperparams/sensitivity_results/sensitivity_default_v2/checkpoints/tau_s__0p25/recap/trial_1/model.pt
tau_s__0p25,sensitivity,tau_s,0.25,1,BlogCatalog,0.7309187772331155,0.3345364310980514,/autodl-fs/data/recap/tuning_hyperparams/sensitivity_results/sensitivity_default_v2/checkpoints/tau_s__0p25/recap/trial_1/model.pt
tau_s__0p25,sensitivity,tau_s,0.25,1,weibo,0.7524284191842517,0.3067159541294505,/autodl-fs/data/recap/tuning_hyperparams/sensitivity_results/sensitivity_default_v2/checkpoints/tau_s__0p25/recap/trial_1/model.pt
tau_s__0p25,sensitivity,tau_s,0.25,1,Reddit,0.5935104014525288,0.04674422738262225,/autodl-fs/data/recap/tuning_hyperparams/sensitivity_results/sensitivity_default_v2/checkpoints/tau_s__0p25/recap/trial_1/model.pt
tau_s__0p25,sensitivity,tau_s,0.25,1,Amazon,0.7104598906613386,0.12410485096554438,/autodl-fs/data/recap/tuning_hyperparams/sensitivity_results/sensitivity_default_v2/checkpoints/tau_s__0p25/recap/trial_1/model.pt
tau_s__0p25,sensitivity,tau_s,0.25,2,Facebook,0.5832196969696969,0.03704885197138866,/autodl-fs/data/recap/tuning_hyperparams/sensitivity_results/sensitivity_default_v2/checkpoints/tau_s__0p25/recap/trial_2/model.pt
tau_s__0p25,sensitivity,tau_s,0.25,2,cora,0.8204404482668751,0.4083427766640993,/autodl-fs/data/recap/tuning_hyperparams/sensitivity_results/sensitivity_default_v2/checkpoints/tau_s__0p25/recap/trial_2/model.pt
tau_s__0p25,sensitivity,tau_s,0.25,2,citeseer,0.9029304375196726,0.45361931109769027,/autodl-fs/data/recap/tuning_hyperparams/sensitivity_results/sensitivity_default_v2/checkpoints/tau_s__0p25/recap/trial_2/model.pt
tau_s__0p25,sensitivity,tau_s,0.25,2,ACM,0.7863666331067857,0.3763077804566092,/autodl-fs/data/recap/tuning_hyperparams/sensitivity_results/sensitivity_default_v2/checkpoints/tau_s__0p25/recap/trial_2/model.pt
tau_s__0p25,sensitivity,tau_s,0.25,2,BlogCatalog,0.7276988017429195,0.33292382955514277,/autodl-fs/data/recap/tuning_hyperparams/sensitivity_results/sensitivity_default_v2/checkpoints/tau_s__0p25/recap/trial_2/model.pt
tau_s__0p25,sensitivity,tau_s,0.25,2,weibo,0.7707169973751611,0.30876251021140577,/autodl-fs/data/recap/tuning_hyperparams/sensitivity_results/sensitivity_default_v2/checkpoints/tau_s__0p25/recap/trial_2/model.pt
tau_s__0p25,sensitivity,tau_s,0.25,2,Reddit,0.5901555714751834,0.04600266521133545,/autodl-fs/data/recap/tuning_hyperparams/sensitivity_results/sensitivity_default_v2/checkpoints/tau_s__0p25/recap/trial_2/model.pt
tau_s__0p25,sensitivity,tau_s,0.25,2,Amazon,0.7368821388336654,0.13378396426803713,/autodl-fs/data/recap/tuning_hyperparams/sensitivity_results/sensitivity_default_v2/checkpoints/tau_s__0p25/recap/trial_2/model.pt
tau_s__0p3,sensitivity,tau_s,0.3,0,Facebook,0.613560606060606,0.074677500992321,/autodl-fs/data/recap/tuning_hyperparams/sensitivity_results/sensitivity_default_v2/checkpoints/tau_s__0p3/recap/trial_0/model.pt
tau_s__0p3,sensitivity,tau_s,0.3,0,cora,0.8243236903831117,0.43007695878224617,/autodl-fs/data/recap/tuning_hyperparams/sensitivity_results/sensitivity_default_v2/checkpoints/tau_s__0p3/recap/trial_0/model.pt
tau_s__0p3,sensitivity,tau_s,0.3,0,citeseer,0.9052964012170812,0.47041466049747005,/autodl-fs/data/recap/tuning_hyperparams/sensitivity_results/sensitivity_default_v2/checkpoints/tau_s__0p3/recap/trial_0/model.pt
tau_s__0p3,sensitivity,tau_s,0.3,0,ACM,0.790645913312181,0.3729058489694894,/autodl-fs/data/recap/tuning_hyperparams/sensitivity_results/sensitivity_default_v2/checkpoints/tau_s__0p3/recap/trial_0/model.pt
tau_s__0p3,sensitivity,tau_s,0.3,0,BlogCatalog,0.7236291530501089,0.32927176643905914,/autodl-fs/data/recap/tuning_hyperparams/sensitivity_results/sensitivity_default_v2/checkpoints/tau_s__0p3/recap/trial_0/model.pt
tau_s__0p3,sensitivity,tau_s,0.3,0,weibo,0.7805871983926913,0.32061244443896086,/autodl-fs/data/recap/tuning_hyperparams/sensitivity_results/sensitivity_default_v2/checkpoints/tau_s__0p3/recap/trial_0/model.pt
tau_s__0p3,sensitivity,tau_s,0.3,0,Reddit,0.5944510404540388,0.048070649727726705,/autodl-fs/data/recap/tuning_hyperparams/sensitivity_results/sensitivity_default_v2/checkpoints/tau_s__0p3/recap/trial_0/model.pt
tau_s__0p3,sensitivity,tau_s,0.3,0,Amazon,0.7245548550238509,0.1314632025207026,/autodl-fs/data/recap/tuning_hyperparams/sensitivity_results/sensitivity_default_v2/checkpoints/tau_s__0p3/recap/trial_0/model.pt
tau_s__0p3,sensitivity,tau_s,0.3,1,Facebook,0.5850378787878788,0.0442305548032589,/autodl-fs/data/recap/tuning_hyperparams/sensitivity_results/sensitivity_default_v2/checkpoints/tau_s__0p3/recap/trial_1/model.pt
tau_s__0p3,sensitivity,tau_s,0.3,1,cora,0.828676048996612,0.4288812053224427,/autodl-fs/data/recap/tuning_hyperparams/sensitivity_results/sensitivity_default_v2/checkpoints/tau_s__0p3/recap/trial_1/model.pt
tau_s__0p3,sensitivity,tau_s,0.3,1,citeseer,0.9011268492288322,0.47339625679502845,/autodl-fs/data/recap/tuning_hyperparams/sensitivity_results/sensitivity_default_v2/checkpoints/tau_s__0p3/recap/trial_1/model.pt
tau_s__0p3,sensitivity,tau_s,0.3,1,ACM,0.7736079212706068,0.37235572181629095,/autodl-fs/data/recap/tuning_hyperparams/sensitivity_results/sensitivity_default_v2/checkpoints/tau_s__0p3/recap/trial_1/model.pt
tau_s__0p3,sensitivity,tau_s,0.3,1,BlogCatalog,0.7302294389978214,0.3366489057319567,/autodl-fs/data/recap/tuning_hyperparams/sensitivity_results/sensitivity_default_v2/checkpoints/tau_s__0p3/recap/trial_1/model.pt
tau_s__0p3,sensitivity,tau_s,0.3,1,weibo,0.7465174111862279,0.30919420451548085,/autodl-fs/data/recap/tuning_hyperparams/sensitivity_results/sensitivity_default_v2/checkpoints/tau_s__0p3/recap/trial_1/model.pt
tau_s__0p3,sensitivity,tau_s,0.3,1,Reddit,0.595408019375285,0.04726003427020097,/autodl-fs/data/recap/tuning_hyperparams/sensitivity_results/sensitivity_default_v2/checkpoints/tau_s__0p3/recap/trial_1/model.pt
tau_s__0p3,sensitivity,tau_s,0.3,1,Amazon,0.7025555554041547,0.12209972748088455,/autodl-fs/data/recap/tuning_hyperparams/sensitivity_results/sensitivity_default_v2/checkpoints/tau_s__0p3/recap/trial_1/model.pt
tau_s__0p3,sensitivity,tau_s,0.3,2,Facebook,0.5817045454545454,0.03714419055800215,/autodl-fs/data/recap/tuning_hyperparams/sensitivity_results/sensitivity_default_v2/checkpoints/tau_s__0p3/recap/trial_2/model.pt
tau_s__0p3,sensitivity,tau_s,0.3,2,cora,0.8201198853270786,0.4082666833109728,/autodl-fs/data/recap/tuning_hyperparams/sensitivity_results/sensitivity_default_v2/checkpoints/tau_s__0p3/recap/trial_2/model.pt
tau_s__0p3,sensitivity,tau_s,0.3,2,citeseer,0.9026188227887945,0.4536668649973672,/autodl-fs/data/recap/tuning_hyperparams/sensitivity_results/sensitivity_default_v2/checkpoints/tau_s__0p3/recap/trial_2/model.pt
tau_s__0p3,sensitivity,tau_s,0.3,2,ACM,0.7868555867607271,0.3760044985836729,/autodl-fs/data/recap/tuning_hyperparams/sensitivity_results/sensitivity_default_v2/checkpoints/tau_s__0p3/recap/trial_2/model.pt
tau_s__0p3,sensitivity,tau_s,0.3,2,BlogCatalog,0.7265475217864924,0.3329755263548029,/autodl-fs/data/recap/tuning_hyperparams/sensitivity_results/sensitivity_default_v2/checkpoints/tau_s__0p3/recap/trial_2/model.pt
tau_s__0p3,sensitivity,tau_s,0.3,2,weibo,0.7670781899923511,0.3076472585694036,/autodl-fs/data/recap/tuning_hyperparams/sensitivity_results/sensitivity_default_v2/checkpoints/tau_s__0p3/recap/trial_2/model.pt
tau_s__0p3,sensitivity,tau_s,0.3,2,Reddit,0.5904985811288594,0.046255629510497664,/autodl-fs/data/recap/tuning_hyperparams/sensitivity_results/sensitivity_default_v2/checkpoints/tau_s__0p3/recap/trial_2/model.pt
tau_s__0p3,sensitivity,tau_s,0.3,2,Amazon,0.7387881240572459,0.13409468373306507,/autodl-fs/data/recap/tuning_hyperparams/sensitivity_results/sensitivity_default_v2/checkpoints/tau_s__0p3/recap/trial_2/model.pt
num_hops__1,sensitivity,num_hops,1,0,Facebook,0.5729545454545455,0.03329027659180857,/autodl-fs/data/recap/tuning_hyperparams/sensitivity_results/sensitivity_default_v2/checkpoints/num_hops__1/recap/trial_0/model.pt
num_hops__1,sensitivity,num_hops,1,0,cora,0.8281105029971331,0.35038403771103316,/autodl-fs/data/recap/tuning_hyperparams/sensitivity_results/sensitivity_default_v2/checkpoints/num_hops__1/recap/trial_0/model.pt
num_hops__1,sensitivity,num_hops,1,0,citeseer,0.8705382436260624,0.32388971182156606,/autodl-fs/data/recap/tuning_hyperparams/sensitivity_results/sensitivity_default_v2/checkpoints/num_hops__1/recap/trial_0/model.pt
num_hops__1,sensitivity,num_hops,1,0,ACM,0.7945105186451339,0.3458664742472671,/autodl-fs/data/recap/tuning_hyperparams/sensitivity_results/sensitivity_default_v2/checkpoints/num_hops__1/recap/trial_0/model.pt
num_hops__1,sensitivity,num_hops,1,0,BlogCatalog,0.7422007761437908,0.32615934575501054,/autodl-fs/data/recap/tuning_hyperparams/sensitivity_results/sensitivity_default_v2/checkpoints/num_hops__1/recap/trial_0/model.pt
num_hops__1,sensitivity,num_hops,1,0,weibo,0.6885684234275271,0.2839014001915297,/autodl-fs/data/recap/tuning_hyperparams/sensitivity_results/sensitivity_default_v2/checkpoints/num_hops__1/recap/trial_0/model.pt
num_hops__1,sensitivity,num_hops,1,0,Reddit,0.6044380765933094,0.04619623397402076,/autodl-fs/data/recap/tuning_hyperparams/sensitivity_results/sensitivity_default_v2/checkpoints/num_hops__1/recap/trial_0/model.pt
num_hops__1,sensitivity,num_hops,1,0,Amazon,0.6894904952821226,0.1189889102488996,/autodl-fs/data/recap/tuning_hyperparams/sensitivity_results/sensitivity_default_v2/checkpoints/num_hops__1/recap/trial_0/model.pt
num_hops__1,sensitivity,num_hops,1,1,Facebook,0.5629924242424242,0.0308334627478844,/autodl-fs/data/recap/tuning_hyperparams/sensitivity_results/sensitivity_default_v2/checkpoints/num_hops__1/recap/trial_1/model.pt
num_hops__1,sensitivity,num_hops,1,1,cora,0.8375788376335679,0.3419883570121295,/autodl-fs/data/recap/tuning_hyperparams/sensitivity_results/sensitivity_default_v2/checkpoints/num_hops__1/recap/trial_1/model.pt
num_hops__1,sensitivity,num_hops,1,1,citeseer,0.868133459238275,0.3056725030071331,/autodl-fs/data/recap/tuning_hyperparams/sensitivity_results/sensitivity_default_v2/checkpoints/num_hops__1/recap/trial_1/model.pt
num_hops__1,sensitivity,num_hops,1,1,ACM,0.7849048857303449,0.3440672423313306,/autodl-fs/data/recap/tuning_hyperparams/sensitivity_results/sensitivity_default_v2/checkpoints/num_hops__1/recap/trial_1/model.pt
num_hops__1,sensitivity,num_hops,1,1,BlogCatalog,0.7060266884531591,0.31224484963953775,/autodl-fs/data/recap/tuning_hyperparams/sensitivity_results/sensitivity_default_v2/checkpoints/num_hops__1/recap/trial_1/model.pt
num_hops__1,sensitivity,num_hops,1,1,weibo,0.6910183188436281,0.27093084323412225,/autodl-fs/data/recap/tuning_hyperparams/sensitivity_results/sensitivity_default_v2/checkpoints/num_hops__1/recap/trial_1/model.pt
num_hops__1,sensitivity,num_hops,1,1,Reddit,0.5981775714401876,0.045398274200362305,/autodl-fs/data/recap/tuning_hyperparams/sensitivity_results/sensitivity_default_v2/checkpoints/num_hops__1/recap/trial_1/model.pt
num_hops__1,sensitivity,num_hops,1,1,Amazon,0.7299304176861622,0.13179708698088216,/autodl-fs/data/recap/tuning_hyperparams/sensitivity_results/sensitivity_default_v2/checkpoints/num_hops__1/recap/trial_1/model.pt
num_hops__1,sensitivity,num_hops,1,2,Facebook,0.5439015151515152,0.02795067459109419,/autodl-fs/data/recap/tuning_hyperparams/sensitivity_results/sensitivity_default_v2/checkpoints/num_hops__1/recap/trial_2/model.pt
num_hops__1,sensitivity,num_hops,1,2,cora,0.82600208496221,0.3148378403320338,/autodl-fs/data/recap/tuning_hyperparams/sensitivity_results/sensitivity_default_v2/checkpoints/num_hops__1/recap/trial_2/model.pt
num_hops__1,sensitivity,num_hops,1,2,citeseer,0.870197251075438,0.3024868203884464,/autodl-fs/data/recap/tuning_hyperparams/sensitivity_results/sensitivity_default_v2/checkpoints/num_hops__1/recap/trial_2/model.pt
num_hops__1,sensitivity,num_hops,1,2,ACM,0.7856550539778475,0.35306230618261164,/autodl-fs/data/recap/tuning_hyperparams/sensitivity_results/sensitivity_default_v2/checkpoints/num_hops__1/recap/trial_2/model.pt
num_hops__1,sensitivity,num_hops,1,2,BlogCatalog,0.7252512254901962,0.3226578367425796,/autodl-fs/data/recap/tuning_hyperparams/sensitivity_results/sensitivity_default_v2/checkpoints/num_hops__1/recap/trial_2/model.pt
num_hops__1,sensitivity,num_hops,1,2,weibo,0.7762389875080173,0.2946573013415505,/autodl-fs/data/recap/tuning_hyperparams/sensitivity_results/sensitivity_default_v2/checkpoints/num_hops__1/recap/trial_2/model.pt
num_hops__1,sensitivity,num_hops,1,2,Reddit,0.6056230424261513,0.04715970389570509,/autodl-fs/data/recap/tuning_hyperparams/sensitivity_results/sensitivity_default_v2/checkpoints/num_hops__1/recap/trial_2/model.pt
num_hops__1,sensitivity,num_hops,1,2,Amazon,0.7086642009525232,0.12468119028346328,/autodl-fs/data/recap/tuning_hyperparams/sensitivity_results/sensitivity_default_v2/checkpoints/num_hops__1/recap/trial_2/model.pt
num_hops__2,sensitivity,num_hops,2,0,Facebook,0.5929166666666666,0.03564023579634653,/autodl-fs/data/recap/tuning_hyperparams/sensitivity_results/sensitivity_default_v2/checkpoints/num_hops__2/recap/trial_0/model.pt
num_hops__2,sensitivity,num_hops,2,0,cora,0.8384050039093042,0.38393530216620425,/autodl-fs/data/recap/tuning_hyperparams/sensitivity_results/sensitivity_default_v2/checkpoints/num_hops__2/recap/trial_0/model.pt
num_hops__2,sensitivity,num_hops,2,0,citeseer,0.8994691008288742,0.4013072161883012,/autodl-fs/data/recap/tuning_hyperparams/sensitivity_results/sensitivity_default_v2/checkpoints/num_hops__2/recap/trial_0/model.pt
num_hops__2,sensitivity,num_hops,2,0,ACM,0.7821097050684276,0.3560046954688083,/autodl-fs/data/recap/tuning_hyperparams/sensitivity_results/sensitivity_default_v2/checkpoints/num_hops__2/recap/trial_0/model.pt
num_hops__2,sensitivity,num_hops,2,0,BlogCatalog,0.7034500953159041,0.309371649585944,/autodl-fs/data/recap/tuning_hyperparams/sensitivity_results/sensitivity_default_v2/checkpoints/num_hops__2/recap/trial_0/model.pt
num_hops__2,sensitivity,num_hops,2,0,weibo,0.693223415787797,0.2951808098604913,/autodl-fs/data/recap/tuning_hyperparams/sensitivity_results/sensitivity_default_v2/checkpoints/num_hops__2/recap/trial_0/model.pt
num_hops__2,sensitivity,num_hops,2,0,Reddit,0.5927506595151856,0.045816452453005085,/autodl-fs/data/recap/tuning_hyperparams/sensitivity_results/sensitivity_default_v2/checkpoints/num_hops__2/recap/trial_0/model.pt
num_hops__2,sensitivity,num_hops,2,0,Amazon,0.7107741988132293,0.1249362806597676,/autodl-fs/data/recap/tuning_hyperparams/sensitivity_results/sensitivity_default_v2/checkpoints/num_hops__2/recap/trial_0/model.pt
num_hops__2,sensitivity,num_hops,2,1,Facebook,0.5590151515151516,0.048262329993334116,/autodl-fs/data/recap/tuning_hyperparams/sensitivity_results/sensitivity_default_v2/checkpoints/num_hops__2/recap/trial_1/model.pt
num_hops__2,sensitivity,num_hops,2,1,cora,0.8366875162887673,0.35887299436680886,/autodl-fs/data/recap/tuning_hyperparams/sensitivity_results/sensitivity_default_v2/checkpoints/num_hops__2/recap/trial_1/model.pt
num_hops__2,sensitivity,num_hops,2,1,citeseer,0.893918791312559,0.39577321979540164,/autodl-fs/data/recap/tuning_hyperparams/sensitivity_results/sensitivity_default_v2/checkpoints/num_hops__2/recap/trial_1/model.pt
num_hops__2,sensitivity,num_hops,2,1,ACM,0.7755285733971888,0.3523244498257386,/autodl-fs/data/recap/tuning_hyperparams/sensitivity_results/sensitivity_default_v2/checkpoints/num_hops__2/recap/trial_1/model.pt
num_hops__2,sensitivity,num_hops,2,1,BlogCatalog,0.7158864379084968,0.31928333872411657,/autodl-fs/data/recap/tuning_hyperparams/sensitivity_results/sensitivity_default_v2/checkpoints/num_hops__2/recap/trial_1/model.pt
num_hops__2,sensitivity,num_hops,2,1,weibo,0.7155492198548605,0.2961475554600101,/autodl-fs/data/recap/tuning_hyperparams/sensitivity_results/sensitivity_default_v2/checkpoints/num_hops__2/recap/trial_1/model.pt
num_hops__2,sensitivity,num_hops,2,1,Reddit,0.5920795648589312,0.04646739459644237,/autodl-fs/data/recap/tuning_hyperparams/sensitivity_results/sensitivity_default_v2/checkpoints/num_hops__2/recap/trial_1/model.pt
num_hops__2,sensitivity,num_hops,2,1,Amazon,0.7032846261678494,0.12231543965300071,/autodl-fs/data/recap/tuning_hyperparams/sensitivity_results/sensitivity_default_v2/checkpoints/num_hops__2/recap/trial_1/model.pt
num_hops__2,sensitivity,num_hops,2,2,Facebook,0.5524242424242424,0.02939474798768545,/autodl-fs/data/recap/tuning_hyperparams/sensitivity_results/sensitivity_default_v2/checkpoints/num_hops__2/recap/trial_2/model.pt
num_hops__2,sensitivity,num_hops,2,2,cora,0.8349205108157416,0.411993663817592,/autodl-fs/data/recap/tuning_hyperparams/sensitivity_results/sensitivity_default_v2/checkpoints/num_hops__2/recap/trial_2/model.pt
num_hops__2,sensitivity,num_hops,2,2,citeseer,0.9053761410135348,0.4202018831191466,/autodl-fs/data/recap/tuning_hyperparams/sensitivity_results/sensitivity_default_v2/checkpoints/num_hops__2/recap/trial_2/model.pt
num_hops__2,sensitivity,num_hops,2,2,ACM,0.7854625301240261,0.3702218318984944,/autodl-fs/data/recap/tuning_hyperparams/sensitivity_results/sensitivity_default_v2/checkpoints/num_hops__2/recap/trial_2/model.pt
num_hops__2,sensitivity,num_hops,2,2,BlogCatalog,0.7356944444444444,0.3302412156864023,/autodl-fs/data/recap/tuning_hyperparams/sensitivity_results/sensitivity_default_v2/checkpoints/num_hops__2/recap/trial_2/model.pt
num_hops__2,sensitivity,num_hops,2,2,weibo,0.729488746454511,0.2970233148291077,/autodl-fs/data/recap/tuning_hyperparams/sensitivity_results/sensitivity_default_v2/checkpoints/num_hops__2/recap/trial_2/model.pt
num_hops__2,sensitivity,num_hops,2,2,Reddit,0.5940415131743497,0.045371054264946614,/autodl-fs/data/recap/tuning_hyperparams/sensitivity_results/sensitivity_default_v2/checkpoints/num_hops__2/recap/trial_2/model.pt
num_hops__2,sensitivity,num_hops,2,2,Amazon,0.689966802336963,0.11817129920197385,/autodl-fs/data/recap/tuning_hyperparams/sensitivity_results/sensitivity_default_v2/checkpoints/num_hops__2/recap/trial_2/model.pt
num_hops__3,sensitivity,num_hops,3,0,Facebook,0.5898863636363636,0.039288093301676985,/autodl-fs/data/recap/tuning_hyperparams/sensitivity_results/sensitivity_default_v2/checkpoints/num_hops__3/recap/trial_0/model.pt
num_hops__3,sensitivity,num_hops,3,0,cora,0.8284571279645556,0.40641350446536345,/autodl-fs/data/recap/tuning_hyperparams/sensitivity_results/sensitivity_default_v2/checkpoints/num_hops__3/recap/trial_0/model.pt
num_hops__3,sensitivity,num_hops,3,0,citeseer,0.9031801489875143,0.4220232355518316,/autodl-fs/data/recap/tuning_hyperparams/sensitivity_results/sensitivity_default_v2/checkpoints/num_hops__3/recap/trial_0/model.pt
num_hops__3,sensitivity,num_hops,3,0,ACM,0.785803822410346,0.36753912183298987,/autodl-fs/data/recap/tuning_hyperparams/sensitivity_results/sensitivity_default_v2/checkpoints/num_hops__3/recap/trial_0/model.pt
num_hops__3,sensitivity,num_hops,3,0,BlogCatalog,0.7216809640522877,0.32108761612154463,/autodl-fs/data/recap/tuning_hyperparams/sensitivity_results/sensitivity_default_v2/checkpoints/num_hops__3/recap/trial_0/model.pt
num_hops__3,sensitivity,num_hops,3,0,weibo,0.7800723802512826,0.3090671971699611,/autodl-fs/data/recap/tuning_hyperparams/sensitivity_results/sensitivity_default_v2/checkpoints/num_hops__3/recap/trial_0/model.pt
num_hops__3,sensitivity,num_hops,3,0,Reddit,0.5939558250913234,0.04670850760608208,/autodl-fs/data/recap/tuning_hyperparams/sensitivity_results/sensitivity_default_v2/checkpoints/num_hops__3/recap/trial_0/model.pt
num_hops__3,sensitivity,num_hops,3,0,Amazon,0.6888638471893115,0.11937569509512748,/autodl-fs/data/recap/tuning_hyperparams/sensitivity_results/sensitivity_default_v2/checkpoints/num_hops__3/recap/trial_0/model.pt
num_hops__3,sensitivity,num_hops,3,1,Facebook,0.5861363636363637,0.04806423188519429,/autodl-fs/data/recap/tuning_hyperparams/sensitivity_results/sensitivity_default_v2/checkpoints/num_hops__3/recap/trial_1/model.pt
num_hops__3,sensitivity,num_hops,3,1,cora,0.8337008079228564,0.4114628944716358,/autodl-fs/data/recap/tuning_hyperparams/sensitivity_results/sensitivity_default_v2/checkpoints/num_hops__3/recap/trial_1/model.pt
num_hops__3,sensitivity,num_hops,3,1,citeseer,0.896277410555031,0.4382137108266033,/autodl-fs/data/recap/tuning_hyperparams/sensitivity_results/sensitivity_default_v2/checkpoints/num_hops__3/recap/trial_1/model.pt
num_hops__3,sensitivity,num_hops,3,1,ACM,0.7821084398514255,0.36762046988609964,/autodl-fs/data/recap/tuning_hyperparams/sensitivity_results/sensitivity_default_v2/checkpoints/num_hops__3/recap/trial_1/model.pt
num_hops__3,sensitivity,num_hops,3,1,BlogCatalog,0.7387336601307191,0.324622672971911,/autodl-fs/data/recap/tuning_hyperparams/sensitivity_results/sensitivity_default_v2/checkpoints/num_hops__3/recap/trial_1/model.pt
num_hops__3,sensitivity,num_hops,3,1,weibo,0.7766644614678186,0.3054713056329585,/autodl-fs/data/recap/tuning_hyperparams/sensitivity_results/sensitivity_default_v2/checkpoints/num_hops__3/recap/trial_1/model.pt
num_hops__3,sensitivity,num_hops,3,1,Reddit,0.584744356165991,0.045621861530848226,/autodl-fs/data/recap/tuning_hyperparams/sensitivity_results/sensitivity_default_v2/checkpoints/num_hops__3/recap/trial_1/model.pt
num_hops__3,sensitivity,num_hops,3,1,Amazon,0.745306838791258,0.13951868434511294,/autodl-fs/data/recap/tuning_hyperparams/sensitivity_results/sensitivity_default_v2/checkpoints/num_hops__3/recap/trial_1/model.pt
num_hops__3,sensitivity,num_hops,3,2,Facebook,0.5590151515151515,0.03248381188569895,/autodl-fs/data/recap/tuning_hyperparams/sensitivity_results/sensitivity_default_v2/checkpoints/num_hops__3/recap/trial_2/model.pt
num_hops__3,sensitivity,num_hops,3,2,cora,0.8236095908261664,0.4056875903402048,/autodl-fs/data/recap/tuning_hyperparams/sensitivity_results/sensitivity_default_v2/checkpoints/num_hops__3/recap/trial_2/model.pt
num_hops__3,sensitivity,num_hops,3,2,citeseer,0.9045472668135558,0.45081110801300694,/autodl-fs/data/recap/tuning_hyperparams/sensitivity_results/sensitivity_default_v2/checkpoints/num_hops__3/recap/trial_2/model.pt
num_hops__3,sensitivity,num_hops,3,2,ACM,0.7842801321181768,0.3719584386853078,/autodl-fs/data/recap/tuning_hyperparams/sensitivity_results/sensitivity_default_v2/checkpoints/num_hops__3/recap/trial_2/model.pt
num_hops__3,sensitivity,num_hops,3,2,BlogCatalog,0.7236870234204793,0.32567215672383903,/autodl-fs/data/recap/tuning_hyperparams/sensitivity_results/sensitivity_default_v2/checkpoints/num_hops__3/recap/trial_2/model.pt
num_hops__3,sensitivity,num_hops,3,2,weibo,0.761690330773713,0.3061590906232184,/autodl-fs/data/recap/tuning_hyperparams/sensitivity_results/sensitivity_default_v2/checkpoints/num_hops__3/recap/trial_2/model.pt
num_hops__3,sensitivity,num_hops,3,2,Reddit,0.588553744697889,0.04508358456168954,/autodl-fs/data/recap/tuning_hyperparams/sensitivity_results/sensitivity_default_v2/checkpoints/num_hops__3/recap/trial_2/model.pt
num_hops__3,sensitivity,num_hops,3,2,Amazon,0.7014075585054496,0.12112138751233852,/autodl-fs/data/recap/tuning_hyperparams/sensitivity_results/sensitivity_default_v2/checkpoints/num_hops__3/recap/trial_2/model.pt
num_hops__5,sensitivity,num_hops,5,0,Facebook,0.6079166666666668,0.051830733948808175,/autodl-fs/data/recap/tuning_hyperparams/sensitivity_results/sensitivity_default_v2/checkpoints/num_hops__5/recap/trial_0/model.pt
num_hops__5,sensitivity,num_hops,5,0,cora,0.8198097471983321,0.42457226549285254,/autodl-fs/data/recap/tuning_hyperparams/sensitivity_results/sensitivity_default_v2/checkpoints/num_hops__5/recap/trial_0/model.pt
num_hops__5,sensitivity,num_hops,5,0,citeseer,0.9010492078480747,0.4484046531100358,/autodl-fs/data/recap/tuning_hyperparams/sensitivity_results/sensitivity_default_v2/checkpoints/num_hops__5/recap/trial_0/model.pt
num_hops__5,sensitivity,num_hops,5,0,ACM,0.786272216288003,0.36977865246729247,/autodl-fs/data/recap/tuning_hyperparams/sensitivity_results/sensitivity_default_v2/checkpoints/num_hops__5/recap/trial_0/model.pt
num_hops__5,sensitivity,num_hops,5,0,BlogCatalog,0.7188895697167756,0.31802572164586035,/autodl-fs/data/recap/tuning_hyperparams/sensitivity_results/sensitivity_default_v2/checkpoints/num_hops__5/recap/trial_0/model.pt
num_hops__5,sensitivity,num_hops,5,0,weibo,0.7852671062390212,0.31221571250866964,/autodl-fs/data/recap/tuning_hyperparams/sensitivity_results/sensitivity_default_v2/checkpoints/num_hops__5/recap/trial_0/model.pt
num_hops__5,sensitivity,num_hops,5,0,Reddit,0.5881671190379878,0.047069400939412614,/autodl-fs/data/recap/tuning_hyperparams/sensitivity_results/sensitivity_default_v2/checkpoints/num_hops__5/recap/trial_0/model.pt
num_hops__5,sensitivity,num_hops,5,0,Amazon,0.7142883638004821,0.12659342659969164,/autodl-fs/data/recap/tuning_hyperparams/sensitivity_results/sensitivity_default_v2/checkpoints/num_hops__5/recap/trial_0/model.pt
num_hops__5,sensitivity,num_hops,5,1,Facebook,0.5751136363636363,0.07869924295021782,/autodl-fs/data/recap/tuning_hyperparams/sensitivity_results/sensitivity_default_v2/checkpoints/num_hops__5/recap/trial_1/model.pt
num_hops__5,sensitivity,num_hops,5,1,cora,0.8151316132395099,0.36517573117409824,/autodl-fs/data/recap/tuning_hyperparams/sensitivity_results/sensitivity_default_v2/checkpoints/num_hops__5/recap/trial_1/model.pt
num_hops__5,sensitivity,num_hops,5,1,citeseer,0.8866079110271744,0.403303059769162,/autodl-fs/data/recap/tuning_hyperparams/sensitivity_results/sensitivity_default_v2/checkpoints/num_hops__5/recap/trial_1/model.pt
num_hops__5,sensitivity,num_hops,5,1,ACM,0.7832978492681616,0.3638868410277639,/autodl-fs/data/recap/tuning_hyperparams/sensitivity_results/sensitivity_default_v2/checkpoints/num_hops__5/recap/trial_1/model.pt
num_hops__5,sensitivity,num_hops,5,1,BlogCatalog,0.7215590958605664,0.31833029063714346,/autodl-fs/data/recap/tuning_hyperparams/sensitivity_results/sensitivity_default_v2/checkpoints/num_hops__5/recap/trial_1/model.pt
num_hops__5,sensitivity,num_hops,5,1,weibo,0.7504889090930214,0.3237667885285972,/autodl-fs/data/recap/tuning_hyperparams/sensitivity_results/sensitivity_default_v2/checkpoints/num_hops__5/recap/trial_1/model.pt
num_hops__5,sensitivity,num_hops,5,1,Reddit,0.5831093349060827,0.046634361353797185,/autodl-fs/data/recap/tuning_hyperparams/sensitivity_results/sensitivity_default_v2/checkpoints/num_hops__5/recap/trial_1/model.pt
num_hops__5,sensitivity,num_hops,5,1,Amazon,0.7330202061080249,0.13494167931502254,/autodl-fs/data/recap/tuning_hyperparams/sensitivity_results/sensitivity_default_v2/checkpoints/num_hops__5/recap/trial_1/model.pt
num_hops__5,sensitivity,num_hops,5,2,Facebook,0.5954545454545455,0.03522764127727468,/autodl-fs/data/recap/tuning_hyperparams/sensitivity_results/sensitivity_default_v2/checkpoints/num_hops__5/recap/trial_2/model.pt
num_hops__5,sensitivity,num_hops,5,2,cora,0.8100469116497262,0.3837777152246056,/autodl-fs/data/recap/tuning_hyperparams/sensitivity_results/sensitivity_default_v2/checkpoints/num_hops__5/recap/trial_2/model.pt
num_hops__5,sensitivity,num_hops,5,2,citeseer,0.9005413912496065,0.4593302033871605,/autodl-fs/data/recap/tuning_hyperparams/sensitivity_results/sensitivity_default_v2/checkpoints/num_hops__5/recap/trial_2/model.pt
num_hops__5,sensitivity,num_hops,5,2,ACM,0.7825579081914261,0.3701089122154325,/autodl-fs/data/recap/tuning_hyperparams/sensitivity_results/sensitivity_default_v2/checkpoints/num_hops__5/recap/trial_2/model.pt
num_hops__5,sensitivity,num_hops,5,2,BlogCatalog,0.7217272603485838,0.31573741860295096,/autodl-fs/data/recap/tuning_hyperparams/sensitivity_results/sensitivity_default_v2/checkpoints/num_hops__5/recap/trial_2/model.pt
num_hops__5,sensitivity,num_hops,5,2,weibo,0.7802317323630458,0.3060484910385055,/autodl-fs/data/recap/tuning_hyperparams/sensitivity_results/sensitivity_default_v2/checkpoints/num_hops__5/recap/trial_2/model.pt
num_hops__5,sensitivity,num_hops,5,2,Reddit,0.5831923211126173,0.04473836258465716,/autodl-fs/data/recap/tuning_hyperparams/sensitivity_results/sensitivity_default_v2/checkpoints/num_hops__5/recap/trial_2/model.pt
num_hops__5,sensitivity,num_hops,5,2,Amazon,0.7156781478468603,0.12714455474937253,/autodl-fs/data/recap/tuning_hyperparams/sensitivity_results/sensitivity_default_v2/checkpoints/num_hops__5/recap/trial_2/model.pt
num_hops__6,sensitivity,num_hops,6,0,Facebook,0.5994696969696969,0.07260132732059509,/autodl-fs/data/recap/tuning_hyperparams/sensitivity_results/sensitivity_default_v2/checkpoints/num_hops__6/recap/trial_0/model.pt
num_hops__6,sensitivity,num_hops,6,0,cora,0.8038076622361221,0.3875053719514409,/autodl-fs/data/recap/tuning_hyperparams/sensitivity_results/sensitivity_default_v2/checkpoints/num_hops__6/recap/trial_0/model.pt
num_hops__6,sensitivity,num_hops,6,0,citeseer,0.8981985101248556,0.4237014816053103,/autodl-fs/data/recap/tuning_hyperparams/sensitivity_results/sensitivity_default_v2/checkpoints/num_hops__6/recap/trial_0/model.pt
num_hops__6,sensitivity,num_hops,6,0,ACM,0.770801617242546,0.36628419893965924,/autodl-fs/data/recap/tuning_hyperparams/sensitivity_results/sensitivity_default_v2/checkpoints/num_hops__6/recap/trial_0/model.pt
num_hops__6,sensitivity,num_hops,6,0,BlogCatalog,0.7206842320261437,0.3183717954585219,/autodl-fs/data/recap/tuning_hyperparams/sensitivity_results/sensitivity_default_v2/checkpoints/num_hops__6/recap/trial_0/model.pt
num_hops__6,sensitivity,num_hops,6,0,weibo,0.7724020026547986,0.30662088737486304,/autodl-fs/data/recap/tuning_hyperparams/sensitivity_results/sensitivity_default_v2/checkpoints/num_hops__6/recap/trial_0/model.pt
num_hops__6,sensitivity,num_hops,6,0,Reddit,0.585728997156082,0.045985145901039186,/autodl-fs/data/recap/tuning_hyperparams/sensitivity_results/sensitivity_default_v2/checkpoints/num_hops__6/recap/trial_0/model.pt
num_hops__6,sensitivity,num_hops,6,0,Amazon,0.7260011115849957,0.12935743846075817,/autodl-fs/data/recap/tuning_hyperparams/sensitivity_results/sensitivity_default_v2/checkpoints/num_hops__6/recap/trial_0/model.pt
num_hops__6,sensitivity,num_hops,6,1,Facebook,0.5847727272727273,0.0750640664005227,/autodl-fs/data/recap/tuning_hyperparams/sensitivity_results/sensitivity_default_v2/checkpoints/num_hops__6/recap/trial_1/model.pt
num_hops__6,sensitivity,num_hops,6,1,cora,0.8075944748501434,0.3655879682326839,/autodl-fs/data/recap/tuning_hyperparams/sensitivity_results/sensitivity_default_v2/checkpoints/num_hops__6/recap/trial_1/model.pt
num_hops__6,sensitivity,num_hops,6,1,citeseer,0.888200608540552,0.41126598667027947,/autodl-fs/data/recap/tuning_hyperparams/sensitivity_results/sensitivity_default_v2/checkpoints/num_hops__6/recap/trial_1/model.pt
num_hops__6,sensitivity,num_hops,6,1,ACM,0.7722846624385223,0.362172832383455,/autodl-fs/data/recap/tuning_hyperparams/sensitivity_results/sensitivity_default_v2/checkpoints/num_hops__6/recap/trial_1/model.pt
num_hops__6,sensitivity,num_hops,6,1,BlogCatalog,0.7225885076252723,0.3163720774290666,/autodl-fs/data/recap/tuning_hyperparams/sensitivity_results/sensitivity_default_v2/checkpoints/num_hops__6/recap/trial_1/model.pt
num_hops__6,sensitivity,num_hops,6,1,weibo,0.7495590876101861,0.32609781988189157,/autodl-fs/data/recap/tuning_hyperparams/sensitivity_results/sensitivity_default_v2/checkpoints/num_hops__6/recap/trial_1/model.pt
num_hops__6,sensitivity,num_hops,6,1,Reddit,0.5826945325341955,0.04766022138947124,/autodl-fs/data/recap/tuning_hyperparams/sensitivity_results/sensitivity_default_v2/checkpoints/num_hops__6/recap/trial_1/model.pt
num_hops__6,sensitivity,num_hops,6,1,Amazon,0.756541159909117,0.14495699351259206,/autodl-fs/data/recap/tuning_hyperparams/sensitivity_results/sensitivity_default_v2/checkpoints/num_hops__6/recap/trial_1/model.pt
num_hops__6,sensitivity,num_hops,6,2,Facebook,0.6090151515151515,0.04509573420862774,/autodl-fs/data/recap/tuning_hyperparams/sensitivity_results/sensitivity_default_v2/checkpoints/num_hops__6/recap/trial_2/model.pt
num_hops__6,sensitivity,num_hops,6,2,cora,0.800276257492833,0.36869729355170694,/autodl-fs/data/recap/tuning_hyperparams/sensitivity_results/sensitivity_default_v2/checkpoints/num_hops__6/recap/trial_2/model.pt
num_hops__6,sensitivity,num_hops,6,2,citeseer,0.8988836428496486,0.4622781312695282,/autodl-fs/data/recap/tuning_hyperparams/sensitivity_results/sensitivity_default_v2/checkpoints/num_hops__6/recap/trial_2/model.pt
num_hops__6,sensitivity,num_hops,6,2,ACM,0.7776874553417936,0.3680410624872499,/autodl-fs/data/recap/tuning_hyperparams/sensitivity_results/sensitivity_default_v2/checkpoints/num_hops__6/recap/trial_2/model.pt
num_hops__6,sensitivity,num_hops,6,2,BlogCatalog,0.7187530637254902,0.31356100682099414,/autodl-fs/data/recap/tuning_hyperparams/sensitivity_results/sensitivity_default_v2/checkpoints/num_hops__6/recap/trial_2/model.pt
num_hops__6,sensitivity,num_hops,6,2,weibo,0.7593359701967987,0.31127343933408297,/autodl-fs/data/recap/tuning_hyperparams/sensitivity_results/sensitivity_default_v2/checkpoints/num_hops__6/recap/trial_2/model.pt
num_hops__6,sensitivity,num_hops,6,2,Reddit,0.5828427497588897,0.045450635102538745,/autodl-fs/data/recap/tuning_hyperparams/sensitivity_results/sensitivity_default_v2/checkpoints/num_hops__6/recap/trial_2/model.pt
num_hops__6,sensitivity,num_hops,6,2,Amazon,0.7299475259815202,0.1318012967931933,/autodl-fs/data/recap/tuning_hyperparams/sensitivity_results/sensitivity_default_v2/checkpoints/num_hops__6/recap/trial_2/model.pt
num_hops__8,sensitivity,num_hops,8,0,Facebook,0.6074242424242424,0.04695327741866538,/autodl-fs/data/recap/tuning_hyperparams/sensitivity_results/sensitivity_default_v2/checkpoints/num_hops__8/recap/trial_0/model.pt
num_hops__8,sensitivity,num_hops,8,0,cora,0.7972556684910087,0.3885121583321596,/autodl-fs/data/recap/tuning_hyperparams/sensitivity_results/sensitivity_default_v2/checkpoints/num_hops__8/recap/trial_0/model.pt
num_hops__8,sensitivity,num_hops,8,0,citeseer,0.8912789843668031,0.43363580824580844,/autodl-fs/data/recap/tuning_hyperparams/sensitivity_results/sensitivity_default_v2/checkpoints/num_hops__8/recap/trial_0/model.pt
num_hops__8,sensitivity,num_hops,8,0,ACM,0.7730717328485864,0.3651047824673487,/autodl-fs/data/recap/tuning_hyperparams/sensitivity_results/sensitivity_default_v2/checkpoints/num_hops__8/recap/trial_0/model.pt
num_hops__8,sensitivity,num_hops,8,0,BlogCatalog,0.7259180964052289,0.3245847218177542,/autodl-fs/data/recap/tuning_hyperparams/sensitivity_results/sensitivity_default_v2/checkpoints/num_hops__8/recap/trial_0/model.pt
num_hops__8,sensitivity,num_hops,8,0,weibo,0.7719884514429277,0.3197798888926768,/autodl-fs/data/recap/tuning_hyperparams/sensitivity_results/sensitivity_default_v2/checkpoints/num_hops__8/recap/trial_0/model.pt
num_hops__8,sensitivity,num_hops,8,0,Reddit,0.5770261243151387,0.04698398838798035,/autodl-fs/data/recap/tuning_hyperparams/sensitivity_results/sensitivity_default_v2/checkpoints/num_hops__8/recap/trial_0/model.pt
num_hops__8,sensitivity,num_hops,8,0,Amazon,0.6935348660246362,0.11768499475321394,/autodl-fs/data/recap/tuning_hyperparams/sensitivity_results/sensitivity_default_v2/checkpoints/num_hops__8/recap/trial_0/model.pt
num_hops__8,sensitivity,num_hops,8,1,Facebook,0.5977651515151515,0.050260631469891855,/autodl-fs/data/recap/tuning_hyperparams/sensitivity_results/sensitivity_default_v2/checkpoints/num_hops__8/recap/trial_1/model.pt
num_hops__8,sensitivity,num_hops,8,1,cora,0.8017930675006516,0.3616378693608791,/autodl-fs/data/recap/tuning_hyperparams/sensitivity_results/sensitivity_default_v2/checkpoints/num_hops__8/recap/trial_1/model.pt
num_hops__8,sensitivity,num_hops,8,1,citeseer,0.8874409820585458,0.4620163249693065,/autodl-fs/data/recap/tuning_hyperparams/sensitivity_results/sensitivity_default_v2/checkpoints/num_hops__8/recap/trial_1/model.pt
num_hops__8,sensitivity,num_hops,8,1,ACM,0.7669091244181715,0.36381596945198746,/autodl-fs/data/recap/tuning_hyperparams/sensitivity_results/sensitivity_default_v2/checkpoints/num_hops__8/recap/trial_1/model.pt
num_hops__8,sensitivity,num_hops,8,1,BlogCatalog,0.7259756263616557,0.32249077752516203,/autodl-fs/data/recap/tuning_hyperparams/sensitivity_results/sensitivity_default_v2/checkpoints/num_hops__8/recap/trial_1/model.pt
num_hops__8,sensitivity,num_hops,8,1,weibo,0.7702243433164437,0.3112224082571899,/autodl-fs/data/recap/tuning_hyperparams/sensitivity_results/sensitivity_default_v2/checkpoints/num_hops__8/recap/trial_1/model.pt
num_hops__8,sensitivity,num_hops,8,1,Reddit,0.5780914356176284,0.04409045750325029,/autodl-fs/data/recap/tuning_hyperparams/sensitivity_results/sensitivity_default_v2/checkpoints/num_hops__8/recap/trial_1/model.pt
num_hops__8,sensitivity,num_hops,8,1,Amazon,0.7566888514323201,0.14470500768941968,/autodl-fs/data/recap/tuning_hyperparams/sensitivity_results/sensitivity_default_v2/checkpoints/num_hops__8/recap/trial_1/model.pt
num_hops__8,sensitivity,num_hops,8,2,Facebook,0.6195833333333334,0.039163631800924206,/autodl-fs/data/recap/tuning_hyperparams/sensitivity_results/sensitivity_default_v2/checkpoints/num_hops__8/recap/trial_2/model.pt
num_hops__8,sensitivity,num_hops,8,2,cora,0.7808913213448005,0.3237970440897421,/autodl-fs/data/recap/tuning_hyperparams/sensitivity_results/sensitivity_default_v2/checkpoints/num_hops__8/recap/trial_2/model.pt
num_hops__8,sensitivity,num_hops,8,2,citeseer,0.8846060224530479,0.4134292924873152,/autodl-fs/data/recap/tuning_hyperparams/sensitivity_results/sensitivity_default_v2/checkpoints/num_hops__8/recap/trial_2/model.pt
num_hops__8,sensitivity,num_hops,8,2,ACM,0.7710981524774161,0.36187702215756484,/autodl-fs/data/recap/tuning_hyperparams/sensitivity_results/sensitivity_default_v2/checkpoints/num_hops__8/recap/trial_2/model.pt
num_hops__8,sensitivity,num_hops,8,2,BlogCatalog,0.7172385620915033,0.31931556290514856,/autodl-fs/data/recap/tuning_hyperparams/sensitivity_results/sensitivity_default_v2/checkpoints/num_hops__8/recap/trial_2/model.pt
num_hops__8,sensitivity,num_hops,8,2,weibo,0.752202651252286,0.3035657019740171,/autodl-fs/data/recap/tuning_hyperparams/sensitivity_results/sensitivity_default_v2/checkpoints/num_hops__8/recap/trial_2/model.pt
num_hops__8,sensitivity,num_hops,8,2,Reddit,0.5765009309894426,0.04488479676114282,/autodl-fs/data/recap/tuning_hyperparams/sensitivity_results/sensitivity_default_v2/checkpoints/num_hops__8/recap/trial_2/model.pt
num_hops__8,sensitivity,num_hops,8,2,Amazon,0.7593363979892152,0.14300985781561437,/autodl-fs/data/recap/tuning_hyperparams/sensitivity_results/sensitivity_default_v2/checkpoints/num_hops__8/recap/trial_2/model.pt
num_hops__10,sensitivity,num_hops,10,0,Facebook,0.6145454545454546,0.05738452510212843,/autodl-fs/data/recap/tuning_hyperparams/sensitivity_results/sensitivity_default_v2/checkpoints/num_hops__10/recap/trial_0/model.pt
num_hops__10,sensitivity,num_hops,10,0,cora,0.7884753713838938,0.3720556870345558,/autodl-fs/data/recap/tuning_hyperparams/sensitivity_results/sensitivity_default_v2/checkpoints/num_hops__10/recap/trial_0/model.pt
num_hops__10,sensitivity,num_hops,10,0,citeseer,0.877920470045116,0.3836467020112354,/autodl-fs/data/recap/tuning_hyperparams/sensitivity_results/sensitivity_default_v2/checkpoints/num_hops__10/recap/trial_0/model.pt
num_hops__10,sensitivity,num_hops,10,0,ACM,0.7661436681318934,0.3552748388886139,/autodl-fs/data/recap/tuning_hyperparams/sensitivity_results/sensitivity_default_v2/checkpoints/num_hops__10/recap/trial_0/model.pt
num_hops__10,sensitivity,num_hops,10,0,BlogCatalog,0.7432128267973857,0.326686593636528,/autodl-fs/data/recap/tuning_hyperparams/sensitivity_results/sensitivity_default_v2/checkpoints/num_hops__10/recap/trial_0/model.pt
num_hops__10,sensitivity,num_hops,10,0,weibo,0.7126432029025471,0.3086091243504455,/autodl-fs/data/recap/tuning_hyperparams/sensitivity_results/sensitivity_default_v2/checkpoints/num_hops__10/recap/trial_0/model.pt
num_hops__10,sensitivity,num_hops,10,0,Reddit,0.5750742115409754,0.04647042021804777,/autodl-fs/data/recap/tuning_hyperparams/sensitivity_results/sensitivity_default_v2/checkpoints/num_hops__10/recap/trial_0/model.pt
num_hops__10,sensitivity,num_hops,10,0,Amazon,0.7361418644075238,0.13240314185320642,/autodl-fs/data/recap/tuning_hyperparams/sensitivity_results/sensitivity_default_v2/checkpoints/num_hops__10/recap/trial_0/model.pt
num_hops__10,sensitivity,num_hops,10,1,Facebook,0.5993181818181817,0.06087517511480913,/autodl-fs/data/recap/tuning_hyperparams/sensitivity_results/sensitivity_default_v2/checkpoints/num_hops__10/recap/trial_1/model.pt
num_hops__10,sensitivity,num_hops,10,1,cora,0.786419077404222,0.3350480173528737,/autodl-fs/data/recap/tuning_hyperparams/sensitivity_results/sensitivity_default_v2/checkpoints/num_hops__10/recap/trial_1/model.pt
num_hops__10,sensitivity,num_hops,10,1,citeseer,0.8749260308467107,0.4246624930470587,/autodl-fs/data/recap/tuning_hyperparams/sensitivity_results/sensitivity_default_v2/checkpoints/num_hops__10/recap/trial_1/model.pt
num_hops__10,sensitivity,num_hops,10,1,ACM,0.7743467552824654,0.35977318799867886,/autodl-fs/data/recap/tuning_hyperparams/sensitivity_results/sensitivity_default_v2/checkpoints/num_hops__10/recap/trial_1/model.pt
num_hops__10,sensitivity,num_hops,10,1,BlogCatalog,0.7331842320261438,0.3264898070142172,/autodl-fs/data/recap/tuning_hyperparams/sensitivity_results/sensitivity_default_v2/checkpoints/num_hops__10/recap/trial_1/model.pt
num_hops__10,sensitivity,num_hops,10,1,weibo,0.7418458339778751,0.3032472602037015,/autodl-fs/data/recap/tuning_hyperparams/sensitivity_results/sensitivity_default_v2/checkpoints/num_hops__10/recap/trial_1/model.pt
num_hops__10,sensitivity,num_hops,10,1,Reddit,0.5688740482961709,0.042514764218717783,/autodl-fs/data/recap/tuning_hyperparams/sensitivity_results/sensitivity_default_v2/checkpoints/num_hops__10/recap/trial_1/model.pt
num_hops__10,sensitivity,num_hops,10,1,Amazon,0.7550473634829944,0.1425536019532817,/autodl-fs/data/recap/tuning_hyperparams/sensitivity_results/sensitivity_default_v2/checkpoints/num_hops__10/recap/trial_1/model.pt
num_hops__10,sensitivity,num_hops,10,2,Facebook,0.6065151515151516,0.04592909017464576,/autodl-fs/data/recap/tuning_hyperparams/sensitivity_results/sensitivity_default_v2/checkpoints/num_hops__10/recap/trial_2/model.pt
num_hops__10,sensitivity,num_hops,10,2,cora,0.7837816002084963,0.3505489751320726,/autodl-fs/data/recap/tuning_hyperparams/sensitivity_results/sensitivity_default_v2/checkpoints/num_hops__10/recap/trial_2/model.pt
num_hops__10,sensitivity,num_hops,10,2,citeseer,0.8756919525758051,0.36969901450563686,/autodl-fs/data/recap/tuning_hyperparams/sensitivity_results/sensitivity_default_v2/checkpoints/num_hops__10/recap/trial_2/model.pt
num_hops__10,sensitivity,num_hops,10,2,ACM,0.7642583893639955,0.36135238193471053,/autodl-fs/data/recap/tuning_hyperparams/sensitivity_results/sensitivity_default_v2/checkpoints/num_hops__10/recap/trial_2/model.pt
num_hops__10,sensitivity,num_hops,10,2,BlogCatalog,0.726999591503268,0.322294158925554,/autodl-fs/data/recap/tuning_hyperparams/sensitivity_results/sensitivity_default_v2/checkpoints/num_hops__10/recap/trial_2/model.pt
num_hops__10,sensitivity,num_hops,10,2,weibo,0.7163630238289874,0.2934950840195285,/autodl-fs/data/recap/tuning_hyperparams/sensitivity_results/sensitivity_default_v2/checkpoints/num_hops__10/recap/trial_2/model.pt
num_hops__10,sensitivity,num_hops,10,2,Reddit,0.5734494831438932,0.044407518039926985,/autodl-fs/data/recap/tuning_hyperparams/sensitivity_results/sensitivity_default_v2/checkpoints/num_hops__10/recap/trial_2/model.pt
num_hops__10,sensitivity,num_hops,10,2,Amazon,0.7481227430865454,0.13935719407529068,/autodl-fs/data/recap/tuning_hyperparams/sensitivity_results/sensitivity_default_v2/checkpoints/num_hops__10/recap/trial_2/model.pt
num_hops__12,sensitivity,num_hops,12,0,Facebook,0.595,0.04434453539119437,/autodl-fs/data/recap/tuning_hyperparams/sensitivity_results/sensitivity_default_v2/checkpoints/num_hops__12/recap/trial_0/model.pt
num_hops__12,sensitivity,num_hops,12,0,cora,0.7907167057597081,0.3744067884835202,/autodl-fs/data/recap/tuning_hyperparams/sensitivity_results/sensitivity_default_v2/checkpoints/num_hops__12/recap/trial_0/model.pt
num_hops__12,sensitivity,num_hops,12,0,citeseer,0.881630468995908,0.4071316782499258,/autodl-fs/data/recap/tuning_hyperparams/sensitivity_results/sensitivity_default_v2/checkpoints/num_hops__12/recap/trial_0/model.pt
num_hops__12,sensitivity,num_hops,12,0,ACM,0.7676212834382357,0.3598747577540835,/autodl-fs/data/recap/tuning_hyperparams/sensitivity_results/sensitivity_default_v2/checkpoints/num_hops__12/recap/trial_0/model.pt
num_hops__12,sensitivity,num_hops,12,0,BlogCatalog,0.739675925925926,0.3275789673734632,/autodl-fs/data/recap/tuning_hyperparams/sensitivity_results/sensitivity_default_v2/checkpoints/num_hops__12/recap/trial_0/model.pt
num_hops__12,sensitivity,num_hops,12,0,weibo,0.6948640929020518,0.28716235532278445,/autodl-fs/data/recap/tuning_hyperparams/sensitivity_results/sensitivity_default_v2/checkpoints/num_hops__12/recap/trial_0/model.pt
num_hops__12,sensitivity,num_hops,12,0,Reddit,0.5764795732990788,0.04576885665878988,/autodl-fs/data/recap/tuning_hyperparams/sensitivity_results/sensitivity_default_v2/checkpoints/num_hops__12/recap/trial_0/model.pt
num_hops__12,sensitivity,num_hops,12,0,Amazon,0.715420539311002,0.12612473930155932,/autodl-fs/data/recap/tuning_hyperparams/sensitivity_results/sensitivity_default_v2/checkpoints/num_hops__12/recap/trial_0/model.pt
num_hops__12,sensitivity,num_hops,12,1,Facebook,0.6121590909090908,0.058509342733352954,/autodl-fs/data/recap/tuning_hyperparams/sensitivity_results/sensitivity_default_v2/checkpoints/num_hops__12/recap/trial_1/model.pt
num_hops__12,sensitivity,num_hops,12,1,cora,0.7778186082877249,0.3550883763936086,/autodl-fs/data/recap/tuning_hyperparams/sensitivity_results/sensitivity_default_v2/checkpoints/num_hops__12/recap/trial_1/model.pt
num_hops__12,sensitivity,num_hops,12,1,citeseer,0.8725044591333543,0.44322776043233325,/autodl-fs/data/recap/tuning_hyperparams/sensitivity_results/sensitivity_default_v2/checkpoints/num_hops__12/recap/trial_1/model.pt
num_hops__12,sensitivity,num_hops,12,1,ACM,0.7701826625416375,0.35913399367567017,/autodl-fs/data/recap/tuning_hyperparams/sensitivity_results/sensitivity_default_v2/checkpoints/num_hops__12/recap/trial_1/model.pt
num_hops__12,sensitivity,num_hops,12,1,BlogCatalog,0.7339859068627452,0.32623324054729896,/autodl-fs/data/recap/tuning_hyperparams/sensitivity_results/sensitivity_default_v2/checkpoints/num_hops__12/recap/trial_1/model.pt
num_hops__12,sensitivity,num_hops,12,1,weibo,0.7451298631818818,0.3076161506763851,/autodl-fs/data/recap/tuning_hyperparams/sensitivity_results/sensitivity_default_v2/checkpoints/num_hops__12/recap/trial_1/model.pt
num_hops__12,sensitivity,num_hops,12,1,Reddit,0.576236919057956,0.044881078573606084,/autodl-fs/data/recap/tuning_hyperparams/sensitivity_results/sensitivity_default_v2/checkpoints/num_hops__12/recap/trial_1/model.pt
num_hops__12,sensitivity,num_hops,12,1,Amazon,0.7547431991876438,0.14290436480793606,/autodl-fs/data/recap/tuning_hyperparams/sensitivity_results/sensitivity_default_v2/checkpoints/num_hops__12/recap/trial_1/model.pt
num_hops__12,sensitivity,num_hops,12,2,Facebook,0.5818939393939394,0.03941515277775798,/autodl-fs/data/recap/tuning_hyperparams/sensitivity_results/sensitivity_default_v2/checkpoints/num_hops__12/recap/trial_2/model.pt
num_hops__12,sensitivity,num_hops,12,2,cora,0.7749126922074538,0.3606322008095997,/autodl-fs/data/recap/tuning_hyperparams/sensitivity_results/sensitivity_default_v2/checkpoints/num_hops__12/recap/trial_2/model.pt
num_hops__12,sensitivity,num_hops,12,2,citeseer,0.8783065785332075,0.42810023938321284,/autodl-fs/data/recap/tuning_hyperparams/sensitivity_results/sensitivity_default_v2/checkpoints/num_hops__12/recap/trial_2/model.pt
num_hops__12,sensitivity,num_hops,12,2,ACM,0.7726731894929211,0.3626387631604807,/autodl-fs/data/recap/tuning_hyperparams/sensitivity_results/sensitivity_default_v2/checkpoints/num_hops__12/recap/trial_2/model.pt
num_hops__12,sensitivity,num_hops,12,2,BlogCatalog,0.7345816312636164,0.32984480172366853,/autodl-fs/data/recap/tuning_hyperparams/sensitivity_results/sensitivity_default_v2/checkpoints/num_hops__12/recap/trial_2/model.pt
num_hops__12,sensitivity,num_hops,12,2,weibo,0.7663801742433182,0.30508051566986005,/autodl-fs/data/recap/tuning_hyperparams/sensitivity_results/sensitivity_default_v2/checkpoints/num_hops__12/recap/trial_2/model.pt
num_hops__12,sensitivity,num_hops,12,2,Reddit,0.5733896558787172,0.043454007283297305,/autodl-fs/data/recap/tuning_hyperparams/sensitivity_results/sensitivity_default_v2/checkpoints/num_hops__12/recap/trial_2/model.pt
num_hops__12,sensitivity,num_hops,12,2,Amazon,0.7275799195849557,0.1290000084999788,/autodl-fs/data/recap/tuning_hyperparams/sensitivity_results/sensitivity_default_v2/checkpoints/num_hops__12/recap/trial_2/model.pt
num_hops__14,sensitivity,num_hops,14,0,Facebook,0.5949621212121212,0.046277894972922784,/autodl-fs/data/recap/tuning_hyperparams/sensitivity_results/sensitivity_default_v2/checkpoints/num_hops__14/recap/trial_0/model.pt
num_hops__14,sensitivity,num_hops,14,0,cora,0.7785170706280948,0.3594118051433043,/autodl-fs/data/recap/tuning_hyperparams/sensitivity_results/sensitivity_default_v2/checkpoints/num_hops__14/recap/trial_0/model.pt
num_hops__14,sensitivity,num_hops,14,0,citeseer,0.868974923932431,0.39984912590325083,/autodl-fs/data/recap/tuning_hyperparams/sensitivity_results/sensitivity_default_v2/checkpoints/num_hops__14/recap/trial_0/model.pt
num_hops__14,sensitivity,num_hops,14,0,ACM,0.7622060492344436,0.35747965734227855,/autodl-fs/data/recap/tuning_hyperparams/sensitivity_results/sensitivity_default_v2/checkpoints/num_hops__14/recap/trial_0/model.pt
num_hops__14,sensitivity,num_hops,14,0,BlogCatalog,0.7297365196078431,0.32151651931083647,/autodl-fs/data/recap/tuning_hyperparams/sensitivity_results/sensitivity_default_v2/checkpoints/num_hops__14/recap/trial_0/model.pt
num_hops__14,sensitivity,num_hops,14,0,weibo,0.7860238185932503,0.31772232771985076,/autodl-fs/data/recap/tuning_hyperparams/sensitivity_results/sensitivity_default_v2/checkpoints/num_hops__14/recap/trial_0/model.pt
num_hops__14,sensitivity,num_hops,14,0,Reddit,0.5784338019673777,0.0456968080178851,/autodl-fs/data/recap/tuning_hyperparams/sensitivity_results/sensitivity_default_v2/checkpoints/num_hops__14/recap/trial_0/model.pt
num_hops__14,sensitivity,num_hops,14,0,Amazon,0.728023751158784,0.13027364274039288,/autodl-fs/data/recap/tuning_hyperparams/sensitivity_results/sensitivity_default_v2/checkpoints/num_hops__14/recap/trial_0/model.pt
num_hops__14,sensitivity,num_hops,14,1,Facebook,0.5924621212121213,0.06808976224963782,/autodl-fs/data/recap/tuning_hyperparams/sensitivity_results/sensitivity_default_v2/checkpoints/num_hops__14/recap/trial_1/model.pt
num_hops__14,sensitivity,num_hops,14,1,cora,0.7811336982017201,0.34733496216652765,/autodl-fs/data/recap/tuning_hyperparams/sensitivity_results/sensitivity_default_v2/checkpoints/num_hops__14/recap/trial_1/model.pt
num_hops__14,sensitivity,num_hops,14,1,citeseer,0.8617773580946386,0.3948894687413782,/autodl-fs/data/recap/tuning_hyperparams/sensitivity_results/sensitivity_default_v2/checkpoints/num_hops__14/recap/trial_1/model.pt
num_hops__14,sensitivity,num_hops,14,1,ACM,0.7575601724026861,0.34890341325221563,/autodl-fs/data/recap/tuning_hyperparams/sensitivity_results/sensitivity_default_v2/checkpoints/num_hops__14/recap/trial_1/model.pt
num_hops__14,sensitivity,num_hops,14,1,BlogCatalog,0.7311002178649237,0.32415165895858894,/autodl-fs/data/recap/tuning_hyperparams/sensitivity_results/sensitivity_default_v2/checkpoints/num_hops__14/recap/trial_1/model.pt
num_hops__14,sensitivity,num_hops,14,1,weibo,0.7452156152535357,0.3145222351022978,/autodl-fs/data/recap/tuning_hyperparams/sensitivity_results/sensitivity_default_v2/checkpoints/num_hops__14/recap/trial_1/model.pt
num_hops__14,sensitivity,num_hops,14,1,Reddit,0.579597538770641,0.04481664583718354,/autodl-fs/data/recap/tuning_hyperparams/sensitivity_results/sensitivity_default_v2/checkpoints/num_hops__14/recap/trial_1/model.pt
num_hops__14,sensitivity,num_hops,14,1,Amazon,0.7447622499558287,0.13492235833359129,/autodl-fs/data/recap/tuning_hyperparams/sensitivity_results/sensitivity_default_v2/checkpoints/num_hops__14/recap/trial_1/model.pt
num_hops__14,sensitivity,num_hops,14,2,Facebook,0.5952651515151515,0.03250051348578223,/autodl-fs/data/recap/tuning_hyperparams/sensitivity_results/sensitivity_default_v2/checkpoints/num_hops__14/recap/trial_2/model.pt
num_hops__14,sensitivity,num_hops,14,2,cora,0.767964555642429,0.30092176904044154,/autodl-fs/data/recap/tuning_hyperparams/sensitivity_results/sensitivity_default_v2/checkpoints/num_hops__14/recap/trial_2/model.pt
num_hops__14,sensitivity,num_hops,14,2,citeseer,0.8678858461861295,0.38044647054542424,/autodl-fs/data/recap/tuning_hyperparams/sensitivity_results/sensitivity_default_v2/checkpoints/num_hops__14/recap/trial_2/model.pt
num_hops__14,sensitivity,num_hops,14,2,ACM,0.7672628052876371,0.3546528108138538,/autodl-fs/data/recap/tuning_hyperparams/sensitivity_results/sensitivity_default_v2/checkpoints/num_hops__14/recap/trial_2/model.pt
num_hops__14,sensitivity,num_hops,14,2,BlogCatalog,0.7464593545751634,0.32481362688558657,/autodl-fs/data/recap/tuning_hyperparams/sensitivity_results/sensitivity_default_v2/checkpoints/num_hops__14/recap/trial_2/model.pt
num_hops__14,sensitivity,num_hops,14,2,weibo,0.7640696832645584,0.3078707862894239,/autodl-fs/data/recap/tuning_hyperparams/sensitivity_results/sensitivity_default_v2/checkpoints/num_hops__14/recap/trial_2/model.pt
num_hops__14,sensitivity,num_hops,14,2,Reddit,0.564021864099215,0.04220070770181453,/autodl-fs/data/recap/tuning_hyperparams/sensitivity_results/sensitivity_default_v2/checkpoints/num_hops__14/recap/trial_2/model.pt
num_hops__14,sensitivity,num_hops,14,2,Amazon,0.737904170230264,0.1291711443608104,/autodl-fs/data/recap/tuning_hyperparams/sensitivity_results/sensitivity_default_v2/checkpoints/num_hops__14/recap/trial_2/model.pt
