run_id,stage,trial,dataset,AUROC,AUPRC,overrides,checkpoint
baseline_perf_v2,baseline,0,Facebook,0.5956439393939394,0.05287071984804308,"{""assignment_entropy_lower"": 0.45, ""assignment_entropy_upper"": 0.85, ""beta"": 0.02, ""cluster_init_gain"": 2.0, ""epochs"": 100, ""knn_k"": 20, ""lambda_E"": 0.1, ""lambda_H"": 0.2, ""lambda_bal"": 0.0, ""lambda_usage_entropy"": 0.25, ""num_clusters"": 28, ""num_hops"": 4, ""tau_c"": 0.3, ""tau_s"": 0.08, ""usage_entropy_lower"": 0.65, ""usage_entropy_upper"": 0.9}",/autodl-fs/data/recap/tuning_hyperparams/interaction_tuning/results/interaction_perf_v2_beta_nontrivial/checkpoints/baseline_perf_v2/recap/trial_0/model.pt
baseline_perf_v2,baseline,0,cora,0.8173208235600731,0.39862771662540386,"{""assignment_entropy_lower"": 0.45, ""assignment_entropy_upper"": 0.85, ""beta"": 0.02, ""cluster_init_gain"": 2.0, ""epochs"": 100, ""knn_k"": 20, ""lambda_E"": 0.1, ""lambda_H"": 0.2, ""lambda_bal"": 0.0, ""lambda_usage_entropy"": 0.25, ""num_clusters"": 28, ""num_hops"": 4, ""tau_c"": 0.3, ""tau_s"": 0.08, ""usage_entropy_lower"": 0.65, ""usage_entropy_upper"": 0.9}",/autodl-fs/data/recap/tuning_hyperparams/interaction_tuning/results/interaction_perf_v2_beta_nontrivial/checkpoints/baseline_perf_v2/recap/trial_0/model.pt
baseline_perf_v2,baseline,0,citeseer,0.8972468786066521,0.4165907788454803,"{""assignment_entropy_lower"": 0.45, ""assignment_entropy_upper"": 0.85, ""beta"": 0.02, ""cluster_init_gain"": 2.0, ""epochs"": 100, ""knn_k"": 20, ""lambda_E"": 0.1, ""lambda_H"": 0.2, ""lambda_bal"": 0.0, ""lambda_usage_entropy"": 0.25, ""num_clusters"": 28, ""num_hops"": 4, ""tau_c"": 0.3, ""tau_s"": 0.08, ""usage_entropy_lower"": 0.65, ""usage_entropy_upper"": 0.9}",/autodl-fs/data/recap/tuning_hyperparams/interaction_tuning/results/interaction_perf_v2_beta_nontrivial/checkpoints/baseline_perf_v2/recap/trial_0/model.pt
baseline_perf_v2,baseline,0,ACM,0.7829726884986186,0.3688802389301899,"{""assignment_entropy_lower"": 0.45, ""assignment_entropy_upper"": 0.85, ""beta"": 0.02, ""cluster_init_gain"": 2.0, ""epochs"": 100, ""knn_k"": 20, ""lambda_E"": 0.1, ""lambda_H"": 0.2, ""lambda_bal"": 0.0, ""lambda_usage_entropy"": 0.25, ""num_clusters"": 28, ""num_hops"": 4, ""tau_c"": 0.3, ""tau_s"": 0.08, ""usage_entropy_lower"": 0.65, ""usage_entropy_upper"": 0.9}",/autodl-fs/data/recap/tuning_hyperparams/interaction_tuning/results/interaction_perf_v2_beta_nontrivial/checkpoints/baseline_perf_v2/recap/trial_0/model.pt
baseline_perf_v2,baseline,0,BlogCatalog,0.7144607843137256,0.3131169941353614,"{""assignment_entropy_lower"": 0.45, ""assignment_entropy_upper"": 0.85, ""beta"": 0.02, ""cluster_init_gain"": 2.0, ""epochs"": 100, ""knn_k"": 20, ""lambda_E"": 0.1, ""lambda_H"": 0.2, ""lambda_bal"": 0.0, ""lambda_usage_entropy"": 0.25, ""num_clusters"": 28, ""num_hops"": 4, ""tau_c"": 0.3, ""tau_s"": 0.08, ""usage_entropy_lower"": 0.65, ""usage_entropy_upper"": 0.9}",/autodl-fs/data/recap/tuning_hyperparams/interaction_tuning/results/interaction_perf_v2_beta_nontrivial/checkpoints/baseline_perf_v2/recap/trial_0/model.pt
baseline_perf_v2,baseline,0,weibo,0.7599349354245628,0.31945411384144207,"{""assignment_entropy_lower"": 0.45, ""assignment_entropy_upper"": 0.85, ""beta"": 0.02, ""cluster_init_gain"": 2.0, ""epochs"": 100, ""knn_k"": 20, ""lambda_E"": 0.1, ""lambda_H"": 0.2, ""lambda_bal"": 0.0, ""lambda_usage_entropy"": 0.25, ""num_clusters"": 28, ""num_hops"": 4, ""tau_c"": 0.3, ""tau_s"": 0.08, ""usage_entropy_lower"": 0.65, ""usage_entropy_upper"": 0.9}",/autodl-fs/data/recap/tuning_hyperparams/interaction_tuning/results/interaction_perf_v2_beta_nontrivial/checkpoints/baseline_perf_v2/recap/trial_0/model.pt
baseline_perf_v2,baseline,0,Reddit,0.5851096241355281,0.04575039295014349,"{""assignment_entropy_lower"": 0.45, ""assignment_entropy_upper"": 0.85, ""beta"": 0.02, ""cluster_init_gain"": 2.0, ""epochs"": 100, ""knn_k"": 20, ""lambda_E"": 0.1, ""lambda_H"": 0.2, ""lambda_bal"": 0.0, ""lambda_usage_entropy"": 0.25, ""num_clusters"": 28, ""num_hops"": 4, ""tau_c"": 0.3, ""tau_s"": 0.08, ""usage_entropy_lower"": 0.65, ""usage_entropy_upper"": 0.9}",/autodl-fs/data/recap/tuning_hyperparams/interaction_tuning/results/interaction_perf_v2_beta_nontrivial/checkpoints/baseline_perf_v2/recap/trial_0/model.pt
baseline_perf_v2,baseline,0,Amazon,0.7270270037031132,0.1334435881499347,"{""assignment_entropy_lower"": 0.45, ""assignment_entropy_upper"": 0.85, ""beta"": 0.02, ""cluster_init_gain"": 2.0, ""epochs"": 100, ""knn_k"": 20, ""lambda_E"": 0.1, ""lambda_H"": 0.2, ""lambda_bal"": 0.0, ""lambda_usage_entropy"": 0.25, ""num_clusters"": 28, ""num_hops"": 4, ""tau_c"": 0.3, ""tau_s"": 0.08, ""usage_entropy_lower"": 0.65, ""usage_entropy_upper"": 0.9}",/autodl-fs/data/recap/tuning_hyperparams/interaction_tuning/results/interaction_perf_v2_beta_nontrivial/checkpoints/baseline_perf_v2/recap/trial_0/model.pt
baseline_perf_v2,baseline,1,Facebook,0.5807954545454546,0.04704970551634338,"{""assignment_entropy_lower"": 0.45, ""assignment_entropy_upper"": 0.85, ""beta"": 0.02, ""cluster_init_gain"": 2.0, ""epochs"": 100, ""knn_k"": 20, ""lambda_E"": 0.1, ""lambda_H"": 0.2, ""lambda_bal"": 0.0, ""lambda_usage_entropy"": 0.25, ""num_clusters"": 28, ""num_hops"": 4, ""tau_c"": 0.3, ""tau_s"": 0.08, ""usage_entropy_lower"": 0.65, ""usage_entropy_upper"": 0.9}",/autodl-fs/data/recap/tuning_hyperparams/interaction_tuning/results/interaction_perf_v2_beta_nontrivial/checkpoints/baseline_perf_v2/recap/trial_1/model.pt
baseline_perf_v2,baseline,1,cora,0.8222778212144904,0.4141940058602335,"{""assignment_entropy_lower"": 0.45, ""assignment_entropy_upper"": 0.85, ""beta"": 0.02, ""cluster_init_gain"": 2.0, ""epochs"": 100, ""knn_k"": 20, ""lambda_E"": 0.1, ""lambda_H"": 0.2, ""lambda_bal"": 0.0, ""lambda_usage_entropy"": 0.25, ""num_clusters"": 28, ""num_hops"": 4, ""tau_c"": 0.3, ""tau_s"": 0.08, ""usage_entropy_lower"": 0.65, ""usage_entropy_upper"": 0.9}",/autodl-fs/data/recap/tuning_hyperparams/interaction_tuning/results/interaction_perf_v2_beta_nontrivial/checkpoints/baseline_perf_v2/recap/trial_1/model.pt
baseline_perf_v2,baseline,1,citeseer,0.8980967369635925,0.4634010442803971,"{""assignment_entropy_lower"": 0.45, ""assignment_entropy_upper"": 0.85, ""beta"": 0.02, ""cluster_init_gain"": 2.0, ""epochs"": 100, ""knn_k"": 20, ""lambda_E"": 0.1, ""lambda_H"": 0.2, ""lambda_bal"": 0.0, ""lambda_usage_entropy"": 0.25, ""num_clusters"": 28, ""num_hops"": 4, ""tau_c"": 0.3, ""tau_s"": 0.08, ""usage_entropy_lower"": 0.65, ""usage_entropy_upper"": 0.9}",/autodl-fs/data/recap/tuning_hyperparams/interaction_tuning/results/interaction_perf_v2_beta_nontrivial/checkpoints/baseline_perf_v2/recap/trial_1/model.pt
baseline_perf_v2,baseline,1,ACM,0.7708602389636439,0.370462217991559,"{""assignment_entropy_lower"": 0.45, ""assignment_entropy_upper"": 0.85, ""beta"": 0.02, ""cluster_init_gain"": 2.0, ""epochs"": 100, ""knn_k"": 20, ""lambda_E"": 0.1, ""lambda_H"": 0.2, ""lambda_bal"": 0.0, ""lambda_usage_entropy"": 0.25, ""num_clusters"": 28, ""num_hops"": 4, ""tau_c"": 0.3, ""tau_s"": 0.08, ""usage_entropy_lower"": 0.65, ""usage_entropy_upper"": 0.9}",/autodl-fs/data/recap/tuning_hyperparams/interaction_tuning/results/interaction_perf_v2_beta_nontrivial/checkpoints/baseline_perf_v2/recap/trial_1/model.pt
baseline_perf_v2,baseline,1,BlogCatalog,0.7240325435729847,0.32461617795808295,"{""assignment_entropy_lower"": 0.45, ""assignment_entropy_upper"": 0.85, ""beta"": 0.02, ""cluster_init_gain"": 2.0, ""epochs"": 100, ""knn_k"": 20, ""lambda_E"": 0.1, ""lambda_H"": 0.2, ""lambda_bal"": 0.0, ""lambda_usage_entropy"": 0.25, ""num_clusters"": 28, ""num_hops"": 4, ""tau_c"": 0.3, ""tau_s"": 0.08, ""usage_entropy_lower"": 0.65, ""usage_entropy_upper"": 0.9}",/autodl-fs/data/recap/tuning_hyperparams/interaction_tuning/results/interaction_perf_v2_beta_nontrivial/checkpoints/baseline_perf_v2/recap/trial_1/model.pt
baseline_perf_v2,baseline,1,weibo,0.7240241536530383,0.3049792760729554,"{""assignment_entropy_lower"": 0.45, ""assignment_entropy_upper"": 0.85, ""beta"": 0.02, ""cluster_init_gain"": 2.0, ""epochs"": 100, ""knn_k"": 20, ""lambda_E"": 0.1, ""lambda_H"": 0.2, ""lambda_bal"": 0.0, ""lambda_usage_entropy"": 0.25, ""num_clusters"": 28, ""num_hops"": 4, ""tau_c"": 0.3, ""tau_s"": 0.08, ""usage_entropy_lower"": 0.65, ""usage_entropy_upper"": 0.9}",/autodl-fs/data/recap/tuning_hyperparams/interaction_tuning/results/interaction_perf_v2_beta_nontrivial/checkpoints/baseline_perf_v2/recap/trial_1/model.pt
baseline_perf_v2,baseline,1,Reddit,0.588275708740802,0.046248827722282095,"{""assignment_entropy_lower"": 0.45, ""assignment_entropy_upper"": 0.85, ""beta"": 0.02, ""cluster_init_gain"": 2.0, ""epochs"": 100, ""knn_k"": 20, ""lambda_E"": 0.1, ""lambda_H"": 0.2, ""lambda_bal"": 0.0, ""lambda_usage_entropy"": 0.25, ""num_clusters"": 28, ""num_hops"": 4, ""tau_c"": 0.3, ""tau_s"": 0.08, ""usage_entropy_lower"": 0.65, ""usage_entropy_upper"": 0.9}",/autodl-fs/data/recap/tuning_hyperparams/interaction_tuning/results/interaction_perf_v2_beta_nontrivial/checkpoints/baseline_perf_v2/recap/trial_1/model.pt
baseline_perf_v2,baseline,1,Amazon,0.7059713855433087,0.12372452864408542,"{""assignment_entropy_lower"": 0.45, ""assignment_entropy_upper"": 0.85, ""beta"": 0.02, ""cluster_init_gain"": 2.0, ""epochs"": 100, ""knn_k"": 20, ""lambda_E"": 0.1, ""lambda_H"": 0.2, ""lambda_bal"": 0.0, ""lambda_usage_entropy"": 0.25, ""num_clusters"": 28, ""num_hops"": 4, ""tau_c"": 0.3, ""tau_s"": 0.08, ""usage_entropy_lower"": 0.65, ""usage_entropy_upper"": 0.9}",/autodl-fs/data/recap/tuning_hyperparams/interaction_tuning/results/interaction_perf_v2_beta_nontrivial/checkpoints/baseline_perf_v2/recap/trial_1/model.pt
baseline_perf_v2,baseline,2,Facebook,0.5787878787878789,0.03306313960443209,"{""assignment_entropy_lower"": 0.45, ""assignment_entropy_upper"": 0.85, ""beta"": 0.02, ""cluster_init_gain"": 2.0, ""epochs"": 100, ""knn_k"": 20, ""lambda_E"": 0.1, ""lambda_H"": 0.2, ""lambda_bal"": 0.0, ""lambda_usage_entropy"": 0.25, ""num_clusters"": 28, ""num_hops"": 4, ""tau_c"": 0.3, ""tau_s"": 0.08, ""usage_entropy_lower"": 0.65, ""usage_entropy_upper"": 0.9}",/autodl-fs/data/recap/tuning_hyperparams/interaction_tuning/results/interaction_perf_v2_beta_nontrivial/checkpoints/baseline_perf_v2/recap/trial_2/model.pt
baseline_perf_v2,baseline,2,cora,0.8202032838154809,0.40392660800710795,"{""assignment_entropy_lower"": 0.45, ""assignment_entropy_upper"": 0.85, ""beta"": 0.02, ""cluster_init_gain"": 2.0, ""epochs"": 100, ""knn_k"": 20, ""lambda_E"": 0.1, ""lambda_H"": 0.2, ""lambda_bal"": 0.0, ""lambda_usage_entropy"": 0.25, ""num_clusters"": 28, ""num_hops"": 4, ""tau_c"": 0.3, ""tau_s"": 0.08, ""usage_entropy_lower"": 0.65, ""usage_entropy_upper"": 0.9}",/autodl-fs/data/recap/tuning_hyperparams/interaction_tuning/results/interaction_perf_v2_beta_nontrivial/checkpoints/baseline_perf_v2/recap/trial_2/model.pt
baseline_perf_v2,baseline,2,citeseer,0.9032483474976393,0.44518287285644736,"{""assignment_entropy_lower"": 0.45, ""assignment_entropy_upper"": 0.85, ""beta"": 0.02, ""cluster_init_gain"": 2.0, ""epochs"": 100, ""knn_k"": 20, ""lambda_E"": 0.1, ""lambda_H"": 0.2, ""lambda_bal"": 0.0, ""lambda_usage_entropy"": 0.25, ""num_clusters"": 28, ""num_hops"": 4, ""tau_c"": 0.3, ""tau_s"": 0.08, ""usage_entropy_lower"": 0.65, ""usage_entropy_upper"": 0.9}",/autodl-fs/data/recap/tuning_hyperparams/interaction_tuning/results/interaction_perf_v2_beta_nontrivial/checkpoints/baseline_perf_v2/recap/trial_2/model.pt
baseline_perf_v2,baseline,2,ACM,0.785397160578917,0.3754277409066173,"{""assignment_entropy_lower"": 0.45, ""assignment_entropy_upper"": 0.85, ""beta"": 0.02, ""cluster_init_gain"": 2.0, ""epochs"": 100, ""knn_k"": 20, ""lambda_E"": 0.1, ""lambda_H"": 0.2, ""lambda_bal"": 0.0, ""lambda_usage_entropy"": 0.25, ""num_clusters"": 28, ""num_hops"": 4, ""tau_c"": 0.3, ""tau_s"": 0.08, ""usage_entropy_lower"": 0.65, ""usage_entropy_upper"": 0.9}",/autodl-fs/data/recap/tuning_hyperparams/interaction_tuning/results/interaction_perf_v2_beta_nontrivial/checkpoints/baseline_perf_v2/recap/trial_2/model.pt
baseline_perf_v2,baseline,2,BlogCatalog,0.7267463235294117,0.3257720143187886,"{""assignment_entropy_lower"": 0.45, ""assignment_entropy_upper"": 0.85, ""beta"": 0.02, ""cluster_init_gain"": 2.0, ""epochs"": 100, ""knn_k"": 20, ""lambda_E"": 0.1, ""lambda_H"": 0.2, ""lambda_bal"": 0.0, ""lambda_usage_entropy"": 0.25, ""num_clusters"": 28, ""num_hops"": 4, ""tau_c"": 0.3, ""tau_s"": 0.08, ""usage_entropy_lower"": 0.65, ""usage_entropy_upper"": 0.9}",/autodl-fs/data/recap/tuning_hyperparams/interaction_tuning/results/interaction_perf_v2_beta_nontrivial/checkpoints/baseline_perf_v2/recap/trial_2/model.pt
baseline_perf_v2,baseline,2,weibo,0.7648526103786604,0.30897445047562255,"{""assignment_entropy_lower"": 0.45, ""assignment_entropy_upper"": 0.85, ""beta"": 0.02, ""cluster_init_gain"": 2.0, ""epochs"": 100, ""knn_k"": 20, ""lambda_E"": 0.1, ""lambda_H"": 0.2, ""lambda_bal"": 0.0, ""lambda_usage_entropy"": 0.25, ""num_clusters"": 28, ""num_hops"": 4, ""tau_c"": 0.3, ""tau_s"": 0.08, ""usage_entropy_lower"": 0.65, ""usage_entropy_upper"": 0.9}",/autodl-fs/data/recap/tuning_hyperparams/interaction_tuning/results/interaction_perf_v2_beta_nontrivial/checkpoints/baseline_perf_v2/recap/trial_2/model.pt
baseline_perf_v2,baseline,2,Reddit,0.5888540389708372,0.045237078253830394,"{""assignment_entropy_lower"": 0.45, ""assignment_entropy_upper"": 0.85, ""beta"": 0.02, ""cluster_init_gain"": 2.0, ""epochs"": 100, ""knn_k"": 20, ""lambda_E"": 0.1, ""lambda_H"": 0.2, ""lambda_bal"": 0.0, ""lambda_usage_entropy"": 0.25, ""num_clusters"": 28, ""num_hops"": 4, ""tau_c"": 0.3, ""tau_s"": 0.08, ""usage_entropy_lower"": 0.65, ""usage_entropy_upper"": 0.9}",/autodl-fs/data/recap/tuning_hyperparams/interaction_tuning/results/interaction_perf_v2_beta_nontrivial/checkpoints/baseline_perf_v2/recap/trial_2/model.pt
baseline_perf_v2,baseline,2,Amazon,0.7398819951542647,0.13386359944125836,"{""assignment_entropy_lower"": 0.45, ""assignment_entropy_upper"": 0.85, ""beta"": 0.02, ""cluster_init_gain"": 2.0, ""epochs"": 100, ""knn_k"": 20, ""lambda_E"": 0.1, ""lambda_H"": 0.2, ""lambda_bal"": 0.0, ""lambda_usage_entropy"": 0.25, ""num_clusters"": 28, ""num_hops"": 4, ""tau_c"": 0.3, ""tau_s"": 0.08, ""usage_entropy_lower"": 0.65, ""usage_entropy_upper"": 0.9}",/autodl-fs/data/recap/tuning_hyperparams/interaction_tuning/results/interaction_perf_v2_beta_nontrivial/checkpoints/baseline_perf_v2/recap/trial_2/model.pt
epoch__e80,epoch_budget,0,Facebook,0.5957954545454546,0.05199002401732768,"{""assignment_entropy_lower"": 0.45, ""assignment_entropy_upper"": 0.85, ""beta"": 0.02, ""cluster_init_gain"": 2.0, ""epochs"": 80, ""knn_k"": 20, ""lambda_E"": 0.1, ""lambda_H"": 0.2, ""lambda_bal"": 0.0, ""lambda_usage_entropy"": 0.25, ""num_clusters"": 28, ""num_hops"": 4, ""tau_c"": 0.3, ""tau_s"": 0.08, ""usage_entropy_lower"": 0.65, ""usage_entropy_upper"": 0.9}",/autodl-fs/data/recap/tuning_hyperparams/interaction_tuning/results/interaction_perf_v2_beta_nontrivial/checkpoints/epoch__e80/recap/trial_0/model.pt
epoch__e80,epoch_budget,0,cora,0.8192051081574145,0.4173186595318952,"{""assignment_entropy_lower"": 0.45, ""assignment_entropy_upper"": 0.85, ""beta"": 0.02, ""cluster_init_gain"": 2.0, ""epochs"": 80, ""knn_k"": 20, ""lambda_E"": 0.1, ""lambda_H"": 0.2, ""lambda_bal"": 0.0, ""lambda_usage_entropy"": 0.25, ""num_clusters"": 28, ""num_hops"": 4, ""tau_c"": 0.3, ""tau_s"": 0.08, ""usage_entropy_lower"": 0.65, ""usage_entropy_upper"": 0.9}",/autodl-fs/data/recap/tuning_hyperparams/interaction_tuning/results/interaction_perf_v2_beta_nontrivial/checkpoints/epoch__e80/recap/trial_0/model.pt
epoch__e80,epoch_budget,0,citeseer,0.9003986989822684,0.4363325416840356,"{""assignment_entropy_lower"": 0.45, ""assignment_entropy_upper"": 0.85, ""beta"": 0.02, ""cluster_init_gain"": 2.0, ""epochs"": 80, ""knn_k"": 20, ""lambda_E"": 0.1, ""lambda_H"": 0.2, ""lambda_bal"": 0.0, ""lambda_usage_entropy"": 0.25, ""num_clusters"": 28, ""num_hops"": 4, ""tau_c"": 0.3, ""tau_s"": 0.08, ""usage_entropy_lower"": 0.65, ""usage_entropy_upper"": 0.9}",/autodl-fs/data/recap/tuning_hyperparams/interaction_tuning/results/interaction_perf_v2_beta_nontrivial/checkpoints/epoch__e80/recap/trial_0/model.pt
epoch__e80,epoch_budget,0,ACM,0.7827083635799272,0.36953678175316085,"{""assignment_entropy_lower"": 0.45, ""assignment_entropy_upper"": 0.85, ""beta"": 0.02, ""cluster_init_gain"": 2.0, ""epochs"": 80, ""knn_k"": 20, ""lambda_E"": 0.1, ""lambda_H"": 0.2, ""lambda_bal"": 0.0, ""lambda_usage_entropy"": 0.25, ""num_clusters"": 28, ""num_hops"": 4, ""tau_c"": 0.3, ""tau_s"": 0.08, ""usage_entropy_lower"": 0.65, ""usage_entropy_upper"": 0.9}",/autodl-fs/data/recap/tuning_hyperparams/interaction_tuning/results/interaction_perf_v2_beta_nontrivial/checkpoints/epoch__e80/recap/trial_0/model.pt
epoch__e80,epoch_budget,0,BlogCatalog,0.7248250272331154,0.3201321172522202,"{""assignment_entropy_lower"": 0.45, ""assignment_entropy_upper"": 0.85, ""beta"": 0.02, ""cluster_init_gain"": 2.0, ""epochs"": 80, ""knn_k"": 20, ""lambda_E"": 0.1, ""lambda_H"": 0.2, ""lambda_bal"": 0.0, ""lambda_usage_entropy"": 0.25, ""num_clusters"": 28, ""num_hops"": 4, ""tau_c"": 0.3, ""tau_s"": 0.08, ""usage_entropy_lower"": 0.65, ""usage_entropy_upper"": 0.9}",/autodl-fs/data/recap/tuning_hyperparams/interaction_tuning/results/interaction_perf_v2_beta_nontrivial/checkpoints/epoch__e80/recap/trial_0/model.pt
epoch__e80,epoch_budget,0,weibo,0.7584161607651101,0.3173085141277941,"{""assignment_entropy_lower"": 0.45, ""assignment_entropy_upper"": 0.85, ""beta"": 0.02, ""cluster_init_gain"": 2.0, ""epochs"": 80, ""knn_k"": 20, ""lambda_E"": 0.1, ""lambda_H"": 0.2, ""lambda_bal"": 0.0, ""lambda_usage_entropy"": 0.25, ""num_clusters"": 28, ""num_hops"": 4, ""tau_c"": 0.3, ""tau_s"": 0.08, ""usage_entropy_lower"": 0.65, ""usage_entropy_upper"": 0.9}",/autodl-fs/data/recap/tuning_hyperparams/interaction_tuning/results/interaction_perf_v2_beta_nontrivial/checkpoints/epoch__e80/recap/trial_0/model.pt
epoch__e80,epoch_budget,0,Reddit,0.587119562923873,0.046585775519635914,"{""assignment_entropy_lower"": 0.45, ""assignment_entropy_upper"": 0.85, ""beta"": 0.02, ""cluster_init_gain"": 2.0, ""epochs"": 80, ""knn_k"": 20, ""lambda_E"": 0.1, ""lambda_H"": 0.2, ""lambda_bal"": 0.0, ""lambda_usage_entropy"": 0.25, ""num_clusters"": 28, ""num_hops"": 4, ""tau_c"": 0.3, ""tau_s"": 0.08, ""usage_entropy_lower"": 0.65, ""usage_entropy_upper"": 0.9}",/autodl-fs/data/recap/tuning_hyperparams/interaction_tuning/results/interaction_perf_v2_beta_nontrivial/checkpoints/epoch__e80/recap/trial_0/model.pt
epoch__e80,epoch_budget,0,Amazon,0.7209459888087524,0.12952752394623712,"{""assignment_entropy_lower"": 0.45, ""assignment_entropy_upper"": 0.85, ""beta"": 0.02, ""cluster_init_gain"": 2.0, ""epochs"": 80, ""knn_k"": 20, ""lambda_E"": 0.1, ""lambda_H"": 0.2, ""lambda_bal"": 0.0, ""lambda_usage_entropy"": 0.25, ""num_clusters"": 28, ""num_hops"": 4, ""tau_c"": 0.3, ""tau_s"": 0.08, ""usage_entropy_lower"": 0.65, ""usage_entropy_upper"": 0.9}",/autodl-fs/data/recap/tuning_hyperparams/interaction_tuning/results/interaction_perf_v2_beta_nontrivial/checkpoints/epoch__e80/recap/trial_0/model.pt
epoch__e80,epoch_budget,1,Facebook,0.5814772727272727,0.04598337754506568,"{""assignment_entropy_lower"": 0.45, ""assignment_entropy_upper"": 0.85, ""beta"": 0.02, ""cluster_init_gain"": 2.0, ""epochs"": 80, ""knn_k"": 20, ""lambda_E"": 0.1, ""lambda_H"": 0.2, ""lambda_bal"": 0.0, ""lambda_usage_entropy"": 0.25, ""num_clusters"": 28, ""num_hops"": 4, ""tau_c"": 0.3, ""tau_s"": 0.08, ""usage_entropy_lower"": 0.65, ""usage_entropy_upper"": 0.9}",/autodl-fs/data/recap/tuning_hyperparams/interaction_tuning/results/interaction_perf_v2_beta_nontrivial/checkpoints/epoch__e80/recap/trial_1/model.pt
epoch__e80,epoch_budget,1,cora,0.8229397967161846,0.4270987959455269,"{""assignment_entropy_lower"": 0.45, ""assignment_entropy_upper"": 0.85, ""beta"": 0.02, ""cluster_init_gain"": 2.0, ""epochs"": 80, ""knn_k"": 20, ""lambda_E"": 0.1, ""lambda_H"": 0.2, ""lambda_bal"": 0.0, ""lambda_usage_entropy"": 0.25, ""num_clusters"": 28, ""num_hops"": 4, ""tau_c"": 0.3, ""tau_s"": 0.08, ""usage_entropy_lower"": 0.65, ""usage_entropy_upper"": 0.9}",/autodl-fs/data/recap/tuning_hyperparams/interaction_tuning/results/interaction_perf_v2_beta_nontrivial/checkpoints/epoch__e80/recap/trial_1/model.pt
epoch__e80,epoch_budget,1,citeseer,0.9001038715769594,0.4706997699587941,"{""assignment_entropy_lower"": 0.45, ""assignment_entropy_upper"": 0.85, ""beta"": 0.02, ""cluster_init_gain"": 2.0, ""epochs"": 80, ""knn_k"": 20, ""lambda_E"": 0.1, ""lambda_H"": 0.2, ""lambda_bal"": 0.0, ""lambda_usage_entropy"": 0.25, ""num_clusters"": 28, ""num_hops"": 4, ""tau_c"": 0.3, ""tau_s"": 0.08, ""usage_entropy_lower"": 0.65, ""usage_entropy_upper"": 0.9}",/autodl-fs/data/recap/tuning_hyperparams/interaction_tuning/results/interaction_perf_v2_beta_nontrivial/checkpoints/epoch__e80/recap/trial_1/model.pt
epoch__e80,epoch_budget,1,ACM,0.7722282021298029,0.37140160784216647,"{""assignment_entropy_lower"": 0.45, ""assignment_entropy_upper"": 0.85, ""beta"": 0.02, ""cluster_init_gain"": 2.0, ""epochs"": 80, ""knn_k"": 20, ""lambda_E"": 0.1, ""lambda_H"": 0.2, ""lambda_bal"": 0.0, ""lambda_usage_entropy"": 0.25, ""num_clusters"": 28, ""num_hops"": 4, ""tau_c"": 0.3, ""tau_s"": 0.08, ""usage_entropy_lower"": 0.65, ""usage_entropy_upper"": 0.9}",/autodl-fs/data/recap/tuning_hyperparams/interaction_tuning/results/interaction_perf_v2_beta_nontrivial/checkpoints/epoch__e80/recap/trial_1/model.pt
epoch__e80,epoch_budget,1,BlogCatalog,0.7262888071895425,0.32507882242864655,"{""assignment_entropy_lower"": 0.45, ""assignment_entropy_upper"": 0.85, ""beta"": 0.02, ""cluster_init_gain"": 2.0, ""epochs"": 80, ""knn_k"": 20, ""lambda_E"": 0.1, ""lambda_H"": 0.2, ""lambda_bal"": 0.0, ""lambda_usage_entropy"": 0.25, ""num_clusters"": 28, ""num_hops"": 4, ""tau_c"": 0.3, ""tau_s"": 0.08, ""usage_entropy_lower"": 0.65, ""usage_entropy_upper"": 0.9}",/autodl-fs/data/recap/tuning_hyperparams/interaction_tuning/results/interaction_perf_v2_beta_nontrivial/checkpoints/epoch__e80/recap/trial_1/model.pt
epoch__e80,epoch_budget,1,weibo,0.7384988282078764,0.299952235161466,"{""assignment_entropy_lower"": 0.45, ""assignment_entropy_upper"": 0.85, ""beta"": 0.02, ""cluster_init_gain"": 2.0, ""epochs"": 80, ""knn_k"": 20, ""lambda_E"": 0.1, ""lambda_H"": 0.2, ""lambda_bal"": 0.0, ""lambda_usage_entropy"": 0.25, ""num_clusters"": 28, ""num_hops"": 4, ""tau_c"": 0.3, ""tau_s"": 0.08, ""usage_entropy_lower"": 0.65, ""usage_entropy_upper"": 0.9}",/autodl-fs/data/recap/tuning_hyperparams/interaction_tuning/results/interaction_perf_v2_beta_nontrivial/checkpoints/epoch__e80/recap/trial_1/model.pt
epoch__e80,epoch_budget,1,Reddit,0.591294090764523,0.04694573957998041,"{""assignment_entropy_lower"": 0.45, ""assignment_entropy_upper"": 0.85, ""beta"": 0.02, ""cluster_init_gain"": 2.0, ""epochs"": 80, ""knn_k"": 20, ""lambda_E"": 0.1, ""lambda_H"": 0.2, ""lambda_bal"": 0.0, ""lambda_usage_entropy"": 0.25, ""num_clusters"": 28, ""num_hops"": 4, ""tau_c"": 0.3, ""tau_s"": 0.08, ""usage_entropy_lower"": 0.65, ""usage_entropy_upper"": 0.9}",/autodl-fs/data/recap/tuning_hyperparams/interaction_tuning/results/interaction_perf_v2_beta_nontrivial/checkpoints/epoch__e80/recap/trial_1/model.pt
epoch__e80,epoch_budget,1,Amazon,0.706179561703641,0.12377456108226575,"{""assignment_entropy_lower"": 0.45, ""assignment_entropy_upper"": 0.85, ""beta"": 0.02, ""cluster_init_gain"": 2.0, ""epochs"": 80, ""knn_k"": 20, ""lambda_E"": 0.1, ""lambda_H"": 0.2, ""lambda_bal"": 0.0, ""lambda_usage_entropy"": 0.25, ""num_clusters"": 28, ""num_hops"": 4, ""tau_c"": 0.3, ""tau_s"": 0.08, ""usage_entropy_lower"": 0.65, ""usage_entropy_upper"": 0.9}",/autodl-fs/data/recap/tuning_hyperparams/interaction_tuning/results/interaction_perf_v2_beta_nontrivial/checkpoints/epoch__e80/recap/trial_1/model.pt
epoch__e80,epoch_budget,2,Facebook,0.5711363636363637,0.03274545788032304,"{""assignment_entropy_lower"": 0.45, ""assignment_entropy_upper"": 0.85, ""beta"": 0.02, ""cluster_init_gain"": 2.0, ""epochs"": 80, ""knn_k"": 20, ""lambda_E"": 0.1, ""lambda_H"": 0.2, ""lambda_bal"": 0.0, ""lambda_usage_entropy"": 0.25, ""num_clusters"": 28, ""num_hops"": 4, ""tau_c"": 0.3, ""tau_s"": 0.08, ""usage_entropy_lower"": 0.65, ""usage_entropy_upper"": 0.9}",/autodl-fs/data/recap/tuning_hyperparams/interaction_tuning/results/interaction_perf_v2_beta_nontrivial/checkpoints/epoch__e80/recap/trial_2/model.pt
epoch__e80,epoch_budget,2,cora,0.8204091738337242,0.4041362049647823,"{""assignment_entropy_lower"": 0.45, ""assignment_entropy_upper"": 0.85, ""beta"": 0.02, ""cluster_init_gain"": 2.0, ""epochs"": 80, ""knn_k"": 20, ""lambda_E"": 0.1, ""lambda_H"": 0.2, ""lambda_bal"": 0.0, ""lambda_usage_entropy"": 0.25, ""num_clusters"": 28, ""num_hops"": 4, ""tau_c"": 0.3, ""tau_s"": 0.08, ""usage_entropy_lower"": 0.65, ""usage_entropy_upper"": 0.9}",/autodl-fs/data/recap/tuning_hyperparams/interaction_tuning/results/interaction_perf_v2_beta_nontrivial/checkpoints/epoch__e80/recap/trial_2/model.pt
epoch__e80,epoch_budget,2,citeseer,0.9043416220753332,0.45086423789931335,"{""assignment_entropy_lower"": 0.45, ""assignment_entropy_upper"": 0.85, ""beta"": 0.02, ""cluster_init_gain"": 2.0, ""epochs"": 80, ""knn_k"": 20, ""lambda_E"": 0.1, ""lambda_H"": 0.2, ""lambda_bal"": 0.0, ""lambda_usage_entropy"": 0.25, ""num_clusters"": 28, ""num_hops"": 4, ""tau_c"": 0.3, ""tau_s"": 0.08, ""usage_entropy_lower"": 0.65, ""usage_entropy_upper"": 0.9}",/autodl-fs/data/recap/tuning_hyperparams/interaction_tuning/results/interaction_perf_v2_beta_nontrivial/checkpoints/epoch__e80/recap/trial_2/model.pt
epoch__e80,epoch_budget,2,ACM,0.7853904127549057,0.3750043170744699,"{""assignment_entropy_lower"": 0.45, ""assignment_entropy_upper"": 0.85, ""beta"": 0.02, ""cluster_init_gain"": 2.0, ""epochs"": 80, ""knn_k"": 20, ""lambda_E"": 0.1, ""lambda_H"": 0.2, ""lambda_bal"": 0.0, ""lambda_usage_entropy"": 0.25, ""num_clusters"": 28, ""num_hops"": 4, ""tau_c"": 0.3, ""tau_s"": 0.08, ""usage_entropy_lower"": 0.65, ""usage_entropy_upper"": 0.9}",/autodl-fs/data/recap/tuning_hyperparams/interaction_tuning/results/interaction_perf_v2_beta_nontrivial/checkpoints/epoch__e80/recap/trial_2/model.pt
epoch__e80,epoch_budget,2,BlogCatalog,0.7273832380174292,0.3263500719466646,"{""assignment_entropy_lower"": 0.45, ""assignment_entropy_upper"": 0.85, ""beta"": 0.02, ""cluster_init_gain"": 2.0, ""epochs"": 80, ""knn_k"": 20, ""lambda_E"": 0.1, ""lambda_H"": 0.2, ""lambda_bal"": 0.0, ""lambda_usage_entropy"": 0.25, ""num_clusters"": 28, ""num_hops"": 4, ""tau_c"": 0.3, ""tau_s"": 0.08, ""usage_entropy_lower"": 0.65, ""usage_entropy_upper"": 0.9}",/autodl-fs/data/recap/tuning_hyperparams/interaction_tuning/results/interaction_perf_v2_beta_nontrivial/checkpoints/epoch__e80/recap/trial_2/model.pt
epoch__e80,epoch_budget,2,weibo,0.765536792682979,0.3057204068821855,"{""assignment_entropy_lower"": 0.45, ""assignment_entropy_upper"": 0.85, ""beta"": 0.02, ""cluster_init_gain"": 2.0, ""epochs"": 80, ""knn_k"": 20, ""lambda_E"": 0.1, ""lambda_H"": 0.2, ""lambda_bal"": 0.0, ""lambda_usage_entropy"": 0.25, ""num_clusters"": 28, ""num_hops"": 4, ""tau_c"": 0.3, ""tau_s"": 0.08, ""usage_entropy_lower"": 0.65, ""usage_entropy_upper"": 0.9}",/autodl-fs/data/recap/tuning_hyperparams/interaction_tuning/results/interaction_perf_v2_beta_nontrivial/checkpoints/epoch__e80/recap/trial_2/model.pt
epoch__e80,epoch_budget,2,Reddit,0.5885615930057939,0.04544401044334635,"{""assignment_entropy_lower"": 0.45, ""assignment_entropy_upper"": 0.85, ""beta"": 0.02, ""cluster_init_gain"": 2.0, ""epochs"": 80, ""knn_k"": 20, ""lambda_E"": 0.1, ""lambda_H"": 0.2, ""lambda_bal"": 0.0, ""lambda_usage_entropy"": 0.25, ""num_clusters"": 28, ""num_hops"": 4, ""tau_c"": 0.3, ""tau_s"": 0.08, ""usage_entropy_lower"": 0.65, ""usage_entropy_upper"": 0.9}",/autodl-fs/data/recap/tuning_hyperparams/interaction_tuning/results/interaction_perf_v2_beta_nontrivial/checkpoints/epoch__e80/recap/trial_2/model.pt
epoch__e80,epoch_budget,2,Amazon,0.7348580609518601,0.13211068681072824,"{""assignment_entropy_lower"": 0.45, ""assignment_entropy_upper"": 0.85, ""beta"": 0.02, ""cluster_init_gain"": 2.0, ""epochs"": 80, ""knn_k"": 20, ""lambda_E"": 0.1, ""lambda_H"": 0.2, ""lambda_bal"": 0.0, ""lambda_usage_entropy"": 0.25, ""num_clusters"": 28, ""num_hops"": 4, ""tau_c"": 0.3, ""tau_s"": 0.08, ""usage_entropy_lower"": 0.65, ""usage_entropy_upper"": 0.9}",/autodl-fs/data/recap/tuning_hyperparams/interaction_tuning/results/interaction_perf_v2_beta_nontrivial/checkpoints/epoch__e80/recap/trial_2/model.pt
epoch__e120,epoch_budget,0,Facebook,0.6017045454545454,0.04011663065533961,"{""assignment_entropy_lower"": 0.45, ""assignment_entropy_upper"": 0.85, ""beta"": 0.02, ""cluster_init_gain"": 2.0, ""epochs"": 120, ""knn_k"": 20, ""lambda_E"": 0.1, ""lambda_H"": 0.2, ""lambda_bal"": 0.0, ""lambda_usage_entropy"": 0.25, ""num_clusters"": 28, ""num_hops"": 4, ""tau_c"": 0.3, ""tau_s"": 0.08, ""usage_entropy_lower"": 0.65, ""usage_entropy_upper"": 0.9}",/autodl-fs/data/recap/tuning_hyperparams/interaction_tuning/results/interaction_perf_v2_beta_nontrivial/checkpoints/epoch__e120/recap/trial_0/model.pt
epoch__e120,epoch_budget,0,cora,0.8137503257753452,0.38064896552954225,"{""assignment_entropy_lower"": 0.45, ""assignment_entropy_upper"": 0.85, ""beta"": 0.02, ""cluster_init_gain"": 2.0, ""epochs"": 120, ""knn_k"": 20, ""lambda_E"": 0.1, ""lambda_H"": 0.2, ""lambda_bal"": 0.0, ""lambda_usage_entropy"": 0.25, ""num_clusters"": 28, ""num_hops"": 4, ""tau_c"": 0.3, ""tau_s"": 0.08, ""usage_entropy_lower"": 0.65, ""usage_entropy_upper"": 0.9}",/autodl-fs/data/recap/tuning_hyperparams/interaction_tuning/results/interaction_perf_v2_beta_nontrivial/checkpoints/epoch__e120/recap/trial_0/model.pt
epoch__e120,epoch_budget,0,citeseer,0.8933774000629525,0.38115588278637,"{""assignment_entropy_lower"": 0.45, ""assignment_entropy_upper"": 0.85, ""beta"": 0.02, ""cluster_init_gain"": 2.0, ""epochs"": 120, ""knn_k"": 20, ""lambda_E"": 0.1, ""lambda_H"": 0.2, ""lambda_bal"": 0.0, ""lambda_usage_entropy"": 0.25, ""num_clusters"": 28, ""num_hops"": 4, ""tau_c"": 0.3, ""tau_s"": 0.08, ""usage_entropy_lower"": 0.65, ""usage_entropy_upper"": 0.9}",/autodl-fs/data/recap/tuning_hyperparams/interaction_tuning/results/interaction_perf_v2_beta_nontrivial/checkpoints/epoch__e120/recap/trial_0/model.pt
epoch__e120,epoch_budget,0,ACM,0.7830314156544667,0.3670608628248587,"{""assignment_entropy_lower"": 0.45, ""assignment_entropy_upper"": 0.85, ""beta"": 0.02, ""cluster_init_gain"": 2.0, ""epochs"": 120, ""knn_k"": 20, ""lambda_E"": 0.1, ""lambda_H"": 0.2, ""lambda_bal"": 0.0, ""lambda_usage_entropy"": 0.25, ""num_clusters"": 28, ""num_hops"": 4, ""tau_c"": 0.3, ""tau_s"": 0.08, ""usage_entropy_lower"": 0.65, ""usage_entropy_upper"": 0.9}",/autodl-fs/data/recap/tuning_hyperparams/interaction_tuning/results/interaction_perf_v2_beta_nontrivial/checkpoints/epoch__e120/recap/trial_0/model.pt
epoch__e120,epoch_budget,0,BlogCatalog,0.7012578295206973,0.30676727851552504,"{""assignment_entropy_lower"": 0.45, ""assignment_entropy_upper"": 0.85, ""beta"": 0.02, ""cluster_init_gain"": 2.0, ""epochs"": 120, ""knn_k"": 20, ""lambda_E"": 0.1, ""lambda_H"": 0.2, ""lambda_bal"": 0.0, ""lambda_usage_entropy"": 0.25, ""num_clusters"": 28, ""num_hops"": 4, ""tau_c"": 0.3, ""tau_s"": 0.08, ""usage_entropy_lower"": 0.65, ""usage_entropy_upper"": 0.9}",/autodl-fs/data/recap/tuning_hyperparams/interaction_tuning/results/interaction_perf_v2_beta_nontrivial/checkpoints/epoch__e120/recap/trial_0/model.pt
epoch__e120,epoch_budget,0,weibo,0.7545190271771397,0.31989137083359087,"{""assignment_entropy_lower"": 0.45, ""assignment_entropy_upper"": 0.85, ""beta"": 0.02, ""cluster_init_gain"": 2.0, ""epochs"": 120, ""knn_k"": 20, ""lambda_E"": 0.1, ""lambda_H"": 0.2, ""lambda_bal"": 0.0, ""lambda_usage_entropy"": 0.25, ""num_clusters"": 28, ""num_hops"": 4, ""tau_c"": 0.3, ""tau_s"": 0.08, ""usage_entropy_lower"": 0.65, ""usage_entropy_upper"": 0.9}",/autodl-fs/data/recap/tuning_hyperparams/interaction_tuning/results/interaction_perf_v2_beta_nontrivial/checkpoints/epoch__e120/recap/trial_0/model.pt
epoch__e120,epoch_budget,0,Reddit,0.5822631329210013,0.04431284855968684,"{""assignment_entropy_lower"": 0.45, ""assignment_entropy_upper"": 0.85, ""beta"": 0.02, ""cluster_init_gain"": 2.0, ""epochs"": 120, ""knn_k"": 20, ""lambda_E"": 0.1, ""lambda_H"": 0.2, ""lambda_bal"": 0.0, ""lambda_usage_entropy"": 0.25, ""num_clusters"": 28, ""num_hops"": 4, ""tau_c"": 0.3, ""tau_s"": 0.08, ""usage_entropy_lower"": 0.65, ""usage_entropy_upper"": 0.9}",/autodl-fs/data/recap/tuning_hyperparams/interaction_tuning/results/interaction_perf_v2_beta_nontrivial/checkpoints/epoch__e120/recap/trial_0/model.pt
epoch__e120,epoch_budget,0,Amazon,0.7306600183528102,0.13539580749249194,"{""assignment_entropy_lower"": 0.45, ""assignment_entropy_upper"": 0.85, ""beta"": 0.02, ""cluster_init_gain"": 2.0, ""epochs"": 120, ""knn_k"": 20, ""lambda_E"": 0.1, ""lambda_H"": 0.2, ""lambda_bal"": 0.0, ""lambda_usage_entropy"": 0.25, ""num_clusters"": 28, ""num_hops"": 4, ""tau_c"": 0.3, ""tau_s"": 0.08, ""usage_entropy_lower"": 0.65, ""usage_entropy_upper"": 0.9}",/autodl-fs/data/recap/tuning_hyperparams/interaction_tuning/results/interaction_perf_v2_beta_nontrivial/checkpoints/epoch__e120/recap/trial_0/model.pt
epoch__e120,epoch_budget,1,Facebook,0.5740530303030303,0.04839531587827365,"{""assignment_entropy_lower"": 0.45, ""assignment_entropy_upper"": 0.85, ""beta"": 0.02, ""cluster_init_gain"": 2.0, ""epochs"": 120, ""knn_k"": 20, ""lambda_E"": 0.1, ""lambda_H"": 0.2, ""lambda_bal"": 0.0, ""lambda_usage_entropy"": 0.25, ""num_clusters"": 28, ""num_hops"": 4, ""tau_c"": 0.3, ""tau_s"": 0.08, ""usage_entropy_lower"": 0.65, ""usage_entropy_upper"": 0.9}",/autodl-fs/data/recap/tuning_hyperparams/interaction_tuning/results/interaction_perf_v2_beta_nontrivial/checkpoints/epoch__e120/recap/trial_1/model.pt
epoch__e120,epoch_budget,1,cora,0.81921032056294,0.3972182368610968,"{""assignment_entropy_lower"": 0.45, ""assignment_entropy_upper"": 0.85, ""beta"": 0.02, ""cluster_init_gain"": 2.0, ""epochs"": 120, ""knn_k"": 20, ""lambda_E"": 0.1, ""lambda_H"": 0.2, ""lambda_bal"": 0.0, ""lambda_usage_entropy"": 0.25, ""num_clusters"": 28, ""num_hops"": 4, ""tau_c"": 0.3, ""tau_s"": 0.08, ""usage_entropy_lower"": 0.65, ""usage_entropy_upper"": 0.9}",/autodl-fs/data/recap/tuning_hyperparams/interaction_tuning/results/interaction_perf_v2_beta_nontrivial/checkpoints/epoch__e120/recap/trial_1/model.pt
epoch__e120,epoch_budget,1,citeseer,0.8954947015003673,0.44240886804220775,"{""assignment_entropy_lower"": 0.45, ""assignment_entropy_upper"": 0.85, ""beta"": 0.02, ""cluster_init_gain"": 2.0, ""epochs"": 120, ""knn_k"": 20, ""lambda_E"": 0.1, ""lambda_H"": 0.2, ""lambda_bal"": 0.0, ""lambda_usage_entropy"": 0.25, ""num_clusters"": 28, ""num_hops"": 4, ""tau_c"": 0.3, ""tau_s"": 0.08, ""usage_entropy_lower"": 0.65, ""usage_entropy_upper"": 0.9}",/autodl-fs/data/recap/tuning_hyperparams/interaction_tuning/results/interaction_perf_v2_beta_nontrivial/checkpoints/epoch__e120/recap/trial_1/model.pt
epoch__e120,epoch_budget,1,ACM,0.7694256410353735,0.368371469058297,"{""assignment_entropy_lower"": 0.45, ""assignment_entropy_upper"": 0.85, ""beta"": 0.02, ""cluster_init_gain"": 2.0, ""epochs"": 120, ""knn_k"": 20, ""lambda_E"": 0.1, ""lambda_H"": 0.2, ""lambda_bal"": 0.0, ""lambda_usage_entropy"": 0.25, ""num_clusters"": 28, ""num_hops"": 4, ""tau_c"": 0.3, ""tau_s"": 0.08, ""usage_entropy_lower"": 0.65, ""usage_entropy_upper"": 0.9}",/autodl-fs/data/recap/tuning_hyperparams/interaction_tuning/results/interaction_perf_v2_beta_nontrivial/checkpoints/epoch__e120/recap/trial_1/model.pt
epoch__e120,epoch_budget,1,BlogCatalog,0.7195785675381263,0.32220509074369985,"{""assignment_entropy_lower"": 0.45, ""assignment_entropy_upper"": 0.85, ""beta"": 0.02, ""cluster_init_gain"": 2.0, ""epochs"": 120, ""knn_k"": 20, ""lambda_E"": 0.1, ""lambda_H"": 0.2, ""lambda_bal"": 0.0, ""lambda_usage_entropy"": 0.25, ""num_clusters"": 28, ""num_hops"": 4, ""tau_c"": 0.3, ""tau_s"": 0.08, ""usage_entropy_lower"": 0.65, ""usage_entropy_upper"": 0.9}",/autodl-fs/data/recap/tuning_hyperparams/interaction_tuning/results/interaction_perf_v2_beta_nontrivial/checkpoints/epoch__e120/recap/trial_1/model.pt
epoch__e120,epoch_budget,1,weibo,0.7279303057298281,0.31003061787121705,"{""assignment_entropy_lower"": 0.45, ""assignment_entropy_upper"": 0.85, ""beta"": 0.02, ""cluster_init_gain"": 2.0, ""epochs"": 120, ""knn_k"": 20, ""lambda_E"": 0.1, ""lambda_H"": 0.2, ""lambda_bal"": 0.0, ""lambda_usage_entropy"": 0.25, ""num_clusters"": 28, ""num_hops"": 4, ""tau_c"": 0.3, ""tau_s"": 0.08, ""usage_entropy_lower"": 0.65, ""usage_entropy_upper"": 0.9}",/autodl-fs/data/recap/tuning_hyperparams/interaction_tuning/results/interaction_perf_v2_beta_nontrivial/checkpoints/epoch__e120/recap/trial_1/model.pt
epoch__e120,epoch_budget,1,Reddit,0.5866130254120491,0.04531678954320788,"{""assignment_entropy_lower"": 0.45, ""assignment_entropy_upper"": 0.85, ""beta"": 0.02, ""cluster_init_gain"": 2.0, ""epochs"": 120, ""knn_k"": 20, ""lambda_E"": 0.1, ""lambda_H"": 0.2, ""lambda_bal"": 0.0, ""lambda_usage_entropy"": 0.25, ""num_clusters"": 28, ""num_hops"": 4, ""tau_c"": 0.3, ""tau_s"": 0.08, ""usage_entropy_lower"": 0.65, ""usage_entropy_upper"": 0.9}",/autodl-fs/data/recap/tuning_hyperparams/interaction_tuning/results/interaction_perf_v2_beta_nontrivial/checkpoints/epoch__e120/recap/trial_1/model.pt
epoch__e120,epoch_budget,1,Amazon,0.7045765295686605,0.12316904347382585,"{""assignment_entropy_lower"": 0.45, ""assignment_entropy_upper"": 0.85, ""beta"": 0.02, ""cluster_init_gain"": 2.0, ""epochs"": 120, ""knn_k"": 20, ""lambda_E"": 0.1, ""lambda_H"": 0.2, ""lambda_bal"": 0.0, ""lambda_usage_entropy"": 0.25, ""num_clusters"": 28, ""num_hops"": 4, ""tau_c"": 0.3, ""tau_s"": 0.08, ""usage_entropy_lower"": 0.65, ""usage_entropy_upper"": 0.9}",/autodl-fs/data/recap/tuning_hyperparams/interaction_tuning/results/interaction_perf_v2_beta_nontrivial/checkpoints/epoch__e120/recap/trial_1/model.pt
epoch__e120,epoch_budget,2,Facebook,0.5837121212121212,0.032784823866822015,"{""assignment_entropy_lower"": 0.45, ""assignment_entropy_upper"": 0.85, ""beta"": 0.02, ""cluster_init_gain"": 2.0, ""epochs"": 120, ""knn_k"": 20, ""lambda_E"": 0.1, ""lambda_H"": 0.2, ""lambda_bal"": 0.0, ""lambda_usage_entropy"": 0.25, ""num_clusters"": 28, ""num_hops"": 4, ""tau_c"": 0.3, ""tau_s"": 0.08, ""usage_entropy_lower"": 0.65, ""usage_entropy_upper"": 0.9}",/autodl-fs/data/recap/tuning_hyperparams/interaction_tuning/results/interaction_perf_v2_beta_nontrivial/checkpoints/epoch__e120/recap/trial_2/model.pt
epoch__e120,epoch_budget,2,cora,0.8179046129788898,0.3926088797903996,"{""assignment_entropy_lower"": 0.45, ""assignment_entropy_upper"": 0.85, ""beta"": 0.02, ""cluster_init_gain"": 2.0, ""epochs"": 120, ""knn_k"": 20, ""lambda_E"": 0.1, ""lambda_H"": 0.2, ""lambda_bal"": 0.0, ""lambda_usage_entropy"": 0.25, ""num_clusters"": 28, ""num_hops"": 4, ""tau_c"": 0.3, ""tau_s"": 0.08, ""usage_entropy_lower"": 0.65, ""usage_entropy_upper"": 0.9}",/autodl-fs/data/recap/tuning_hyperparams/interaction_tuning/results/interaction_perf_v2_beta_nontrivial/checkpoints/epoch__e120/recap/trial_2/model.pt
epoch__e120,epoch_budget,2,citeseer,0.9021382855943764,0.44238736656497163,"{""assignment_entropy_lower"": 0.45, ""assignment_entropy_upper"": 0.85, ""beta"": 0.02, ""cluster_init_gain"": 2.0, ""epochs"": 120, ""knn_k"": 20, ""lambda_E"": 0.1, ""lambda_H"": 0.2, ""lambda_bal"": 0.0, ""lambda_usage_entropy"": 0.25, ""num_clusters"": 28, ""num_hops"": 4, ""tau_c"": 0.3, ""tau_s"": 0.08, ""usage_entropy_lower"": 0.65, ""usage_entropy_upper"": 0.9}",/autodl-fs/data/recap/tuning_hyperparams/interaction_tuning/results/interaction_perf_v2_beta_nontrivial/checkpoints/epoch__e120/recap/trial_2/model.pt
epoch__e120,epoch_budget,2,ACM,0.7865193026250406,0.3768765607377618,"{""assignment_entropy_lower"": 0.45, ""assignment_entropy_upper"": 0.85, ""beta"": 0.02, ""cluster_init_gain"": 2.0, ""epochs"": 120, ""knn_k"": 20, ""lambda_E"": 0.1, ""lambda_H"": 0.2, ""lambda_bal"": 0.0, ""lambda_usage_entropy"": 0.25, ""num_clusters"": 28, ""num_hops"": 4, ""tau_c"": 0.3, ""tau_s"": 0.08, ""usage_entropy_lower"": 0.65, ""usage_entropy_upper"": 0.9}",/autodl-fs/data/recap/tuning_hyperparams/interaction_tuning/results/interaction_perf_v2_beta_nontrivial/checkpoints/epoch__e120/recap/trial_2/model.pt
epoch__e120,epoch_budget,2,BlogCatalog,0.7262636165577341,0.32555038666251124,"{""assignment_entropy_lower"": 0.45, ""assignment_entropy_upper"": 0.85, ""beta"": 0.02, ""cluster_init_gain"": 2.0, ""epochs"": 120, ""knn_k"": 20, ""lambda_E"": 0.1, ""lambda_H"": 0.2, ""lambda_bal"": 0.0, ""lambda_usage_entropy"": 0.25, ""num_clusters"": 28, ""num_hops"": 4, ""tau_c"": 0.3, ""tau_s"": 0.08, ""usage_entropy_lower"": 0.65, ""usage_entropy_upper"": 0.9}",/autodl-fs/data/recap/tuning_hyperparams/interaction_tuning/results/interaction_perf_v2_beta_nontrivial/checkpoints/epoch__e120/recap/trial_2/model.pt
epoch__e120,epoch_budget,2,weibo,0.7649651886331579,0.3145275269320287,"{""assignment_entropy_lower"": 0.45, ""assignment_entropy_upper"": 0.85, ""beta"": 0.02, ""cluster_init_gain"": 2.0, ""epochs"": 120, ""knn_k"": 20, ""lambda_E"": 0.1, ""lambda_H"": 0.2, ""lambda_bal"": 0.0, ""lambda_usage_entropy"": 0.25, ""num_clusters"": 28, ""num_hops"": 4, ""tau_c"": 0.3, ""tau_s"": 0.08, ""usage_entropy_lower"": 0.65, ""usage_entropy_upper"": 0.9}",/autodl-fs/data/recap/tuning_hyperparams/interaction_tuning/results/interaction_perf_v2_beta_nontrivial/checkpoints/epoch__e120/recap/trial_2/model.pt
epoch__e120,epoch_budget,2,Reddit,0.5863427091020816,0.04464598033527434,"{""assignment_entropy_lower"": 0.45, ""assignment_entropy_upper"": 0.85, ""beta"": 0.02, ""cluster_init_gain"": 2.0, ""epochs"": 120, ""knn_k"": 20, ""lambda_E"": 0.1, ""lambda_H"": 0.2, ""lambda_bal"": 0.0, ""lambda_usage_entropy"": 0.25, ""num_clusters"": 28, ""num_hops"": 4, ""tau_c"": 0.3, ""tau_s"": 0.08, ""usage_entropy_lower"": 0.65, ""usage_entropy_upper"": 0.9}",/autodl-fs/data/recap/tuning_hyperparams/interaction_tuning/results/interaction_perf_v2_beta_nontrivial/checkpoints/epoch__e120/recap/trial_2/model.pt
epoch__e120,epoch_budget,2,Amazon,0.7337882625890181,0.13116315895644687,"{""assignment_entropy_lower"": 0.45, ""assignment_entropy_upper"": 0.85, ""beta"": 0.02, ""cluster_init_gain"": 2.0, ""epochs"": 120, ""knn_k"": 20, ""lambda_E"": 0.1, ""lambda_H"": 0.2, ""lambda_bal"": 0.0, ""lambda_usage_entropy"": 0.25, ""num_clusters"": 28, ""num_hops"": 4, ""tau_c"": 0.3, ""tau_s"": 0.08, ""usage_entropy_lower"": 0.65, ""usage_entropy_upper"": 0.9}",/autodl-fs/data/recap/tuning_hyperparams/interaction_tuning/results/interaction_perf_v2_beta_nontrivial/checkpoints/epoch__e120/recap/trial_2/model.pt
epoch__e150,epoch_budget,0,Facebook,0.5977272727272728,0.036297350180104285,"{""assignment_entropy_lower"": 0.45, ""assignment_entropy_upper"": 0.85, ""beta"": 0.02, ""cluster_init_gain"": 2.0, ""epochs"": 150, ""knn_k"": 20, ""lambda_E"": 0.1, ""lambda_H"": 0.2, ""lambda_bal"": 0.0, ""lambda_usage_entropy"": 0.25, ""num_clusters"": 28, ""num_hops"": 4, ""tau_c"": 0.3, ""tau_s"": 0.08, ""usage_entropy_lower"": 0.65, ""usage_entropy_upper"": 0.9}",/autodl-fs/data/recap/tuning_hyperparams/interaction_tuning/results/interaction_perf_v2_beta_nontrivial/checkpoints/epoch__e150/recap/trial_0/model.pt
epoch__e150,epoch_budget,0,cora,0.8082616627573626,0.3435486484720634,"{""assignment_entropy_lower"": 0.45, ""assignment_entropy_upper"": 0.85, ""beta"": 0.02, ""cluster_init_gain"": 2.0, ""epochs"": 150, ""knn_k"": 20, ""lambda_E"": 0.1, ""lambda_H"": 0.2, ""lambda_bal"": 0.0, ""lambda_usage_entropy"": 0.25, ""num_clusters"": 28, ""num_hops"": 4, ""tau_c"": 0.3, ""tau_s"": 0.08, ""usage_entropy_lower"": 0.65, ""usage_entropy_upper"": 0.9}",/autodl-fs/data/recap/tuning_hyperparams/interaction_tuning/results/interaction_perf_v2_beta_nontrivial/checkpoints/epoch__e150/recap/trial_0/model.pt
epoch__e150,epoch_budget,0,citeseer,0.8835882908404155,0.32692706342525807,"{""assignment_entropy_lower"": 0.45, ""assignment_entropy_upper"": 0.85, ""beta"": 0.02, ""cluster_init_gain"": 2.0, ""epochs"": 150, ""knn_k"": 20, ""lambda_E"": 0.1, ""lambda_H"": 0.2, ""lambda_bal"": 0.0, ""lambda_usage_entropy"": 0.25, ""num_clusters"": 28, ""num_hops"": 4, ""tau_c"": 0.3, ""tau_s"": 0.08, ""usage_entropy_lower"": 0.65, ""usage_entropy_upper"": 0.9}",/autodl-fs/data/recap/tuning_hyperparams/interaction_tuning/results/interaction_perf_v2_beta_nontrivial/checkpoints/epoch__e150/recap/trial_0/model.pt
epoch__e150,epoch_budget,0,ACM,0.7834212079258676,0.3630620322017045,"{""assignment_entropy_lower"": 0.45, ""assignment_entropy_upper"": 0.85, ""beta"": 0.02, ""cluster_init_gain"": 2.0, ""epochs"": 150, ""knn_k"": 20, ""lambda_E"": 0.1, ""lambda_H"": 0.2, ""lambda_bal"": 0.0, ""lambda_usage_entropy"": 0.25, ""num_clusters"": 28, ""num_hops"": 4, ""tau_c"": 0.3, ""tau_s"": 0.08, ""usage_entropy_lower"": 0.65, ""usage_entropy_upper"": 0.9}",/autodl-fs/data/recap/tuning_hyperparams/interaction_tuning/results/interaction_perf_v2_beta_nontrivial/checkpoints/epoch__e150/recap/trial_0/model.pt
epoch__e150,epoch_budget,0,BlogCatalog,0.6969955065359477,0.30461509878625215,"{""assignment_entropy_lower"": 0.45, ""assignment_entropy_upper"": 0.85, ""beta"": 0.02, ""cluster_init_gain"": 2.0, ""epochs"": 150, ""knn_k"": 20, ""lambda_E"": 0.1, ""lambda_H"": 0.2, ""lambda_bal"": 0.0, ""lambda_usage_entropy"": 0.25, ""num_clusters"": 28, ""num_hops"": 4, ""tau_c"": 0.3, ""tau_s"": 0.08, ""usage_entropy_lower"": 0.65, ""usage_entropy_upper"": 0.9}",/autodl-fs/data/recap/tuning_hyperparams/interaction_tuning/results/interaction_perf_v2_beta_nontrivial/checkpoints/epoch__e150/recap/trial_0/model.pt
epoch__e150,epoch_budget,0,weibo,0.7662858622500732,0.3236758039384804,"{""assignment_entropy_lower"": 0.45, ""assignment_entropy_upper"": 0.85, ""beta"": 0.02, ""cluster_init_gain"": 2.0, ""epochs"": 150, ""knn_k"": 20, ""lambda_E"": 0.1, ""lambda_H"": 0.2, ""lambda_bal"": 0.0, ""lambda_usage_entropy"": 0.25, ""num_clusters"": 28, ""num_hops"": 4, ""tau_c"": 0.3, ""tau_s"": 0.08, ""usage_entropy_lower"": 0.65, ""usage_entropy_upper"": 0.9}",/autodl-fs/data/recap/tuning_hyperparams/interaction_tuning/results/interaction_perf_v2_beta_nontrivial/checkpoints/epoch__e150/recap/trial_0/model.pt
epoch__e150,epoch_budget,0,Reddit,0.5819277142536594,0.043443157666901544,"{""assignment_entropy_lower"": 0.45, ""assignment_entropy_upper"": 0.85, ""beta"": 0.02, ""cluster_init_gain"": 2.0, ""epochs"": 150, ""knn_k"": 20, ""lambda_E"": 0.1, ""lambda_H"": 0.2, ""lambda_bal"": 0.0, ""lambda_usage_entropy"": 0.25, ""num_clusters"": 28, ""num_hops"": 4, ""tau_c"": 0.3, ""tau_s"": 0.08, ""usage_entropy_lower"": 0.65, ""usage_entropy_upper"": 0.9}",/autodl-fs/data/recap/tuning_hyperparams/interaction_tuning/results/interaction_perf_v2_beta_nontrivial/checkpoints/epoch__e150/recap/trial_0/model.pt
epoch__e150,epoch_budget,0,Amazon,0.736964652293579,0.1403682668343106,"{""assignment_entropy_lower"": 0.45, ""assignment_entropy_upper"": 0.85, ""beta"": 0.02, ""cluster_init_gain"": 2.0, ""epochs"": 150, ""knn_k"": 20, ""lambda_E"": 0.1, ""lambda_H"": 0.2, ""lambda_bal"": 0.0, ""lambda_usage_entropy"": 0.25, ""num_clusters"": 28, ""num_hops"": 4, ""tau_c"": 0.3, ""tau_s"": 0.08, ""usage_entropy_lower"": 0.65, ""usage_entropy_upper"": 0.9}",/autodl-fs/data/recap/tuning_hyperparams/interaction_tuning/results/interaction_perf_v2_beta_nontrivial/checkpoints/epoch__e150/recap/trial_0/model.pt
epoch__e150,epoch_budget,1,Facebook,0.5619318181818181,0.04575852900072834,"{""assignment_entropy_lower"": 0.45, ""assignment_entropy_upper"": 0.85, ""beta"": 0.02, ""cluster_init_gain"": 2.0, ""epochs"": 150, ""knn_k"": 20, ""lambda_E"": 0.1, ""lambda_H"": 0.2, ""lambda_bal"": 0.0, ""lambda_usage_entropy"": 0.25, ""num_clusters"": 28, ""num_hops"": 4, ""tau_c"": 0.3, ""tau_s"": 0.08, ""usage_entropy_lower"": 0.65, ""usage_entropy_upper"": 0.9}",/autodl-fs/data/recap/tuning_hyperparams/interaction_tuning/results/interaction_perf_v2_beta_nontrivial/checkpoints/epoch__e150/recap/trial_1/model.pt
epoch__e150,epoch_budget,1,cora,0.8122048475371384,0.3581061208411303,"{""assignment_entropy_lower"": 0.45, ""assignment_entropy_upper"": 0.85, ""beta"": 0.02, ""cluster_init_gain"": 2.0, ""epochs"": 150, ""knn_k"": 20, ""lambda_E"": 0.1, ""lambda_H"": 0.2, ""lambda_bal"": 0.0, ""lambda_usage_entropy"": 0.25, ""num_clusters"": 28, ""num_hops"": 4, ""tau_c"": 0.3, ""tau_s"": 0.08, ""usage_entropy_lower"": 0.65, ""usage_entropy_upper"": 0.9}",/autodl-fs/data/recap/tuning_hyperparams/interaction_tuning/results/interaction_perf_v2_beta_nontrivial/checkpoints/epoch__e150/recap/trial_1/model.pt
epoch__e150,epoch_budget,1,citeseer,0.8882509705172594,0.3985347529629227,"{""assignment_entropy_lower"": 0.45, ""assignment_entropy_upper"": 0.85, ""beta"": 0.02, ""cluster_init_gain"": 2.0, ""epochs"": 150, ""knn_k"": 20, ""lambda_E"": 0.1, ""lambda_H"": 0.2, ""lambda_bal"": 0.0, ""lambda_usage_entropy"": 0.25, ""num_clusters"": 28, ""num_hops"": 4, ""tau_c"": 0.3, ""tau_s"": 0.08, ""usage_entropy_lower"": 0.65, ""usage_entropy_upper"": 0.9}",/autodl-fs/data/recap/tuning_hyperparams/interaction_tuning/results/interaction_perf_v2_beta_nontrivial/checkpoints/epoch__e150/recap/trial_1/model.pt
epoch__e150,epoch_budget,1,ACM,0.7656715840379802,0.363370908258364,"{""assignment_entropy_lower"": 0.45, ""assignment_entropy_upper"": 0.85, ""beta"": 0.02, ""cluster_init_gain"": 2.0, ""epochs"": 150, ""knn_k"": 20, ""lambda_E"": 0.1, ""lambda_H"": 0.2, ""lambda_bal"": 0.0, ""lambda_usage_entropy"": 0.25, ""num_clusters"": 28, ""num_hops"": 4, ""tau_c"": 0.3, ""tau_s"": 0.08, ""usage_entropy_lower"": 0.65, ""usage_entropy_upper"": 0.9}",/autodl-fs/data/recap/tuning_hyperparams/interaction_tuning/results/interaction_perf_v2_beta_nontrivial/checkpoints/epoch__e150/recap/trial_1/model.pt
epoch__e150,epoch_budget,1,BlogCatalog,0.7102294389978214,0.3196377125222143,"{""assignment_entropy_lower"": 0.45, ""assignment_entropy_upper"": 0.85, ""beta"": 0.02, ""cluster_init_gain"": 2.0, ""epochs"": 150, ""knn_k"": 20, ""lambda_E"": 0.1, ""lambda_H"": 0.2, ""lambda_bal"": 0.0, ""lambda_usage_entropy"": 0.25, ""num_clusters"": 28, ""num_hops"": 4, ""tau_c"": 0.3, ""tau_s"": 0.08, ""usage_entropy_lower"": 0.65, ""usage_entropy_upper"": 0.9}",/autodl-fs/data/recap/tuning_hyperparams/interaction_tuning/results/interaction_perf_v2_beta_nontrivial/checkpoints/epoch__e150/recap/trial_1/model.pt
epoch__e150,epoch_budget,1,weibo,0.7356836075667261,0.31391185601853394,"{""assignment_entropy_lower"": 0.45, ""assignment_entropy_upper"": 0.85, ""beta"": 0.02, ""cluster_init_gain"": 2.0, ""epochs"": 150, ""knn_k"": 20, ""lambda_E"": 0.1, ""lambda_H"": 0.2, ""lambda_bal"": 0.0, ""lambda_usage_entropy"": 0.25, ""num_clusters"": 28, ""num_hops"": 4, ""tau_c"": 0.3, ""tau_s"": 0.08, ""usage_entropy_lower"": 0.65, ""usage_entropy_upper"": 0.9}",/autodl-fs/data/recap/tuning_hyperparams/interaction_tuning/results/interaction_perf_v2_beta_nontrivial/checkpoints/epoch__e150/recap/trial_1/model.pt
epoch__e150,epoch_budget,1,Reddit,0.5834764041266145,0.044164662065948865,"{""assignment_entropy_lower"": 0.45, ""assignment_entropy_upper"": 0.85, ""beta"": 0.02, ""cluster_init_gain"": 2.0, ""epochs"": 150, ""knn_k"": 20, ""lambda_E"": 0.1, ""lambda_H"": 0.2, ""lambda_bal"": 0.0, ""lambda_usage_entropy"": 0.25, ""num_clusters"": 28, ""num_hops"": 4, ""tau_c"": 0.3, ""tau_s"": 0.08, ""usage_entropy_lower"": 0.65, ""usage_entropy_upper"": 0.9}",/autodl-fs/data/recap/tuning_hyperparams/interaction_tuning/results/interaction_perf_v2_beta_nontrivial/checkpoints/epoch__e150/recap/trial_1/model.pt
epoch__e150,epoch_budget,1,Amazon,0.7055164260074553,0.12336311347350334,"{""assignment_entropy_lower"": 0.45, ""assignment_entropy_upper"": 0.85, ""beta"": 0.02, ""cluster_init_gain"": 2.0, ""epochs"": 150, ""knn_k"": 20, ""lambda_E"": 0.1, ""lambda_H"": 0.2, ""lambda_bal"": 0.0, ""lambda_usage_entropy"": 0.25, ""num_clusters"": 28, ""num_hops"": 4, ""tau_c"": 0.3, ""tau_s"": 0.08, ""usage_entropy_lower"": 0.65, ""usage_entropy_upper"": 0.9}",/autodl-fs/data/recap/tuning_hyperparams/interaction_tuning/results/interaction_perf_v2_beta_nontrivial/checkpoints/epoch__e150/recap/trial_1/model.pt
epoch__e150,epoch_budget,2,Facebook,0.5910606060606061,0.033637038496133656,"{""assignment_entropy_lower"": 0.45, ""assignment_entropy_upper"": 0.85, ""beta"": 0.02, ""cluster_init_gain"": 2.0, ""epochs"": 150, ""knn_k"": 20, ""lambda_E"": 0.1, ""lambda_H"": 0.2, ""lambda_bal"": 0.0, ""lambda_usage_entropy"": 0.25, ""num_clusters"": 28, ""num_hops"": 4, ""tau_c"": 0.3, ""tau_s"": 0.08, ""usage_entropy_lower"": 0.65, ""usage_entropy_upper"": 0.9}",/autodl-fs/data/recap/tuning_hyperparams/interaction_tuning/results/interaction_perf_v2_beta_nontrivial/checkpoints/epoch__e150/recap/trial_2/model.pt
epoch__e150,epoch_budget,2,cora,0.8140604639040918,0.37838790822278867,"{""assignment_entropy_lower"": 0.45, ""assignment_entropy_upper"": 0.85, ""beta"": 0.02, ""cluster_init_gain"": 2.0, ""epochs"": 150, ""knn_k"": 20, ""lambda_E"": 0.1, ""lambda_H"": 0.2, ""lambda_bal"": 0.0, ""lambda_usage_entropy"": 0.25, ""num_clusters"": 28, ""num_hops"": 4, ""tau_c"": 0.3, ""tau_s"": 0.08, ""usage_entropy_lower"": 0.65, ""usage_entropy_upper"": 0.9}",/autodl-fs/data/recap/tuning_hyperparams/interaction_tuning/results/interaction_perf_v2_beta_nontrivial/checkpoints/epoch__e150/recap/trial_2/model.pt
epoch__e150,epoch_budget,2,citeseer,0.9004112894764452,0.4269763159576329,"{""assignment_entropy_lower"": 0.45, ""assignment_entropy_upper"": 0.85, ""beta"": 0.02, ""cluster_init_gain"": 2.0, ""epochs"": 150, ""knn_k"": 20, ""lambda_E"": 0.1, ""lambda_H"": 0.2, ""lambda_bal"": 0.0, ""lambda_usage_entropy"": 0.25, ""num_clusters"": 28, ""num_hops"": 4, ""tau_c"": 0.3, ""tau_s"": 0.08, ""usage_entropy_lower"": 0.65, ""usage_entropy_upper"": 0.9}",/autodl-fs/data/recap/tuning_hyperparams/interaction_tuning/results/interaction_perf_v2_beta_nontrivial/checkpoints/epoch__e150/recap/trial_2/model.pt
epoch__e150,epoch_budget,2,ACM,0.7857167860240756,0.37735263801975816,"{""assignment_entropy_lower"": 0.45, ""assignment_entropy_upper"": 0.85, ""beta"": 0.02, ""cluster_init_gain"": 2.0, ""epochs"": 150, ""knn_k"": 20, ""lambda_E"": 0.1, ""lambda_H"": 0.2, ""lambda_bal"": 0.0, ""lambda_usage_entropy"": 0.25, ""num_clusters"": 28, ""num_hops"": 4, ""tau_c"": 0.3, ""tau_s"": 0.08, ""usage_entropy_lower"": 0.65, ""usage_entropy_upper"": 0.9}",/autodl-fs/data/recap/tuning_hyperparams/interaction_tuning/results/interaction_perf_v2_beta_nontrivial/checkpoints/epoch__e150/recap/trial_2/model.pt
epoch__e150,epoch_budget,2,BlogCatalog,0.7247841775599129,0.3235747357025764,"{""assignment_entropy_lower"": 0.45, ""assignment_entropy_upper"": 0.85, ""beta"": 0.02, ""cluster_init_gain"": 2.0, ""epochs"": 150, ""knn_k"": 20, ""lambda_E"": 0.1, ""lambda_H"": 0.2, ""lambda_bal"": 0.0, ""lambda_usage_entropy"": 0.25, ""num_clusters"": 28, ""num_hops"": 4, ""tau_c"": 0.3, ""tau_s"": 0.08, ""usage_entropy_lower"": 0.65, ""usage_entropy_upper"": 0.9}",/autodl-fs/data/recap/tuning_hyperparams/interaction_tuning/results/interaction_perf_v2_beta_nontrivial/checkpoints/epoch__e150/recap/trial_2/model.pt
epoch__e150,epoch_budget,2,weibo,0.766252768981779,0.32351622908756184,"{""assignment_entropy_lower"": 0.45, ""assignment_entropy_upper"": 0.85, ""beta"": 0.02, ""cluster_init_gain"": 2.0, ""epochs"": 150, ""knn_k"": 20, ""lambda_E"": 0.1, ""lambda_H"": 0.2, ""lambda_bal"": 0.0, ""lambda_usage_entropy"": 0.25, ""num_clusters"": 28, ""num_hops"": 4, ""tau_c"": 0.3, ""tau_s"": 0.08, ""usage_entropy_lower"": 0.65, ""usage_entropy_upper"": 0.9}",/autodl-fs/data/recap/tuning_hyperparams/interaction_tuning/results/interaction_perf_v2_beta_nontrivial/checkpoints/epoch__e150/recap/trial_2/model.pt
epoch__e150,epoch_budget,2,Reddit,0.5819768626736535,0.04343193096552384,"{""assignment_entropy_lower"": 0.45, ""assignment_entropy_upper"": 0.85, ""beta"": 0.02, ""cluster_init_gain"": 2.0, ""epochs"": 150, ""knn_k"": 20, ""lambda_E"": 0.1, ""lambda_H"": 0.2, ""lambda_bal"": 0.0, ""lambda_usage_entropy"": 0.25, ""num_clusters"": 28, ""num_hops"": 4, ""tau_c"": 0.3, ""tau_s"": 0.08, ""usage_entropy_lower"": 0.65, ""usage_entropy_upper"": 0.9}",/autodl-fs/data/recap/tuning_hyperparams/interaction_tuning/results/interaction_perf_v2_beta_nontrivial/checkpoints/epoch__e150/recap/trial_2/model.pt
epoch__e150,epoch_budget,2,Amazon,0.7293979409182432,0.13140714644047213,"{""assignment_entropy_lower"": 0.45, ""assignment_entropy_upper"": 0.85, ""beta"": 0.02, ""cluster_init_gain"": 2.0, ""epochs"": 150, ""knn_k"": 20, ""lambda_E"": 0.1, ""lambda_H"": 0.2, ""lambda_bal"": 0.0, ""lambda_usage_entropy"": 0.25, ""num_clusters"": 28, ""num_hops"": 4, ""tau_c"": 0.3, ""tau_s"": 0.08, ""usage_entropy_lower"": 0.65, ""usage_entropy_upper"": 0.9}",/autodl-fs/data/recap/tuning_hyperparams/interaction_tuning/results/interaction_perf_v2_beta_nontrivial/checkpoints/epoch__e150/recap/trial_2/model.pt
perf__light_lH01_lU01,regularization_profile,0,Facebook,0.5965530303030304,0.05410600433590432,"{""assignment_entropy_lower"": 0.45, ""assignment_entropy_upper"": 0.85, ""beta"": 0.02, ""cluster_init_gain"": 1.5, ""epochs"": 100, ""knn_k"": 20, ""lambda_E"": 0.1, ""lambda_H"": 0.1, ""lambda_bal"": 0.0, ""lambda_usage_entropy"": 0.1, ""num_clusters"": 28, ""num_hops"": 4, ""tau_c"": 0.3, ""tau_s"": 0.08, ""usage_entropy_lower"": 0.65, ""usage_entropy_upper"": 0.9}",/autodl-fs/data/recap/tuning_hyperparams/interaction_tuning/results/interaction_perf_v2_beta_nontrivial/checkpoints/perf__light_lH01_lU01/recap/trial_0/model.pt
perf__light_lH01_lU01,regularization_profile,0,cora,0.8186995048214751,0.4144155375926153,"{""assignment_entropy_lower"": 0.45, ""assignment_entropy_upper"": 0.85, ""beta"": 0.02, ""cluster_init_gain"": 1.5, ""epochs"": 100, ""knn_k"": 20, ""lambda_E"": 0.1, ""lambda_H"": 0.1, ""lambda_bal"": 0.0, ""lambda_usage_entropy"": 0.1, ""num_clusters"": 28, ""num_hops"": 4, ""tau_c"": 0.3, ""tau_s"": 0.08, ""usage_entropy_lower"": 0.65, ""usage_entropy_upper"": 0.9}",/autodl-fs/data/recap/tuning_hyperparams/interaction_tuning/results/interaction_perf_v2_beta_nontrivial/checkpoints/perf__light_lH01_lU01/recap/trial_0/model.pt
perf__light_lH01_lU01,regularization_profile,0,citeseer,0.9043500157381178,0.47192171850680953,"{""assignment_entropy_lower"": 0.45, ""assignment_entropy_upper"": 0.85, ""beta"": 0.02, ""cluster_init_gain"": 1.5, ""epochs"": 100, ""knn_k"": 20, ""lambda_E"": 0.1, ""lambda_H"": 0.1, ""lambda_bal"": 0.0, ""lambda_usage_entropy"": 0.1, ""num_clusters"": 28, ""num_hops"": 4, ""tau_c"": 0.3, ""tau_s"": 0.08, ""usage_entropy_lower"": 0.65, ""usage_entropy_upper"": 0.9}",/autodl-fs/data/recap/tuning_hyperparams/interaction_tuning/results/interaction_perf_v2_beta_nontrivial/checkpoints/perf__light_lH01_lU01/recap/trial_0/model.pt
perf__light_lH01_lU01,regularization_profile,0,ACM,0.7851260878362143,0.36667692345971625,"{""assignment_entropy_lower"": 0.45, ""assignment_entropy_upper"": 0.85, ""beta"": 0.02, ""cluster_init_gain"": 1.5, ""epochs"": 100, ""knn_k"": 20, ""lambda_E"": 0.1, ""lambda_H"": 0.1, ""lambda_bal"": 0.0, ""lambda_usage_entropy"": 0.1, ""num_clusters"": 28, ""num_hops"": 4, ""tau_c"": 0.3, ""tau_s"": 0.08, ""usage_entropy_lower"": 0.65, ""usage_entropy_upper"": 0.9}",/autodl-fs/data/recap/tuning_hyperparams/interaction_tuning/results/interaction_perf_v2_beta_nontrivial/checkpoints/perf__light_lH01_lU01/recap/trial_0/model.pt
perf__light_lH01_lU01,regularization_profile,0,BlogCatalog,0.7334773284313726,0.3327753941035413,"{""assignment_entropy_lower"": 0.45, ""assignment_entropy_upper"": 0.85, ""beta"": 0.02, ""cluster_init_gain"": 1.5, ""epochs"": 100, ""knn_k"": 20, ""lambda_E"": 0.1, ""lambda_H"": 0.1, ""lambda_bal"": 0.0, ""lambda_usage_entropy"": 0.1, ""num_clusters"": 28, ""num_hops"": 4, ""tau_c"": 0.3, ""tau_s"": 0.08, ""usage_entropy_lower"": 0.65, ""usage_entropy_upper"": 0.9}",/autodl-fs/data/recap/tuning_hyperparams/interaction_tuning/results/interaction_perf_v2_beta_nontrivial/checkpoints/perf__light_lH01_lU01/recap/trial_0/model.pt
perf__light_lH01_lU01,regularization_profile,0,weibo,0.7592220162406169,0.3119406519206276,"{""assignment_entropy_lower"": 0.45, ""assignment_entropy_upper"": 0.85, ""beta"": 0.02, ""cluster_init_gain"": 1.5, ""epochs"": 100, ""knn_k"": 20, ""lambda_E"": 0.1, ""lambda_H"": 0.1, ""lambda_bal"": 0.0, ""lambda_usage_entropy"": 0.1, ""num_clusters"": 28, ""num_hops"": 4, ""tau_c"": 0.3, ""tau_s"": 0.08, ""usage_entropy_lower"": 0.65, ""usage_entropy_upper"": 0.9}",/autodl-fs/data/recap/tuning_hyperparams/interaction_tuning/results/interaction_perf_v2_beta_nontrivial/checkpoints/perf__light_lH01_lU01/recap/trial_0/model.pt
perf__light_lH01_lU01,regularization_profile,0,Reddit,0.5883716896866543,0.04641889168119766,"{""assignment_entropy_lower"": 0.45, ""assignment_entropy_upper"": 0.85, ""beta"": 0.02, ""cluster_init_gain"": 1.5, ""epochs"": 100, ""knn_k"": 20, ""lambda_E"": 0.1, ""lambda_H"": 0.1, ""lambda_bal"": 0.0, ""lambda_usage_entropy"": 0.1, ""num_clusters"": 28, ""num_hops"": 4, ""tau_c"": 0.3, ""tau_s"": 0.08, ""usage_entropy_lower"": 0.65, ""usage_entropy_upper"": 0.9}",/autodl-fs/data/recap/tuning_hyperparams/interaction_tuning/results/interaction_perf_v2_beta_nontrivial/checkpoints/perf__light_lH01_lU01/recap/trial_0/model.pt
perf__light_lH01_lU01,regularization_profile,0,Amazon,0.7336992388928176,0.13696274273297185,"{""assignment_entropy_lower"": 0.45, ""assignment_entropy_upper"": 0.85, ""beta"": 0.02, ""cluster_init_gain"": 1.5, ""epochs"": 100, ""knn_k"": 20, ""lambda_E"": 0.1, ""lambda_H"": 0.1, ""lambda_bal"": 0.0, ""lambda_usage_entropy"": 0.1, ""num_clusters"": 28, ""num_hops"": 4, ""tau_c"": 0.3, ""tau_s"": 0.08, ""usage_entropy_lower"": 0.65, ""usage_entropy_upper"": 0.9}",/autodl-fs/data/recap/tuning_hyperparams/interaction_tuning/results/interaction_perf_v2_beta_nontrivial/checkpoints/perf__light_lH01_lU01/recap/trial_0/model.pt
perf__light_lH01_lU01,regularization_profile,1,Facebook,0.603939393939394,0.04994364694111463,"{""assignment_entropy_lower"": 0.45, ""assignment_entropy_upper"": 0.85, ""beta"": 0.02, ""cluster_init_gain"": 1.5, ""epochs"": 100, ""knn_k"": 20, ""lambda_E"": 0.1, ""lambda_H"": 0.1, ""lambda_bal"": 0.0, ""lambda_usage_entropy"": 0.1, ""num_clusters"": 28, ""num_hops"": 4, ""tau_c"": 0.3, ""tau_s"": 0.08, ""usage_entropy_lower"": 0.65, ""usage_entropy_upper"": 0.9}",/autodl-fs/data/recap/tuning_hyperparams/interaction_tuning/results/interaction_perf_v2_beta_nontrivial/checkpoints/perf__light_lH01_lU01/recap/trial_1/model.pt
perf__light_lH01_lU01,regularization_profile,1,cora,0.8225045608548346,0.42022582387866664,"{""assignment_entropy_lower"": 0.45, ""assignment_entropy_upper"": 0.85, ""beta"": 0.02, ""cluster_init_gain"": 1.5, ""epochs"": 100, ""knn_k"": 20, ""lambda_E"": 0.1, ""lambda_H"": 0.1, ""lambda_bal"": 0.0, ""lambda_usage_entropy"": 0.1, ""num_clusters"": 28, ""num_hops"": 4, ""tau_c"": 0.3, ""tau_s"": 0.08, ""usage_entropy_lower"": 0.65, ""usage_entropy_upper"": 0.9}",/autodl-fs/data/recap/tuning_hyperparams/interaction_tuning/results/interaction_perf_v2_beta_nontrivial/checkpoints/perf__light_lH01_lU01/recap/trial_1/model.pt
perf__light_lH01_lU01,regularization_profile,1,citeseer,0.8988741999790157,0.46254256303780383,"{""assignment_entropy_lower"": 0.45, ""assignment_entropy_upper"": 0.85, ""beta"": 0.02, ""cluster_init_gain"": 1.5, ""epochs"": 100, ""knn_k"": 20, ""lambda_E"": 0.1, ""lambda_H"": 0.1, ""lambda_bal"": 0.0, ""lambda_usage_entropy"": 0.1, ""num_clusters"": 28, ""num_hops"": 4, ""tau_c"": 0.3, ""tau_s"": 0.08, ""usage_entropy_lower"": 0.65, ""usage_entropy_upper"": 0.9}",/autodl-fs/data/recap/tuning_hyperparams/interaction_tuning/results/interaction_perf_v2_beta_nontrivial/checkpoints/perf__light_lH01_lU01/recap/trial_1/model.pt
perf__light_lH01_lU01,regularization_profile,1,ACM,0.7720503864236311,0.36865133137893186,"{""assignment_entropy_lower"": 0.45, ""assignment_entropy_upper"": 0.85, ""beta"": 0.02, ""cluster_init_gain"": 1.5, ""epochs"": 100, ""knn_k"": 20, ""lambda_E"": 0.1, ""lambda_H"": 0.1, ""lambda_bal"": 0.0, ""lambda_usage_entropy"": 0.1, ""num_clusters"": 28, ""num_hops"": 4, ""tau_c"": 0.3, ""tau_s"": 0.08, ""usage_entropy_lower"": 0.65, ""usage_entropy_upper"": 0.9}",/autodl-fs/data/recap/tuning_hyperparams/interaction_tuning/results/interaction_perf_v2_beta_nontrivial/checkpoints/perf__light_lH01_lU01/recap/trial_1/model.pt
perf__light_lH01_lU01,regularization_profile,1,BlogCatalog,0.7253999863834423,0.3257437271685638,"{""assignment_entropy_lower"": 0.45, ""assignment_entropy_upper"": 0.85, ""beta"": 0.02, ""cluster_init_gain"": 1.5, ""epochs"": 100, ""knn_k"": 20, ""lambda_E"": 0.1, ""lambda_H"": 0.1, ""lambda_bal"": 0.0, ""lambda_usage_entropy"": 0.1, ""num_clusters"": 28, ""num_hops"": 4, ""tau_c"": 0.3, ""tau_s"": 0.08, ""usage_entropy_lower"": 0.65, ""usage_entropy_upper"": 0.9}",/autodl-fs/data/recap/tuning_hyperparams/interaction_tuning/results/interaction_perf_v2_beta_nontrivial/checkpoints/perf__light_lH01_lU01/recap/trial_1/model.pt
perf__light_lH01_lU01,regularization_profile,1,weibo,0.7321884081541813,0.30597048940355354,"{""assignment_entropy_lower"": 0.45, ""assignment_entropy_upper"": 0.85, ""beta"": 0.02, ""cluster_init_gain"": 1.5, ""epochs"": 100, ""knn_k"": 20, ""lambda_E"": 0.1, ""lambda_H"": 0.1, ""lambda_bal"": 0.0, ""lambda_usage_entropy"": 0.1, ""num_clusters"": 28, ""num_hops"": 4, ""tau_c"": 0.3, ""tau_s"": 0.08, ""usage_entropy_lower"": 0.65, ""usage_entropy_upper"": 0.9}",/autodl-fs/data/recap/tuning_hyperparams/interaction_tuning/results/interaction_perf_v2_beta_nontrivial/checkpoints/perf__light_lH01_lU01/recap/trial_1/model.pt
perf__light_lH01_lU01,regularization_profile,1,Reddit,0.5897282890071196,0.04630641473370692,"{""assignment_entropy_lower"": 0.45, ""assignment_entropy_upper"": 0.85, ""beta"": 0.02, ""cluster_init_gain"": 1.5, ""epochs"": 100, ""knn_k"": 20, ""lambda_E"": 0.1, ""lambda_H"": 0.1, ""lambda_bal"": 0.0, ""lambda_usage_entropy"": 0.1, ""num_clusters"": 28, ""num_hops"": 4, ""tau_c"": 0.3, ""tau_s"": 0.08, ""usage_entropy_lower"": 0.65, ""usage_entropy_upper"": 0.9}",/autodl-fs/data/recap/tuning_hyperparams/interaction_tuning/results/interaction_perf_v2_beta_nontrivial/checkpoints/perf__light_lH01_lU01/recap/trial_1/model.pt
perf__light_lH01_lU01,regularization_profile,1,Amazon,0.6974022491806565,0.11924877744870761,"{""assignment_entropy_lower"": 0.45, ""assignment_entropy_upper"": 0.85, ""beta"": 0.02, ""cluster_init_gain"": 1.5, ""epochs"": 100, ""knn_k"": 20, ""lambda_E"": 0.1, ""lambda_H"": 0.1, ""lambda_bal"": 0.0, ""lambda_usage_entropy"": 0.1, ""num_clusters"": 28, ""num_hops"": 4, ""tau_c"": 0.3, ""tau_s"": 0.08, ""usage_entropy_lower"": 0.65, ""usage_entropy_upper"": 0.9}",/autodl-fs/data/recap/tuning_hyperparams/interaction_tuning/results/interaction_perf_v2_beta_nontrivial/checkpoints/perf__light_lH01_lU01/recap/trial_1/model.pt
perf__light_lH01_lU01,regularization_profile,2,Facebook,0.5798484848484848,0.03368239818705026,"{""assignment_entropy_lower"": 0.45, ""assignment_entropy_upper"": 0.85, ""beta"": 0.02, ""cluster_init_gain"": 1.5, ""epochs"": 100, ""knn_k"": 20, ""lambda_E"": 0.1, ""lambda_H"": 0.1, ""lambda_bal"": 0.0, ""lambda_usage_entropy"": 0.1, ""num_clusters"": 28, ""num_hops"": 4, ""tau_c"": 0.3, ""tau_s"": 0.08, ""usage_entropy_lower"": 0.65, ""usage_entropy_upper"": 0.9}",/autodl-fs/data/recap/tuning_hyperparams/interaction_tuning/results/interaction_perf_v2_beta_nontrivial/checkpoints/perf__light_lH01_lU01/recap/trial_2/model.pt
perf__light_lH01_lU01,regularization_profile,2,cora,0.8184649465728433,0.3999666813220222,"{""assignment_entropy_lower"": 0.45, ""assignment_entropy_upper"": 0.85, ""beta"": 0.02, ""cluster_init_gain"": 1.5, ""epochs"": 100, ""knn_k"": 20, ""lambda_E"": 0.1, ""lambda_H"": 0.1, ""lambda_bal"": 0.0, ""lambda_usage_entropy"": 0.1, ""num_clusters"": 28, ""num_hops"": 4, ""tau_c"": 0.3, ""tau_s"": 0.08, ""usage_entropy_lower"": 0.65, ""usage_entropy_upper"": 0.9}",/autodl-fs/data/recap/tuning_hyperparams/interaction_tuning/results/interaction_perf_v2_beta_nontrivial/checkpoints/perf__light_lH01_lU01/recap/trial_2/model.pt
perf__light_lH01_lU01,regularization_profile,2,citeseer,0.9073633406777882,0.44265542945364905,"{""assignment_entropy_lower"": 0.45, ""assignment_entropy_upper"": 0.85, ""beta"": 0.02, ""cluster_init_gain"": 1.5, ""epochs"": 100, ""knn_k"": 20, ""lambda_E"": 0.1, ""lambda_H"": 0.1, ""lambda_bal"": 0.0, ""lambda_usage_entropy"": 0.1, ""num_clusters"": 28, ""num_hops"": 4, ""tau_c"": 0.3, ""tau_s"": 0.08, ""usage_entropy_lower"": 0.65, ""usage_entropy_upper"": 0.9}",/autodl-fs/data/recap/tuning_hyperparams/interaction_tuning/results/interaction_perf_v2_beta_nontrivial/checkpoints/perf__light_lH01_lU01/recap/trial_2/model.pt
perf__light_lH01_lU01,regularization_profile,2,ACM,0.7809189249999394,0.371464648814896,"{""assignment_entropy_lower"": 0.45, ""assignment_entropy_upper"": 0.85, ""beta"": 0.02, ""cluster_init_gain"": 1.5, ""epochs"": 100, ""knn_k"": 20, ""lambda_E"": 0.1, ""lambda_H"": 0.1, ""lambda_bal"": 0.0, ""lambda_usage_entropy"": 0.1, ""num_clusters"": 28, ""num_hops"": 4, ""tau_c"": 0.3, ""tau_s"": 0.08, ""usage_entropy_lower"": 0.65, ""usage_entropy_upper"": 0.9}",/autodl-fs/data/recap/tuning_hyperparams/interaction_tuning/results/interaction_perf_v2_beta_nontrivial/checkpoints/perf__light_lH01_lU01/recap/trial_2/model.pt
perf__light_lH01_lU01,regularization_profile,2,BlogCatalog,0.7411124727668845,0.32984549560996995,"{""assignment_entropy_lower"": 0.45, ""assignment_entropy_upper"": 0.85, ""beta"": 0.02, ""cluster_init_gain"": 1.5, ""epochs"": 100, ""knn_k"": 20, ""lambda_E"": 0.1, ""lambda_H"": 0.1, ""lambda_bal"": 0.0, ""lambda_usage_entropy"": 0.1, ""num_clusters"": 28, ""num_hops"": 4, ""tau_c"": 0.3, ""tau_s"": 0.08, ""usage_entropy_lower"": 0.65, ""usage_entropy_upper"": 0.9}",/autodl-fs/data/recap/tuning_hyperparams/interaction_tuning/results/interaction_perf_v2_beta_nontrivial/checkpoints/perf__light_lH01_lU01/recap/trial_2/model.pt
perf__light_lH01_lU01,regularization_profile,2,weibo,0.7313162132863436,0.3085530774454009,"{""assignment_entropy_lower"": 0.45, ""assignment_entropy_upper"": 0.85, ""beta"": 0.02, ""cluster_init_gain"": 1.5, ""epochs"": 100, ""knn_k"": 20, ""lambda_E"": 0.1, ""lambda_H"": 0.1, ""lambda_bal"": 0.0, ""lambda_usage_entropy"": 0.1, ""num_clusters"": 28, ""num_hops"": 4, ""tau_c"": 0.3, ""tau_s"": 0.08, ""usage_entropy_lower"": 0.65, ""usage_entropy_upper"": 0.9}",/autodl-fs/data/recap/tuning_hyperparams/interaction_tuning/results/interaction_perf_v2_beta_nontrivial/checkpoints/perf__light_lH01_lU01/recap/trial_2/model.pt
perf__light_lH01_lU01,regularization_profile,2,Reddit,0.5892337169483309,0.04590368563384363,"{""assignment_entropy_lower"": 0.45, ""assignment_entropy_upper"": 0.85, ""beta"": 0.02, ""cluster_init_gain"": 1.5, ""epochs"": 100, ""knn_k"": 20, ""lambda_E"": 0.1, ""lambda_H"": 0.1, ""lambda_bal"": 0.0, ""lambda_usage_entropy"": 0.1, ""num_clusters"": 28, ""num_hops"": 4, ""tau_c"": 0.3, ""tau_s"": 0.08, ""usage_entropy_lower"": 0.65, ""usage_entropy_upper"": 0.9}",/autodl-fs/data/recap/tuning_hyperparams/interaction_tuning/results/interaction_perf_v2_beta_nontrivial/checkpoints/perf__light_lH01_lU01/recap/trial_2/model.pt
perf__light_lH01_lU01,regularization_profile,2,Amazon,0.7194076048341077,0.12693520054699123,"{""assignment_entropy_lower"": 0.45, ""assignment_entropy_upper"": 0.85, ""beta"": 0.02, ""cluster_init_gain"": 1.5, ""epochs"": 100, ""knn_k"": 20, ""lambda_E"": 0.1, ""lambda_H"": 0.1, ""lambda_bal"": 0.0, ""lambda_usage_entropy"": 0.1, ""num_clusters"": 28, ""num_hops"": 4, ""tau_c"": 0.3, ""tau_s"": 0.08, ""usage_entropy_lower"": 0.65, ""usage_entropy_upper"": 0.9}",/autodl-fs/data/recap/tuning_hyperparams/interaction_tuning/results/interaction_perf_v2_beta_nontrivial/checkpoints/perf__light_lH01_lU01/recap/trial_2/model.pt
perf__light_lH02_lU01,regularization_profile,0,Facebook,0.5961742424242424,0.038999193328773815,"{""assignment_entropy_lower"": 0.45, ""assignment_entropy_upper"": 0.85, ""beta"": 0.02, ""cluster_init_gain"": 2.0, ""epochs"": 100, ""knn_k"": 20, ""lambda_E"": 0.1, ""lambda_H"": 0.2, ""lambda_bal"": 0.0, ""lambda_usage_entropy"": 0.1, ""num_clusters"": 28, ""num_hops"": 4, ""tau_c"": 0.3, ""tau_s"": 0.08, ""usage_entropy_lower"": 0.65, ""usage_entropy_upper"": 0.9}",/autodl-fs/data/recap/tuning_hyperparams/interaction_tuning/results/interaction_perf_v2_beta_nontrivial/checkpoints/perf__light_lH02_lU01/recap/trial_0/model.pt
perf__light_lH02_lU01,regularization_profile,0,cora,0.8181078967943707,0.39289598943830456,"{""assignment_entropy_lower"": 0.45, ""assignment_entropy_upper"": 0.85, ""beta"": 0.02, ""cluster_init_gain"": 2.0, ""epochs"": 100, ""knn_k"": 20, ""lambda_E"": 0.1, ""lambda_H"": 0.2, ""lambda_bal"": 0.0, ""lambda_usage_entropy"": 0.1, ""num_clusters"": 28, ""num_hops"": 4, ""tau_c"": 0.3, ""tau_s"": 0.08, ""usage_entropy_lower"": 0.65, ""usage_entropy_upper"": 0.9}",/autodl-fs/data/recap/tuning_hyperparams/interaction_tuning/results/interaction_perf_v2_beta_nontrivial/checkpoints/perf__light_lH02_lU01/recap/trial_0/model.pt
perf__light_lH02_lU01,regularization_profile,0,citeseer,0.8972636659322212,0.4126367087670614,"{""assignment_entropy_lower"": 0.45, ""assignment_entropy_upper"": 0.85, ""beta"": 0.02, ""cluster_init_gain"": 2.0, ""epochs"": 100, ""knn_k"": 20, ""lambda_E"": 0.1, ""lambda_H"": 0.2, ""lambda_bal"": 0.0, ""lambda_usage_entropy"": 0.1, ""num_clusters"": 28, ""num_hops"": 4, ""tau_c"": 0.3, ""tau_s"": 0.08, ""usage_entropy_lower"": 0.65, ""usage_entropy_upper"": 0.9}",/autodl-fs/data/recap/tuning_hyperparams/interaction_tuning/results/interaction_perf_v2_beta_nontrivial/checkpoints/perf__light_lH02_lU01/recap/trial_0/model.pt
perf__light_lH02_lU01,regularization_profile,0,ACM,0.7834168851011103,0.36730209477953574,"{""assignment_entropy_lower"": 0.45, ""assignment_entropy_upper"": 0.85, ""beta"": 0.02, ""cluster_init_gain"": 2.0, ""epochs"": 100, ""knn_k"": 20, ""lambda_E"": 0.1, ""lambda_H"": 0.2, ""lambda_bal"": 0.0, ""lambda_usage_entropy"": 0.1, ""num_clusters"": 28, ""num_hops"": 4, ""tau_c"": 0.3, ""tau_s"": 0.08, ""usage_entropy_lower"": 0.65, ""usage_entropy_upper"": 0.9}",/autodl-fs/data/recap/tuning_hyperparams/interaction_tuning/results/interaction_perf_v2_beta_nontrivial/checkpoints/perf__light_lH02_lU01/recap/trial_0/model.pt
perf__light_lH02_lU01,regularization_profile,0,BlogCatalog,0.7069471677559912,0.31262473880659514,"{""assignment_entropy_lower"": 0.45, ""assignment_entropy_upper"": 0.85, ""beta"": 0.02, ""cluster_init_gain"": 2.0, ""epochs"": 100, ""knn_k"": 20, ""lambda_E"": 0.1, ""lambda_H"": 0.2, ""lambda_bal"": 0.0, ""lambda_usage_entropy"": 0.1, ""num_clusters"": 28, ""num_hops"": 4, ""tau_c"": 0.3, ""tau_s"": 0.08, ""usage_entropy_lower"": 0.65, ""usage_entropy_upper"": 0.9}",/autodl-fs/data/recap/tuning_hyperparams/interaction_tuning/results/interaction_perf_v2_beta_nontrivial/checkpoints/perf__light_lH02_lU01/recap/trial_0/model.pt
perf__light_lH02_lU01,regularization_profile,0,weibo,0.7606496888774212,0.3277805106080659,"{""assignment_entropy_lower"": 0.45, ""assignment_entropy_upper"": 0.85, ""beta"": 0.02, ""cluster_init_gain"": 2.0, ""epochs"": 100, ""knn_k"": 20, ""lambda_E"": 0.1, ""lambda_H"": 0.2, ""lambda_bal"": 0.0, ""lambda_usage_entropy"": 0.1, ""num_clusters"": 28, ""num_hops"": 4, ""tau_c"": 0.3, ""tau_s"": 0.08, ""usage_entropy_lower"": 0.65, ""usage_entropy_upper"": 0.9}",/autodl-fs/data/recap/tuning_hyperparams/interaction_tuning/results/interaction_perf_v2_beta_nontrivial/checkpoints/perf__light_lH02_lU01/recap/trial_0/model.pt
perf__light_lH02_lU01,regularization_profile,0,Reddit,0.5839316059850939,0.04500971994321001,"{""assignment_entropy_lower"": 0.45, ""assignment_entropy_upper"": 0.85, ""beta"": 0.02, ""cluster_init_gain"": 2.0, ""epochs"": 100, ""knn_k"": 20, ""lambda_E"": 0.1, ""lambda_H"": 0.2, ""lambda_bal"": 0.0, ""lambda_usage_entropy"": 0.1, ""num_clusters"": 28, ""num_hops"": 4, ""tau_c"": 0.3, ""tau_s"": 0.08, ""usage_entropy_lower"": 0.65, ""usage_entropy_upper"": 0.9}",/autodl-fs/data/recap/tuning_hyperparams/interaction_tuning/results/interaction_perf_v2_beta_nontrivial/checkpoints/perf__light_lH02_lU01/recap/trial_0/model.pt
perf__light_lH02_lU01,regularization_profile,0,Amazon,0.7251341903529502,0.13186536028373047,"{""assignment_entropy_lower"": 0.45, ""assignment_entropy_upper"": 0.85, ""beta"": 0.02, ""cluster_init_gain"": 2.0, ""epochs"": 100, ""knn_k"": 20, ""lambda_E"": 0.1, ""lambda_H"": 0.2, ""lambda_bal"": 0.0, ""lambda_usage_entropy"": 0.1, ""num_clusters"": 28, ""num_hops"": 4, ""tau_c"": 0.3, ""tau_s"": 0.08, ""usage_entropy_lower"": 0.65, ""usage_entropy_upper"": 0.9}",/autodl-fs/data/recap/tuning_hyperparams/interaction_tuning/results/interaction_perf_v2_beta_nontrivial/checkpoints/perf__light_lH02_lU01/recap/trial_0/model.pt
perf__light_lH02_lU01,regularization_profile,1,Facebook,0.5860984848484848,0.049525170773376814,"{""assignment_entropy_lower"": 0.45, ""assignment_entropy_upper"": 0.85, ""beta"": 0.02, ""cluster_init_gain"": 2.0, ""epochs"": 100, ""knn_k"": 20, ""lambda_E"": 0.1, ""lambda_H"": 0.2, ""lambda_bal"": 0.0, ""lambda_usage_entropy"": 0.1, ""num_clusters"": 28, ""num_hops"": 4, ""tau_c"": 0.3, ""tau_s"": 0.08, ""usage_entropy_lower"": 0.65, ""usage_entropy_upper"": 0.9}",/autodl-fs/data/recap/tuning_hyperparams/interaction_tuning/results/interaction_perf_v2_beta_nontrivial/checkpoints/perf__light_lH02_lU01/recap/trial_1/model.pt
perf__light_lH02_lU01,regularization_profile,1,cora,0.8216080271045088,0.41280278272156157,"{""assignment_entropy_lower"": 0.45, ""assignment_entropy_upper"": 0.85, ""beta"": 0.02, ""cluster_init_gain"": 2.0, ""epochs"": 100, ""knn_k"": 20, ""lambda_E"": 0.1, ""lambda_H"": 0.2, ""lambda_bal"": 0.0, ""lambda_usage_entropy"": 0.1, ""num_clusters"": 28, ""num_hops"": 4, ""tau_c"": 0.3, ""tau_s"": 0.08, ""usage_entropy_lower"": 0.65, ""usage_entropy_upper"": 0.9}",/autodl-fs/data/recap/tuning_hyperparams/interaction_tuning/results/interaction_perf_v2_beta_nontrivial/checkpoints/perf__light_lH02_lU01/recap/trial_1/model.pt
perf__light_lH02_lU01,regularization_profile,1,citeseer,0.9002140384010074,0.4701290849666982,"{""assignment_entropy_lower"": 0.45, ""assignment_entropy_upper"": 0.85, ""beta"": 0.02, ""cluster_init_gain"": 2.0, ""epochs"": 100, ""knn_k"": 20, ""lambda_E"": 0.1, ""lambda_H"": 0.2, ""lambda_bal"": 0.0, ""lambda_usage_entropy"": 0.1, ""num_clusters"": 28, ""num_hops"": 4, ""tau_c"": 0.3, ""tau_s"": 0.08, ""usage_entropy_lower"": 0.65, ""usage_entropy_upper"": 0.9}",/autodl-fs/data/recap/tuning_hyperparams/interaction_tuning/results/interaction_perf_v2_beta_nontrivial/checkpoints/perf__light_lH02_lU01/recap/trial_1/model.pt
perf__light_lH02_lU01,regularization_profile,1,ACM,0.7705668667712791,0.36980593828810226,"{""assignment_entropy_lower"": 0.45, ""assignment_entropy_upper"": 0.85, ""beta"": 0.02, ""cluster_init_gain"": 2.0, ""epochs"": 100, ""knn_k"": 20, ""lambda_E"": 0.1, ""lambda_H"": 0.2, ""lambda_bal"": 0.0, ""lambda_usage_entropy"": 0.1, ""num_clusters"": 28, ""num_hops"": 4, ""tau_c"": 0.3, ""tau_s"": 0.08, ""usage_entropy_lower"": 0.65, ""usage_entropy_upper"": 0.9}",/autodl-fs/data/recap/tuning_hyperparams/interaction_tuning/results/interaction_perf_v2_beta_nontrivial/checkpoints/perf__light_lH02_lU01/recap/trial_1/model.pt
perf__light_lH02_lU01,regularization_profile,1,BlogCatalog,0.723421160130719,0.3257832139918227,"{""assignment_entropy_lower"": 0.45, ""assignment_entropy_upper"": 0.85, ""beta"": 0.02, ""cluster_init_gain"": 2.0, ""epochs"": 100, ""knn_k"": 20, ""lambda_E"": 0.1, ""lambda_H"": 0.2, ""lambda_bal"": 0.0, ""lambda_usage_entropy"": 0.1, ""num_clusters"": 28, ""num_hops"": 4, ""tau_c"": 0.3, ""tau_s"": 0.08, ""usage_entropy_lower"": 0.65, ""usage_entropy_upper"": 0.9}",/autodl-fs/data/recap/tuning_hyperparams/interaction_tuning/results/interaction_perf_v2_beta_nontrivial/checkpoints/perf__light_lH02_lU01/recap/trial_1/model.pt
perf__light_lH02_lU01,regularization_profile,1,weibo,0.7293236622523965,0.3041765585175405,"{""assignment_entropy_lower"": 0.45, ""assignment_entropy_upper"": 0.85, ""beta"": 0.02, ""cluster_init_gain"": 2.0, ""epochs"": 100, ""knn_k"": 20, ""lambda_E"": 0.1, ""lambda_H"": 0.2, ""lambda_bal"": 0.0, ""lambda_usage_entropy"": 0.1, ""num_clusters"": 28, ""num_hops"": 4, ""tau_c"": 0.3, ""tau_s"": 0.08, ""usage_entropy_lower"": 0.65, ""usage_entropy_upper"": 0.9}",/autodl-fs/data/recap/tuning_hyperparams/interaction_tuning/results/interaction_perf_v2_beta_nontrivial/checkpoints/perf__light_lH02_lU01/recap/trial_1/model.pt
perf__light_lH02_lU01,regularization_profile,1,Reddit,0.5896119796571859,0.046746955732246166,"{""assignment_entropy_lower"": 0.45, ""assignment_entropy_upper"": 0.85, ""beta"": 0.02, ""cluster_init_gain"": 2.0, ""epochs"": 100, ""knn_k"": 20, ""lambda_E"": 0.1, ""lambda_H"": 0.2, ""lambda_bal"": 0.0, ""lambda_usage_entropy"": 0.1, ""num_clusters"": 28, ""num_hops"": 4, ""tau_c"": 0.3, ""tau_s"": 0.08, ""usage_entropy_lower"": 0.65, ""usage_entropy_upper"": 0.9}",/autodl-fs/data/recap/tuning_hyperparams/interaction_tuning/results/interaction_perf_v2_beta_nontrivial/checkpoints/perf__light_lH02_lU01/recap/trial_1/model.pt
perf__light_lH02_lU01,regularization_profile,1,Amazon,0.7069184735221877,0.12389325611337439,"{""assignment_entropy_lower"": 0.45, ""assignment_entropy_upper"": 0.85, ""beta"": 0.02, ""cluster_init_gain"": 2.0, ""epochs"": 100, ""knn_k"": 20, ""lambda_E"": 0.1, ""lambda_H"": 0.2, ""lambda_bal"": 0.0, ""lambda_usage_entropy"": 0.1, ""num_clusters"": 28, ""num_hops"": 4, ""tau_c"": 0.3, ""tau_s"": 0.08, ""usage_entropy_lower"": 0.65, ""usage_entropy_upper"": 0.9}",/autodl-fs/data/recap/tuning_hyperparams/interaction_tuning/results/interaction_perf_v2_beta_nontrivial/checkpoints/perf__light_lH02_lU01/recap/trial_1/model.pt
perf__light_lH02_lU01,regularization_profile,2,Facebook,0.5878409090909091,0.03586294400321298,"{""assignment_entropy_lower"": 0.45, ""assignment_entropy_upper"": 0.85, ""beta"": 0.02, ""cluster_init_gain"": 2.0, ""epochs"": 100, ""knn_k"": 20, ""lambda_E"": 0.1, ""lambda_H"": 0.2, ""lambda_bal"": 0.0, ""lambda_usage_entropy"": 0.1, ""num_clusters"": 28, ""num_hops"": 4, ""tau_c"": 0.3, ""tau_s"": 0.08, ""usage_entropy_lower"": 0.65, ""usage_entropy_upper"": 0.9}",/autodl-fs/data/recap/tuning_hyperparams/interaction_tuning/results/interaction_perf_v2_beta_nontrivial/checkpoints/perf__light_lH02_lU01/recap/trial_2/model.pt
perf__light_lH02_lU01,regularization_profile,2,cora,0.8188689080010425,0.3963759315103293,"{""assignment_entropy_lower"": 0.45, ""assignment_entropy_upper"": 0.85, ""beta"": 0.02, ""cluster_init_gain"": 2.0, ""epochs"": 100, ""knn_k"": 20, ""lambda_E"": 0.1, ""lambda_H"": 0.2, ""lambda_bal"": 0.0, ""lambda_usage_entropy"": 0.1, ""num_clusters"": 28, ""num_hops"": 4, ""tau_c"": 0.3, ""tau_s"": 0.08, ""usage_entropy_lower"": 0.65, ""usage_entropy_upper"": 0.9}",/autodl-fs/data/recap/tuning_hyperparams/interaction_tuning/results/interaction_perf_v2_beta_nontrivial/checkpoints/perf__light_lH02_lU01/recap/trial_2/model.pt
perf__light_lH02_lU01,regularization_profile,2,citeseer,0.9027363340677789,0.4488187156581037,"{""assignment_entropy_lower"": 0.45, ""assignment_entropy_upper"": 0.85, ""beta"": 0.02, ""cluster_init_gain"": 2.0, ""epochs"": 100, ""knn_k"": 20, ""lambda_E"": 0.1, ""lambda_H"": 0.2, ""lambda_bal"": 0.0, ""lambda_usage_entropy"": 0.1, ""num_clusters"": 28, ""num_hops"": 4, ""tau_c"": 0.3, ""tau_s"": 0.08, ""usage_entropy_lower"": 0.65, ""usage_entropy_upper"": 0.9}",/autodl-fs/data/recap/tuning_hyperparams/interaction_tuning/results/interaction_perf_v2_beta_nontrivial/checkpoints/perf__light_lH02_lU01/recap/trial_2/model.pt
perf__light_lH02_lU01,regularization_profile,2,ACM,0.7862947793245406,0.37574661994759984,"{""assignment_entropy_lower"": 0.45, ""assignment_entropy_upper"": 0.85, ""beta"": 0.02, ""cluster_init_gain"": 2.0, ""epochs"": 100, ""knn_k"": 20, ""lambda_E"": 0.1, ""lambda_H"": 0.2, ""lambda_bal"": 0.0, ""lambda_usage_entropy"": 0.1, ""num_clusters"": 28, ""num_hops"": 4, ""tau_c"": 0.3, ""tau_s"": 0.08, ""usage_entropy_lower"": 0.65, ""usage_entropy_upper"": 0.9}",/autodl-fs/data/recap/tuning_hyperparams/interaction_tuning/results/interaction_perf_v2_beta_nontrivial/checkpoints/perf__light_lH02_lU01/recap/trial_2/model.pt
perf__light_lH02_lU01,regularization_profile,2,BlogCatalog,0.7314120370370369,0.3258496847507371,"{""assignment_entropy_lower"": 0.45, ""assignment_entropy_upper"": 0.85, ""beta"": 0.02, ""cluster_init_gain"": 2.0, ""epochs"": 100, ""knn_k"": 20, ""lambda_E"": 0.1, ""lambda_H"": 0.2, ""lambda_bal"": 0.0, ""lambda_usage_entropy"": 0.1, ""num_clusters"": 28, ""num_hops"": 4, ""tau_c"": 0.3, ""tau_s"": 0.08, ""usage_entropy_lower"": 0.65, ""usage_entropy_upper"": 0.9}",/autodl-fs/data/recap/tuning_hyperparams/interaction_tuning/results/interaction_perf_v2_beta_nontrivial/checkpoints/perf__light_lH02_lU01/recap/trial_2/model.pt
perf__light_lH02_lU01,regularization_profile,2,weibo,0.7606281362177008,0.3150494519965105,"{""assignment_entropy_lower"": 0.45, ""assignment_entropy_upper"": 0.85, ""beta"": 0.02, ""cluster_init_gain"": 2.0, ""epochs"": 100, ""knn_k"": 20, ""lambda_E"": 0.1, ""lambda_H"": 0.2, ""lambda_bal"": 0.0, ""lambda_usage_entropy"": 0.1, ""num_clusters"": 28, ""num_hops"": 4, ""tau_c"": 0.3, ""tau_s"": 0.08, ""usage_entropy_lower"": 0.65, ""usage_entropy_upper"": 0.9}",/autodl-fs/data/recap/tuning_hyperparams/interaction_tuning/results/interaction_perf_v2_beta_nontrivial/checkpoints/perf__light_lH02_lU01/recap/trial_2/model.pt
perf__light_lH02_lU01,regularization_profile,2,Reddit,0.5872029351127634,0.04544285734892138,"{""assignment_entropy_lower"": 0.45, ""assignment_entropy_upper"": 0.85, ""beta"": 0.02, ""cluster_init_gain"": 2.0, ""epochs"": 100, ""knn_k"": 20, ""lambda_E"": 0.1, ""lambda_H"": 0.2, ""lambda_bal"": 0.0, ""lambda_usage_entropy"": 0.1, ""num_clusters"": 28, ""num_hops"": 4, ""tau_c"": 0.3, ""tau_s"": 0.08, ""usage_entropy_lower"": 0.65, ""usage_entropy_upper"": 0.9}",/autodl-fs/data/recap/tuning_hyperparams/interaction_tuning/results/interaction_perf_v2_beta_nontrivial/checkpoints/perf__light_lH02_lU01/recap/trial_2/model.pt
perf__light_lH02_lU01,regularization_profile,2,Amazon,0.7281823435427464,0.12910119104427475,"{""assignment_entropy_lower"": 0.45, ""assignment_entropy_upper"": 0.85, ""beta"": 0.02, ""cluster_init_gain"": 2.0, ""epochs"": 100, ""knn_k"": 20, ""lambda_E"": 0.1, ""lambda_H"": 0.2, ""lambda_bal"": 0.0, ""lambda_usage_entropy"": 0.1, ""num_clusters"": 28, ""num_hops"": 4, ""tau_c"": 0.3, ""tau_s"": 0.08, ""usage_entropy_lower"": 0.65, ""usage_entropy_upper"": 0.9}",/autodl-fs/data/recap/tuning_hyperparams/interaction_tuning/results/interaction_perf_v2_beta_nontrivial/checkpoints/perf__light_lH02_lU01/recap/trial_2/model.pt
perf__mid_lH035_lU025,regularization_profile,0,Facebook,0.594280303030303,0.052646889548846325,"{""assignment_entropy_lower"": 0.45, ""assignment_entropy_upper"": 0.85, ""beta"": 0.02, ""cluster_init_gain"": 2.0, ""epochs"": 100, ""knn_k"": 20, ""lambda_E"": 0.1, ""lambda_H"": 0.35, ""lambda_bal"": 0.0, ""lambda_usage_entropy"": 0.25, ""num_clusters"": 28, ""num_hops"": 4, ""tau_c"": 0.3, ""tau_s"": 0.08, ""usage_entropy_lower"": 0.65, ""usage_entropy_upper"": 0.9}",/autodl-fs/data/recap/tuning_hyperparams/interaction_tuning/results/interaction_perf_v2_beta_nontrivial/checkpoints/perf__mid_lH035_lU025/recap/trial_0/model.pt
perf__mid_lH035_lU025,regularization_profile,0,cora,0.8203778994005735,0.41256719104834494,"{""assignment_entropy_lower"": 0.45, ""assignment_entropy_upper"": 0.85, ""beta"": 0.02, ""cluster_init_gain"": 2.0, ""epochs"": 100, ""knn_k"": 20, ""lambda_E"": 0.1, ""lambda_H"": 0.35, ""lambda_bal"": 0.0, ""lambda_usage_entropy"": 0.25, ""num_clusters"": 28, ""num_hops"": 4, ""tau_c"": 0.3, ""tau_s"": 0.08, ""usage_entropy_lower"": 0.65, ""usage_entropy_upper"": 0.9}",/autodl-fs/data/recap/tuning_hyperparams/interaction_tuning/results/interaction_perf_v2_beta_nontrivial/checkpoints/perf__mid_lH035_lU025/recap/trial_0/model.pt
perf__mid_lH035_lU025,regularization_profile,0,citeseer,0.9016703388941351,0.4381384376951972,"{""assignment_entropy_lower"": 0.45, ""assignment_entropy_upper"": 0.85, ""beta"": 0.02, ""cluster_init_gain"": 2.0, ""epochs"": 100, ""knn_k"": 20, ""lambda_E"": 0.1, ""lambda_H"": 0.35, ""lambda_bal"": 0.0, ""lambda_usage_entropy"": 0.25, ""num_clusters"": 28, ""num_hops"": 4, ""tau_c"": 0.3, ""tau_s"": 0.08, ""usage_entropy_lower"": 0.65, ""usage_entropy_upper"": 0.9}",/autodl-fs/data/recap/tuning_hyperparams/interaction_tuning/results/interaction_perf_v2_beta_nontrivial/checkpoints/perf__mid_lH035_lU025/recap/trial_0/model.pt
perf__mid_lH035_lU025,regularization_profile,0,ACM,0.7872162263237042,0.3693455075385689,"{""assignment_entropy_lower"": 0.45, ""assignment_entropy_upper"": 0.85, ""beta"": 0.02, ""cluster_init_gain"": 2.0, ""epochs"": 100, ""knn_k"": 20, ""lambda_E"": 0.1, ""lambda_H"": 0.35, ""lambda_bal"": 0.0, ""lambda_usage_entropy"": 0.25, ""num_clusters"": 28, ""num_hops"": 4, ""tau_c"": 0.3, ""tau_s"": 0.08, ""usage_entropy_lower"": 0.65, ""usage_entropy_upper"": 0.9}",/autodl-fs/data/recap/tuning_hyperparams/interaction_tuning/results/interaction_perf_v2_beta_nontrivial/checkpoints/perf__mid_lH035_lU025/recap/trial_0/model.pt
perf__mid_lH035_lU025,regularization_profile,0,BlogCatalog,0.7287254901960782,0.3221516028046343,"{""assignment_entropy_lower"": 0.45, ""assignment_entropy_upper"": 0.85, ""beta"": 0.02, ""cluster_init_gain"": 2.0, ""epochs"": 100, ""knn_k"": 20, ""lambda_E"": 0.1, ""lambda_H"": 0.35, ""lambda_bal"": 0.0, ""lambda_usage_entropy"": 0.25, ""num_clusters"": 28, ""num_hops"": 4, ""tau_c"": 0.3, ""tau_s"": 0.08, ""usage_entropy_lower"": 0.65, ""usage_entropy_upper"": 0.9}",/autodl-fs/data/recap/tuning_hyperparams/interaction_tuning/results/interaction_perf_v2_beta_nontrivial/checkpoints/perf__mid_lH035_lU025/recap/trial_0/model.pt
perf__mid_lH035_lU025,regularization_profile,0,weibo,0.7434181081472724,0.31878132931102127,"{""assignment_entropy_lower"": 0.45, ""assignment_entropy_upper"": 0.85, ""beta"": 0.02, ""cluster_init_gain"": 2.0, ""epochs"": 100, ""knn_k"": 20, ""lambda_E"": 0.1, ""lambda_H"": 0.35, ""lambda_bal"": 0.0, ""lambda_usage_entropy"": 0.25, ""num_clusters"": 28, ""num_hops"": 4, ""tau_c"": 0.3, ""tau_s"": 0.08, ""usage_entropy_lower"": 0.65, ""usage_entropy_upper"": 0.9}",/autodl-fs/data/recap/tuning_hyperparams/interaction_tuning/results/interaction_perf_v2_beta_nontrivial/checkpoints/perf__mid_lH035_lU025/recap/trial_0/model.pt
perf__mid_lH035_lU025,regularization_profile,0,Reddit,0.586258564948479,0.046053719658734935,"{""assignment_entropy_lower"": 0.45, ""assignment_entropy_upper"": 0.85, ""beta"": 0.02, ""cluster_init_gain"": 2.0, ""epochs"": 100, ""knn_k"": 20, ""lambda_E"": 0.1, ""lambda_H"": 0.35, ""lambda_bal"": 0.0, ""lambda_usage_entropy"": 0.25, ""num_clusters"": 28, ""num_hops"": 4, ""tau_c"": 0.3, ""tau_s"": 0.08, ""usage_entropy_lower"": 0.65, ""usage_entropy_upper"": 0.9}",/autodl-fs/data/recap/tuning_hyperparams/interaction_tuning/results/interaction_perf_v2_beta_nontrivial/checkpoints/perf__mid_lH035_lU025/recap/trial_0/model.pt
perf__mid_lH035_lU025,regularization_profile,0,Amazon,0.7265167828592444,0.1322031085266338,"{""assignment_entropy_lower"": 0.45, ""assignment_entropy_upper"": 0.85, ""beta"": 0.02, ""cluster_init_gain"": 2.0, ""epochs"": 100, ""knn_k"": 20, ""lambda_E"": 0.1, ""lambda_H"": 0.35, ""lambda_bal"": 0.0, ""lambda_usage_entropy"": 0.25, ""num_clusters"": 28, ""num_hops"": 4, ""tau_c"": 0.3, ""tau_s"": 0.08, ""usage_entropy_lower"": 0.65, ""usage_entropy_upper"": 0.9}",/autodl-fs/data/recap/tuning_hyperparams/interaction_tuning/results/interaction_perf_v2_beta_nontrivial/checkpoints/perf__mid_lH035_lU025/recap/trial_0/model.pt
perf__mid_lH035_lU025,regularization_profile,1,Facebook,0.591780303030303,0.05332104088729439,"{""assignment_entropy_lower"": 0.45, ""assignment_entropy_upper"": 0.85, ""beta"": 0.02, ""cluster_init_gain"": 2.0, ""epochs"": 100, ""knn_k"": 20, ""lambda_E"": 0.1, ""lambda_H"": 0.35, ""lambda_bal"": 0.0, ""lambda_usage_entropy"": 0.25, ""num_clusters"": 28, ""num_hops"": 4, ""tau_c"": 0.3, ""tau_s"": 0.08, ""usage_entropy_lower"": 0.65, ""usage_entropy_upper"": 0.9}",/autodl-fs/data/recap/tuning_hyperparams/interaction_tuning/results/interaction_perf_v2_beta_nontrivial/checkpoints/perf__mid_lH035_lU025/recap/trial_1/model.pt
perf__mid_lH035_lU025,regularization_profile,1,cora,0.8216575449569976,0.40543937823178255,"{""assignment_entropy_lower"": 0.45, ""assignment_entropy_upper"": 0.85, ""beta"": 0.02, ""cluster_init_gain"": 2.0, ""epochs"": 100, ""knn_k"": 20, ""lambda_E"": 0.1, ""lambda_H"": 0.35, ""lambda_bal"": 0.0, ""lambda_usage_entropy"": 0.25, ""num_clusters"": 28, ""num_hops"": 4, ""tau_c"": 0.3, ""tau_s"": 0.08, ""usage_entropy_lower"": 0.65, ""usage_entropy_upper"": 0.9}",/autodl-fs/data/recap/tuning_hyperparams/interaction_tuning/results/interaction_perf_v2_beta_nontrivial/checkpoints/perf__mid_lH035_lU025/recap/trial_1/model.pt
perf__mid_lH035_lU025,regularization_profile,1,citeseer,0.8998174378344352,0.46864346209964014,"{""assignment_entropy_lower"": 0.45, ""assignment_entropy_upper"": 0.85, ""beta"": 0.02, ""cluster_init_gain"": 2.0, ""epochs"": 100, ""knn_k"": 20, ""lambda_E"": 0.1, ""lambda_H"": 0.35, ""lambda_bal"": 0.0, ""lambda_usage_entropy"": 0.25, ""num_clusters"": 28, ""num_hops"": 4, ""tau_c"": 0.3, ""tau_s"": 0.08, ""usage_entropy_lower"": 0.65, ""usage_entropy_upper"": 0.9}",/autodl-fs/data/recap/tuning_hyperparams/interaction_tuning/results/interaction_perf_v2_beta_nontrivial/checkpoints/perf__mid_lH035_lU025/recap/trial_1/model.pt
perf__mid_lH035_lU025,regularization_profile,1,ACM,0.773812886424949,0.3722548410649944,"{""assignment_entropy_lower"": 0.45, ""assignment_entropy_upper"": 0.85, ""beta"": 0.02, ""cluster_init_gain"": 2.0, ""epochs"": 100, ""knn_k"": 20, ""lambda_E"": 0.1, ""lambda_H"": 0.35, ""lambda_bal"": 0.0, ""lambda_usage_entropy"": 0.25, ""num_clusters"": 28, ""num_hops"": 4, ""tau_c"": 0.3, ""tau_s"": 0.08, ""usage_entropy_lower"": 0.65, ""usage_entropy_upper"": 0.9}",/autodl-fs/data/recap/tuning_hyperparams/interaction_tuning/results/interaction_perf_v2_beta_nontrivial/checkpoints/perf__mid_lH035_lU025/recap/trial_1/model.pt
perf__mid_lH035_lU025,regularization_profile,1,BlogCatalog,0.7218525326797385,0.32426070488421377,"{""assignment_entropy_lower"": 0.45, ""assignment_entropy_upper"": 0.85, ""beta"": 0.02, ""cluster_init_gain"": 2.0, ""epochs"": 100, ""knn_k"": 20, ""lambda_E"": 0.1, ""lambda_H"": 0.35, ""lambda_bal"": 0.0, ""lambda_usage_entropy"": 0.25, ""num_clusters"": 28, ""num_hops"": 4, ""tau_c"": 0.3, ""tau_s"": 0.08, ""usage_entropy_lower"": 0.65, ""usage_entropy_upper"": 0.9}",/autodl-fs/data/recap/tuning_hyperparams/interaction_tuning/results/interaction_perf_v2_beta_nontrivial/checkpoints/perf__mid_lH035_lU025/recap/trial_1/model.pt
perf__mid_lH035_lU025,regularization_profile,1,weibo,0.7397650087525198,0.3079880870135849,"{""assignment_entropy_lower"": 0.45, ""assignment_entropy_upper"": 0.85, ""beta"": 0.02, ""cluster_init_gain"": 2.0, ""epochs"": 100, ""knn_k"": 20, ""lambda_E"": 0.1, ""lambda_H"": 0.35, ""lambda_bal"": 0.0, ""lambda_usage_entropy"": 0.25, ""num_clusters"": 28, ""num_hops"": 4, ""tau_c"": 0.3, ""tau_s"": 0.08, ""usage_entropy_lower"": 0.65, ""usage_entropy_upper"": 0.9}",/autodl-fs/data/recap/tuning_hyperparams/interaction_tuning/results/interaction_perf_v2_beta_nontrivial/checkpoints/perf__mid_lH035_lU025/recap/trial_1/model.pt
perf__mid_lH035_lU025,regularization_profile,1,Reddit,0.5886088115140081,0.04642896223209042,"{""assignment_entropy_lower"": 0.45, ""assignment_entropy_upper"": 0.85, ""beta"": 0.02, ""cluster_init_gain"": 2.0, ""epochs"": 100, ""knn_k"": 20, ""lambda_E"": 0.1, ""lambda_H"": 0.35, ""lambda_bal"": 0.0, ""lambda_usage_entropy"": 0.25, ""num_clusters"": 28, ""num_hops"": 4, ""tau_c"": 0.3, ""tau_s"": 0.08, ""usage_entropy_lower"": 0.65, ""usage_entropy_upper"": 0.9}",/autodl-fs/data/recap/tuning_hyperparams/interaction_tuning/results/interaction_perf_v2_beta_nontrivial/checkpoints/perf__mid_lH035_lU025/recap/trial_1/model.pt
perf__mid_lH035_lU025,regularization_profile,1,Amazon,0.7180192590957463,0.12776427468591817,"{""assignment_entropy_lower"": 0.45, ""assignment_entropy_upper"": 0.85, ""beta"": 0.02, ""cluster_init_gain"": 2.0, ""epochs"": 100, ""knn_k"": 20, ""lambda_E"": 0.1, ""lambda_H"": 0.35, ""lambda_bal"": 0.0, ""lambda_usage_entropy"": 0.25, ""num_clusters"": 28, ""num_hops"": 4, ""tau_c"": 0.3, ""tau_s"": 0.08, ""usage_entropy_lower"": 0.65, ""usage_entropy_upper"": 0.9}",/autodl-fs/data/recap/tuning_hyperparams/interaction_tuning/results/interaction_perf_v2_beta_nontrivial/checkpoints/perf__mid_lH035_lU025/recap/trial_1/model.pt
perf__mid_lH035_lU025,regularization_profile,2,Facebook,0.5976515151515152,0.04043701600081454,"{""assignment_entropy_lower"": 0.45, ""assignment_entropy_upper"": 0.85, ""beta"": 0.02, ""cluster_init_gain"": 2.0, ""epochs"": 100, ""knn_k"": 20, ""lambda_E"": 0.1, ""lambda_H"": 0.35, ""lambda_bal"": 0.0, ""lambda_usage_entropy"": 0.25, ""num_clusters"": 28, ""num_hops"": 4, ""tau_c"": 0.3, ""tau_s"": 0.08, ""usage_entropy_lower"": 0.65, ""usage_entropy_upper"": 0.9}",/autodl-fs/data/recap/tuning_hyperparams/interaction_tuning/results/interaction_perf_v2_beta_nontrivial/checkpoints/perf__mid_lH035_lU025/recap/trial_2/model.pt
perf__mid_lH035_lU025,regularization_profile,2,cora,0.8174693771175398,0.39831945652973116,"{""assignment_entropy_lower"": 0.45, ""assignment_entropy_upper"": 0.85, ""beta"": 0.02, ""cluster_init_gain"": 2.0, ""epochs"": 100, ""knn_k"": 20, ""lambda_E"": 0.1, ""lambda_H"": 0.35, ""lambda_bal"": 0.0, ""lambda_usage_entropy"": 0.25, ""num_clusters"": 28, ""num_hops"": 4, ""tau_c"": 0.3, ""tau_s"": 0.08, ""usage_entropy_lower"": 0.65, ""usage_entropy_upper"": 0.9}",/autodl-fs/data/recap/tuning_hyperparams/interaction_tuning/results/interaction_perf_v2_beta_nontrivial/checkpoints/perf__mid_lH035_lU025/recap/trial_2/model.pt
perf__mid_lH035_lU025,regularization_profile,2,citeseer,0.9002486622599937,0.4458585672463276,"{""assignment_entropy_lower"": 0.45, ""assignment_entropy_upper"": 0.85, ""beta"": 0.02, ""cluster_init_gain"": 2.0, ""epochs"": 100, ""knn_k"": 20, ""lambda_E"": 0.1, ""lambda_H"": 0.35, ""lambda_bal"": 0.0, ""lambda_usage_entropy"": 0.25, ""num_clusters"": 28, ""num_hops"": 4, ""tau_c"": 0.3, ""tau_s"": 0.08, ""usage_entropy_lower"": 0.65, ""usage_entropy_upper"": 0.9}",/autodl-fs/data/recap/tuning_hyperparams/interaction_tuning/results/interaction_perf_v2_beta_nontrivial/checkpoints/perf__mid_lH035_lU025/recap/trial_2/model.pt
perf__mid_lH035_lU025,regularization_profile,2,ACM,0.7913518516819847,0.3748569200667239,"{""assignment_entropy_lower"": 0.45, ""assignment_entropy_upper"": 0.85, ""beta"": 0.02, ""cluster_init_gain"": 2.0, ""epochs"": 100, ""knn_k"": 20, ""lambda_E"": 0.1, ""lambda_H"": 0.35, ""lambda_bal"": 0.0, ""lambda_usage_entropy"": 0.25, ""num_clusters"": 28, ""num_hops"": 4, ""tau_c"": 0.3, ""tau_s"": 0.08, ""usage_entropy_lower"": 0.65, ""usage_entropy_upper"": 0.9}",/autodl-fs/data/recap/tuning_hyperparams/interaction_tuning/results/interaction_perf_v2_beta_nontrivial/checkpoints/perf__mid_lH035_lU025/recap/trial_2/model.pt
perf__mid_lH035_lU025,regularization_profile,2,BlogCatalog,0.7337949346405228,0.3223383891205978,"{""assignment_entropy_lower"": 0.45, ""assignment_entropy_upper"": 0.85, ""beta"": 0.02, ""cluster_init_gain"": 2.0, ""epochs"": 100, ""knn_k"": 20, ""lambda_E"": 0.1, ""lambda_H"": 0.35, ""lambda_bal"": 0.0, ""lambda_usage_entropy"": 0.25, ""num_clusters"": 28, ""num_hops"": 4, ""tau_c"": 0.3, ""tau_s"": 0.08, ""usage_entropy_lower"": 0.65, ""usage_entropy_upper"": 0.9}",/autodl-fs/data/recap/tuning_hyperparams/interaction_tuning/results/interaction_perf_v2_beta_nontrivial/checkpoints/perf__mid_lH035_lU025/recap/trial_2/model.pt
perf__mid_lH035_lU025,regularization_profile,2,weibo,0.7518529173129916,0.3182460269929277,"{""assignment_entropy_lower"": 0.45, ""assignment_entropy_upper"": 0.85, ""beta"": 0.02, ""cluster_init_gain"": 2.0, ""epochs"": 100, ""knn_k"": 20, ""lambda_E"": 0.1, ""lambda_H"": 0.35, ""lambda_bal"": 0.0, ""lambda_usage_entropy"": 0.25, ""num_clusters"": 28, ""num_hops"": 4, ""tau_c"": 0.3, ""tau_s"": 0.08, ""usage_entropy_lower"": 0.65, ""usage_entropy_upper"": 0.9}",/autodl-fs/data/recap/tuning_hyperparams/interaction_tuning/results/interaction_perf_v2_beta_nontrivial/checkpoints/perf__mid_lH035_lU025/recap/trial_2/model.pt
perf__mid_lH035_lU025,regularization_profile,2,Reddit,0.5841418377083147,0.04506766493927364,"{""assignment_entropy_lower"": 0.45, ""assignment_entropy_upper"": 0.85, ""beta"": 0.02, ""cluster_init_gain"": 2.0, ""epochs"": 100, ""knn_k"": 20, ""lambda_E"": 0.1, ""lambda_H"": 0.35, ""lambda_bal"": 0.0, ""lambda_usage_entropy"": 0.25, ""num_clusters"": 28, ""num_hops"": 4, ""tau_c"": 0.3, ""tau_s"": 0.08, ""usage_entropy_lower"": 0.65, ""usage_entropy_upper"": 0.9}",/autodl-fs/data/recap/tuning_hyperparams/interaction_tuning/results/interaction_perf_v2_beta_nontrivial/checkpoints/perf__mid_lH035_lU025/recap/trial_2/model.pt
perf__mid_lH035_lU025,regularization_profile,2,Amazon,0.7200248660745985,0.1277192653272057,"{""assignment_entropy_lower"": 0.45, ""assignment_entropy_upper"": 0.85, ""beta"": 0.02, ""cluster_init_gain"": 2.0, ""epochs"": 100, ""knn_k"": 20, ""lambda_E"": 0.1, ""lambda_H"": 0.35, ""lambda_bal"": 0.0, ""lambda_usage_entropy"": 0.25, ""num_clusters"": 28, ""num_hops"": 4, ""tau_c"": 0.3, ""tau_s"": 0.08, ""usage_entropy_lower"": 0.65, ""usage_entropy_upper"": 0.9}",/autodl-fs/data/recap/tuning_hyperparams/interaction_tuning/results/interaction_perf_v2_beta_nontrivial/checkpoints/perf__mid_lH035_lU025/recap/trial_2/model.pt
perf__gain25_lH02_lU025,regularization_profile,0,Facebook,0.5951136363636363,0.07155745006842705,"{""assignment_entropy_lower"": 0.45, ""assignment_entropy_upper"": 0.85, ""beta"": 0.02, ""cluster_init_gain"": 2.5, ""epochs"": 100, ""knn_k"": 20, ""lambda_E"": 0.1, ""lambda_H"": 0.2, ""lambda_bal"": 0.0, ""lambda_usage_entropy"": 0.25, ""num_clusters"": 28, ""num_hops"": 4, ""tau_c"": 0.3, ""tau_s"": 0.08, ""usage_entropy_lower"": 0.65, ""usage_entropy_upper"": 0.9}",/autodl-fs/data/recap/tuning_hyperparams/interaction_tuning/results/interaction_perf_v2_beta_nontrivial/checkpoints/perf__gain25_lH02_lU025/recap/trial_0/model.pt
perf__gain25_lH02_lU025,regularization_profile,0,cora,0.8176856919468336,0.4120650935600851,"{""assignment_entropy_lower"": 0.45, ""assignment_entropy_upper"": 0.85, ""beta"": 0.02, ""cluster_init_gain"": 2.5, ""epochs"": 100, ""knn_k"": 20, ""lambda_E"": 0.1, ""lambda_H"": 0.2, ""lambda_bal"": 0.0, ""lambda_usage_entropy"": 0.25, ""num_clusters"": 28, ""num_hops"": 4, ""tau_c"": 0.3, ""tau_s"": 0.08, ""usage_entropy_lower"": 0.65, ""usage_entropy_upper"": 0.9}",/autodl-fs/data/recap/tuning_hyperparams/interaction_tuning/results/interaction_perf_v2_beta_nontrivial/checkpoints/perf__gain25_lH02_lU025/recap/trial_0/model.pt
perf__gain25_lH02_lU025,regularization_profile,0,citeseer,0.9026293148672753,0.43204503245382625,"{""assignment_entropy_lower"": 0.45, ""assignment_entropy_upper"": 0.85, ""beta"": 0.02, ""cluster_init_gain"": 2.5, ""epochs"": 100, ""knn_k"": 20, ""lambda_E"": 0.1, ""lambda_H"": 0.2, ""lambda_bal"": 0.0, ""lambda_usage_entropy"": 0.25, ""num_clusters"": 28, ""num_hops"": 4, ""tau_c"": 0.3, ""tau_s"": 0.08, ""usage_entropy_lower"": 0.65, ""usage_entropy_upper"": 0.9}",/autodl-fs/data/recap/tuning_hyperparams/interaction_tuning/results/interaction_perf_v2_beta_nontrivial/checkpoints/perf__gain25_lH02_lU025/recap/trial_0/model.pt
perf__gain25_lH02_lU025,regularization_profile,0,ACM,0.7888056024652332,0.37072626269961445,"{""assignment_entropy_lower"": 0.45, ""assignment_entropy_upper"": 0.85, ""beta"": 0.02, ""cluster_init_gain"": 2.5, ""epochs"": 100, ""knn_k"": 20, ""lambda_E"": 0.1, ""lambda_H"": 0.2, ""lambda_bal"": 0.0, ""lambda_usage_entropy"": 0.25, ""num_clusters"": 28, ""num_hops"": 4, ""tau_c"": 0.3, ""tau_s"": 0.08, ""usage_entropy_lower"": 0.65, ""usage_entropy_upper"": 0.9}",/autodl-fs/data/recap/tuning_hyperparams/interaction_tuning/results/interaction_perf_v2_beta_nontrivial/checkpoints/perf__gain25_lH02_lU025/recap/trial_0/model.pt
perf__gain25_lH02_lU025,regularization_profile,0,BlogCatalog,0.7410634531590414,0.326248840420852,"{""assignment_entropy_lower"": 0.45, ""assignment_entropy_upper"": 0.85, ""beta"": 0.02, ""cluster_init_gain"": 2.5, ""epochs"": 100, ""knn_k"": 20, ""lambda_E"": 0.1, ""lambda_H"": 0.2, ""lambda_bal"": 0.0, ""lambda_usage_entropy"": 0.25, ""num_clusters"": 28, ""num_hops"": 4, ""tau_c"": 0.3, ""tau_s"": 0.08, ""usage_entropy_lower"": 0.65, ""usage_entropy_upper"": 0.9}",/autodl-fs/data/recap/tuning_hyperparams/interaction_tuning/results/interaction_perf_v2_beta_nontrivial/checkpoints/perf__gain25_lH02_lU025/recap/trial_0/model.pt
perf__gain25_lH02_lU025,regularization_profile,0,weibo,0.7570442804743909,0.31887895163378965,"{""assignment_entropy_lower"": 0.45, ""assignment_entropy_upper"": 0.85, ""beta"": 0.02, ""cluster_init_gain"": 2.5, ""epochs"": 100, ""knn_k"": 20, ""lambda_E"": 0.1, ""lambda_H"": 0.2, ""lambda_bal"": 0.0, ""lambda_usage_entropy"": 0.25, ""num_clusters"": 28, ""num_hops"": 4, ""tau_c"": 0.3, ""tau_s"": 0.08, ""usage_entropy_lower"": 0.65, ""usage_entropy_upper"": 0.9}",/autodl-fs/data/recap/tuning_hyperparams/interaction_tuning/results/interaction_perf_v2_beta_nontrivial/checkpoints/perf__gain25_lH02_lU025/recap/trial_0/model.pt
perf__gain25_lH02_lU025,regularization_profile,0,Reddit,0.5858257500666464,0.04666984190448468,"{""assignment_entropy_lower"": 0.45, ""assignment_entropy_upper"": 0.85, ""beta"": 0.02, ""cluster_init_gain"": 2.5, ""epochs"": 100, ""knn_k"": 20, ""lambda_E"": 0.1, ""lambda_H"": 0.2, ""lambda_bal"": 0.0, ""lambda_usage_entropy"": 0.25, ""num_clusters"": 28, ""num_hops"": 4, ""tau_c"": 0.3, ""tau_s"": 0.08, ""usage_entropy_lower"": 0.65, ""usage_entropy_upper"": 0.9}",/autodl-fs/data/recap/tuning_hyperparams/interaction_tuning/results/interaction_perf_v2_beta_nontrivial/checkpoints/perf__gain25_lH02_lU025/recap/trial_0/model.pt
perf__gain25_lH02_lU025,regularization_profile,0,Amazon,0.73212012809117,0.1349717892410102,"{""assignment_entropy_lower"": 0.45, ""assignment_entropy_upper"": 0.85, ""beta"": 0.02, ""cluster_init_gain"": 2.5, ""epochs"": 100, ""knn_k"": 20, ""lambda_E"": 0.1, ""lambda_H"": 0.2, ""lambda_bal"": 0.0, ""lambda_usage_entropy"": 0.25, ""num_clusters"": 28, ""num_hops"": 4, ""tau_c"": 0.3, ""tau_s"": 0.08, ""usage_entropy_lower"": 0.65, ""usage_entropy_upper"": 0.9}",/autodl-fs/data/recap/tuning_hyperparams/interaction_tuning/results/interaction_perf_v2_beta_nontrivial/checkpoints/perf__gain25_lH02_lU025/recap/trial_0/model.pt
perf__gain25_lH02_lU025,regularization_profile,1,Facebook,0.577310606060606,0.04750809418272095,"{""assignment_entropy_lower"": 0.45, ""assignment_entropy_upper"": 0.85, ""beta"": 0.02, ""cluster_init_gain"": 2.5, ""epochs"": 100, ""knn_k"": 20, ""lambda_E"": 0.1, ""lambda_H"": 0.2, ""lambda_bal"": 0.0, ""lambda_usage_entropy"": 0.25, ""num_clusters"": 28, ""num_hops"": 4, ""tau_c"": 0.3, ""tau_s"": 0.08, ""usage_entropy_lower"": 0.65, ""usage_entropy_upper"": 0.9}",/autodl-fs/data/recap/tuning_hyperparams/interaction_tuning/results/interaction_perf_v2_beta_nontrivial/checkpoints/perf__gain25_lH02_lU025/recap/trial_1/model.pt
perf__gain25_lH02_lU025,regularization_profile,1,cora,0.82069846234037,0.4064521572218311,"{""assignment_entropy_lower"": 0.45, ""assignment_entropy_upper"": 0.85, ""beta"": 0.02, ""cluster_init_gain"": 2.5, ""epochs"": 100, ""knn_k"": 20, ""lambda_E"": 0.1, ""lambda_H"": 0.2, ""lambda_bal"": 0.0, ""lambda_usage_entropy"": 0.25, ""num_clusters"": 28, ""num_hops"": 4, ""tau_c"": 0.3, ""tau_s"": 0.08, ""usage_entropy_lower"": 0.65, ""usage_entropy_upper"": 0.9}",/autodl-fs/data/recap/tuning_hyperparams/interaction_tuning/results/interaction_perf_v2_beta_nontrivial/checkpoints/perf__gain25_lH02_lU025/recap/trial_1/model.pt
perf__gain25_lH02_lU025,regularization_profile,1,citeseer,0.8986087503934529,0.4688597511681196,"{""assignment_entropy_lower"": 0.45, ""assignment_entropy_upper"": 0.85, ""beta"": 0.02, ""cluster_init_gain"": 2.5, ""epochs"": 100, ""knn_k"": 20, ""lambda_E"": 0.1, ""lambda_H"": 0.2, ""lambda_bal"": 0.0, ""lambda_usage_entropy"": 0.25, ""num_clusters"": 28, ""num_hops"": 4, ""tau_c"": 0.3, ""tau_s"": 0.08, ""usage_entropy_lower"": 0.65, ""usage_entropy_upper"": 0.9}",/autodl-fs/data/recap/tuning_hyperparams/interaction_tuning/results/interaction_perf_v2_beta_nontrivial/checkpoints/perf__gain25_lH02_lU025/recap/trial_1/model.pt
perf__gain25_lH02_lU025,regularization_profile,1,ACM,0.7698601903582241,0.37083448887793846,"{""assignment_entropy_lower"": 0.45, ""assignment_entropy_upper"": 0.85, ""beta"": 0.02, ""cluster_init_gain"": 2.5, ""epochs"": 100, ""knn_k"": 20, ""lambda_E"": 0.1, ""lambda_H"": 0.2, ""lambda_bal"": 0.0, ""lambda_usage_entropy"": 0.25, ""num_clusters"": 28, ""num_hops"": 4, ""tau_c"": 0.3, ""tau_s"": 0.08, ""usage_entropy_lower"": 0.65, ""usage_entropy_upper"": 0.9}",/autodl-fs/data/recap/tuning_hyperparams/interaction_tuning/results/interaction_perf_v2_beta_nontrivial/checkpoints/perf__gain25_lH02_lU025/recap/trial_1/model.pt
perf__gain25_lH02_lU025,regularization_profile,1,BlogCatalog,0.7204745370370371,0.3241546982868514,"{""assignment_entropy_lower"": 0.45, ""assignment_entropy_upper"": 0.85, ""beta"": 0.02, ""cluster_init_gain"": 2.5, ""epochs"": 100, ""knn_k"": 20, ""lambda_E"": 0.1, ""lambda_H"": 0.2, ""lambda_bal"": 0.0, ""lambda_usage_entropy"": 0.25, ""num_clusters"": 28, ""num_hops"": 4, ""tau_c"": 0.3, ""tau_s"": 0.08, ""usage_entropy_lower"": 0.65, ""usage_entropy_upper"": 0.9}",/autodl-fs/data/recap/tuning_hyperparams/interaction_tuning/results/interaction_perf_v2_beta_nontrivial/checkpoints/perf__gain25_lH02_lU025/recap/trial_1/model.pt
perf__gain25_lH02_lU025,regularization_profile,1,weibo,0.7305144084880182,0.30795185369962536,"{""assignment_entropy_lower"": 0.45, ""assignment_entropy_upper"": 0.85, ""beta"": 0.02, ""cluster_init_gain"": 2.5, ""epochs"": 100, ""knn_k"": 20, ""lambda_E"": 0.1, ""lambda_H"": 0.2, ""lambda_bal"": 0.0, ""lambda_usage_entropy"": 0.25, ""num_clusters"": 28, ""num_hops"": 4, ""tau_c"": 0.3, ""tau_s"": 0.08, ""usage_entropy_lower"": 0.65, ""usage_entropy_upper"": 0.9}",/autodl-fs/data/recap/tuning_hyperparams/interaction_tuning/results/interaction_perf_v2_beta_nontrivial/checkpoints/perf__gain25_lH02_lU025/recap/trial_1/model.pt
perf__gain25_lH02_lU025,regularization_profile,1,Reddit,0.592153930792849,0.046998931000574444,"{""assignment_entropy_lower"": 0.45, ""assignment_entropy_upper"": 0.85, ""beta"": 0.02, ""cluster_init_gain"": 2.5, ""epochs"": 100, ""knn_k"": 20, ""lambda_E"": 0.1, ""lambda_H"": 0.2, ""lambda_bal"": 0.0, ""lambda_usage_entropy"": 0.25, ""num_clusters"": 28, ""num_hops"": 4, ""tau_c"": 0.3, ""tau_s"": 0.08, ""usage_entropy_lower"": 0.65, ""usage_entropy_upper"": 0.9}",/autodl-fs/data/recap/tuning_hyperparams/interaction_tuning/results/interaction_perf_v2_beta_nontrivial/checkpoints/perf__gain25_lH02_lU025/recap/trial_1/model.pt
perf__gain25_lH02_lU025,regularization_profile,1,Amazon,0.7122866175431488,0.12643684966251725,"{""assignment_entropy_lower"": 0.45, ""assignment_entropy_upper"": 0.85, ""beta"": 0.02, ""cluster_init_gain"": 2.5, ""epochs"": 100, ""knn_k"": 20, ""lambda_E"": 0.1, ""lambda_H"": 0.2, ""lambda_bal"": 0.0, ""lambda_usage_entropy"": 0.25, ""num_clusters"": 28, ""num_hops"": 4, ""tau_c"": 0.3, ""tau_s"": 0.08, ""usage_entropy_lower"": 0.65, ""usage_entropy_upper"": 0.9}",/autodl-fs/data/recap/tuning_hyperparams/interaction_tuning/results/interaction_perf_v2_beta_nontrivial/checkpoints/perf__gain25_lH02_lU025/recap/trial_1/model.pt
perf__gain25_lH02_lU025,regularization_profile,2,Facebook,0.5876893939393939,0.040445233168077854,"{""assignment_entropy_lower"": 0.45, ""assignment_entropy_upper"": 0.85, ""beta"": 0.02, ""cluster_init_gain"": 2.5, ""epochs"": 100, ""knn_k"": 20, ""lambda_E"": 0.1, ""lambda_H"": 0.2, ""lambda_bal"": 0.0, ""lambda_usage_entropy"": 0.25, ""num_clusters"": 28, ""num_hops"": 4, ""tau_c"": 0.3, ""tau_s"": 0.08, ""usage_entropy_lower"": 0.65, ""usage_entropy_upper"": 0.9}",/autodl-fs/data/recap/tuning_hyperparams/interaction_tuning/results/interaction_perf_v2_beta_nontrivial/checkpoints/perf__gain25_lH02_lU025/recap/trial_2/model.pt
perf__gain25_lH02_lU025,regularization_profile,2,cora,0.8168751628876727,0.3883279628485754,"{""assignment_entropy_lower"": 0.45, ""assignment_entropy_upper"": 0.85, ""beta"": 0.02, ""cluster_init_gain"": 2.5, ""epochs"": 100, ""knn_k"": 20, ""lambda_E"": 0.1, ""lambda_H"": 0.2, ""lambda_bal"": 0.0, ""lambda_usage_entropy"": 0.25, ""num_clusters"": 28, ""num_hops"": 4, ""tau_c"": 0.3, ""tau_s"": 0.08, ""usage_entropy_lower"": 0.65, ""usage_entropy_upper"": 0.9}",/autodl-fs/data/recap/tuning_hyperparams/interaction_tuning/results/interaction_perf_v2_beta_nontrivial/checkpoints/perf__gain25_lH02_lU025/recap/trial_2/model.pt
perf__gain25_lH02_lU025,regularization_profile,2,citeseer,0.9002455146364495,0.4444801413209043,"{""assignment_entropy_lower"": 0.45, ""assignment_entropy_upper"": 0.85, ""beta"": 0.02, ""cluster_init_gain"": 2.5, ""epochs"": 100, ""knn_k"": 20, ""lambda_E"": 0.1, ""lambda_H"": 0.2, ""lambda_bal"": 0.0, ""lambda_usage_entropy"": 0.25, ""num_clusters"": 28, ""num_hops"": 4, ""tau_c"": 0.3, ""tau_s"": 0.08, ""usage_entropy_lower"": 0.65, ""usage_entropy_upper"": 0.9}",/autodl-fs/data/recap/tuning_hyperparams/interaction_tuning/results/interaction_perf_v2_beta_nontrivial/checkpoints/perf__gain25_lH02_lU025/recap/trial_2/model.pt
perf__gain25_lH02_lU025,regularization_profile,2,ACM,0.7846987607937508,0.37217867540305294,"{""assignment_entropy_lower"": 0.45, ""assignment_entropy_upper"": 0.85, ""beta"": 0.02, ""cluster_init_gain"": 2.5, ""epochs"": 100, ""knn_k"": 20, ""lambda_E"": 0.1, ""lambda_H"": 0.2, ""lambda_bal"": 0.0, ""lambda_usage_entropy"": 0.25, ""num_clusters"": 28, ""num_hops"": 4, ""tau_c"": 0.3, ""tau_s"": 0.08, ""usage_entropy_lower"": 0.65, ""usage_entropy_upper"": 0.9}",/autodl-fs/data/recap/tuning_hyperparams/interaction_tuning/results/interaction_perf_v2_beta_nontrivial/checkpoints/perf__gain25_lH02_lU025/recap/trial_2/model.pt
perf__gain25_lH02_lU025,regularization_profile,2,BlogCatalog,0.7236846405228758,0.3169264108859233,"{""assignment_entropy_lower"": 0.45, ""assignment_entropy_upper"": 0.85, ""beta"": 0.02, ""cluster_init_gain"": 2.5, ""epochs"": 100, ""knn_k"": 20, ""lambda_E"": 0.1, ""lambda_H"": 0.2, ""lambda_bal"": 0.0, ""lambda_usage_entropy"": 0.25, ""num_clusters"": 28, ""num_hops"": 4, ""tau_c"": 0.3, ""tau_s"": 0.08, ""usage_entropy_lower"": 0.65, ""usage_entropy_upper"": 0.9}",/autodl-fs/data/recap/tuning_hyperparams/interaction_tuning/results/interaction_perf_v2_beta_nontrivial/checkpoints/perf__gain25_lH02_lU025/recap/trial_2/model.pt
perf__gain25_lH02_lU025,regularization_profile,2,weibo,0.7432951357022712,0.31710338962750156,"{""assignment_entropy_lower"": 0.45, ""assignment_entropy_upper"": 0.85, ""beta"": 0.02, ""cluster_init_gain"": 2.5, ""epochs"": 100, ""knn_k"": 20, ""lambda_E"": 0.1, ""lambda_H"": 0.2, ""lambda_bal"": 0.0, ""lambda_usage_entropy"": 0.25, ""num_clusters"": 28, ""num_hops"": 4, ""tau_c"": 0.3, ""tau_s"": 0.08, ""usage_entropy_lower"": 0.65, ""usage_entropy_upper"": 0.9}",/autodl-fs/data/recap/tuning_hyperparams/interaction_tuning/results/interaction_perf_v2_beta_nontrivial/checkpoints/perf__gain25_lH02_lU025/recap/trial_2/model.pt
perf__gain25_lH02_lU025,regularization_profile,2,Reddit,0.5861893454459742,0.04524804188743129,"{""assignment_entropy_lower"": 0.45, ""assignment_entropy_upper"": 0.85, ""beta"": 0.02, ""cluster_init_gain"": 2.5, ""epochs"": 100, ""knn_k"": 20, ""lambda_E"": 0.1, ""lambda_H"": 0.2, ""lambda_bal"": 0.0, ""lambda_usage_entropy"": 0.25, ""num_clusters"": 28, ""num_hops"": 4, ""tau_c"": 0.3, ""tau_s"": 0.08, ""usage_entropy_lower"": 0.65, ""usage_entropy_upper"": 0.9}",/autodl-fs/data/recap/tuning_hyperparams/interaction_tuning/results/interaction_perf_v2_beta_nontrivial/checkpoints/perf__gain25_lH02_lU025/recap/trial_2/model.pt
perf__gain25_lH02_lU025,regularization_profile,2,Amazon,0.7289617550870305,0.13294132699952088,"{""assignment_entropy_lower"": 0.45, ""assignment_entropy_upper"": 0.85, ""beta"": 0.02, ""cluster_init_gain"": 2.5, ""epochs"": 100, ""knn_k"": 20, ""lambda_E"": 0.1, ""lambda_H"": 0.2, ""lambda_bal"": 0.0, ""lambda_usage_entropy"": 0.25, ""num_clusters"": 28, ""num_hops"": 4, ""tau_c"": 0.3, ""tau_s"": 0.08, ""usage_entropy_lower"": 0.65, ""usage_entropy_upper"": 0.9}",/autodl-fs/data/recap/tuning_hyperparams/interaction_tuning/results/interaction_perf_v2_beta_nontrivial/checkpoints/perf__gain25_lH02_lU025/recap/trial_2/model.pt
perf__soft_assign_lH02,regularization_profile,0,Facebook,0.5951136363636363,0.05230242968160398,"{""assignment_entropy_lower"": 0.55, ""assignment_entropy_upper"": 0.9, ""beta"": 0.02, ""cluster_init_gain"": 2.0, ""epochs"": 100, ""knn_k"": 20, ""lambda_E"": 0.1, ""lambda_H"": 0.2, ""lambda_bal"": 0.0, ""lambda_usage_entropy"": 0.25, ""num_clusters"": 28, ""num_hops"": 4, ""tau_c"": 0.3, ""tau_s"": 0.08, ""usage_entropy_lower"": 0.65, ""usage_entropy_upper"": 0.9}",/autodl-fs/data/recap/tuning_hyperparams/interaction_tuning/results/interaction_perf_v2_beta_nontrivial/checkpoints/perf__soft_assign_lH02/recap/trial_0/model.pt
perf__soft_assign_lH02,regularization_profile,0,cora,0.8198123534010946,0.4020174596543198,"{""assignment_entropy_lower"": 0.55, ""assignment_entropy_upper"": 0.9, ""beta"": 0.02, ""cluster_init_gain"": 2.0, ""epochs"": 100, ""knn_k"": 20, ""lambda_E"": 0.1, ""lambda_H"": 0.2, ""lambda_bal"": 0.0, ""lambda_usage_entropy"": 0.25, ""num_clusters"": 28, ""num_hops"": 4, ""tau_c"": 0.3, ""tau_s"": 0.08, ""usage_entropy_lower"": 0.65, ""usage_entropy_upper"": 0.9}",/autodl-fs/data/recap/tuning_hyperparams/interaction_tuning/results/interaction_perf_v2_beta_nontrivial/checkpoints/perf__soft_assign_lH02/recap/trial_0/model.pt
perf__soft_assign_lH02,regularization_profile,0,citeseer,0.8999097681250656,0.4235205715879265,"{""assignment_entropy_lower"": 0.55, ""assignment_entropy_upper"": 0.9, ""beta"": 0.02, ""cluster_init_gain"": 2.0, ""epochs"": 100, ""knn_k"": 20, ""lambda_E"": 0.1, ""lambda_H"": 0.2, ""lambda_bal"": 0.0, ""lambda_usage_entropy"": 0.25, ""num_clusters"": 28, ""num_hops"": 4, ""tau_c"": 0.3, ""tau_s"": 0.08, ""usage_entropy_lower"": 0.65, ""usage_entropy_upper"": 0.9}",/autodl-fs/data/recap/tuning_hyperparams/interaction_tuning/results/interaction_perf_v2_beta_nontrivial/checkpoints/perf__soft_assign_lH02/recap/trial_0/model.pt
perf__soft_assign_lH02,regularization_profile,0,ACM,0.7843958467564951,0.3697835514220321,"{""assignment_entropy_lower"": 0.55, ""assignment_entropy_upper"": 0.9, ""beta"": 0.02, ""cluster_init_gain"": 2.0, ""epochs"": 100, ""knn_k"": 20, ""lambda_E"": 0.1, ""lambda_H"": 0.2, ""lambda_bal"": 0.0, ""lambda_usage_entropy"": 0.25, ""num_clusters"": 28, ""num_hops"": 4, ""tau_c"": 0.3, ""tau_s"": 0.08, ""usage_entropy_lower"": 0.65, ""usage_entropy_upper"": 0.9}",/autodl-fs/data/recap/tuning_hyperparams/interaction_tuning/results/interaction_perf_v2_beta_nontrivial/checkpoints/perf__soft_assign_lH02/recap/trial_0/model.pt
perf__soft_assign_lH02,regularization_profile,0,BlogCatalog,0.7258809912854031,0.32235620433449413,"{""assignment_entropy_lower"": 0.55, ""assignment_entropy_upper"": 0.9, ""beta"": 0.02, ""cluster_init_gain"": 2.0, ""epochs"": 100, ""knn_k"": 20, ""lambda_E"": 0.1, ""lambda_H"": 0.2, ""lambda_bal"": 0.0, ""lambda_usage_entropy"": 0.25, ""num_clusters"": 28, ""num_hops"": 4, ""tau_c"": 0.3, ""tau_s"": 0.08, ""usage_entropy_lower"": 0.65, ""usage_entropy_upper"": 0.9}",/autodl-fs/data/recap/tuning_hyperparams/interaction_tuning/results/interaction_perf_v2_beta_nontrivial/checkpoints/perf__soft_assign_lH02/recap/trial_0/model.pt
perf__soft_assign_lH02,regularization_profile,0,weibo,0.7300886288167314,0.31781800738559923,"{""assignment_entropy_lower"": 0.55, ""assignment_entropy_upper"": 0.9, ""beta"": 0.02, ""cluster_init_gain"": 2.0, ""epochs"": 100, ""knn_k"": 20, ""lambda_E"": 0.1, ""lambda_H"": 0.2, ""lambda_bal"": 0.0, ""lambda_usage_entropy"": 0.25, ""num_clusters"": 28, ""num_hops"": 4, ""tau_c"": 0.3, ""tau_s"": 0.08, ""usage_entropy_lower"": 0.65, ""usage_entropy_upper"": 0.9}",/autodl-fs/data/recap/tuning_hyperparams/interaction_tuning/results/interaction_perf_v2_beta_nontrivial/checkpoints/perf__soft_assign_lH02/recap/trial_0/model.pt
perf__soft_assign_lH02,regularization_profile,0,Reddit,0.5852608005582849,0.04576188773968959,"{""assignment_entropy_lower"": 0.55, ""assignment_entropy_upper"": 0.9, ""beta"": 0.02, ""cluster_init_gain"": 2.0, ""epochs"": 100, ""knn_k"": 20, ""lambda_E"": 0.1, ""lambda_H"": 0.2, ""lambda_bal"": 0.0, ""lambda_usage_entropy"": 0.25, ""num_clusters"": 28, ""num_hops"": 4, ""tau_c"": 0.3, ""tau_s"": 0.08, ""usage_entropy_lower"": 0.65, ""usage_entropy_upper"": 0.9}",/autodl-fs/data/recap/tuning_hyperparams/interaction_tuning/results/interaction_perf_v2_beta_nontrivial/checkpoints/perf__soft_assign_lH02/recap/trial_0/model.pt
perf__soft_assign_lH02,regularization_profile,0,Amazon,0.729673490454101,0.1351189616142154,"{""assignment_entropy_lower"": 0.55, ""assignment_entropy_upper"": 0.9, ""beta"": 0.02, ""cluster_init_gain"": 2.0, ""epochs"": 100, ""knn_k"": 20, ""lambda_E"": 0.1, ""lambda_H"": 0.2, ""lambda_bal"": 0.0, ""lambda_usage_entropy"": 0.25, ""num_clusters"": 28, ""num_hops"": 4, ""tau_c"": 0.3, ""tau_s"": 0.08, ""usage_entropy_lower"": 0.65, ""usage_entropy_upper"": 0.9}",/autodl-fs/data/recap/tuning_hyperparams/interaction_tuning/results/interaction_perf_v2_beta_nontrivial/checkpoints/perf__soft_assign_lH02/recap/trial_0/model.pt
perf__soft_assign_lH02,regularization_profile,1,Facebook,0.5901136363636363,0.046757412007415705,"{""assignment_entropy_lower"": 0.55, ""assignment_entropy_upper"": 0.9, ""beta"": 0.02, ""cluster_init_gain"": 2.0, ""epochs"": 100, ""knn_k"": 20, ""lambda_E"": 0.1, ""lambda_H"": 0.2, ""lambda_bal"": 0.0, ""lambda_usage_entropy"": 0.25, ""num_clusters"": 28, ""num_hops"": 4, ""tau_c"": 0.3, ""tau_s"": 0.08, ""usage_entropy_lower"": 0.65, ""usage_entropy_upper"": 0.9}",/autodl-fs/data/recap/tuning_hyperparams/interaction_tuning/results/interaction_perf_v2_beta_nontrivial/checkpoints/perf__soft_assign_lH02/recap/trial_1/model.pt
perf__soft_assign_lH02,regularization_profile,1,cora,0.8237920250195465,0.4073189631851291,"{""assignment_entropy_lower"": 0.55, ""assignment_entropy_upper"": 0.9, ""beta"": 0.02, ""cluster_init_gain"": 2.0, ""epochs"": 100, ""knn_k"": 20, ""lambda_E"": 0.1, ""lambda_H"": 0.2, ""lambda_bal"": 0.0, ""lambda_usage_entropy"": 0.25, ""num_clusters"": 28, ""num_hops"": 4, ""tau_c"": 0.3, ""tau_s"": 0.08, ""usage_entropy_lower"": 0.65, ""usage_entropy_upper"": 0.9}",/autodl-fs/data/recap/tuning_hyperparams/interaction_tuning/results/interaction_perf_v2_beta_nontrivial/checkpoints/perf__soft_assign_lH02/recap/trial_1/model.pt
perf__soft_assign_lH02,regularization_profile,1,citeseer,0.8987839681040813,0.4589192857616353,"{""assignment_entropy_lower"": 0.55, ""assignment_entropy_upper"": 0.9, ""beta"": 0.02, ""cluster_init_gain"": 2.0, ""epochs"": 100, ""knn_k"": 20, ""lambda_E"": 0.1, ""lambda_H"": 0.2, ""lambda_bal"": 0.0, ""lambda_usage_entropy"": 0.25, ""num_clusters"": 28, ""num_hops"": 4, ""tau_c"": 0.3, ""tau_s"": 0.08, ""usage_entropy_lower"": 0.65, ""usage_entropy_upper"": 0.9}",/autodl-fs/data/recap/tuning_hyperparams/interaction_tuning/results/interaction_perf_v2_beta_nontrivial/checkpoints/perf__soft_assign_lH02/recap/trial_1/model.pt
perf__soft_assign_lH02,regularization_profile,1,ACM,0.7694372388578928,0.36934485045803805,"{""assignment_entropy_lower"": 0.55, ""assignment_entropy_upper"": 0.9, ""beta"": 0.02, ""cluster_init_gain"": 2.0, ""epochs"": 100, ""knn_k"": 20, ""lambda_E"": 0.1, ""lambda_H"": 0.2, ""lambda_bal"": 0.0, ""lambda_usage_entropy"": 0.25, ""num_clusters"": 28, ""num_hops"": 4, ""tau_c"": 0.3, ""tau_s"": 0.08, ""usage_entropy_lower"": 0.65, ""usage_entropy_upper"": 0.9}",/autodl-fs/data/recap/tuning_hyperparams/interaction_tuning/results/interaction_perf_v2_beta_nontrivial/checkpoints/perf__soft_assign_lH02/recap/trial_1/model.pt
perf__soft_assign_lH02,regularization_profile,1,BlogCatalog,0.7235951116557733,0.3278405579253358,"{""assignment_entropy_lower"": 0.55, ""assignment_entropy_upper"": 0.9, ""beta"": 0.02, ""cluster_init_gain"": 2.0, ""epochs"": 100, ""knn_k"": 20, ""lambda_E"": 0.1, ""lambda_H"": 0.2, ""lambda_bal"": 0.0, ""lambda_usage_entropy"": 0.25, ""num_clusters"": 28, ""num_hops"": 4, ""tau_c"": 0.3, ""tau_s"": 0.08, ""usage_entropy_lower"": 0.65, ""usage_entropy_upper"": 0.9}",/autodl-fs/data/recap/tuning_hyperparams/interaction_tuning/results/interaction_perf_v2_beta_nontrivial/checkpoints/perf__soft_assign_lH02/recap/trial_1/model.pt
perf__soft_assign_lH02,regularization_profile,1,weibo,0.718064690384579,0.3051097877352735,"{""assignment_entropy_lower"": 0.55, ""assignment_entropy_upper"": 0.9, ""beta"": 0.02, ""cluster_init_gain"": 2.0, ""epochs"": 100, ""knn_k"": 20, ""lambda_E"": 0.1, ""lambda_H"": 0.2, ""lambda_bal"": 0.0, ""lambda_usage_entropy"": 0.25, ""num_clusters"": 28, ""num_hops"": 4, ""tau_c"": 0.3, ""tau_s"": 0.08, ""usage_entropy_lower"": 0.65, ""usage_entropy_upper"": 0.9}",/autodl-fs/data/recap/tuning_hyperparams/interaction_tuning/results/interaction_perf_v2_beta_nontrivial/checkpoints/perf__soft_assign_lH02/recap/trial_1/model.pt
perf__soft_assign_lH02,regularization_profile,1,Reddit,0.5872020344872662,0.04591756580573613,"{""assignment_entropy_lower"": 0.55, ""assignment_entropy_upper"": 0.9, ""beta"": 0.02, ""cluster_init_gain"": 2.0, ""epochs"": 100, ""knn_k"": 20, ""lambda_E"": 0.1, ""lambda_H"": 0.2, ""lambda_bal"": 0.0, ""lambda_usage_entropy"": 0.25, ""num_clusters"": 28, ""num_hops"": 4, ""tau_c"": 0.3, ""tau_s"": 0.08, ""usage_entropy_lower"": 0.65, ""usage_entropy_upper"": 0.9}",/autodl-fs/data/recap/tuning_hyperparams/interaction_tuning/results/interaction_perf_v2_beta_nontrivial/checkpoints/perf__soft_assign_lH02/recap/trial_1/model.pt
perf__soft_assign_lH02,regularization_profile,1,Amazon,0.7055238446488054,0.12391381180028163,"{""assignment_entropy_lower"": 0.55, ""assignment_entropy_upper"": 0.9, ""beta"": 0.02, ""cluster_init_gain"": 2.0, ""epochs"": 100, ""knn_k"": 20, ""lambda_E"": 0.1, ""lambda_H"": 0.2, ""lambda_bal"": 0.0, ""lambda_usage_entropy"": 0.25, ""num_clusters"": 28, ""num_hops"": 4, ""tau_c"": 0.3, ""tau_s"": 0.08, ""usage_entropy_lower"": 0.65, ""usage_entropy_upper"": 0.9}",/autodl-fs/data/recap/tuning_hyperparams/interaction_tuning/results/interaction_perf_v2_beta_nontrivial/checkpoints/perf__soft_assign_lH02/recap/trial_1/model.pt
perf__soft_assign_lH02,regularization_profile,2,Facebook,0.585,0.049145436887446645,"{""assignment_entropy_lower"": 0.55, ""assignment_entropy_upper"": 0.9, ""beta"": 0.02, ""cluster_init_gain"": 2.0, ""epochs"": 100, ""knn_k"": 20, ""lambda_E"": 0.1, ""lambda_H"": 0.2, ""lambda_bal"": 0.0, ""lambda_usage_entropy"": 0.25, ""num_clusters"": 28, ""num_hops"": 4, ""tau_c"": 0.3, ""tau_s"": 0.08, ""usage_entropy_lower"": 0.65, ""usage_entropy_upper"": 0.9}",/autodl-fs/data/recap/tuning_hyperparams/interaction_tuning/results/interaction_perf_v2_beta_nontrivial/checkpoints/perf__soft_assign_lH02/recap/trial_2/model.pt
perf__soft_assign_lH02,regularization_profile,2,cora,0.8196299192077143,0.39192870035297483,"{""assignment_entropy_lower"": 0.55, ""assignment_entropy_upper"": 0.9, ""beta"": 0.02, ""cluster_init_gain"": 2.0, ""epochs"": 100, ""knn_k"": 20, ""lambda_E"": 0.1, ""lambda_H"": 0.2, ""lambda_bal"": 0.0, ""lambda_usage_entropy"": 0.25, ""num_clusters"": 28, ""num_hops"": 4, ""tau_c"": 0.3, ""tau_s"": 0.08, ""usage_entropy_lower"": 0.65, ""usage_entropy_upper"": 0.9}",/autodl-fs/data/recap/tuning_hyperparams/interaction_tuning/results/interaction_perf_v2_beta_nontrivial/checkpoints/perf__soft_assign_lH02/recap/trial_2/model.pt
perf__soft_assign_lH02,regularization_profile,2,citeseer,0.9020690378764034,0.4474445746669656,"{""assignment_entropy_lower"": 0.55, ""assignment_entropy_upper"": 0.9, ""beta"": 0.02, ""cluster_init_gain"": 2.0, ""epochs"": 100, ""knn_k"": 20, ""lambda_E"": 0.1, ""lambda_H"": 0.2, ""lambda_bal"": 0.0, ""lambda_usage_entropy"": 0.25, ""num_clusters"": 28, ""num_hops"": 4, ""tau_c"": 0.3, ""tau_s"": 0.08, ""usage_entropy_lower"": 0.65, ""usage_entropy_upper"": 0.9}",/autodl-fs/data/recap/tuning_hyperparams/interaction_tuning/results/interaction_perf_v2_beta_nontrivial/checkpoints/perf__soft_assign_lH02/recap/trial_2/model.pt
perf__soft_assign_lH02,regularization_profile,2,ACM,0.7873648893214525,0.3755246880884485,"{""assignment_entropy_lower"": 0.55, ""assignment_entropy_upper"": 0.9, ""beta"": 0.02, ""cluster_init_gain"": 2.0, ""epochs"": 100, ""knn_k"": 20, ""lambda_E"": 0.1, ""lambda_H"": 0.2, ""lambda_bal"": 0.0, ""lambda_usage_entropy"": 0.25, ""num_clusters"": 28, ""num_hops"": 4, ""tau_c"": 0.3, ""tau_s"": 0.08, ""usage_entropy_lower"": 0.65, ""usage_entropy_upper"": 0.9}",/autodl-fs/data/recap/tuning_hyperparams/interaction_tuning/results/interaction_perf_v2_beta_nontrivial/checkpoints/perf__soft_assign_lH02/recap/trial_2/model.pt
perf__soft_assign_lH02,regularization_profile,2,BlogCatalog,0.7274227260348584,0.3258616056073046,"{""assignment_entropy_lower"": 0.55, ""assignment_entropy_upper"": 0.9, ""beta"": 0.02, ""cluster_init_gain"": 2.0, ""epochs"": 100, ""knn_k"": 20, ""lambda_E"": 0.1, ""lambda_H"": 0.2, ""lambda_bal"": 0.0, ""lambda_usage_entropy"": 0.25, ""num_clusters"": 28, ""num_hops"": 4, ""tau_c"": 0.3, ""tau_s"": 0.08, ""usage_entropy_lower"": 0.65, ""usage_entropy_upper"": 0.9}",/autodl-fs/data/recap/tuning_hyperparams/interaction_tuning/results/interaction_perf_v2_beta_nontrivial/checkpoints/perf__soft_assign_lH02/recap/trial_2/model.pt
perf__soft_assign_lH02,regularization_profile,2,weibo,0.7506349627551697,0.3113226317050959,"{""assignment_entropy_lower"": 0.55, ""assignment_entropy_upper"": 0.9, ""beta"": 0.02, ""cluster_init_gain"": 2.0, ""epochs"": 100, ""knn_k"": 20, ""lambda_E"": 0.1, ""lambda_H"": 0.2, ""lambda_bal"": 0.0, ""lambda_usage_entropy"": 0.25, ""num_clusters"": 28, ""num_hops"": 4, ""tau_c"": 0.3, ""tau_s"": 0.08, ""usage_entropy_lower"": 0.65, ""usage_entropy_upper"": 0.9}",/autodl-fs/data/recap/tuning_hyperparams/interaction_tuning/results/interaction_perf_v2_beta_nontrivial/checkpoints/perf__soft_assign_lH02/recap/trial_2/model.pt
perf__soft_assign_lH02,regularization_profile,2,Reddit,0.5869257997811737,0.04532206343070516,"{""assignment_entropy_lower"": 0.55, ""assignment_entropy_upper"": 0.9, ""beta"": 0.02, ""cluster_init_gain"": 2.0, ""epochs"": 100, ""knn_k"": 20, ""lambda_E"": 0.1, ""lambda_H"": 0.2, ""lambda_bal"": 0.0, ""lambda_usage_entropy"": 0.25, ""num_clusters"": 28, ""num_hops"": 4, ""tau_c"": 0.3, ""tau_s"": 0.08, ""usage_entropy_lower"": 0.65, ""usage_entropy_upper"": 0.9}",/autodl-fs/data/recap/tuning_hyperparams/interaction_tuning/results/interaction_perf_v2_beta_nontrivial/checkpoints/perf__soft_assign_lH02/recap/trial_2/model.pt
perf__soft_assign_lH02,regularization_profile,2,Amazon,0.7234221496103775,0.1281479499830097,"{""assignment_entropy_lower"": 0.55, ""assignment_entropy_upper"": 0.9, ""beta"": 0.02, ""cluster_init_gain"": 2.0, ""epochs"": 100, ""knn_k"": 20, ""lambda_E"": 0.1, ""lambda_H"": 0.2, ""lambda_bal"": 0.0, ""lambda_usage_entropy"": 0.25, ""num_clusters"": 28, ""num_hops"": 4, ""tau_c"": 0.3, ""tau_s"": 0.08, ""usage_entropy_lower"": 0.65, ""usage_entropy_upper"": 0.9}",/autodl-fs/data/recap/tuning_hyperparams/interaction_tuning/results/interaction_perf_v2_beta_nontrivial/checkpoints/perf__soft_assign_lH02/recap/trial_2/model.pt
perf__hard_assign_lH02,regularization_profile,0,Facebook,0.5953787878787878,0.03993107934132358,"{""assignment_entropy_lower"": 0.35, ""assignment_entropy_upper"": 0.8, ""beta"": 0.02, ""cluster_init_gain"": 2.0, ""epochs"": 100, ""knn_k"": 20, ""lambda_E"": 0.1, ""lambda_H"": 0.2, ""lambda_bal"": 0.0, ""lambda_usage_entropy"": 0.25, ""num_clusters"": 28, ""num_hops"": 4, ""tau_c"": 0.3, ""tau_s"": 0.08, ""usage_entropy_lower"": 0.65, ""usage_entropy_upper"": 0.9}",/autodl-fs/data/recap/tuning_hyperparams/interaction_tuning/results/interaction_perf_v2_beta_nontrivial/checkpoints/perf__hard_assign_lH02/recap/trial_0/model.pt
perf__hard_assign_lH02,regularization_profile,0,cora,0.8156945530362262,0.4096004376580201,"{""assignment_entropy_lower"": 0.35, ""assignment_entropy_upper"": 0.8, ""beta"": 0.02, ""cluster_init_gain"": 2.0, ""epochs"": 100, ""knn_k"": 20, ""lambda_E"": 0.1, ""lambda_H"": 0.2, ""lambda_bal"": 0.0, ""lambda_usage_entropy"": 0.25, ""num_clusters"": 28, ""num_hops"": 4, ""tau_c"": 0.3, ""tau_s"": 0.08, ""usage_entropy_lower"": 0.65, ""usage_entropy_upper"": 0.9}",/autodl-fs/data/recap/tuning_hyperparams/interaction_tuning/results/interaction_perf_v2_beta_nontrivial/checkpoints/perf__hard_assign_lH02/recap/trial_0/model.pt
perf__hard_assign_lH02,regularization_profile,0,citeseer,0.8972091071241213,0.41722364079661894,"{""assignment_entropy_lower"": 0.35, ""assignment_entropy_upper"": 0.8, ""beta"": 0.02, ""cluster_init_gain"": 2.0, ""epochs"": 100, ""knn_k"": 20, ""lambda_E"": 0.1, ""lambda_H"": 0.2, ""lambda_bal"": 0.0, ""lambda_usage_entropy"": 0.25, ""num_clusters"": 28, ""num_hops"": 4, ""tau_c"": 0.3, ""tau_s"": 0.08, ""usage_entropy_lower"": 0.65, ""usage_entropy_upper"": 0.9}",/autodl-fs/data/recap/tuning_hyperparams/interaction_tuning/results/interaction_perf_v2_beta_nontrivial/checkpoints/perf__hard_assign_lH02/recap/trial_0/model.pt
perf__hard_assign_lH02,regularization_profile,0,ACM,0.790632154077283,0.3687745625255522,"{""assignment_entropy_lower"": 0.35, ""assignment_entropy_upper"": 0.8, ""beta"": 0.02, ""cluster_init_gain"": 2.0, ""epochs"": 100, ""knn_k"": 20, ""lambda_E"": 0.1, ""lambda_H"": 0.2, ""lambda_bal"": 0.0, ""lambda_usage_entropy"": 0.25, ""num_clusters"": 28, ""num_hops"": 4, ""tau_c"": 0.3, ""tau_s"": 0.08, ""usage_entropy_lower"": 0.65, ""usage_entropy_upper"": 0.9}",/autodl-fs/data/recap/tuning_hyperparams/interaction_tuning/results/interaction_perf_v2_beta_nontrivial/checkpoints/perf__hard_assign_lH02/recap/trial_0/model.pt
perf__hard_assign_lH02,regularization_profile,0,BlogCatalog,0.7433449074074074,0.32571150241449,"{""assignment_entropy_lower"": 0.35, ""assignment_entropy_upper"": 0.8, ""beta"": 0.02, ""cluster_init_gain"": 2.0, ""epochs"": 100, ""knn_k"": 20, ""lambda_E"": 0.1, ""lambda_H"": 0.2, ""lambda_bal"": 0.0, ""lambda_usage_entropy"": 0.25, ""num_clusters"": 28, ""num_hops"": 4, ""tau_c"": 0.3, ""tau_s"": 0.08, ""usage_entropy_lower"": 0.65, ""usage_entropy_upper"": 0.9}",/autodl-fs/data/recap/tuning_hyperparams/interaction_tuning/results/interaction_perf_v2_beta_nontrivial/checkpoints/perf__hard_assign_lH02/recap/trial_0/model.pt
perf__hard_assign_lH02,regularization_profile,0,weibo,0.7324223538683814,0.3138830069496052,"{""assignment_entropy_lower"": 0.35, ""assignment_entropy_upper"": 0.8, ""beta"": 0.02, ""cluster_init_gain"": 2.0, ""epochs"": 100, ""knn_k"": 20, ""lambda_E"": 0.1, ""lambda_H"": 0.2, ""lambda_bal"": 0.0, ""lambda_usage_entropy"": 0.25, ""num_clusters"": 28, ""num_hops"": 4, ""tau_c"": 0.3, ""tau_s"": 0.08, ""usage_entropy_lower"": 0.65, ""usage_entropy_upper"": 0.9}",/autodl-fs/data/recap/tuning_hyperparams/interaction_tuning/results/interaction_perf_v2_beta_nontrivial/checkpoints/perf__hard_assign_lH02/recap/trial_0/model.pt
perf__hard_assign_lH02,regularization_profile,0,Reddit,0.5844148558947739,0.04669410737476676,"{""assignment_entropy_lower"": 0.35, ""assignment_entropy_upper"": 0.8, ""beta"": 0.02, ""cluster_init_gain"": 2.0, ""epochs"": 100, ""knn_k"": 20, ""lambda_E"": 0.1, ""lambda_H"": 0.2, ""lambda_bal"": 0.0, ""lambda_usage_entropy"": 0.25, ""num_clusters"": 28, ""num_hops"": 4, ""tau_c"": 0.3, ""tau_s"": 0.08, ""usage_entropy_lower"": 0.65, ""usage_entropy_upper"": 0.9}",/autodl-fs/data/recap/tuning_hyperparams/interaction_tuning/results/interaction_perf_v2_beta_nontrivial/checkpoints/perf__hard_assign_lH02/recap/trial_0/model.pt
perf__hard_assign_lH02,regularization_profile,0,Amazon,0.7382978881247687,0.1394206615610242,"{""assignment_entropy_lower"": 0.35, ""assignment_entropy_upper"": 0.8, ""beta"": 0.02, ""cluster_init_gain"": 2.0, ""epochs"": 100, ""knn_k"": 20, ""lambda_E"": 0.1, ""lambda_H"": 0.2, ""lambda_bal"": 0.0, ""lambda_usage_entropy"": 0.25, ""num_clusters"": 28, ""num_hops"": 4, ""tau_c"": 0.3, ""tau_s"": 0.08, ""usage_entropy_lower"": 0.65, ""usage_entropy_upper"": 0.9}",/autodl-fs/data/recap/tuning_hyperparams/interaction_tuning/results/interaction_perf_v2_beta_nontrivial/checkpoints/perf__hard_assign_lH02/recap/trial_0/model.pt
perf__hard_assign_lH02,regularization_profile,1,Facebook,0.5992045454545455,0.04858698058413636,"{""assignment_entropy_lower"": 0.35, ""assignment_entropy_upper"": 0.8, ""beta"": 0.02, ""cluster_init_gain"": 2.0, ""epochs"": 100, ""knn_k"": 20, ""lambda_E"": 0.1, ""lambda_H"": 0.2, ""lambda_bal"": 0.0, ""lambda_usage_entropy"": 0.25, ""num_clusters"": 28, ""num_hops"": 4, ""tau_c"": 0.3, ""tau_s"": 0.08, ""usage_entropy_lower"": 0.65, ""usage_entropy_upper"": 0.9}",/autodl-fs/data/recap/tuning_hyperparams/interaction_tuning/results/interaction_perf_v2_beta_nontrivial/checkpoints/perf__hard_assign_lH02/recap/trial_1/model.pt
perf__hard_assign_lH02,regularization_profile,1,cora,0.8206411258795934,0.409155486755915,"{""assignment_entropy_lower"": 0.35, ""assignment_entropy_upper"": 0.8, ""beta"": 0.02, ""cluster_init_gain"": 2.0, ""epochs"": 100, ""knn_k"": 20, ""lambda_E"": 0.1, ""lambda_H"": 0.2, ""lambda_bal"": 0.0, ""lambda_usage_entropy"": 0.25, ""num_clusters"": 28, ""num_hops"": 4, ""tau_c"": 0.3, ""tau_s"": 0.08, ""usage_entropy_lower"": 0.65, ""usage_entropy_upper"": 0.9}",/autodl-fs/data/recap/tuning_hyperparams/interaction_tuning/results/interaction_perf_v2_beta_nontrivial/checkpoints/perf__hard_assign_lH02/recap/trial_1/model.pt
perf__hard_assign_lH02,regularization_profile,1,citeseer,0.89761305214563,0.46045116115930024,"{""assignment_entropy_lower"": 0.35, ""assignment_entropy_upper"": 0.8, ""beta"": 0.02, ""cluster_init_gain"": 2.0, ""epochs"": 100, ""knn_k"": 20, ""lambda_E"": 0.1, ""lambda_H"": 0.2, ""lambda_bal"": 0.0, ""lambda_usage_entropy"": 0.25, ""num_clusters"": 28, ""num_hops"": 4, ""tau_c"": 0.3, ""tau_s"": 0.08, ""usage_entropy_lower"": 0.65, ""usage_entropy_upper"": 0.9}",/autodl-fs/data/recap/tuning_hyperparams/interaction_tuning/results/interaction_perf_v2_beta_nontrivial/checkpoints/perf__hard_assign_lH02/recap/trial_1/model.pt
perf__hard_assign_lH02,regularization_profile,1,ACM,0.7771873256043336,0.3708029977198128,"{""assignment_entropy_lower"": 0.35, ""assignment_entropy_upper"": 0.8, ""beta"": 0.02, ""cluster_init_gain"": 2.0, ""epochs"": 100, ""knn_k"": 20, ""lambda_E"": 0.1, ""lambda_H"": 0.2, ""lambda_bal"": 0.0, ""lambda_usage_entropy"": 0.25, ""num_clusters"": 28, ""num_hops"": 4, ""tau_c"": 0.3, ""tau_s"": 0.08, ""usage_entropy_lower"": 0.65, ""usage_entropy_upper"": 0.9}",/autodl-fs/data/recap/tuning_hyperparams/interaction_tuning/results/interaction_perf_v2_beta_nontrivial/checkpoints/perf__hard_assign_lH02/recap/trial_1/model.pt
perf__hard_assign_lH02,regularization_profile,1,BlogCatalog,0.7294709967320261,0.3247048501364685,"{""assignment_entropy_lower"": 0.35, ""assignment_entropy_upper"": 0.8, ""beta"": 0.02, ""cluster_init_gain"": 2.0, ""epochs"": 100, ""knn_k"": 20, ""lambda_E"": 0.1, ""lambda_H"": 0.2, ""lambda_bal"": 0.0, ""lambda_usage_entropy"": 0.25, ""num_clusters"": 28, ""num_hops"": 4, ""tau_c"": 0.3, ""tau_s"": 0.08, ""usage_entropy_lower"": 0.65, ""usage_entropy_upper"": 0.9}",/autodl-fs/data/recap/tuning_hyperparams/interaction_tuning/results/interaction_perf_v2_beta_nontrivial/checkpoints/perf__hard_assign_lH02/recap/trial_1/model.pt
perf__hard_assign_lH02,regularization_profile,1,weibo,0.7377852976009598,0.3086836963455782,"{""assignment_entropy_lower"": 0.35, ""assignment_entropy_upper"": 0.8, ""beta"": 0.02, ""cluster_init_gain"": 2.0, ""epochs"": 100, ""knn_k"": 20, ""lambda_E"": 0.1, ""lambda_H"": 0.2, ""lambda_bal"": 0.0, ""lambda_usage_entropy"": 0.25, ""num_clusters"": 28, ""num_hops"": 4, ""tau_c"": 0.3, ""tau_s"": 0.08, ""usage_entropy_lower"": 0.65, ""usage_entropy_upper"": 0.9}",/autodl-fs/data/recap/tuning_hyperparams/interaction_tuning/results/interaction_perf_v2_beta_nontrivial/checkpoints/perf__hard_assign_lH02/recap/trial_1/model.pt
perf__hard_assign_lH02,regularization_profile,1,Reddit,0.5901043644826242,0.04676015387205573,"{""assignment_entropy_lower"": 0.35, ""assignment_entropy_upper"": 0.8, ""beta"": 0.02, ""cluster_init_gain"": 2.0, ""epochs"": 100, ""knn_k"": 20, ""lambda_E"": 0.1, ""lambda_H"": 0.2, ""lambda_bal"": 0.0, ""lambda_usage_entropy"": 0.25, ""num_clusters"": 28, ""num_hops"": 4, ""tau_c"": 0.3, ""tau_s"": 0.08, ""usage_entropy_lower"": 0.65, ""usage_entropy_upper"": 0.9}",/autodl-fs/data/recap/tuning_hyperparams/interaction_tuning/results/interaction_perf_v2_beta_nontrivial/checkpoints/perf__hard_assign_lH02/recap/trial_1/model.pt
perf__hard_assign_lH02,regularization_profile,1,Amazon,0.7114398326233391,0.1254335585764566,"{""assignment_entropy_lower"": 0.35, ""assignment_entropy_upper"": 0.8, ""beta"": 0.02, ""cluster_init_gain"": 2.0, ""epochs"": 100, ""knn_k"": 20, ""lambda_E"": 0.1, ""lambda_H"": 0.2, ""lambda_bal"": 0.0, ""lambda_usage_entropy"": 0.25, ""num_clusters"": 28, ""num_hops"": 4, ""tau_c"": 0.3, ""tau_s"": 0.08, ""usage_entropy_lower"": 0.65, ""usage_entropy_upper"": 0.9}",/autodl-fs/data/recap/tuning_hyperparams/interaction_tuning/results/interaction_perf_v2_beta_nontrivial/checkpoints/perf__hard_assign_lH02/recap/trial_1/model.pt
perf__hard_assign_lH02,regularization_profile,2,Facebook,0.595189393939394,0.03584658040162083,"{""assignment_entropy_lower"": 0.35, ""assignment_entropy_upper"": 0.8, ""beta"": 0.02, ""cluster_init_gain"": 2.0, ""epochs"": 100, ""knn_k"": 20, ""lambda_E"": 0.1, ""lambda_H"": 0.2, ""lambda_bal"": 0.0, ""lambda_usage_entropy"": 0.25, ""num_clusters"": 28, ""num_hops"": 4, ""tau_c"": 0.3, ""tau_s"": 0.08, ""usage_entropy_lower"": 0.65, ""usage_entropy_upper"": 0.9}",/autodl-fs/data/recap/tuning_hyperparams/interaction_tuning/results/interaction_perf_v2_beta_nontrivial/checkpoints/perf__hard_assign_lH02/recap/trial_2/model.pt
perf__hard_assign_lH02,regularization_profile,2,cora,0.8229397967161846,0.40019750464936305,"{""assignment_entropy_lower"": 0.35, ""assignment_entropy_upper"": 0.8, ""beta"": 0.02, ""cluster_init_gain"": 2.0, ""epochs"": 100, ""knn_k"": 20, ""lambda_E"": 0.1, ""lambda_H"": 0.2, ""lambda_bal"": 0.0, ""lambda_usage_entropy"": 0.25, ""num_clusters"": 28, ""num_hops"": 4, ""tau_c"": 0.3, ""tau_s"": 0.08, ""usage_entropy_lower"": 0.65, ""usage_entropy_upper"": 0.9}",/autodl-fs/data/recap/tuning_hyperparams/interaction_tuning/results/interaction_perf_v2_beta_nontrivial/checkpoints/perf__hard_assign_lH02/recap/trial_2/model.pt
perf__hard_assign_lH02,regularization_profile,2,citeseer,0.9024908194313294,0.45250164173824464,"{""assignment_entropy_lower"": 0.35, ""assignment_entropy_upper"": 0.8, ""beta"": 0.02, ""cluster_init_gain"": 2.0, ""epochs"": 100, ""knn_k"": 20, ""lambda_E"": 0.1, ""lambda_H"": 0.2, ""lambda_bal"": 0.0, ""lambda_usage_entropy"": 0.25, ""num_clusters"": 28, ""num_hops"": 4, ""tau_c"": 0.3, ""tau_s"": 0.08, ""usage_entropy_lower"": 0.65, ""usage_entropy_upper"": 0.9}",/autodl-fs/data/recap/tuning_hyperparams/interaction_tuning/results/interaction_perf_v2_beta_nontrivial/checkpoints/perf__hard_assign_lH02/recap/trial_2/model.pt
perf__hard_assign_lH02,regularization_profile,2,ACM,0.784509083678184,0.37339221699473096,"{""assignment_entropy_lower"": 0.35, ""assignment_entropy_upper"": 0.8, ""beta"": 0.02, ""cluster_init_gain"": 2.0, ""epochs"": 100, ""knn_k"": 20, ""lambda_E"": 0.1, ""lambda_H"": 0.2, ""lambda_bal"": 0.0, ""lambda_usage_entropy"": 0.25, ""num_clusters"": 28, ""num_hops"": 4, ""tau_c"": 0.3, ""tau_s"": 0.08, ""usage_entropy_lower"": 0.65, ""usage_entropy_upper"": 0.9}",/autodl-fs/data/recap/tuning_hyperparams/interaction_tuning/results/interaction_perf_v2_beta_nontrivial/checkpoints/perf__hard_assign_lH02/recap/trial_2/model.pt
perf__hard_assign_lH02,regularization_profile,2,BlogCatalog,0.7247031590413944,0.3222485667840026,"{""assignment_entropy_lower"": 0.35, ""assignment_entropy_upper"": 0.8, ""beta"": 0.02, ""cluster_init_gain"": 2.0, ""epochs"": 100, ""knn_k"": 20, ""lambda_E"": 0.1, ""lambda_H"": 0.2, ""lambda_bal"": 0.0, ""lambda_usage_entropy"": 0.25, ""num_clusters"": 28, ""num_hops"": 4, ""tau_c"": 0.3, ""tau_s"": 0.08, ""usage_entropy_lower"": 0.65, ""usage_entropy_upper"": 0.9}",/autodl-fs/data/recap/tuning_hyperparams/interaction_tuning/results/interaction_perf_v2_beta_nontrivial/checkpoints/perf__hard_assign_lH02/recap/trial_2/model.pt
perf__hard_assign_lH02,regularization_profile,2,weibo,0.74203644508902,0.30636243642349326,"{""assignment_entropy_lower"": 0.35, ""assignment_entropy_upper"": 0.8, ""beta"": 0.02, ""cluster_init_gain"": 2.0, ""epochs"": 100, ""knn_k"": 20, ""lambda_E"": 0.1, ""lambda_H"": 0.2, ""lambda_bal"": 0.0, ""lambda_usage_entropy"": 0.25, ""num_clusters"": 28, ""num_hops"": 4, ""tau_c"": 0.3, ""tau_s"": 0.08, ""usage_entropy_lower"": 0.65, ""usage_entropy_upper"": 0.9}",/autodl-fs/data/recap/tuning_hyperparams/interaction_tuning/results/interaction_perf_v2_beta_nontrivial/checkpoints/perf__hard_assign_lH02/recap/trial_2/model.pt
perf__hard_assign_lH02,regularization_profile,2,Reddit,0.5843536133609594,0.045645351580782555,"{""assignment_entropy_lower"": 0.35, ""assignment_entropy_upper"": 0.8, ""beta"": 0.02, ""cluster_init_gain"": 2.0, ""epochs"": 100, ""knn_k"": 20, ""lambda_E"": 0.1, ""lambda_H"": 0.2, ""lambda_bal"": 0.0, ""lambda_usage_entropy"": 0.25, ""num_clusters"": 28, ""num_hops"": 4, ""tau_c"": 0.3, ""tau_s"": 0.08, ""usage_entropy_lower"": 0.65, ""usage_entropy_upper"": 0.9}",/autodl-fs/data/recap/tuning_hyperparams/interaction_tuning/results/interaction_perf_v2_beta_nontrivial/checkpoints/perf__hard_assign_lH02/recap/trial_2/model.pt
perf__hard_assign_lH02,regularization_profile,2,Amazon,0.7253754475976698,0.12889459683071425,"{""assignment_entropy_lower"": 0.35, ""assignment_entropy_upper"": 0.8, ""beta"": 0.02, ""cluster_init_gain"": 2.0, ""epochs"": 100, ""knn_k"": 20, ""lambda_E"": 0.1, ""lambda_H"": 0.2, ""lambda_bal"": 0.0, ""lambda_usage_entropy"": 0.25, ""num_clusters"": 28, ""num_hops"": 4, ""tau_c"": 0.3, ""tau_s"": 0.08, ""usage_entropy_lower"": 0.65, ""usage_entropy_upper"": 0.9}",/autodl-fs/data/recap/tuning_hyperparams/interaction_tuning/results/interaction_perf_v2_beta_nontrivial/checkpoints/perf__hard_assign_lH02/recap/trial_2/model.pt
perf__loose_usage_lH02,regularization_profile,0,Facebook,0.5973863636363637,0.04220102371895241,"{""assignment_entropy_lower"": 0.45, ""assignment_entropy_upper"": 0.85, ""beta"": 0.02, ""cluster_init_gain"": 2.0, ""epochs"": 100, ""knn_k"": 20, ""lambda_E"": 0.1, ""lambda_H"": 0.2, ""lambda_bal"": 0.0, ""lambda_usage_entropy"": 0.1, ""num_clusters"": 28, ""num_hops"": 4, ""tau_c"": 0.3, ""tau_s"": 0.08, ""usage_entropy_lower"": 0.6, ""usage_entropy_upper"": 0.92}",/autodl-fs/data/recap/tuning_hyperparams/interaction_tuning/results/interaction_perf_v2_beta_nontrivial/checkpoints/perf__loose_usage_lH02/recap/trial_0/model.pt
perf__loose_usage_lH02,regularization_profile,0,cora,0.8180635913474068,0.3943697087290381,"{""assignment_entropy_lower"": 0.45, ""assignment_entropy_upper"": 0.85, ""beta"": 0.02, ""cluster_init_gain"": 2.0, ""epochs"": 100, ""knn_k"": 20, ""lambda_E"": 0.1, ""lambda_H"": 0.2, ""lambda_bal"": 0.0, ""lambda_usage_entropy"": 0.1, ""num_clusters"": 28, ""num_hops"": 4, ""tau_c"": 0.3, ""tau_s"": 0.08, ""usage_entropy_lower"": 0.6, ""usage_entropy_upper"": 0.92}",/autodl-fs/data/recap/tuning_hyperparams/interaction_tuning/results/interaction_perf_v2_beta_nontrivial/checkpoints/perf__loose_usage_lH02/recap/trial_0/model.pt
perf__loose_usage_lH02,regularization_profile,0,citeseer,0.8968062113104608,0.40994379095906586,"{""assignment_entropy_lower"": 0.45, ""assignment_entropy_upper"": 0.85, ""beta"": 0.02, ""cluster_init_gain"": 2.0, ""epochs"": 100, ""knn_k"": 20, ""lambda_E"": 0.1, ""lambda_H"": 0.2, ""lambda_bal"": 0.0, ""lambda_usage_entropy"": 0.1, ""num_clusters"": 28, ""num_hops"": 4, ""tau_c"": 0.3, ""tau_s"": 0.08, ""usage_entropy_lower"": 0.6, ""usage_entropy_upper"": 0.92}",/autodl-fs/data/recap/tuning_hyperparams/interaction_tuning/results/interaction_perf_v2_beta_nontrivial/checkpoints/perf__loose_usage_lH02/recap/trial_0/model.pt
perf__loose_usage_lH02,regularization_profile,0,ACM,0.7833940057603221,0.36750110052737683,"{""assignment_entropy_lower"": 0.45, ""assignment_entropy_upper"": 0.85, ""beta"": 0.02, ""cluster_init_gain"": 2.0, ""epochs"": 100, ""knn_k"": 20, ""lambda_E"": 0.1, ""lambda_H"": 0.2, ""lambda_bal"": 0.0, ""lambda_usage_entropy"": 0.1, ""num_clusters"": 28, ""num_hops"": 4, ""tau_c"": 0.3, ""tau_s"": 0.08, ""usage_entropy_lower"": 0.6, ""usage_entropy_upper"": 0.92}",/autodl-fs/data/recap/tuning_hyperparams/interaction_tuning/results/interaction_perf_v2_beta_nontrivial/checkpoints/perf__loose_usage_lH02/recap/trial_0/model.pt
perf__loose_usage_lH02,regularization_profile,0,BlogCatalog,0.7076300381263616,0.3123670331073923,"{""assignment_entropy_lower"": 0.45, ""assignment_entropy_upper"": 0.85, ""beta"": 0.02, ""cluster_init_gain"": 2.0, ""epochs"": 100, ""knn_k"": 20, ""lambda_E"": 0.1, ""lambda_H"": 0.2, ""lambda_bal"": 0.0, ""lambda_usage_entropy"": 0.1, ""num_clusters"": 28, ""num_hops"": 4, ""tau_c"": 0.3, ""tau_s"": 0.08, ""usage_entropy_lower"": 0.6, ""usage_entropy_upper"": 0.92}",/autodl-fs/data/recap/tuning_hyperparams/interaction_tuning/results/interaction_perf_v2_beta_nontrivial/checkpoints/perf__loose_usage_lH02/recap/trial_0/model.pt
perf__loose_usage_lH02,regularization_profile,0,weibo,0.7590574670336021,0.32722654756919356,"{""assignment_entropy_lower"": 0.45, ""assignment_entropy_upper"": 0.85, ""beta"": 0.02, ""cluster_init_gain"": 2.0, ""epochs"": 100, ""knn_k"": 20, ""lambda_E"": 0.1, ""lambda_H"": 0.2, ""lambda_bal"": 0.0, ""lambda_usage_entropy"": 0.1, ""num_clusters"": 28, ""num_hops"": 4, ""tau_c"": 0.3, ""tau_s"": 0.08, ""usage_entropy_lower"": 0.6, ""usage_entropy_upper"": 0.92}",/autodl-fs/data/recap/tuning_hyperparams/interaction_tuning/results/interaction_perf_v2_beta_nontrivial/checkpoints/perf__loose_usage_lH02/recap/trial_0/model.pt
perf__loose_usage_lH02,regularization_profile,0,Reddit,0.5838773111336868,0.04522052483350105,"{""assignment_entropy_lower"": 0.45, ""assignment_entropy_upper"": 0.85, ""beta"": 0.02, ""cluster_init_gain"": 2.0, ""epochs"": 100, ""knn_k"": 20, ""lambda_E"": 0.1, ""lambda_H"": 0.2, ""lambda_bal"": 0.0, ""lambda_usage_entropy"": 0.1, ""num_clusters"": 28, ""num_hops"": 4, ""tau_c"": 0.3, ""tau_s"": 0.08, ""usage_entropy_lower"": 0.6, ""usage_entropy_upper"": 0.92}",/autodl-fs/data/recap/tuning_hyperparams/interaction_tuning/results/interaction_perf_v2_beta_nontrivial/checkpoints/perf__loose_usage_lH02/recap/trial_0/model.pt
perf__loose_usage_lH02,regularization_profile,0,Amazon,0.7257534198044113,0.13166000006010842,"{""assignment_entropy_lower"": 0.45, ""assignment_entropy_upper"": 0.85, ""beta"": 0.02, ""cluster_init_gain"": 2.0, ""epochs"": 100, ""knn_k"": 20, ""lambda_E"": 0.1, ""lambda_H"": 0.2, ""lambda_bal"": 0.0, ""lambda_usage_entropy"": 0.1, ""num_clusters"": 28, ""num_hops"": 4, ""tau_c"": 0.3, ""tau_s"": 0.08, ""usage_entropy_lower"": 0.6, ""usage_entropy_upper"": 0.92}",/autodl-fs/data/recap/tuning_hyperparams/interaction_tuning/results/interaction_perf_v2_beta_nontrivial/checkpoints/perf__loose_usage_lH02/recap/trial_0/model.pt
perf__loose_usage_lH02,regularization_profile,1,Facebook,0.5895075757575757,0.0484803521236639,"{""assignment_entropy_lower"": 0.45, ""assignment_entropy_upper"": 0.85, ""beta"": 0.02, ""cluster_init_gain"": 2.0, ""epochs"": 100, ""knn_k"": 20, ""lambda_E"": 0.1, ""lambda_H"": 0.2, ""lambda_bal"": 0.0, ""lambda_usage_entropy"": 0.1, ""num_clusters"": 28, ""num_hops"": 4, ""tau_c"": 0.3, ""tau_s"": 0.08, ""usage_entropy_lower"": 0.6, ""usage_entropy_upper"": 0.92}",/autodl-fs/data/recap/tuning_hyperparams/interaction_tuning/results/interaction_perf_v2_beta_nontrivial/checkpoints/perf__loose_usage_lH02/recap/trial_1/model.pt
perf__loose_usage_lH02,regularization_profile,1,cora,0.8216054209017462,0.4114330403490709,"{""assignment_entropy_lower"": 0.45, ""assignment_entropy_upper"": 0.85, ""beta"": 0.02, ""cluster_init_gain"": 2.0, ""epochs"": 100, ""knn_k"": 20, ""lambda_E"": 0.1, ""lambda_H"": 0.2, ""lambda_bal"": 0.0, ""lambda_usage_entropy"": 0.1, ""num_clusters"": 28, ""num_hops"": 4, ""tau_c"": 0.3, ""tau_s"": 0.08, ""usage_entropy_lower"": 0.6, ""usage_entropy_upper"": 0.92}",/autodl-fs/data/recap/tuning_hyperparams/interaction_tuning/results/interaction_perf_v2_beta_nontrivial/checkpoints/perf__loose_usage_lH02/recap/trial_1/model.pt
perf__loose_usage_lH02,regularization_profile,1,citeseer,0.9000514111845558,0.4672618742491237,"{""assignment_entropy_lower"": 0.45, ""assignment_entropy_upper"": 0.85, ""beta"": 0.02, ""cluster_init_gain"": 2.0, ""epochs"": 100, ""knn_k"": 20, ""lambda_E"": 0.1, ""lambda_H"": 0.2, ""lambda_bal"": 0.0, ""lambda_usage_entropy"": 0.1, ""num_clusters"": 28, ""num_hops"": 4, ""tau_c"": 0.3, ""tau_s"": 0.08, ""usage_entropy_lower"": 0.6, ""usage_entropy_upper"": 0.92}",/autodl-fs/data/recap/tuning_hyperparams/interaction_tuning/results/interaction_perf_v2_beta_nontrivial/checkpoints/perf__loose_usage_lH02/recap/trial_1/model.pt
perf__loose_usage_lH02,regularization_profile,1,ACM,0.771020183479661,0.3698925041916407,"{""assignment_entropy_lower"": 0.45, ""assignment_entropy_upper"": 0.85, ""beta"": 0.02, ""cluster_init_gain"": 2.0, ""epochs"": 100, ""knn_k"": 20, ""lambda_E"": 0.1, ""lambda_H"": 0.2, ""lambda_bal"": 0.0, ""lambda_usage_entropy"": 0.1, ""num_clusters"": 28, ""num_hops"": 4, ""tau_c"": 0.3, ""tau_s"": 0.08, ""usage_entropy_lower"": 0.6, ""usage_entropy_upper"": 0.92}",/autodl-fs/data/recap/tuning_hyperparams/interaction_tuning/results/interaction_perf_v2_beta_nontrivial/checkpoints/perf__loose_usage_lH02/recap/trial_1/model.pt
perf__loose_usage_lH02,regularization_profile,1,BlogCatalog,0.7230273011982571,0.32395016810128974,"{""assignment_entropy_lower"": 0.45, ""assignment_entropy_upper"": 0.85, ""beta"": 0.02, ""cluster_init_gain"": 2.0, ""epochs"": 100, ""knn_k"": 20, ""lambda_E"": 0.1, ""lambda_H"": 0.2, ""lambda_bal"": 0.0, ""lambda_usage_entropy"": 0.1, ""num_clusters"": 28, ""num_hops"": 4, ""tau_c"": 0.3, ""tau_s"": 0.08, ""usage_entropy_lower"": 0.6, ""usage_entropy_upper"": 0.92}",/autodl-fs/data/recap/tuning_hyperparams/interaction_tuning/results/interaction_perf_v2_beta_nontrivial/checkpoints/perf__loose_usage_lH02/recap/trial_1/model.pt
perf__loose_usage_lH02,regularization_profile,1,weibo,0.7257411057828996,0.30593863275598787,"{""assignment_entropy_lower"": 0.45, ""assignment_entropy_upper"": 0.85, ""beta"": 0.02, ""cluster_init_gain"": 2.0, ""epochs"": 100, ""knn_k"": 20, ""lambda_E"": 0.1, ""lambda_H"": 0.2, ""lambda_bal"": 0.0, ""lambda_usage_entropy"": 0.1, ""num_clusters"": 28, ""num_hops"": 4, ""tau_c"": 0.3, ""tau_s"": 0.08, ""usage_entropy_lower"": 0.6, ""usage_entropy_upper"": 0.92}",/autodl-fs/data/recap/tuning_hyperparams/interaction_tuning/results/interaction_perf_v2_beta_nontrivial/checkpoints/perf__loose_usage_lH02/recap/trial_1/model.pt
perf__loose_usage_lH02,regularization_profile,1,Reddit,0.5902034332873242,0.04676213058041569,"{""assignment_entropy_lower"": 0.45, ""assignment_entropy_upper"": 0.85, ""beta"": 0.02, ""cluster_init_gain"": 2.0, ""epochs"": 100, ""knn_k"": 20, ""lambda_E"": 0.1, ""lambda_H"": 0.2, ""lambda_bal"": 0.0, ""lambda_usage_entropy"": 0.1, ""num_clusters"": 28, ""num_hops"": 4, ""tau_c"": 0.3, ""tau_s"": 0.08, ""usage_entropy_lower"": 0.6, ""usage_entropy_upper"": 0.92}",/autodl-fs/data/recap/tuning_hyperparams/interaction_tuning/results/interaction_perf_v2_beta_nontrivial/checkpoints/perf__loose_usage_lH02/recap/trial_1/model.pt
perf__loose_usage_lH02,regularization_profile,1,Amazon,0.7060929604209428,0.12320707064924483,"{""assignment_entropy_lower"": 0.45, ""assignment_entropy_upper"": 0.85, ""beta"": 0.02, ""cluster_init_gain"": 2.0, ""epochs"": 100, ""knn_k"": 20, ""lambda_E"": 0.1, ""lambda_H"": 0.2, ""lambda_bal"": 0.0, ""lambda_usage_entropy"": 0.1, ""num_clusters"": 28, ""num_hops"": 4, ""tau_c"": 0.3, ""tau_s"": 0.08, ""usage_entropy_lower"": 0.6, ""usage_entropy_upper"": 0.92}",/autodl-fs/data/recap/tuning_hyperparams/interaction_tuning/results/interaction_perf_v2_beta_nontrivial/checkpoints/perf__loose_usage_lH02/recap/trial_1/model.pt
perf__loose_usage_lH02,regularization_profile,2,Facebook,0.5876893939393939,0.035884919020891075,"{""assignment_entropy_lower"": 0.45, ""assignment_entropy_upper"": 0.85, ""beta"": 0.02, ""cluster_init_gain"": 2.0, ""epochs"": 100, ""knn_k"": 20, ""lambda_E"": 0.1, ""lambda_H"": 0.2, ""lambda_bal"": 0.0, ""lambda_usage_entropy"": 0.1, ""num_clusters"": 28, ""num_hops"": 4, ""tau_c"": 0.3, ""tau_s"": 0.08, ""usage_entropy_lower"": 0.6, ""usage_entropy_upper"": 0.92}",/autodl-fs/data/recap/tuning_hyperparams/interaction_tuning/results/interaction_perf_v2_beta_nontrivial/checkpoints/perf__loose_usage_lH02/recap/trial_2/model.pt
perf__loose_usage_lH02,regularization_profile,2,cora,0.819098253844149,0.395718413057637,"{""assignment_entropy_lower"": 0.45, ""assignment_entropy_upper"": 0.85, ""beta"": 0.02, ""cluster_init_gain"": 2.0, ""epochs"": 100, ""knn_k"": 20, ""lambda_E"": 0.1, ""lambda_H"": 0.2, ""lambda_bal"": 0.0, ""lambda_usage_entropy"": 0.1, ""num_clusters"": 28, ""num_hops"": 4, ""tau_c"": 0.3, ""tau_s"": 0.08, ""usage_entropy_lower"": 0.6, ""usage_entropy_upper"": 0.92}",/autodl-fs/data/recap/tuning_hyperparams/interaction_tuning/results/interaction_perf_v2_beta_nontrivial/checkpoints/perf__loose_usage_lH02/recap/trial_2/model.pt
perf__loose_usage_lH02,regularization_profile,2,citeseer,0.9034665827300389,0.4490787075020491,"{""assignment_entropy_lower"": 0.45, ""assignment_entropy_upper"": 0.85, ""beta"": 0.02, ""cluster_init_gain"": 2.0, ""epochs"": 100, ""knn_k"": 20, ""lambda_E"": 0.1, ""lambda_H"": 0.2, ""lambda_bal"": 0.0, ""lambda_usage_entropy"": 0.1, ""num_clusters"": 28, ""num_hops"": 4, ""tau_c"": 0.3, ""tau_s"": 0.08, ""usage_entropy_lower"": 0.6, ""usage_entropy_upper"": 0.92}",/autodl-fs/data/recap/tuning_hyperparams/interaction_tuning/results/interaction_perf_v2_beta_nontrivial/checkpoints/perf__loose_usage_lH02/recap/trial_2/model.pt
perf__loose_usage_lH02,regularization_profile,2,ACM,0.785807459909227,0.375765311493159,"{""assignment_entropy_lower"": 0.45, ""assignment_entropy_upper"": 0.85, ""beta"": 0.02, ""cluster_init_gain"": 2.0, ""epochs"": 100, ""knn_k"": 20, ""lambda_E"": 0.1, ""lambda_H"": 0.2, ""lambda_bal"": 0.0, ""lambda_usage_entropy"": 0.1, ""num_clusters"": 28, ""num_hops"": 4, ""tau_c"": 0.3, ""tau_s"": 0.08, ""usage_entropy_lower"": 0.6, ""usage_entropy_upper"": 0.92}",/autodl-fs/data/recap/tuning_hyperparams/interaction_tuning/results/interaction_perf_v2_beta_nontrivial/checkpoints/perf__loose_usage_lH02/recap/trial_2/model.pt
perf__loose_usage_lH02,regularization_profile,2,BlogCatalog,0.7304980255991285,0.3262506168406166,"{""assignment_entropy_lower"": 0.45, ""assignment_entropy_upper"": 0.85, ""beta"": 0.02, ""cluster_init_gain"": 2.0, ""epochs"": 100, ""knn_k"": 20, ""lambda_E"": 0.1, ""lambda_H"": 0.2, ""lambda_bal"": 0.0, ""lambda_usage_entropy"": 0.1, ""num_clusters"": 28, ""num_hops"": 4, ""tau_c"": 0.3, ""tau_s"": 0.08, ""usage_entropy_lower"": 0.6, ""usage_entropy_upper"": 0.92}",/autodl-fs/data/recap/tuning_hyperparams/interaction_tuning/results/interaction_perf_v2_beta_nontrivial/checkpoints/perf__loose_usage_lH02/recap/trial_2/model.pt
perf__loose_usage_lH02,regularization_profile,2,weibo,0.7561049819355083,0.3132628619440247,"{""assignment_entropy_lower"": 0.45, ""assignment_entropy_upper"": 0.85, ""beta"": 0.02, ""cluster_init_gain"": 2.0, ""epochs"": 100, ""knn_k"": 20, ""lambda_E"": 0.1, ""lambda_H"": 0.2, ""lambda_bal"": 0.0, ""lambda_usage_entropy"": 0.1, ""num_clusters"": 28, ""num_hops"": 4, ""tau_c"": 0.3, ""tau_s"": 0.08, ""usage_entropy_lower"": 0.6, ""usage_entropy_upper"": 0.92}",/autodl-fs/data/recap/tuning_hyperparams/interaction_tuning/results/interaction_perf_v2_beta_nontrivial/checkpoints/perf__loose_usage_lH02/recap/trial_2/model.pt
perf__loose_usage_lH02,regularization_profile,2,Reddit,0.5884885136797293,0.04547711809791752,"{""assignment_entropy_lower"": 0.45, ""assignment_entropy_upper"": 0.85, ""beta"": 0.02, ""cluster_init_gain"": 2.0, ""epochs"": 100, ""knn_k"": 20, ""lambda_E"": 0.1, ""lambda_H"": 0.2, ""lambda_bal"": 0.0, ""lambda_usage_entropy"": 0.1, ""num_clusters"": 28, ""num_hops"": 4, ""tau_c"": 0.3, ""tau_s"": 0.08, ""usage_entropy_lower"": 0.6, ""usage_entropy_upper"": 0.92}",/autodl-fs/data/recap/tuning_hyperparams/interaction_tuning/results/interaction_perf_v2_beta_nontrivial/checkpoints/perf__loose_usage_lH02/recap/trial_2/model.pt
perf__loose_usage_lH02,regularization_profile,2,Amazon,0.7297749290194995,0.12942095612214394,"{""assignment_entropy_lower"": 0.45, ""assignment_entropy_upper"": 0.85, ""beta"": 0.02, ""cluster_init_gain"": 2.0, ""epochs"": 100, ""knn_k"": 20, ""lambda_E"": 0.1, ""lambda_H"": 0.2, ""lambda_bal"": 0.0, ""lambda_usage_entropy"": 0.1, ""num_clusters"": 28, ""num_hops"": 4, ""tau_c"": 0.3, ""tau_s"": 0.08, ""usage_entropy_lower"": 0.6, ""usage_entropy_upper"": 0.92}",/autodl-fs/data/recap/tuning_hyperparams/interaction_tuning/results/interaction_perf_v2_beta_nontrivial/checkpoints/perf__loose_usage_lH02/recap/trial_2/model.pt
beta_nontrivial__b0p03,beta_nontrivial,0,Facebook,0.5961363636363637,0.04291312160498024,"{""assignment_entropy_lower"": 0.45, ""assignment_entropy_upper"": 0.85, ""beta"": 0.03, ""cluster_init_gain"": 2.0, ""epochs"": 100, ""knn_k"": 20, ""lambda_E"": 0.1, ""lambda_H"": 0.2, ""lambda_bal"": 0.0, ""lambda_usage_entropy"": 0.25, ""num_clusters"": 28, ""num_hops"": 4, ""tau_c"": 0.3, ""tau_s"": 0.08, ""usage_entropy_lower"": 0.65, ""usage_entropy_upper"": 0.9}",/autodl-fs/data/recap/tuning_hyperparams/interaction_tuning/results/interaction_perf_v2_beta_nontrivial/checkpoints/beta_nontrivial__b0p03/recap/trial_0/model.pt
beta_nontrivial__b0p03,beta_nontrivial,0,cora,0.8169246807401616,0.40096677065595204,"{""assignment_entropy_lower"": 0.45, ""assignment_entropy_upper"": 0.85, ""beta"": 0.03, ""cluster_init_gain"": 2.0, ""epochs"": 100, ""knn_k"": 20, ""lambda_E"": 0.1, ""lambda_H"": 0.2, ""lambda_bal"": 0.0, ""lambda_usage_entropy"": 0.25, ""num_clusters"": 28, ""num_hops"": 4, ""tau_c"": 0.3, ""tau_s"": 0.08, ""usage_entropy_lower"": 0.65, ""usage_entropy_upper"": 0.9}",/autodl-fs/data/recap/tuning_hyperparams/interaction_tuning/results/interaction_perf_v2_beta_nontrivial/checkpoints/beta_nontrivial__b0p03/recap/trial_0/model.pt
beta_nontrivial__b0p03,beta_nontrivial,0,citeseer,0.8976791522400588,0.41506663272781336,"{""assignment_entropy_lower"": 0.45, ""assignment_entropy_upper"": 0.85, ""beta"": 0.03, ""cluster_init_gain"": 2.0, ""epochs"": 100, ""knn_k"": 20, ""lambda_E"": 0.1, ""lambda_H"": 0.2, ""lambda_bal"": 0.0, ""lambda_usage_entropy"": 0.25, ""num_clusters"": 28, ""num_hops"": 4, ""tau_c"": 0.3, ""tau_s"": 0.08, ""usage_entropy_lower"": 0.65, ""usage_entropy_upper"": 0.9}",/autodl-fs/data/recap/tuning_hyperparams/interaction_tuning/results/interaction_perf_v2_beta_nontrivial/checkpoints/beta_nontrivial__b0p03/recap/trial_0/model.pt
beta_nontrivial__b0p03,beta_nontrivial,0,ACM,0.7784908681381351,0.3659828808218085,"{""assignment_entropy_lower"": 0.45, ""assignment_entropy_upper"": 0.85, ""beta"": 0.03, ""cluster_init_gain"": 2.0, ""epochs"": 100, ""knn_k"": 20, ""lambda_E"": 0.1, ""lambda_H"": 0.2, ""lambda_bal"": 0.0, ""lambda_usage_entropy"": 0.25, ""num_clusters"": 28, ""num_hops"": 4, ""tau_c"": 0.3, ""tau_s"": 0.08, ""usage_entropy_lower"": 0.65, ""usage_entropy_upper"": 0.9}",/autodl-fs/data/recap/tuning_hyperparams/interaction_tuning/results/interaction_perf_v2_beta_nontrivial/checkpoints/beta_nontrivial__b0p03/recap/trial_0/model.pt
beta_nontrivial__b0p03,beta_nontrivial,0,BlogCatalog,0.7128254357298475,0.3098290335162936,"{""assignment_entropy_lower"": 0.45, ""assignment_entropy_upper"": 0.85, ""beta"": 0.03, ""cluster_init_gain"": 2.0, ""epochs"": 100, ""knn_k"": 20, ""lambda_E"": 0.1, ""lambda_H"": 0.2, ""lambda_bal"": 0.0, ""lambda_usage_entropy"": 0.25, ""num_clusters"": 28, ""num_hops"": 4, ""tau_c"": 0.3, ""tau_s"": 0.08, ""usage_entropy_lower"": 0.65, ""usage_entropy_upper"": 0.9}",/autodl-fs/data/recap/tuning_hyperparams/interaction_tuning/results/interaction_perf_v2_beta_nontrivial/checkpoints/beta_nontrivial__b0p03/recap/trial_0/model.pt
beta_nontrivial__b0p03,beta_nontrivial,0,weibo,0.7613172099057858,0.3212838297536519,"{""assignment_entropy_lower"": 0.45, ""assignment_entropy_upper"": 0.85, ""beta"": 0.03, ""cluster_init_gain"": 2.0, ""epochs"": 100, ""knn_k"": 20, ""lambda_E"": 0.1, ""lambda_H"": 0.2, ""lambda_bal"": 0.0, ""lambda_usage_entropy"": 0.25, ""num_clusters"": 28, ""num_hops"": 4, ""tau_c"": 0.3, ""tau_s"": 0.08, ""usage_entropy_lower"": 0.65, ""usage_entropy_upper"": 0.9}",/autodl-fs/data/recap/tuning_hyperparams/interaction_tuning/results/interaction_perf_v2_beta_nontrivial/checkpoints/beta_nontrivial__b0p03/recap/trial_0/model.pt
beta_nontrivial__b0p03,beta_nontrivial,0,Reddit,0.5857746717348724,0.045671632401051404,"{""assignment_entropy_lower"": 0.45, ""assignment_entropy_upper"": 0.85, ""beta"": 0.03, ""cluster_init_gain"": 2.0, ""epochs"": 100, ""knn_k"": 20, ""lambda_E"": 0.1, ""lambda_H"": 0.2, ""lambda_bal"": 0.0, ""lambda_usage_entropy"": 0.25, ""num_clusters"": 28, ""num_hops"": 4, ""tau_c"": 0.3, ""tau_s"": 0.08, ""usage_entropy_lower"": 0.65, ""usage_entropy_upper"": 0.9}",/autodl-fs/data/recap/tuning_hyperparams/interaction_tuning/results/interaction_perf_v2_beta_nontrivial/checkpoints/beta_nontrivial__b0p03/recap/trial_0/model.pt
beta_nontrivial__b0p03,beta_nontrivial,0,Amazon,0.7231222245386552,0.13111324808455493,"{""assignment_entropy_lower"": 0.45, ""assignment_entropy_upper"": 0.85, ""beta"": 0.03, ""cluster_init_gain"": 2.0, ""epochs"": 100, ""knn_k"": 20, ""lambda_E"": 0.1, ""lambda_H"": 0.2, ""lambda_bal"": 0.0, ""lambda_usage_entropy"": 0.25, ""num_clusters"": 28, ""num_hops"": 4, ""tau_c"": 0.3, ""tau_s"": 0.08, ""usage_entropy_lower"": 0.65, ""usage_entropy_upper"": 0.9}",/autodl-fs/data/recap/tuning_hyperparams/interaction_tuning/results/interaction_perf_v2_beta_nontrivial/checkpoints/beta_nontrivial__b0p03/recap/trial_0/model.pt
beta_nontrivial__b0p03,beta_nontrivial,1,Facebook,0.5804166666666667,0.04774118249189622,"{""assignment_entropy_lower"": 0.45, ""assignment_entropy_upper"": 0.85, ""beta"": 0.03, ""cluster_init_gain"": 2.0, ""epochs"": 100, ""knn_k"": 20, ""lambda_E"": 0.1, ""lambda_H"": 0.2, ""lambda_bal"": 0.0, ""lambda_usage_entropy"": 0.25, ""num_clusters"": 28, ""num_hops"": 4, ""tau_c"": 0.3, ""tau_s"": 0.08, ""usage_entropy_lower"": 0.65, ""usage_entropy_upper"": 0.9}",/autodl-fs/data/recap/tuning_hyperparams/interaction_tuning/results/interaction_perf_v2_beta_nontrivial/checkpoints/beta_nontrivial__b0p03/recap/trial_1/model.pt
beta_nontrivial__b0p03,beta_nontrivial,1,cora,0.8222647902006778,0.4144427723066575,"{""assignment_entropy_lower"": 0.45, ""assignment_entropy_upper"": 0.85, ""beta"": 0.03, ""cluster_init_gain"": 2.0, ""epochs"": 100, ""knn_k"": 20, ""lambda_E"": 0.1, ""lambda_H"": 0.2, ""lambda_bal"": 0.0, ""lambda_usage_entropy"": 0.25, ""num_clusters"": 28, ""num_hops"": 4, ""tau_c"": 0.3, ""tau_s"": 0.08, ""usage_entropy_lower"": 0.65, ""usage_entropy_upper"": 0.9}",/autodl-fs/data/recap/tuning_hyperparams/interaction_tuning/results/interaction_perf_v2_beta_nontrivial/checkpoints/beta_nontrivial__b0p03/recap/trial_1/model.pt
beta_nontrivial__b0p03,beta_nontrivial,1,citeseer,0.899142797188123,0.46396832256610243,"{""assignment_entropy_lower"": 0.45, ""assignment_entropy_upper"": 0.85, ""beta"": 0.03, ""cluster_init_gain"": 2.0, ""epochs"": 100, ""knn_k"": 20, ""lambda_E"": 0.1, ""lambda_H"": 0.2, ""lambda_bal"": 0.0, ""lambda_usage_entropy"": 0.25, ""num_clusters"": 28, ""num_hops"": 4, ""tau_c"": 0.3, ""tau_s"": 0.08, ""usage_entropy_lower"": 0.65, ""usage_entropy_upper"": 0.9}",/autodl-fs/data/recap/tuning_hyperparams/interaction_tuning/results/interaction_perf_v2_beta_nontrivial/checkpoints/beta_nontrivial__b0p03/recap/trial_1/model.pt
beta_nontrivial__b0p03,beta_nontrivial,1,ACM,0.7659221497217734,0.36826987451410037,"{""assignment_entropy_lower"": 0.45, ""assignment_entropy_upper"": 0.85, ""beta"": 0.03, ""cluster_init_gain"": 2.0, ""epochs"": 100, ""knn_k"": 20, ""lambda_E"": 0.1, ""lambda_H"": 0.2, ""lambda_bal"": 0.0, ""lambda_usage_entropy"": 0.25, ""num_clusters"": 28, ""num_hops"": 4, ""tau_c"": 0.3, ""tau_s"": 0.08, ""usage_entropy_lower"": 0.65, ""usage_entropy_upper"": 0.9}",/autodl-fs/data/recap/tuning_hyperparams/interaction_tuning/results/interaction_perf_v2_beta_nontrivial/checkpoints/beta_nontrivial__b0p03/recap/trial_1/model.pt
beta_nontrivial__b0p03,beta_nontrivial,1,BlogCatalog,0.7240713507625273,0.3219721657296287,"{""assignment_entropy_lower"": 0.45, ""assignment_entropy_upper"": 0.85, ""beta"": 0.03, ""cluster_init_gain"": 2.0, ""epochs"": 100, ""knn_k"": 20, ""lambda_E"": 0.1, ""lambda_H"": 0.2, ""lambda_bal"": 0.0, ""lambda_usage_entropy"": 0.25, ""num_clusters"": 28, ""num_hops"": 4, ""tau_c"": 0.3, ""tau_s"": 0.08, ""usage_entropy_lower"": 0.65, ""usage_entropy_upper"": 0.9}",/autodl-fs/data/recap/tuning_hyperparams/interaction_tuning/results/interaction_perf_v2_beta_nontrivial/checkpoints/beta_nontrivial__b0p03/recap/trial_1/model.pt
beta_nontrivial__b0p03,beta_nontrivial,1,weibo,0.7329353377408776,0.3043218131312482,"{""assignment_entropy_lower"": 0.45, ""assignment_entropy_upper"": 0.85, ""beta"": 0.03, ""cluster_init_gain"": 2.0, ""epochs"": 100, ""knn_k"": 20, ""lambda_E"": 0.1, ""lambda_H"": 0.2, ""lambda_bal"": 0.0, ""lambda_usage_entropy"": 0.25, ""num_clusters"": 28, ""num_hops"": 4, ""tau_c"": 0.3, ""tau_s"": 0.08, ""usage_entropy_lower"": 0.65, ""usage_entropy_upper"": 0.9}",/autodl-fs/data/recap/tuning_hyperparams/interaction_tuning/results/interaction_perf_v2_beta_nontrivial/checkpoints/beta_nontrivial__b0p03/recap/trial_1/model.pt
beta_nontrivial__b0p03,beta_nontrivial,1,Reddit,0.58882148779215,0.04651283002299256,"{""assignment_entropy_lower"": 0.45, ""assignment_entropy_upper"": 0.85, ""beta"": 0.03, ""cluster_init_gain"": 2.0, ""epochs"": 100, ""knn_k"": 20, ""lambda_E"": 0.1, ""lambda_H"": 0.2, ""lambda_bal"": 0.0, ""lambda_usage_entropy"": 0.25, ""num_clusters"": 28, ""num_hops"": 4, ""tau_c"": 0.3, ""tau_s"": 0.08, ""usage_entropy_lower"": 0.65, ""usage_entropy_upper"": 0.9}",/autodl-fs/data/recap/tuning_hyperparams/interaction_tuning/results/interaction_perf_v2_beta_nontrivial/checkpoints/beta_nontrivial__b0p03/recap/trial_1/model.pt
beta_nontrivial__b0p03,beta_nontrivial,1,Amazon,0.6998258738894558,0.12169949219684582,"{""assignment_entropy_lower"": 0.45, ""assignment_entropy_upper"": 0.85, ""beta"": 0.03, ""cluster_init_gain"": 2.0, ""epochs"": 100, ""knn_k"": 20, ""lambda_E"": 0.1, ""lambda_H"": 0.2, ""lambda_bal"": 0.0, ""lambda_usage_entropy"": 0.25, ""num_clusters"": 28, ""num_hops"": 4, ""tau_c"": 0.3, ""tau_s"": 0.08, ""usage_entropy_lower"": 0.65, ""usage_entropy_upper"": 0.9}",/autodl-fs/data/recap/tuning_hyperparams/interaction_tuning/results/interaction_perf_v2_beta_nontrivial/checkpoints/beta_nontrivial__b0p03/recap/trial_1/model.pt
beta_nontrivial__b0p03,beta_nontrivial,2,Facebook,0.5755681818181818,0.03281572583664157,"{""assignment_entropy_lower"": 0.45, ""assignment_entropy_upper"": 0.85, ""beta"": 0.03, ""cluster_init_gain"": 2.0, ""epochs"": 100, ""knn_k"": 20, ""lambda_E"": 0.1, ""lambda_H"": 0.2, ""lambda_bal"": 0.0, ""lambda_usage_entropy"": 0.25, ""num_clusters"": 28, ""num_hops"": 4, ""tau_c"": 0.3, ""tau_s"": 0.08, ""usage_entropy_lower"": 0.65, ""usage_entropy_upper"": 0.9}",/autodl-fs/data/recap/tuning_hyperparams/interaction_tuning/results/interaction_perf_v2_beta_nontrivial/checkpoints/beta_nontrivial__b0p03/recap/trial_2/model.pt
beta_nontrivial__b0p03,beta_nontrivial,2,cora,0.8192285639822777,0.40406542563220577,"{""assignment_entropy_lower"": 0.45, ""assignment_entropy_upper"": 0.85, ""beta"": 0.03, ""cluster_init_gain"": 2.0, ""epochs"": 100, ""knn_k"": 20, ""lambda_E"": 0.1, ""lambda_H"": 0.2, ""lambda_bal"": 0.0, ""lambda_usage_entropy"": 0.25, ""num_clusters"": 28, ""num_hops"": 4, ""tau_c"": 0.3, ""tau_s"": 0.08, ""usage_entropy_lower"": 0.65, ""usage_entropy_upper"": 0.9}",/autodl-fs/data/recap/tuning_hyperparams/interaction_tuning/results/interaction_perf_v2_beta_nontrivial/checkpoints/beta_nontrivial__b0p03/recap/trial_2/model.pt
beta_nontrivial__b0p03,beta_nontrivial,2,citeseer,0.9034455985730774,0.44560045948112575,"{""assignment_entropy_lower"": 0.45, ""assignment_entropy_upper"": 0.85, ""beta"": 0.03, ""cluster_init_gain"": 2.0, ""epochs"": 100, ""knn_k"": 20, ""lambda_E"": 0.1, ""lambda_H"": 0.2, ""lambda_bal"": 0.0, ""lambda_usage_entropy"": 0.25, ""num_clusters"": 28, ""num_hops"": 4, ""tau_c"": 0.3, ""tau_s"": 0.08, ""usage_entropy_lower"": 0.65, ""usage_entropy_upper"": 0.9}",/autodl-fs/data/recap/tuning_hyperparams/interaction_tuning/results/interaction_perf_v2_beta_nontrivial/checkpoints/beta_nontrivial__b0p03/recap/trial_2/model.pt
beta_nontrivial__b0p03,beta_nontrivial,2,ACM,0.781952396421165,0.3742887071160559,"{""assignment_entropy_lower"": 0.45, ""assignment_entropy_upper"": 0.85, ""beta"": 0.03, ""cluster_init_gain"": 2.0, ""epochs"": 100, ""knn_k"": 20, ""lambda_E"": 0.1, ""lambda_H"": 0.2, ""lambda_bal"": 0.0, ""lambda_usage_entropy"": 0.25, ""num_clusters"": 28, ""num_hops"": 4, ""tau_c"": 0.3, ""tau_s"": 0.08, ""usage_entropy_lower"": 0.65, ""usage_entropy_upper"": 0.9}",/autodl-fs/data/recap/tuning_hyperparams/interaction_tuning/results/interaction_perf_v2_beta_nontrivial/checkpoints/beta_nontrivial__b0p03/recap/trial_2/model.pt
beta_nontrivial__b0p03,beta_nontrivial,2,BlogCatalog,0.7276089324618735,0.3228853678000245,"{""assignment_entropy_lower"": 0.45, ""assignment_entropy_upper"": 0.85, ""beta"": 0.03, ""cluster_init_gain"": 2.0, ""epochs"": 100, ""knn_k"": 20, ""lambda_E"": 0.1, ""lambda_H"": 0.2, ""lambda_bal"": 0.0, ""lambda_usage_entropy"": 0.25, ""num_clusters"": 28, ""num_hops"": 4, ""tau_c"": 0.3, ""tau_s"": 0.08, ""usage_entropy_lower"": 0.65, ""usage_entropy_upper"": 0.9}",/autodl-fs/data/recap/tuning_hyperparams/interaction_tuning/results/interaction_perf_v2_beta_nontrivial/checkpoints/beta_nontrivial__b0p03/recap/trial_2/model.pt
beta_nontrivial__b0p03,beta_nontrivial,2,weibo,0.7745096540629973,0.3100524064499755,"{""assignment_entropy_lower"": 0.45, ""assignment_entropy_upper"": 0.85, ""beta"": 0.03, ""cluster_init_gain"": 2.0, ""epochs"": 100, ""knn_k"": 20, ""lambda_E"": 0.1, ""lambda_H"": 0.2, ""lambda_bal"": 0.0, ""lambda_usage_entropy"": 0.25, ""num_clusters"": 28, ""num_hops"": 4, ""tau_c"": 0.3, ""tau_s"": 0.08, ""usage_entropy_lower"": 0.65, ""usage_entropy_upper"": 0.9}",/autodl-fs/data/recap/tuning_hyperparams/interaction_tuning/results/interaction_perf_v2_beta_nontrivial/checkpoints/beta_nontrivial__b0p03/recap/trial_2/model.pt
beta_nontrivial__b0p03,beta_nontrivial,2,Reddit,0.5883931760378036,0.04524291519414779,"{""assignment_entropy_lower"": 0.45, ""assignment_entropy_upper"": 0.85, ""beta"": 0.03, ""cluster_init_gain"": 2.0, ""epochs"": 100, ""knn_k"": 20, ""lambda_E"": 0.1, ""lambda_H"": 0.2, ""lambda_bal"": 0.0, ""lambda_usage_entropy"": 0.25, ""num_clusters"": 28, ""num_hops"": 4, ""tau_c"": 0.3, ""tau_s"": 0.08, ""usage_entropy_lower"": 0.65, ""usage_entropy_upper"": 0.9}",/autodl-fs/data/recap/tuning_hyperparams/interaction_tuning/results/interaction_perf_v2_beta_nontrivial/checkpoints/beta_nontrivial__b0p03/recap/trial_2/model.pt
beta_nontrivial__b0p03,beta_nontrivial,2,Amazon,0.7354530662683009,0.13131033192092567,"{""assignment_entropy_lower"": 0.45, ""assignment_entropy_upper"": 0.85, ""beta"": 0.03, ""cluster_init_gain"": 2.0, ""epochs"": 100, ""knn_k"": 20, ""lambda_E"": 0.1, ""lambda_H"": 0.2, ""lambda_bal"": 0.0, ""lambda_usage_entropy"": 0.25, ""num_clusters"": 28, ""num_hops"": 4, ""tau_c"": 0.3, ""tau_s"": 0.08, ""usage_entropy_lower"": 0.65, ""usage_entropy_upper"": 0.9}",/autodl-fs/data/recap/tuning_hyperparams/interaction_tuning/results/interaction_perf_v2_beta_nontrivial/checkpoints/beta_nontrivial__b0p03/recap/trial_2/model.pt
beta_nontrivial__b0p05,beta_nontrivial,0,Facebook,0.5942803030303031,0.04234166042869393,"{""assignment_entropy_lower"": 0.45, ""assignment_entropy_upper"": 0.85, ""beta"": 0.05, ""cluster_init_gain"": 2.0, ""epochs"": 100, ""knn_k"": 20, ""lambda_E"": 0.1, ""lambda_H"": 0.2, ""lambda_bal"": 0.0, ""lambda_usage_entropy"": 0.25, ""num_clusters"": 28, ""num_hops"": 4, ""tau_c"": 0.3, ""tau_s"": 0.08, ""usage_entropy_lower"": 0.65, ""usage_entropy_upper"": 0.9}",/autodl-fs/data/recap/tuning_hyperparams/interaction_tuning/results/interaction_perf_v2_beta_nontrivial/checkpoints/beta_nontrivial__b0p05/recap/trial_0/model.pt
beta_nontrivial__b0p05,beta_nontrivial,0,cora,0.8170549908782904,0.39822337928109636,"{""assignment_entropy_lower"": 0.45, ""assignment_entropy_upper"": 0.85, ""beta"": 0.05, ""cluster_init_gain"": 2.0, ""epochs"": 100, ""knn_k"": 20, ""lambda_E"": 0.1, ""lambda_H"": 0.2, ""lambda_bal"": 0.0, ""lambda_usage_entropy"": 0.25, ""num_clusters"": 28, ""num_hops"": 4, ""tau_c"": 0.3, ""tau_s"": 0.08, ""usage_entropy_lower"": 0.65, ""usage_entropy_upper"": 0.9}",/autodl-fs/data/recap/tuning_hyperparams/interaction_tuning/results/interaction_perf_v2_beta_nontrivial/checkpoints/beta_nontrivial__b0p05/recap/trial_0/model.pt
beta_nontrivial__b0p05,beta_nontrivial,0,citeseer,0.8983485468471306,0.4154893843234701,"{""assignment_entropy_lower"": 0.45, ""assignment_entropy_upper"": 0.85, ""beta"": 0.05, ""cluster_init_gain"": 2.0, ""epochs"": 100, ""knn_k"": 20, ""lambda_E"": 0.1, ""lambda_H"": 0.2, ""lambda_bal"": 0.0, ""lambda_usage_entropy"": 0.25, ""num_clusters"": 28, ""num_hops"": 4, ""tau_c"": 0.3, ""tau_s"": 0.08, ""usage_entropy_lower"": 0.65, ""usage_entropy_upper"": 0.9}",/autodl-fs/data/recap/tuning_hyperparams/interaction_tuning/results/interaction_perf_v2_beta_nontrivial/checkpoints/beta_nontrivial__b0p05/recap/trial_0/model.pt
beta_nontrivial__b0p05,beta_nontrivial,0,ACM,0.7713363295780639,0.36058460559129096,"{""assignment_entropy_lower"": 0.45, ""assignment_entropy_upper"": 0.85, ""beta"": 0.05, ""cluster_init_gain"": 2.0, ""epochs"": 100, ""knn_k"": 20, ""lambda_E"": 0.1, ""lambda_H"": 0.2, ""lambda_bal"": 0.0, ""lambda_usage_entropy"": 0.25, ""num_clusters"": 28, ""num_hops"": 4, ""tau_c"": 0.3, ""tau_s"": 0.08, ""usage_entropy_lower"": 0.65, ""usage_entropy_upper"": 0.9}",/autodl-fs/data/recap/tuning_hyperparams/interaction_tuning/results/interaction_perf_v2_beta_nontrivial/checkpoints/beta_nontrivial__b0p05/recap/trial_0/model.pt
beta_nontrivial__b0p05,beta_nontrivial,0,BlogCatalog,0.709501633986928,0.30427294585562514,"{""assignment_entropy_lower"": 0.45, ""assignment_entropy_upper"": 0.85, ""beta"": 0.05, ""cluster_init_gain"": 2.0, ""epochs"": 100, ""knn_k"": 20, ""lambda_E"": 0.1, ""lambda_H"": 0.2, ""lambda_bal"": 0.0, ""lambda_usage_entropy"": 0.25, ""num_clusters"": 28, ""num_hops"": 4, ""tau_c"": 0.3, ""tau_s"": 0.08, ""usage_entropy_lower"": 0.65, ""usage_entropy_upper"": 0.9}",/autodl-fs/data/recap/tuning_hyperparams/interaction_tuning/results/interaction_perf_v2_beta_nontrivial/checkpoints/beta_nontrivial__b0p05/recap/trial_0/model.pt
beta_nontrivial__b0p05,beta_nontrivial,0,weibo,0.7685192375066416,0.3218598614784591,"{""assignment_entropy_lower"": 0.45, ""assignment_entropy_upper"": 0.85, ""beta"": 0.05, ""cluster_init_gain"": 2.0, ""epochs"": 100, ""knn_k"": 20, ""lambda_E"": 0.1, ""lambda_H"": 0.2, ""lambda_bal"": 0.0, ""lambda_usage_entropy"": 0.25, ""num_clusters"": 28, ""num_hops"": 4, ""tau_c"": 0.3, ""tau_s"": 0.08, ""usage_entropy_lower"": 0.65, ""usage_entropy_upper"": 0.9}",/autodl-fs/data/recap/tuning_hyperparams/interaction_tuning/results/interaction_perf_v2_beta_nontrivial/checkpoints/beta_nontrivial__b0p05/recap/trial_0/model.pt
beta_nontrivial__b0p05,beta_nontrivial,0,Reddit,0.5849771035266436,0.04573245587961704,"{""assignment_entropy_lower"": 0.45, ""assignment_entropy_upper"": 0.85, ""beta"": 0.05, ""cluster_init_gain"": 2.0, ""epochs"": 100, ""knn_k"": 20, ""lambda_E"": 0.1, ""lambda_H"": 0.2, ""lambda_bal"": 0.0, ""lambda_usage_entropy"": 0.25, ""num_clusters"": 28, ""num_hops"": 4, ""tau_c"": 0.3, ""tau_s"": 0.08, ""usage_entropy_lower"": 0.65, ""usage_entropy_upper"": 0.9}",/autodl-fs/data/recap/tuning_hyperparams/interaction_tuning/results/interaction_perf_v2_beta_nontrivial/checkpoints/beta_nontrivial__b0p05/recap/trial_0/model.pt
beta_nontrivial__b0p05,beta_nontrivial,0,Amazon,0.7202207030661547,0.1289108928545302,"{""assignment_entropy_lower"": 0.45, ""assignment_entropy_upper"": 0.85, ""beta"": 0.05, ""cluster_init_gain"": 2.0, ""epochs"": 100, ""knn_k"": 20, ""lambda_E"": 0.1, ""lambda_H"": 0.2, ""lambda_bal"": 0.0, ""lambda_usage_entropy"": 0.25, ""num_clusters"": 28, ""num_hops"": 4, ""tau_c"": 0.3, ""tau_s"": 0.08, ""usage_entropy_lower"": 0.65, ""usage_entropy_upper"": 0.9}",/autodl-fs/data/recap/tuning_hyperparams/interaction_tuning/results/interaction_perf_v2_beta_nontrivial/checkpoints/beta_nontrivial__b0p05/recap/trial_0/model.pt
beta_nontrivial__b0p05,beta_nontrivial,1,Facebook,0.5757575757575758,0.051059004983394905,"{""assignment_entropy_lower"": 0.45, ""assignment_entropy_upper"": 0.85, ""beta"": 0.05, ""cluster_init_gain"": 2.0, ""epochs"": 100, ""knn_k"": 20, ""lambda_E"": 0.1, ""lambda_H"": 0.2, ""lambda_bal"": 0.0, ""lambda_usage_entropy"": 0.25, ""num_clusters"": 28, ""num_hops"": 4, ""tau_c"": 0.3, ""tau_s"": 0.08, ""usage_entropy_lower"": 0.65, ""usage_entropy_upper"": 0.9}",/autodl-fs/data/recap/tuning_hyperparams/interaction_tuning/results/interaction_perf_v2_beta_nontrivial/checkpoints/beta_nontrivial__b0p05/recap/trial_1/model.pt
beta_nontrivial__b0p05,beta_nontrivial,1,cora,0.8226896012509773,0.4184959495008004,"{""assignment_entropy_lower"": 0.45, ""assignment_entropy_upper"": 0.85, ""beta"": 0.05, ""cluster_init_gain"": 2.0, ""epochs"": 100, ""knn_k"": 20, ""lambda_E"": 0.1, ""lambda_H"": 0.2, ""lambda_bal"": 0.0, ""lambda_usage_entropy"": 0.25, ""num_clusters"": 28, ""num_hops"": 4, ""tau_c"": 0.3, ""tau_s"": 0.08, ""usage_entropy_lower"": 0.65, ""usage_entropy_upper"": 0.9}",/autodl-fs/data/recap/tuning_hyperparams/interaction_tuning/results/interaction_perf_v2_beta_nontrivial/checkpoints/beta_nontrivial__b0p05/recap/trial_1/model.pt
beta_nontrivial__b0p05,beta_nontrivial,1,citeseer,0.8997502885321582,0.46260318864245803,"{""assignment_entropy_lower"": 0.45, ""assignment_entropy_upper"": 0.85, ""beta"": 0.05, ""cluster_init_gain"": 2.0, ""epochs"": 100, ""knn_k"": 20, ""lambda_E"": 0.1, ""lambda_H"": 0.2, ""lambda_bal"": 0.0, ""lambda_usage_entropy"": 0.25, ""num_clusters"": 28, ""num_hops"": 4, ""tau_c"": 0.3, ""tau_s"": 0.08, ""usage_entropy_lower"": 0.65, ""usage_entropy_upper"": 0.9}",/autodl-fs/data/recap/tuning_hyperparams/interaction_tuning/results/interaction_perf_v2_beta_nontrivial/checkpoints/beta_nontrivial__b0p05/recap/trial_1/model.pt
beta_nontrivial__b0p05,beta_nontrivial,1,ACM,0.7593197202309991,0.3625296760008146,"{""assignment_entropy_lower"": 0.45, ""assignment_entropy_upper"": 0.85, ""beta"": 0.05, ""cluster_init_gain"": 2.0, ""epochs"": 100, ""knn_k"": 20, ""lambda_E"": 0.1, ""lambda_H"": 0.2, ""lambda_bal"": 0.0, ""lambda_usage_entropy"": 0.25, ""num_clusters"": 28, ""num_hops"": 4, ""tau_c"": 0.3, ""tau_s"": 0.08, ""usage_entropy_lower"": 0.65, ""usage_entropy_upper"": 0.9}",/autodl-fs/data/recap/tuning_hyperparams/interaction_tuning/results/interaction_perf_v2_beta_nontrivial/checkpoints/beta_nontrivial__b0p05/recap/trial_1/model.pt
beta_nontrivial__b0p05,beta_nontrivial,1,BlogCatalog,0.7242728758169935,0.31544900987719293,"{""assignment_entropy_lower"": 0.45, ""assignment_entropy_upper"": 0.85, ""beta"": 0.05, ""cluster_init_gain"": 2.0, ""epochs"": 100, ""knn_k"": 20, ""lambda_E"": 0.1, ""lambda_H"": 0.2, ""lambda_bal"": 0.0, ""lambda_usage_entropy"": 0.25, ""num_clusters"": 28, ""num_hops"": 4, ""tau_c"": 0.3, ""tau_s"": 0.08, ""usage_entropy_lower"": 0.65, ""usage_entropy_upper"": 0.9}",/autodl-fs/data/recap/tuning_hyperparams/interaction_tuning/results/interaction_perf_v2_beta_nontrivial/checkpoints/beta_nontrivial__b0p05/recap/trial_1/model.pt
beta_nontrivial__b0p05,beta_nontrivial,1,weibo,0.7429266005066251,0.3019669674533861,"{""assignment_entropy_lower"": 0.45, ""assignment_entropy_upper"": 0.85, ""beta"": 0.05, ""cluster_init_gain"": 2.0, ""epochs"": 100, ""knn_k"": 20, ""lambda_E"": 0.1, ""lambda_H"": 0.2, ""lambda_bal"": 0.0, ""lambda_usage_entropy"": 0.25, ""num_clusters"": 28, ""num_hops"": 4, ""tau_c"": 0.3, ""tau_s"": 0.08, ""usage_entropy_lower"": 0.65, ""usage_entropy_upper"": 0.9}",/autodl-fs/data/recap/tuning_hyperparams/interaction_tuning/results/interaction_perf_v2_beta_nontrivial/checkpoints/beta_nontrivial__b0p05/recap/trial_1/model.pt
beta_nontrivial__b0p05,beta_nontrivial,1,Reddit,0.5862711737054409,0.04594235047159705,"{""assignment_entropy_lower"": 0.45, ""assignment_entropy_upper"": 0.85, ""beta"": 0.05, ""cluster_init_gain"": 2.0, ""epochs"": 100, ""knn_k"": 20, ""lambda_E"": 0.1, ""lambda_H"": 0.2, ""lambda_bal"": 0.0, ""lambda_usage_entropy"": 0.25, ""num_clusters"": 28, ""num_hops"": 4, ""tau_c"": 0.3, ""tau_s"": 0.08, ""usage_entropy_lower"": 0.65, ""usage_entropy_upper"": 0.9}",/autodl-fs/data/recap/tuning_hyperparams/interaction_tuning/results/interaction_perf_v2_beta_nontrivial/checkpoints/beta_nontrivial__b0p05/recap/trial_1/model.pt
beta_nontrivial__b0p05,beta_nontrivial,1,Amazon,0.7050440553745558,0.1238441722247082,"{""assignment_entropy_lower"": 0.45, ""assignment_entropy_upper"": 0.85, ""beta"": 0.05, ""cluster_init_gain"": 2.0, ""epochs"": 100, ""knn_k"": 20, ""lambda_E"": 0.1, ""lambda_H"": 0.2, ""lambda_bal"": 0.0, ""lambda_usage_entropy"": 0.25, ""num_clusters"": 28, ""num_hops"": 4, ""tau_c"": 0.3, ""tau_s"": 0.08, ""usage_entropy_lower"": 0.65, ""usage_entropy_upper"": 0.9}",/autodl-fs/data/recap/tuning_hyperparams/interaction_tuning/results/interaction_perf_v2_beta_nontrivial/checkpoints/beta_nontrivial__b0p05/recap/trial_1/model.pt
beta_nontrivial__b0p05,beta_nontrivial,2,Facebook,0.5673106060606061,0.03240429281623708,"{""assignment_entropy_lower"": 0.45, ""assignment_entropy_upper"": 0.85, ""beta"": 0.05, ""cluster_init_gain"": 2.0, ""epochs"": 100, ""knn_k"": 20, ""lambda_E"": 0.1, ""lambda_H"": 0.2, ""lambda_bal"": 0.0, ""lambda_usage_entropy"": 0.25, ""num_clusters"": 28, ""num_hops"": 4, ""tau_c"": 0.3, ""tau_s"": 0.08, ""usage_entropy_lower"": 0.65, ""usage_entropy_upper"": 0.9}",/autodl-fs/data/recap/tuning_hyperparams/interaction_tuning/results/interaction_perf_v2_beta_nontrivial/checkpoints/beta_nontrivial__b0p05/recap/trial_2/model.pt
beta_nontrivial__b0p05,beta_nontrivial,2,cora,0.8186473807662237,0.4027416625833605,"{""assignment_entropy_lower"": 0.45, ""assignment_entropy_upper"": 0.85, ""beta"": 0.05, ""cluster_init_gain"": 2.0, ""epochs"": 100, ""knn_k"": 20, ""lambda_E"": 0.1, ""lambda_H"": 0.2, ""lambda_bal"": 0.0, ""lambda_usage_entropy"": 0.25, ""num_clusters"": 28, ""num_hops"": 4, ""tau_c"": 0.3, ""tau_s"": 0.08, ""usage_entropy_lower"": 0.65, ""usage_entropy_upper"": 0.9}",/autodl-fs/data/recap/tuning_hyperparams/interaction_tuning/results/interaction_perf_v2_beta_nontrivial/checkpoints/beta_nontrivial__b0p05/recap/trial_2/model.pt
beta_nontrivial__b0p05,beta_nontrivial,2,citeseer,0.9026796768439828,0.4461013911340639,"{""assignment_entropy_lower"": 0.45, ""assignment_entropy_upper"": 0.85, ""beta"": 0.05, ""cluster_init_gain"": 2.0, ""epochs"": 100, ""knn_k"": 20, ""lambda_E"": 0.1, ""lambda_H"": 0.2, ""lambda_bal"": 0.0, ""lambda_usage_entropy"": 0.25, ""num_clusters"": 28, ""num_hops"": 4, ""tau_c"": 0.3, ""tau_s"": 0.08, ""usage_entropy_lower"": 0.65, ""usage_entropy_upper"": 0.9}",/autodl-fs/data/recap/tuning_hyperparams/interaction_tuning/results/interaction_perf_v2_beta_nontrivial/checkpoints/beta_nontrivial__b0p05/recap/trial_2/model.pt
beta_nontrivial__b0p05,beta_nontrivial,2,ACM,0.7773997239085632,0.37079015385733977,"{""assignment_entropy_lower"": 0.45, ""assignment_entropy_upper"": 0.85, ""beta"": 0.05, ""cluster_init_gain"": 2.0, ""epochs"": 100, ""knn_k"": 20, ""lambda_E"": 0.1, ""lambda_H"": 0.2, ""lambda_bal"": 0.0, ""lambda_usage_entropy"": 0.25, ""num_clusters"": 28, ""num_hops"": 4, ""tau_c"": 0.3, ""tau_s"": 0.08, ""usage_entropy_lower"": 0.65, ""usage_entropy_upper"": 0.9}",/autodl-fs/data/recap/tuning_hyperparams/interaction_tuning/results/interaction_perf_v2_beta_nontrivial/checkpoints/beta_nontrivial__b0p05/recap/trial_2/model.pt
beta_nontrivial__b0p05,beta_nontrivial,2,BlogCatalog,0.7268607026143792,0.31952157627031097,"{""assignment_entropy_lower"": 0.45, ""assignment_entropy_upper"": 0.85, ""beta"": 0.05, ""cluster_init_gain"": 2.0, ""epochs"": 100, ""knn_k"": 20, ""lambda_E"": 0.1, ""lambda_H"": 0.2, ""lambda_bal"": 0.0, ""lambda_usage_entropy"": 0.25, ""num_clusters"": 28, ""num_hops"": 4, ""tau_c"": 0.3, ""tau_s"": 0.08, ""usage_entropy_lower"": 0.65, ""usage_entropy_upper"": 0.9}",/autodl-fs/data/recap/tuning_hyperparams/interaction_tuning/results/interaction_perf_v2_beta_nontrivial/checkpoints/beta_nontrivial__b0p05/recap/trial_2/model.pt
beta_nontrivial__b0p05,beta_nontrivial,2,weibo,0.7809786619497422,0.30912262492382075,"{""assignment_entropy_lower"": 0.45, ""assignment_entropy_upper"": 0.85, ""beta"": 0.05, ""cluster_init_gain"": 2.0, ""epochs"": 100, ""knn_k"": 20, ""lambda_E"": 0.1, ""lambda_H"": 0.2, ""lambda_bal"": 0.0, ""lambda_usage_entropy"": 0.25, ""num_clusters"": 28, ""num_hops"": 4, ""tau_c"": 0.3, ""tau_s"": 0.08, ""usage_entropy_lower"": 0.65, ""usage_entropy_upper"": 0.9}",/autodl-fs/data/recap/tuning_hyperparams/interaction_tuning/results/interaction_perf_v2_beta_nontrivial/checkpoints/beta_nontrivial__b0p05/recap/trial_2/model.pt
beta_nontrivial__b0p05,beta_nontrivial,2,Reddit,0.5897170955187964,0.045289073155338776,"{""assignment_entropy_lower"": 0.45, ""assignment_entropy_upper"": 0.85, ""beta"": 0.05, ""cluster_init_gain"": 2.0, ""epochs"": 100, ""knn_k"": 20, ""lambda_E"": 0.1, ""lambda_H"": 0.2, ""lambda_bal"": 0.0, ""lambda_usage_entropy"": 0.25, ""num_clusters"": 28, ""num_hops"": 4, ""tau_c"": 0.3, ""tau_s"": 0.08, ""usage_entropy_lower"": 0.65, ""usage_entropy_upper"": 0.9}",/autodl-fs/data/recap/tuning_hyperparams/interaction_tuning/results/interaction_perf_v2_beta_nontrivial/checkpoints/beta_nontrivial__b0p05/recap/trial_2/model.pt
beta_nontrivial__b0p05,beta_nontrivial,2,Amazon,0.734554048057353,0.13114866136555198,"{""assignment_entropy_lower"": 0.45, ""assignment_entropy_upper"": 0.85, ""beta"": 0.05, ""cluster_init_gain"": 2.0, ""epochs"": 100, ""knn_k"": 20, ""lambda_E"": 0.1, ""lambda_H"": 0.2, ""lambda_bal"": 0.0, ""lambda_usage_entropy"": 0.25, ""num_clusters"": 28, ""num_hops"": 4, ""tau_c"": 0.3, ""tau_s"": 0.08, ""usage_entropy_lower"": 0.65, ""usage_entropy_upper"": 0.9}",/autodl-fs/data/recap/tuning_hyperparams/interaction_tuning/results/interaction_perf_v2_beta_nontrivial/checkpoints/beta_nontrivial__b0p05/recap/trial_2/model.pt
beta_nontrivial__b0p08,beta_nontrivial,0,Facebook,0.5902651515151516,0.0395984309224468,"{""assignment_entropy_lower"": 0.45, ""assignment_entropy_upper"": 0.85, ""beta"": 0.08, ""cluster_init_gain"": 2.0, ""epochs"": 100, ""knn_k"": 20, ""lambda_E"": 0.1, ""lambda_H"": 0.2, ""lambda_bal"": 0.0, ""lambda_usage_entropy"": 0.25, ""num_clusters"": 28, ""num_hops"": 4, ""tau_c"": 0.3, ""tau_s"": 0.08, ""usage_entropy_lower"": 0.65, ""usage_entropy_upper"": 0.9}",/autodl-fs/data/recap/tuning_hyperparams/interaction_tuning/results/interaction_perf_v2_beta_nontrivial/checkpoints/beta_nontrivial__b0p08/recap/trial_0/model.pt
beta_nontrivial__b0p08,beta_nontrivial,0,cora,0.8185353140474328,0.3999984406852681,"{""assignment_entropy_lower"": 0.45, ""assignment_entropy_upper"": 0.85, ""beta"": 0.08, ""cluster_init_gain"": 2.0, ""epochs"": 100, ""knn_k"": 20, ""lambda_E"": 0.1, ""lambda_H"": 0.2, ""lambda_bal"": 0.0, ""lambda_usage_entropy"": 0.25, ""num_clusters"": 28, ""num_hops"": 4, ""tau_c"": 0.3, ""tau_s"": 0.08, ""usage_entropy_lower"": 0.65, ""usage_entropy_upper"": 0.9}",/autodl-fs/data/recap/tuning_hyperparams/interaction_tuning/results/interaction_perf_v2_beta_nontrivial/checkpoints/beta_nontrivial__b0p08/recap/trial_0/model.pt
beta_nontrivial__b0p08,beta_nontrivial,0,citeseer,0.8987052775154758,0.41496452055279204,"{""assignment_entropy_lower"": 0.45, ""assignment_entropy_upper"": 0.85, ""beta"": 0.08, ""cluster_init_gain"": 2.0, ""epochs"": 100, ""knn_k"": 20, ""lambda_E"": 0.1, ""lambda_H"": 0.2, ""lambda_bal"": 0.0, ""lambda_usage_entropy"": 0.25, ""num_clusters"": 28, ""num_hops"": 4, ""tau_c"": 0.3, ""tau_s"": 0.08, ""usage_entropy_lower"": 0.65, ""usage_entropy_upper"": 0.9}",/autodl-fs/data/recap/tuning_hyperparams/interaction_tuning/results/interaction_perf_v2_beta_nontrivial/checkpoints/beta_nontrivial__b0p08/recap/trial_0/model.pt
beta_nontrivial__b0p08,beta_nontrivial,0,ACM,0.7651968113579374,0.35028005292557196,"{""assignment_entropy_lower"": 0.45, ""assignment_entropy_upper"": 0.85, ""beta"": 0.08, ""cluster_init_gain"": 2.0, ""epochs"": 100, ""knn_k"": 20, ""lambda_E"": 0.1, ""lambda_H"": 0.2, ""lambda_bal"": 0.0, ""lambda_usage_entropy"": 0.25, ""num_clusters"": 28, ""num_hops"": 4, ""tau_c"": 0.3, ""tau_s"": 0.08, ""usage_entropy_lower"": 0.65, ""usage_entropy_upper"": 0.9}",/autodl-fs/data/recap/tuning_hyperparams/interaction_tuning/results/interaction_perf_v2_beta_nontrivial/checkpoints/beta_nontrivial__b0p08/recap/trial_0/model.pt
beta_nontrivial__b0p08,beta_nontrivial,0,BlogCatalog,0.7086648965141611,0.30112047930222263,"{""assignment_entropy_lower"": 0.45, ""assignment_entropy_upper"": 0.85, ""beta"": 0.08, ""cluster_init_gain"": 2.0, ""epochs"": 100, ""knn_k"": 20, ""lambda_E"": 0.1, ""lambda_H"": 0.2, ""lambda_bal"": 0.0, ""lambda_usage_entropy"": 0.25, ""num_clusters"": 28, ""num_hops"": 4, ""tau_c"": 0.3, ""tau_s"": 0.08, ""usage_entropy_lower"": 0.65, ""usage_entropy_upper"": 0.9}",/autodl-fs/data/recap/tuning_hyperparams/interaction_tuning/results/interaction_perf_v2_beta_nontrivial/checkpoints/beta_nontrivial__b0p08/recap/trial_0/model.pt
beta_nontrivial__b0p08,beta_nontrivial,0,weibo,0.7774220909565039,0.32362970522037526,"{""assignment_entropy_lower"": 0.45, ""assignment_entropy_upper"": 0.85, ""beta"": 0.08, ""cluster_init_gain"": 2.0, ""epochs"": 100, ""knn_k"": 20, ""lambda_E"": 0.1, ""lambda_H"": 0.2, ""lambda_bal"": 0.0, ""lambda_usage_entropy"": 0.25, ""num_clusters"": 28, ""num_hops"": 4, ""tau_c"": 0.3, ""tau_s"": 0.08, ""usage_entropy_lower"": 0.65, ""usage_entropy_upper"": 0.9}",/autodl-fs/data/recap/tuning_hyperparams/interaction_tuning/results/interaction_perf_v2_beta_nontrivial/checkpoints/beta_nontrivial__b0p08/recap/trial_0/model.pt
beta_nontrivial__b0p08,beta_nontrivial,0,Reddit,0.58356569471163,0.045580033827460426,"{""assignment_entropy_lower"": 0.45, ""assignment_entropy_upper"": 0.85, ""beta"": 0.08, ""cluster_init_gain"": 2.0, ""epochs"": 100, ""knn_k"": 20, ""lambda_E"": 0.1, ""lambda_H"": 0.2, ""lambda_bal"": 0.0, ""lambda_usage_entropy"": 0.25, ""num_clusters"": 28, ""num_hops"": 4, ""tau_c"": 0.3, ""tau_s"": 0.08, ""usage_entropy_lower"": 0.65, ""usage_entropy_upper"": 0.9}",/autodl-fs/data/recap/tuning_hyperparams/interaction_tuning/results/interaction_perf_v2_beta_nontrivial/checkpoints/beta_nontrivial__b0p08/recap/trial_0/model.pt
beta_nontrivial__b0p08,beta_nontrivial,0,Amazon,0.7218039773910091,0.12852914896642945,"{""assignment_entropy_lower"": 0.45, ""assignment_entropy_upper"": 0.85, ""beta"": 0.08, ""cluster_init_gain"": 2.0, ""epochs"": 100, ""knn_k"": 20, ""lambda_E"": 0.1, ""lambda_H"": 0.2, ""lambda_bal"": 0.0, ""lambda_usage_entropy"": 0.25, ""num_clusters"": 28, ""num_hops"": 4, ""tau_c"": 0.3, ""tau_s"": 0.08, ""usage_entropy_lower"": 0.65, ""usage_entropy_upper"": 0.9}",/autodl-fs/data/recap/tuning_hyperparams/interaction_tuning/results/interaction_perf_v2_beta_nontrivial/checkpoints/beta_nontrivial__b0p08/recap/trial_0/model.pt
beta_nontrivial__b0p08,beta_nontrivial,1,Facebook,0.5785227272727272,0.046735664072153314,"{""assignment_entropy_lower"": 0.45, ""assignment_entropy_upper"": 0.85, ""beta"": 0.08, ""cluster_init_gain"": 2.0, ""epochs"": 100, ""knn_k"": 20, ""lambda_E"": 0.1, ""lambda_H"": 0.2, ""lambda_bal"": 0.0, ""lambda_usage_entropy"": 0.25, ""num_clusters"": 28, ""num_hops"": 4, ""tau_c"": 0.3, ""tau_s"": 0.08, ""usage_entropy_lower"": 0.65, ""usage_entropy_upper"": 0.9}",/autodl-fs/data/recap/tuning_hyperparams/interaction_tuning/results/interaction_perf_v2_beta_nontrivial/checkpoints/beta_nontrivial__b0p08/recap/trial_1/model.pt
beta_nontrivial__b0p08,beta_nontrivial,1,cora,0.8218087047172269,0.4100071311472575,"{""assignment_entropy_lower"": 0.45, ""assignment_entropy_upper"": 0.85, ""beta"": 0.08, ""cluster_init_gain"": 2.0, ""epochs"": 100, ""knn_k"": 20, ""lambda_E"": 0.1, ""lambda_H"": 0.2, ""lambda_bal"": 0.0, ""lambda_usage_entropy"": 0.25, ""num_clusters"": 28, ""num_hops"": 4, ""tau_c"": 0.3, ""tau_s"": 0.08, ""usage_entropy_lower"": 0.65, ""usage_entropy_upper"": 0.9}",/autodl-fs/data/recap/tuning_hyperparams/interaction_tuning/results/interaction_perf_v2_beta_nontrivial/checkpoints/beta_nontrivial__b0p08/recap/trial_1/model.pt
beta_nontrivial__b0p08,beta_nontrivial,1,citeseer,0.9011132095268072,0.46688332025211093,"{""assignment_entropy_lower"": 0.45, ""assignment_entropy_upper"": 0.85, ""beta"": 0.08, ""cluster_init_gain"": 2.0, ""epochs"": 100, ""knn_k"": 20, ""lambda_E"": 0.1, ""lambda_H"": 0.2, ""lambda_bal"": 0.0, ""lambda_usage_entropy"": 0.25, ""num_clusters"": 28, ""num_hops"": 4, ""tau_c"": 0.3, ""tau_s"": 0.08, ""usage_entropy_lower"": 0.65, ""usage_entropy_upper"": 0.9}",/autodl-fs/data/recap/tuning_hyperparams/interaction_tuning/results/interaction_perf_v2_beta_nontrivial/checkpoints/beta_nontrivial__b0p08/recap/trial_1/model.pt
beta_nontrivial__b0p08,beta_nontrivial,1,ACM,0.749689468302044,0.35429491527680856,"{""assignment_entropy_lower"": 0.45, ""assignment_entropy_upper"": 0.85, ""beta"": 0.08, ""cluster_init_gain"": 2.0, ""epochs"": 100, ""knn_k"": 20, ""lambda_E"": 0.1, ""lambda_H"": 0.2, ""lambda_bal"": 0.0, ""lambda_usage_entropy"": 0.25, ""num_clusters"": 28, ""num_hops"": 4, ""tau_c"": 0.3, ""tau_s"": 0.08, ""usage_entropy_lower"": 0.65, ""usage_entropy_upper"": 0.9}",/autodl-fs/data/recap/tuning_hyperparams/interaction_tuning/results/interaction_perf_v2_beta_nontrivial/checkpoints/beta_nontrivial__b0p08/recap/trial_1/model.pt
beta_nontrivial__b0p08,beta_nontrivial,1,BlogCatalog,0.7259514569716774,0.31626303271851613,"{""assignment_entropy_lower"": 0.45, ""assignment_entropy_upper"": 0.85, ""beta"": 0.08, ""cluster_init_gain"": 2.0, ""epochs"": 100, ""knn_k"": 20, ""lambda_E"": 0.1, ""lambda_H"": 0.2, ""lambda_bal"": 0.0, ""lambda_usage_entropy"": 0.25, ""num_clusters"": 28, ""num_hops"": 4, ""tau_c"": 0.3, ""tau_s"": 0.08, ""usage_entropy_lower"": 0.65, ""usage_entropy_upper"": 0.9}",/autodl-fs/data/recap/tuning_hyperparams/interaction_tuning/results/interaction_perf_v2_beta_nontrivial/checkpoints/beta_nontrivial__b0p08/recap/trial_1/model.pt
beta_nontrivial__b0p08,beta_nontrivial,1,weibo,0.751596731088229,0.3008305910416336,"{""assignment_entropy_lower"": 0.45, ""assignment_entropy_upper"": 0.85, ""beta"": 0.08, ""cluster_init_gain"": 2.0, ""epochs"": 100, ""knn_k"": 20, ""lambda_E"": 0.1, ""lambda_H"": 0.2, ""lambda_bal"": 0.0, ""lambda_usage_entropy"": 0.25, ""num_clusters"": 28, ""num_hops"": 4, ""tau_c"": 0.3, ""tau_s"": 0.08, ""usage_entropy_lower"": 0.65, ""usage_entropy_upper"": 0.9}",/autodl-fs/data/recap/tuning_hyperparams/interaction_tuning/results/interaction_perf_v2_beta_nontrivial/checkpoints/beta_nontrivial__b0p08/recap/trial_1/model.pt
beta_nontrivial__b0p08,beta_nontrivial,1,Reddit,0.5856461396103327,0.04601328880068664,"{""assignment_entropy_lower"": 0.45, ""assignment_entropy_upper"": 0.85, ""beta"": 0.08, ""cluster_init_gain"": 2.0, ""epochs"": 100, ""knn_k"": 20, ""lambda_E"": 0.1, ""lambda_H"": 0.2, ""lambda_bal"": 0.0, ""lambda_usage_entropy"": 0.25, ""num_clusters"": 28, ""num_hops"": 4, ""tau_c"": 0.3, ""tau_s"": 0.08, ""usage_entropy_lower"": 0.65, ""usage_entropy_upper"": 0.9}",/autodl-fs/data/recap/tuning_hyperparams/interaction_tuning/results/interaction_perf_v2_beta_nontrivial/checkpoints/beta_nontrivial__b0p08/recap/trial_1/model.pt
beta_nontrivial__b0p08,beta_nontrivial,1,Amazon,0.6890284199066068,0.12007701928008549,"{""assignment_entropy_lower"": 0.45, ""assignment_entropy_upper"": 0.85, ""beta"": 0.08, ""cluster_init_gain"": 2.0, ""epochs"": 100, ""knn_k"": 20, ""lambda_E"": 0.1, ""lambda_H"": 0.2, ""lambda_bal"": 0.0, ""lambda_usage_entropy"": 0.25, ""num_clusters"": 28, ""num_hops"": 4, ""tau_c"": 0.3, ""tau_s"": 0.08, ""usage_entropy_lower"": 0.65, ""usage_entropy_upper"": 0.9}",/autodl-fs/data/recap/tuning_hyperparams/interaction_tuning/results/interaction_perf_v2_beta_nontrivial/checkpoints/beta_nontrivial__b0p08/recap/trial_1/model.pt
beta_nontrivial__b0p08,beta_nontrivial,2,Facebook,0.5689015151515152,0.032213665794934766,"{""assignment_entropy_lower"": 0.45, ""assignment_entropy_upper"": 0.85, ""beta"": 0.08, ""cluster_init_gain"": 2.0, ""epochs"": 100, ""knn_k"": 20, ""lambda_E"": 0.1, ""lambda_H"": 0.2, ""lambda_bal"": 0.0, ""lambda_usage_entropy"": 0.25, ""num_clusters"": 28, ""num_hops"": 4, ""tau_c"": 0.3, ""tau_s"": 0.08, ""usage_entropy_lower"": 0.65, ""usage_entropy_upper"": 0.9}",/autodl-fs/data/recap/tuning_hyperparams/interaction_tuning/results/interaction_perf_v2_beta_nontrivial/checkpoints/beta_nontrivial__b0p08/recap/trial_2/model.pt
beta_nontrivial__b0p08,beta_nontrivial,2,cora,0.8176048996611938,0.4032857694574667,"{""assignment_entropy_lower"": 0.45, ""assignment_entropy_upper"": 0.85, ""beta"": 0.08, ""cluster_init_gain"": 2.0, ""epochs"": 100, ""knn_k"": 20, ""lambda_E"": 0.1, ""lambda_H"": 0.2, ""lambda_bal"": 0.0, ""lambda_usage_entropy"": 0.25, ""num_clusters"": 28, ""num_hops"": 4, ""tau_c"": 0.3, ""tau_s"": 0.08, ""usage_entropy_lower"": 0.65, ""usage_entropy_upper"": 0.9}",/autodl-fs/data/recap/tuning_hyperparams/interaction_tuning/results/interaction_perf_v2_beta_nontrivial/checkpoints/beta_nontrivial__b0p08/recap/trial_2/model.pt
beta_nontrivial__b0p08,beta_nontrivial,2,citeseer,0.9022662889518416,0.44439125739467944,"{""assignment_entropy_lower"": 0.45, ""assignment_entropy_upper"": 0.85, ""beta"": 0.08, ""cluster_init_gain"": 2.0, ""epochs"": 100, ""knn_k"": 20, ""lambda_E"": 0.1, ""lambda_H"": 0.2, ""lambda_bal"": 0.0, ""lambda_usage_entropy"": 0.25, ""num_clusters"": 28, ""num_hops"": 4, ""tau_c"": 0.3, ""tau_s"": 0.08, ""usage_entropy_lower"": 0.65, ""usage_entropy_upper"": 0.9}",/autodl-fs/data/recap/tuning_hyperparams/interaction_tuning/results/interaction_perf_v2_beta_nontrivial/checkpoints/beta_nontrivial__b0p08/recap/trial_2/model.pt
beta_nontrivial__b0p08,beta_nontrivial,2,ACM,0.772531221601809,0.3651074281705902,"{""assignment_entropy_lower"": 0.45, ""assignment_entropy_upper"": 0.85, ""beta"": 0.08, ""cluster_init_gain"": 2.0, ""epochs"": 100, ""knn_k"": 20, ""lambda_E"": 0.1, ""lambda_H"": 0.2, ""lambda_bal"": 0.0, ""lambda_usage_entropy"": 0.25, ""num_clusters"": 28, ""num_hops"": 4, ""tau_c"": 0.3, ""tau_s"": 0.08, ""usage_entropy_lower"": 0.65, ""usage_entropy_upper"": 0.9}",/autodl-fs/data/recap/tuning_hyperparams/interaction_tuning/results/interaction_perf_v2_beta_nontrivial/checkpoints/beta_nontrivial__b0p08/recap/trial_2/model.pt
beta_nontrivial__b0p08,beta_nontrivial,2,BlogCatalog,0.7268579793028322,0.3161324375584865,"{""assignment_entropy_lower"": 0.45, ""assignment_entropy_upper"": 0.85, ""beta"": 0.08, ""cluster_init_gain"": 2.0, ""epochs"": 100, ""knn_k"": 20, ""lambda_E"": 0.1, ""lambda_H"": 0.2, ""lambda_bal"": 0.0, ""lambda_usage_entropy"": 0.25, ""num_clusters"": 28, ""num_hops"": 4, ""tau_c"": 0.3, ""tau_s"": 0.08, ""usage_entropy_lower"": 0.65, ""usage_entropy_upper"": 0.9}",/autodl-fs/data/recap/tuning_hyperparams/interaction_tuning/results/interaction_perf_v2_beta_nontrivial/checkpoints/beta_nontrivial__b0p08/recap/trial_2/model.pt
beta_nontrivial__b0p08,beta_nontrivial,2,weibo,0.7865382545953021,0.3083861042913041,"{""assignment_entropy_lower"": 0.45, ""assignment_entropy_upper"": 0.85, ""beta"": 0.08, ""cluster_init_gain"": 2.0, ""epochs"": 100, ""knn_k"": 20, ""lambda_E"": 0.1, ""lambda_H"": 0.2, ""lambda_bal"": 0.0, ""lambda_usage_entropy"": 0.25, ""num_clusters"": 28, ""num_hops"": 4, ""tau_c"": 0.3, ""tau_s"": 0.08, ""usage_entropy_lower"": 0.65, ""usage_entropy_upper"": 0.9}",/autodl-fs/data/recap/tuning_hyperparams/interaction_tuning/results/interaction_perf_v2_beta_nontrivial/checkpoints/beta_nontrivial__b0p08/recap/trial_2/model.pt
beta_nontrivial__b0p08,beta_nontrivial,2,Reddit,0.5893936423044897,0.045345147944091876,"{""assignment_entropy_lower"": 0.45, ""assignment_entropy_upper"": 0.85, ""beta"": 0.08, ""cluster_init_gain"": 2.0, ""epochs"": 100, ""knn_k"": 20, ""lambda_E"": 0.1, ""lambda_H"": 0.2, ""lambda_bal"": 0.0, ""lambda_usage_entropy"": 0.25, ""num_clusters"": 28, ""num_hops"": 4, ""tau_c"": 0.3, ""tau_s"": 0.08, ""usage_entropy_lower"": 0.65, ""usage_entropy_upper"": 0.9}",/autodl-fs/data/recap/tuning_hyperparams/interaction_tuning/results/interaction_perf_v2_beta_nontrivial/checkpoints/beta_nontrivial__b0p08/recap/trial_2/model.pt
beta_nontrivial__b0p08,beta_nontrivial,2,Amazon,0.7311289067663004,0.12974638505452957,"{""assignment_entropy_lower"": 0.45, ""assignment_entropy_upper"": 0.85, ""beta"": 0.08, ""cluster_init_gain"": 2.0, ""epochs"": 100, ""knn_k"": 20, ""lambda_E"": 0.1, ""lambda_H"": 0.2, ""lambda_bal"": 0.0, ""lambda_usage_entropy"": 0.25, ""num_clusters"": 28, ""num_hops"": 4, ""tau_c"": 0.3, ""tau_s"": 0.08, ""usage_entropy_lower"": 0.65, ""usage_entropy_upper"": 0.9}",/autodl-fs/data/recap/tuning_hyperparams/interaction_tuning/results/interaction_perf_v2_beta_nontrivial/checkpoints/beta_nontrivial__b0p08/recap/trial_2/model.pt
tauc_perf__tc0p28,tau_c_perf,0,Facebook,0.590814393939394,0.04081399190750706,"{""assignment_entropy_lower"": 0.45, ""assignment_entropy_upper"": 0.85, ""beta"": 0.02, ""cluster_init_gain"": 2.0, ""epochs"": 100, ""knn_k"": 20, ""lambda_E"": 0.1, ""lambda_H"": 0.2, ""lambda_bal"": 0.0, ""lambda_usage_entropy"": 0.25, ""num_clusters"": 28, ""num_hops"": 4, ""tau_c"": 0.28, ""tau_s"": 0.08, ""usage_entropy_lower"": 0.65, ""usage_entropy_upper"": 0.9}",/autodl-fs/data/recap/tuning_hyperparams/interaction_tuning/results/interaction_perf_v2_beta_nontrivial/checkpoints/tauc_perf__tc0p28/recap/trial_0/model.pt
tauc_perf__tc0p28,tau_c_perf,0,cora,0.8176101120667189,0.40819125820367735,"{""assignment_entropy_lower"": 0.45, ""assignment_entropy_upper"": 0.85, ""beta"": 0.02, ""cluster_init_gain"": 2.0, ""epochs"": 100, ""knn_k"": 20, ""lambda_E"": 0.1, ""lambda_H"": 0.2, ""lambda_bal"": 0.0, ""lambda_usage_entropy"": 0.25, ""num_clusters"": 28, ""num_hops"": 4, ""tau_c"": 0.28, ""tau_s"": 0.08, ""usage_entropy_lower"": 0.65, ""usage_entropy_upper"": 0.9}",/autodl-fs/data/recap/tuning_hyperparams/interaction_tuning/results/interaction_perf_v2_beta_nontrivial/checkpoints/tauc_perf__tc0p28/recap/trial_0/model.pt
tauc_perf__tc0p28,tau_c_perf,0,citeseer,0.8992067988668556,0.4196533483604438,"{""assignment_entropy_lower"": 0.45, ""assignment_entropy_upper"": 0.85, ""beta"": 0.02, ""cluster_init_gain"": 2.0, ""epochs"": 100, ""knn_k"": 20, ""lambda_E"": 0.1, ""lambda_H"": 0.2, ""lambda_bal"": 0.0, ""lambda_usage_entropy"": 0.25, ""num_clusters"": 28, ""num_hops"": 4, ""tau_c"": 0.28, ""tau_s"": 0.08, ""usage_entropy_lower"": 0.65, ""usage_entropy_upper"": 0.9}",/autodl-fs/data/recap/tuning_hyperparams/interaction_tuning/results/interaction_perf_v2_beta_nontrivial/checkpoints/tauc_perf__tc0p28/recap/trial_0/model.pt
tauc_perf__tc0p28,tau_c_perf,0,ACM,0.7836859018661845,0.36767196890511894,"{""assignment_entropy_lower"": 0.45, ""assignment_entropy_upper"": 0.85, ""beta"": 0.02, ""cluster_init_gain"": 2.0, ""epochs"": 100, ""knn_k"": 20, ""lambda_E"": 0.1, ""lambda_H"": 0.2, ""lambda_bal"": 0.0, ""lambda_usage_entropy"": 0.25, ""num_clusters"": 28, ""num_hops"": 4, ""tau_c"": 0.28, ""tau_s"": 0.08, ""usage_entropy_lower"": 0.65, ""usage_entropy_upper"": 0.9}",/autodl-fs/data/recap/tuning_hyperparams/interaction_tuning/results/interaction_perf_v2_beta_nontrivial/checkpoints/tauc_perf__tc0p28/recap/trial_0/model.pt
tauc_perf__tc0p28,tau_c_perf,0,BlogCatalog,0.7198451116557734,0.3168591025426532,"{""assignment_entropy_lower"": 0.45, ""assignment_entropy_upper"": 0.85, ""beta"": 0.02, ""cluster_init_gain"": 2.0, ""epochs"": 100, ""knn_k"": 20, ""lambda_E"": 0.1, ""lambda_H"": 0.2, ""lambda_bal"": 0.0, ""lambda_usage_entropy"": 0.25, ""num_clusters"": 28, ""num_hops"": 4, ""tau_c"": 0.28, ""tau_s"": 0.08, ""usage_entropy_lower"": 0.65, ""usage_entropy_upper"": 0.9}",/autodl-fs/data/recap/tuning_hyperparams/interaction_tuning/results/interaction_perf_v2_beta_nontrivial/checkpoints/tauc_perf__tc0p28/recap/trial_0/model.pt
tauc_perf__tc0p28,tau_c_perf,0,weibo,0.750998912278535,0.32321460076105224,"{""assignment_entropy_lower"": 0.45, ""assignment_entropy_upper"": 0.85, ""beta"": 0.02, ""cluster_init_gain"": 2.0, ""epochs"": 100, ""knn_k"": 20, ""lambda_E"": 0.1, ""lambda_H"": 0.2, ""lambda_bal"": 0.0, ""lambda_usage_entropy"": 0.25, ""num_clusters"": 28, ""num_hops"": 4, ""tau_c"": 0.28, ""tau_s"": 0.08, ""usage_entropy_lower"": 0.65, ""usage_entropy_upper"": 0.9}",/autodl-fs/data/recap/tuning_hyperparams/interaction_tuning/results/interaction_perf_v2_beta_nontrivial/checkpoints/tauc_perf__tc0p28/recap/trial_0/model.pt
tauc_perf__tc0p28,tau_c_perf,0,Reddit,0.5870556185135665,0.04601444755512718,"{""assignment_entropy_lower"": 0.45, ""assignment_entropy_upper"": 0.85, ""beta"": 0.02, ""cluster_init_gain"": 2.0, ""epochs"": 100, ""knn_k"": 20, ""lambda_E"": 0.1, ""lambda_H"": 0.2, ""lambda_bal"": 0.0, ""lambda_usage_entropy"": 0.25, ""num_clusters"": 28, ""num_hops"": 4, ""tau_c"": 0.28, ""tau_s"": 0.08, ""usage_entropy_lower"": 0.65, ""usage_entropy_upper"": 0.9}",/autodl-fs/data/recap/tuning_hyperparams/interaction_tuning/results/interaction_perf_v2_beta_nontrivial/checkpoints/tauc_perf__tc0p28/recap/trial_0/model.pt
tauc_perf__tc0p28,tau_c_perf,0,Amazon,0.7277397988760911,0.13304356994612265,"{""assignment_entropy_lower"": 0.45, ""assignment_entropy_upper"": 0.85, ""beta"": 0.02, ""cluster_init_gain"": 2.0, ""epochs"": 100, ""knn_k"": 20, ""lambda_E"": 0.1, ""lambda_H"": 0.2, ""lambda_bal"": 0.0, ""lambda_usage_entropy"": 0.25, ""num_clusters"": 28, ""num_hops"": 4, ""tau_c"": 0.28, ""tau_s"": 0.08, ""usage_entropy_lower"": 0.65, ""usage_entropy_upper"": 0.9}",/autodl-fs/data/recap/tuning_hyperparams/interaction_tuning/results/interaction_perf_v2_beta_nontrivial/checkpoints/tauc_perf__tc0p28/recap/trial_0/model.pt
tauc_perf__tc0p28,tau_c_perf,1,Facebook,0.5786363636363636,0.04743441682799923,"{""assignment_entropy_lower"": 0.45, ""assignment_entropy_upper"": 0.85, ""beta"": 0.02, ""cluster_init_gain"": 2.0, ""epochs"": 100, ""knn_k"": 20, ""lambda_E"": 0.1, ""lambda_H"": 0.2, ""lambda_bal"": 0.0, ""lambda_usage_entropy"": 0.25, ""num_clusters"": 28, ""num_hops"": 4, ""tau_c"": 0.28, ""tau_s"": 0.08, ""usage_entropy_lower"": 0.65, ""usage_entropy_upper"": 0.9}",/autodl-fs/data/recap/tuning_hyperparams/interaction_tuning/results/interaction_perf_v2_beta_nontrivial/checkpoints/tauc_perf__tc0p28/recap/trial_1/model.pt
tauc_perf__tc0p28,tau_c_perf,1,cora,0.8192650508209539,0.4055985216754893,"{""assignment_entropy_lower"": 0.45, ""assignment_entropy_upper"": 0.85, ""beta"": 0.02, ""cluster_init_gain"": 2.0, ""epochs"": 100, ""knn_k"": 20, ""lambda_E"": 0.1, ""lambda_H"": 0.2, ""lambda_bal"": 0.0, ""lambda_usage_entropy"": 0.25, ""num_clusters"": 28, ""num_hops"": 4, ""tau_c"": 0.28, ""tau_s"": 0.08, ""usage_entropy_lower"": 0.65, ""usage_entropy_upper"": 0.9}",/autodl-fs/data/recap/tuning_hyperparams/interaction_tuning/results/interaction_perf_v2_beta_nontrivial/checkpoints/tauc_perf__tc0p28/recap/trial_1/model.pt
tauc_perf__tc0p28,tau_c_perf,1,citeseer,0.9002266288951841,0.46800070470397204,"{""assignment_entropy_lower"": 0.45, ""assignment_entropy_upper"": 0.85, ""beta"": 0.02, ""cluster_init_gain"": 2.0, ""epochs"": 100, ""knn_k"": 20, ""lambda_E"": 0.1, ""lambda_H"": 0.2, ""lambda_bal"": 0.0, ""lambda_usage_entropy"": 0.25, ""num_clusters"": 28, ""num_hops"": 4, ""tau_c"": 0.28, ""tau_s"": 0.08, ""usage_entropy_lower"": 0.65, ""usage_entropy_upper"": 0.9}",/autodl-fs/data/recap/tuning_hyperparams/interaction_tuning/results/interaction_perf_v2_beta_nontrivial/checkpoints/tauc_perf__tc0p28/recap/trial_1/model.pt
tauc_perf__tc0p28,tau_c_perf,1,ACM,0.7698349914529319,0.3698789391539825,"{""assignment_entropy_lower"": 0.45, ""assignment_entropy_upper"": 0.85, ""beta"": 0.02, ""cluster_init_gain"": 2.0, ""epochs"": 100, ""knn_k"": 20, ""lambda_E"": 0.1, ""lambda_H"": 0.2, ""lambda_bal"": 0.0, ""lambda_usage_entropy"": 0.25, ""num_clusters"": 28, ""num_hops"": 4, ""tau_c"": 0.28, ""tau_s"": 0.08, ""usage_entropy_lower"": 0.65, ""usage_entropy_upper"": 0.9}",/autodl-fs/data/recap/tuning_hyperparams/interaction_tuning/results/interaction_perf_v2_beta_nontrivial/checkpoints/tauc_perf__tc0p28/recap/trial_1/model.pt
tauc_perf__tc0p28,tau_c_perf,1,BlogCatalog,0.7208891612200437,0.3224335285608023,"{""assignment_entropy_lower"": 0.45, ""assignment_entropy_upper"": 0.85, ""beta"": 0.02, ""cluster_init_gain"": 2.0, ""epochs"": 100, ""knn_k"": 20, ""lambda_E"": 0.1, ""lambda_H"": 0.2, ""lambda_bal"": 0.0, ""lambda_usage_entropy"": 0.25, ""num_clusters"": 28, ""num_hops"": 4, ""tau_c"": 0.28, ""tau_s"": 0.08, ""usage_entropy_lower"": 0.65, ""usage_entropy_upper"": 0.9}",/autodl-fs/data/recap/tuning_hyperparams/interaction_tuning/results/interaction_perf_v2_beta_nontrivial/checkpoints/tauc_perf__tc0p28/recap/trial_1/model.pt
tauc_perf__tc0p28,tau_c_perf,1,weibo,0.7339956980279776,0.30527791209781296,"{""assignment_entropy_lower"": 0.45, ""assignment_entropy_upper"": 0.85, ""beta"": 0.02, ""cluster_init_gain"": 2.0, ""epochs"": 100, ""knn_k"": 20, ""lambda_E"": 0.1, ""lambda_H"": 0.2, ""lambda_bal"": 0.0, ""lambda_usage_entropy"": 0.25, ""num_clusters"": 28, ""num_hops"": 4, ""tau_c"": 0.28, ""tau_s"": 0.08, ""usage_entropy_lower"": 0.65, ""usage_entropy_upper"": 0.9}",/autodl-fs/data/recap/tuning_hyperparams/interaction_tuning/results/interaction_perf_v2_beta_nontrivial/checkpoints/tauc_perf__tc0p28/recap/trial_1/model.pt
tauc_perf__tc0p28,tau_c_perf,1,Reddit,0.5891224253690249,0.04672996624203177,"{""assignment_entropy_lower"": 0.45, ""assignment_entropy_upper"": 0.85, ""beta"": 0.02, ""cluster_init_gain"": 2.0, ""epochs"": 100, ""knn_k"": 20, ""lambda_E"": 0.1, ""lambda_H"": 0.2, ""lambda_bal"": 0.0, ""lambda_usage_entropy"": 0.25, ""num_clusters"": 28, ""num_hops"": 4, ""tau_c"": 0.28, ""tau_s"": 0.08, ""usage_entropy_lower"": 0.65, ""usage_entropy_upper"": 0.9}",/autodl-fs/data/recap/tuning_hyperparams/interaction_tuning/results/interaction_perf_v2_beta_nontrivial/checkpoints/tauc_perf__tc0p28/recap/trial_1/model.pt
tauc_perf__tc0p28,tau_c_perf,1,Amazon,0.7092271849904838,0.12421635479798779,"{""assignment_entropy_lower"": 0.45, ""assignment_entropy_upper"": 0.85, ""beta"": 0.02, ""cluster_init_gain"": 2.0, ""epochs"": 100, ""knn_k"": 20, ""lambda_E"": 0.1, ""lambda_H"": 0.2, ""lambda_bal"": 0.0, ""lambda_usage_entropy"": 0.25, ""num_clusters"": 28, ""num_hops"": 4, ""tau_c"": 0.28, ""tau_s"": 0.08, ""usage_entropy_lower"": 0.65, ""usage_entropy_upper"": 0.9}",/autodl-fs/data/recap/tuning_hyperparams/interaction_tuning/results/interaction_perf_v2_beta_nontrivial/checkpoints/tauc_perf__tc0p28/recap/trial_1/model.pt
tauc_perf__tc0p28,tau_c_perf,2,Facebook,0.5787121212121212,0.034851970233638806,"{""assignment_entropy_lower"": 0.45, ""assignment_entropy_upper"": 0.85, ""beta"": 0.02, ""cluster_init_gain"": 2.0, ""epochs"": 100, ""knn_k"": 20, ""lambda_E"": 0.1, ""lambda_H"": 0.2, ""lambda_bal"": 0.0, ""lambda_usage_entropy"": 0.25, ""num_clusters"": 28, ""num_hops"": 4, ""tau_c"": 0.28, ""tau_s"": 0.08, ""usage_entropy_lower"": 0.65, ""usage_entropy_upper"": 0.9}",/autodl-fs/data/recap/tuning_hyperparams/interaction_tuning/results/interaction_perf_v2_beta_nontrivial/checkpoints/tauc_perf__tc0p28/recap/trial_2/model.pt
tauc_perf__tc0p28,tau_c_perf,2,cora,0.8198462340370081,0.40501661654375015,"{""assignment_entropy_lower"": 0.45, ""assignment_entropy_upper"": 0.85, ""beta"": 0.02, ""cluster_init_gain"": 2.0, ""epochs"": 100, ""knn_k"": 20, ""lambda_E"": 0.1, ""lambda_H"": 0.2, ""lambda_bal"": 0.0, ""lambda_usage_entropy"": 0.25, ""num_clusters"": 28, ""num_hops"": 4, ""tau_c"": 0.28, ""tau_s"": 0.08, ""usage_entropy_lower"": 0.65, ""usage_entropy_upper"": 0.9}",/autodl-fs/data/recap/tuning_hyperparams/interaction_tuning/results/interaction_perf_v2_beta_nontrivial/checkpoints/tauc_perf__tc0p28/recap/trial_2/model.pt
tauc_perf__tc0p28,tau_c_perf,2,citeseer,0.9055419158535307,0.45032330033807677,"{""assignment_entropy_lower"": 0.45, ""assignment_entropy_upper"": 0.85, ""beta"": 0.02, ""cluster_init_gain"": 2.0, ""epochs"": 100, ""knn_k"": 20, ""lambda_E"": 0.1, ""lambda_H"": 0.2, ""lambda_bal"": 0.0, ""lambda_usage_entropy"": 0.25, ""num_clusters"": 28, ""num_hops"": 4, ""tau_c"": 0.28, ""tau_s"": 0.08, ""usage_entropy_lower"": 0.65, ""usage_entropy_upper"": 0.9}",/autodl-fs/data/recap/tuning_hyperparams/interaction_tuning/results/interaction_perf_v2_beta_nontrivial/checkpoints/tauc_perf__tc0p28/recap/trial_2/model.pt
tauc_perf__tc0p28,tau_c_perf,2,ACM,0.7843598407893099,0.375128511308619,"{""assignment_entropy_lower"": 0.45, ""assignment_entropy_upper"": 0.85, ""beta"": 0.02, ""cluster_init_gain"": 2.0, ""epochs"": 100, ""knn_k"": 20, ""lambda_E"": 0.1, ""lambda_H"": 0.2, ""lambda_bal"": 0.0, ""lambda_usage_entropy"": 0.25, ""num_clusters"": 28, ""num_hops"": 4, ""tau_c"": 0.28, ""tau_s"": 0.08, ""usage_entropy_lower"": 0.65, ""usage_entropy_upper"": 0.9}",/autodl-fs/data/recap/tuning_hyperparams/interaction_tuning/results/interaction_perf_v2_beta_nontrivial/checkpoints/tauc_perf__tc0p28/recap/trial_2/model.pt
tauc_perf__tc0p28,tau_c_perf,2,BlogCatalog,0.7285709422657951,0.3258527630963447,"{""assignment_entropy_lower"": 0.45, ""assignment_entropy_upper"": 0.85, ""beta"": 0.02, ""cluster_init_gain"": 2.0, ""epochs"": 100, ""knn_k"": 20, ""lambda_E"": 0.1, ""lambda_H"": 0.2, ""lambda_bal"": 0.0, ""lambda_usage_entropy"": 0.25, ""num_clusters"": 28, ""num_hops"": 4, ""tau_c"": 0.28, ""tau_s"": 0.08, ""usage_entropy_lower"": 0.65, ""usage_entropy_upper"": 0.9}",/autodl-fs/data/recap/tuning_hyperparams/interaction_tuning/results/interaction_perf_v2_beta_nontrivial/checkpoints/tauc_perf__tc0p28/recap/trial_2/model.pt
tauc_perf__tc0p28,tau_c_perf,2,weibo,0.7492344984405658,0.3026485553214111,"{""assignment_entropy_lower"": 0.45, ""assignment_entropy_upper"": 0.85, ""beta"": 0.02, ""cluster_init_gain"": 2.0, ""epochs"": 100, ""knn_k"": 20, ""lambda_E"": 0.1, ""lambda_H"": 0.2, ""lambda_bal"": 0.0, ""lambda_usage_entropy"": 0.25, ""num_clusters"": 28, ""num_hops"": 4, ""tau_c"": 0.28, ""tau_s"": 0.08, ""usage_entropy_lower"": 0.65, ""usage_entropy_upper"": 0.9}",/autodl-fs/data/recap/tuning_hyperparams/interaction_tuning/results/interaction_perf_v2_beta_nontrivial/checkpoints/tauc_perf__tc0p28/recap/trial_2/model.pt
tauc_perf__tc0p28,tau_c_perf,2,Reddit,0.5860651877881359,0.04484341321838155,"{""assignment_entropy_lower"": 0.45, ""assignment_entropy_upper"": 0.85, ""beta"": 0.02, ""cluster_init_gain"": 2.0, ""epochs"": 100, ""knn_k"": 20, ""lambda_E"": 0.1, ""lambda_H"": 0.2, ""lambda_bal"": 0.0, ""lambda_usage_entropy"": 0.25, ""num_clusters"": 28, ""num_hops"": 4, ""tau_c"": 0.28, ""tau_s"": 0.08, ""usage_entropy_lower"": 0.65, ""usage_entropy_upper"": 0.9}",/autodl-fs/data/recap/tuning_hyperparams/interaction_tuning/results/interaction_perf_v2_beta_nontrivial/checkpoints/tauc_perf__tc0p28/recap/trial_2/model.pt
tauc_perf__tc0p28,tau_c_perf,2,Amazon,0.7311370824118699,0.13124919959190984,"{""assignment_entropy_lower"": 0.45, ""assignment_entropy_upper"": 0.85, ""beta"": 0.02, ""cluster_init_gain"": 2.0, ""epochs"": 100, ""knn_k"": 20, ""lambda_E"": 0.1, ""lambda_H"": 0.2, ""lambda_bal"": 0.0, ""lambda_usage_entropy"": 0.25, ""num_clusters"": 28, ""num_hops"": 4, ""tau_c"": 0.28, ""tau_s"": 0.08, ""usage_entropy_lower"": 0.65, ""usage_entropy_upper"": 0.9}",/autodl-fs/data/recap/tuning_hyperparams/interaction_tuning/results/interaction_perf_v2_beta_nontrivial/checkpoints/tauc_perf__tc0p28/recap/trial_2/model.pt
tauc_perf__tc0p32,tau_c_perf,0,Facebook,0.5992803030303031,0.04031573567153973,"{""assignment_entropy_lower"": 0.45, ""assignment_entropy_upper"": 0.85, ""beta"": 0.02, ""cluster_init_gain"": 2.0, ""epochs"": 100, ""knn_k"": 20, ""lambda_E"": 0.1, ""lambda_H"": 0.2, ""lambda_bal"": 0.0, ""lambda_usage_entropy"": 0.25, ""num_clusters"": 28, ""num_hops"": 4, ""tau_c"": 0.32, ""tau_s"": 0.08, ""usage_entropy_lower"": 0.65, ""usage_entropy_upper"": 0.9}",/autodl-fs/data/recap/tuning_hyperparams/interaction_tuning/results/interaction_perf_v2_beta_nontrivial/checkpoints/tauc_perf__tc0p32/recap/trial_0/model.pt
tauc_perf__tc0p32,tau_c_perf,0,cora,0.8182121449048737,0.4005304988993235,"{""assignment_entropy_lower"": 0.45, ""assignment_entropy_upper"": 0.85, ""beta"": 0.02, ""cluster_init_gain"": 2.0, ""epochs"": 100, ""knn_k"": 20, ""lambda_E"": 0.1, ""lambda_H"": 0.2, ""lambda_bal"": 0.0, ""lambda_usage_entropy"": 0.25, ""num_clusters"": 28, ""num_hops"": 4, ""tau_c"": 0.32, ""tau_s"": 0.08, ""usage_entropy_lower"": 0.65, ""usage_entropy_upper"": 0.9}",/autodl-fs/data/recap/tuning_hyperparams/interaction_tuning/results/interaction_perf_v2_beta_nontrivial/checkpoints/tauc_perf__tc0p32/recap/trial_0/model.pt
tauc_perf__tc0p32,tau_c_perf,0,citeseer,0.8977169237225896,0.41880851219699944,"{""assignment_entropy_lower"": 0.45, ""assignment_entropy_upper"": 0.85, ""beta"": 0.02, ""cluster_init_gain"": 2.0, ""epochs"": 100, ""knn_k"": 20, ""lambda_E"": 0.1, ""lambda_H"": 0.2, ""lambda_bal"": 0.0, ""lambda_usage_entropy"": 0.25, ""num_clusters"": 28, ""num_hops"": 4, ""tau_c"": 0.32, ""tau_s"": 0.08, ""usage_entropy_lower"": 0.65, ""usage_entropy_upper"": 0.9}",/autodl-fs/data/recap/tuning_hyperparams/interaction_tuning/results/interaction_perf_v2_beta_nontrivial/checkpoints/tauc_perf__tc0p32/recap/trial_0/model.pt
tauc_perf__tc0p32,tau_c_perf,0,ACM,0.7836176855828205,0.3677589366873358,"{""assignment_entropy_lower"": 0.45, ""assignment_entropy_upper"": 0.85, ""beta"": 0.02, ""cluster_init_gain"": 2.0, ""epochs"": 100, ""knn_k"": 20, ""lambda_E"": 0.1, ""lambda_H"": 0.2, ""lambda_bal"": 0.0, ""lambda_usage_entropy"": 0.25, ""num_clusters"": 28, ""num_hops"": 4, ""tau_c"": 0.32, ""tau_s"": 0.08, ""usage_entropy_lower"": 0.65, ""usage_entropy_upper"": 0.9}",/autodl-fs/data/recap/tuning_hyperparams/interaction_tuning/results/interaction_perf_v2_beta_nontrivial/checkpoints/tauc_perf__tc0p32/recap/trial_0/model.pt
tauc_perf__tc0p32,tau_c_perf,0,BlogCatalog,0.715025871459695,0.31425805628510717,"{""assignment_entropy_lower"": 0.45, ""assignment_entropy_upper"": 0.85, ""beta"": 0.02, ""cluster_init_gain"": 2.0, ""epochs"": 100, ""knn_k"": 20, ""lambda_E"": 0.1, ""lambda_H"": 0.2, ""lambda_bal"": 0.0, ""lambda_usage_entropy"": 0.25, ""num_clusters"": 28, ""num_hops"": 4, ""tau_c"": 0.32, ""tau_s"": 0.08, ""usage_entropy_lower"": 0.65, ""usage_entropy_upper"": 0.9}",/autodl-fs/data/recap/tuning_hyperparams/interaction_tuning/results/interaction_perf_v2_beta_nontrivial/checkpoints/tauc_perf__tc0p32/recap/trial_0/model.pt
tauc_perf__tc0p32,tau_c_perf,0,weibo,0.7579958074726892,0.32520394918743856,"{""assignment_entropy_lower"": 0.45, ""assignment_entropy_upper"": 0.85, ""beta"": 0.02, ""cluster_init_gain"": 2.0, ""epochs"": 100, ""knn_k"": 20, ""lambda_E"": 0.1, ""lambda_H"": 0.2, ""lambda_bal"": 0.0, ""lambda_usage_entropy"": 0.25, ""num_clusters"": 28, ""num_hops"": 4, ""tau_c"": 0.32, ""tau_s"": 0.08, ""usage_entropy_lower"": 0.65, ""usage_entropy_upper"": 0.9}",/autodl-fs/data/recap/tuning_hyperparams/interaction_tuning/results/interaction_perf_v2_beta_nontrivial/checkpoints/tauc_perf__tc0p32/recap/trial_0/model.pt
tauc_perf__tc0p32,tau_c_perf,0,Reddit,0.5864712412266211,0.04618224110201423,"{""assignment_entropy_lower"": 0.45, ""assignment_entropy_upper"": 0.85, ""beta"": 0.02, ""cluster_init_gain"": 2.0, ""epochs"": 100, ""knn_k"": 20, ""lambda_E"": 0.1, ""lambda_H"": 0.2, ""lambda_bal"": 0.0, ""lambda_usage_entropy"": 0.25, ""num_clusters"": 28, ""num_hops"": 4, ""tau_c"": 0.32, ""tau_s"": 0.08, ""usage_entropy_lower"": 0.65, ""usage_entropy_upper"": 0.9}",/autodl-fs/data/recap/tuning_hyperparams/interaction_tuning/results/interaction_perf_v2_beta_nontrivial/checkpoints/tauc_perf__tc0p32/recap/trial_0/model.pt
tauc_perf__tc0p32,tau_c_perf,0,Amazon,0.7281510035680637,0.13281110702629084,"{""assignment_entropy_lower"": 0.45, ""assignment_entropy_upper"": 0.85, ""beta"": 0.02, ""cluster_init_gain"": 2.0, ""epochs"": 100, ""knn_k"": 20, ""lambda_E"": 0.1, ""lambda_H"": 0.2, ""lambda_bal"": 0.0, ""lambda_usage_entropy"": 0.25, ""num_clusters"": 28, ""num_hops"": 4, ""tau_c"": 0.32, ""tau_s"": 0.08, ""usage_entropy_lower"": 0.65, ""usage_entropy_upper"": 0.9}",/autodl-fs/data/recap/tuning_hyperparams/interaction_tuning/results/interaction_perf_v2_beta_nontrivial/checkpoints/tauc_perf__tc0p32/recap/trial_0/model.pt
tauc_perf__tc0p32,tau_c_perf,1,Facebook,0.5875378787878788,0.04917204536816133,"{""assignment_entropy_lower"": 0.45, ""assignment_entropy_upper"": 0.85, ""beta"": 0.02, ""cluster_init_gain"": 2.0, ""epochs"": 100, ""knn_k"": 20, ""lambda_E"": 0.1, ""lambda_H"": 0.2, ""lambda_bal"": 0.0, ""lambda_usage_entropy"": 0.25, ""num_clusters"": 28, ""num_hops"": 4, ""tau_c"": 0.32, ""tau_s"": 0.08, ""usage_entropy_lower"": 0.65, ""usage_entropy_upper"": 0.9}",/autodl-fs/data/recap/tuning_hyperparams/interaction_tuning/results/interaction_perf_v2_beta_nontrivial/checkpoints/tauc_perf__tc0p32/recap/trial_1/model.pt
tauc_perf__tc0p32,tau_c_perf,1,cora,0.8223690383111805,0.41545535614874457,"{""assignment_entropy_lower"": 0.45, ""assignment_entropy_upper"": 0.85, ""beta"": 0.02, ""cluster_init_gain"": 2.0, ""epochs"": 100, ""knn_k"": 20, ""lambda_E"": 0.1, ""lambda_H"": 0.2, ""lambda_bal"": 0.0, ""lambda_usage_entropy"": 0.25, ""num_clusters"": 28, ""num_hops"": 4, ""tau_c"": 0.32, ""tau_s"": 0.08, ""usage_entropy_lower"": 0.65, ""usage_entropy_upper"": 0.9}",/autodl-fs/data/recap/tuning_hyperparams/interaction_tuning/results/interaction_perf_v2_beta_nontrivial/checkpoints/tauc_perf__tc0p32/recap/trial_1/model.pt
tauc_perf__tc0p32,tau_c_perf,1,citeseer,0.8991018780820481,0.46359942475377863,"{""assignment_entropy_lower"": 0.45, ""assignment_entropy_upper"": 0.85, ""beta"": 0.02, ""cluster_init_gain"": 2.0, ""epochs"": 100, ""knn_k"": 20, ""lambda_E"": 0.1, ""lambda_H"": 0.2, ""lambda_bal"": 0.0, ""lambda_usage_entropy"": 0.25, ""num_clusters"": 28, ""num_hops"": 4, ""tau_c"": 0.32, ""tau_s"": 0.08, ""usage_entropy_lower"": 0.65, ""usage_entropy_upper"": 0.9}",/autodl-fs/data/recap/tuning_hyperparams/interaction_tuning/results/interaction_perf_v2_beta_nontrivial/checkpoints/tauc_perf__tc0p32/recap/trial_1/model.pt
tauc_perf__tc0p32,tau_c_perf,1,ACM,0.7712215638524972,0.37002314583043816,"{""assignment_entropy_lower"": 0.45, ""assignment_entropy_upper"": 0.85, ""beta"": 0.02, ""cluster_init_gain"": 2.0, ""epochs"": 100, ""knn_k"": 20, ""lambda_E"": 0.1, ""lambda_H"": 0.2, ""lambda_bal"": 0.0, ""lambda_usage_entropy"": 0.25, ""num_clusters"": 28, ""num_hops"": 4, ""tau_c"": 0.32, ""tau_s"": 0.08, ""usage_entropy_lower"": 0.65, ""usage_entropy_upper"": 0.9}",/autodl-fs/data/recap/tuning_hyperparams/interaction_tuning/results/interaction_perf_v2_beta_nontrivial/checkpoints/tauc_perf__tc0p32/recap/trial_1/model.pt
tauc_perf__tc0p32,tau_c_perf,1,BlogCatalog,0.7237939133986928,0.3236822443237246,"{""assignment_entropy_lower"": 0.45, ""assignment_entropy_upper"": 0.85, ""beta"": 0.02, ""cluster_init_gain"": 2.0, ""epochs"": 100, ""knn_k"": 20, ""lambda_E"": 0.1, ""lambda_H"": 0.2, ""lambda_bal"": 0.0, ""lambda_usage_entropy"": 0.25, ""num_clusters"": 28, ""num_hops"": 4, ""tau_c"": 0.32, ""tau_s"": 0.08, ""usage_entropy_lower"": 0.65, ""usage_entropy_upper"": 0.9}",/autodl-fs/data/recap/tuning_hyperparams/interaction_tuning/results/interaction_perf_v2_beta_nontrivial/checkpoints/tauc_perf__tc0p32/recap/trial_1/model.pt
tauc_perf__tc0p32,tau_c_perf,1,weibo,0.7243638755411859,0.3033928319206639,"{""assignment_entropy_lower"": 0.45, ""assignment_entropy_upper"": 0.85, ""beta"": 0.02, ""cluster_init_gain"": 2.0, ""epochs"": 100, ""knn_k"": 20, ""lambda_E"": 0.1, ""lambda_H"": 0.2, ""lambda_bal"": 0.0, ""lambda_usage_entropy"": 0.25, ""num_clusters"": 28, ""num_hops"": 4, ""tau_c"": 0.32, ""tau_s"": 0.08, ""usage_entropy_lower"": 0.65, ""usage_entropy_upper"": 0.9}",/autodl-fs/data/recap/tuning_hyperparams/interaction_tuning/results/interaction_perf_v2_beta_nontrivial/checkpoints/tauc_perf__tc0p32/recap/trial_1/model.pt
tauc_perf__tc0p32,tau_c_perf,1,Reddit,0.5898713598004008,0.04656124956766418,"{""assignment_entropy_lower"": 0.45, ""assignment_entropy_upper"": 0.85, ""beta"": 0.02, ""cluster_init_gain"": 2.0, ""epochs"": 100, ""knn_k"": 20, ""lambda_E"": 0.1, ""lambda_H"": 0.2, ""lambda_bal"": 0.0, ""lambda_usage_entropy"": 0.25, ""num_clusters"": 28, ""num_hops"": 4, ""tau_c"": 0.32, ""tau_s"": 0.08, ""usage_entropy_lower"": 0.65, ""usage_entropy_upper"": 0.9}",/autodl-fs/data/recap/tuning_hyperparams/interaction_tuning/results/interaction_perf_v2_beta_nontrivial/checkpoints/tauc_perf__tc0p32/recap/trial_1/model.pt
tauc_perf__tc0p32,tau_c_perf,1,Amazon,0.7081716183069661,0.12425181881764955,"{""assignment_entropy_lower"": 0.45, ""assignment_entropy_upper"": 0.85, ""beta"": 0.02, ""cluster_init_gain"": 2.0, ""epochs"": 100, ""knn_k"": 20, ""lambda_E"": 0.1, ""lambda_H"": 0.2, ""lambda_bal"": 0.0, ""lambda_usage_entropy"": 0.25, ""num_clusters"": 28, ""num_hops"": 4, ""tau_c"": 0.32, ""tau_s"": 0.08, ""usage_entropy_lower"": 0.65, ""usage_entropy_upper"": 0.9}",/autodl-fs/data/recap/tuning_hyperparams/interaction_tuning/results/interaction_perf_v2_beta_nontrivial/checkpoints/tauc_perf__tc0p32/recap/trial_1/model.pt
tauc_perf__tc0p32,tau_c_perf,2,Facebook,0.593409090909091,0.04023583573785232,"{""assignment_entropy_lower"": 0.45, ""assignment_entropy_upper"": 0.85, ""beta"": 0.02, ""cluster_init_gain"": 2.0, ""epochs"": 100, ""knn_k"": 20, ""lambda_E"": 0.1, ""lambda_H"": 0.2, ""lambda_bal"": 0.0, ""lambda_usage_entropy"": 0.25, ""num_clusters"": 28, ""num_hops"": 4, ""tau_c"": 0.32, ""tau_s"": 0.08, ""usage_entropy_lower"": 0.65, ""usage_entropy_upper"": 0.9}",/autodl-fs/data/recap/tuning_hyperparams/interaction_tuning/results/interaction_perf_v2_beta_nontrivial/checkpoints/tauc_perf__tc0p32/recap/trial_2/model.pt
tauc_perf__tc0p32,tau_c_perf,2,cora,0.8160594214229866,0.38475429326077176,"{""assignment_entropy_lower"": 0.45, ""assignment_entropy_upper"": 0.85, ""beta"": 0.02, ""cluster_init_gain"": 2.0, ""epochs"": 100, ""knn_k"": 20, ""lambda_E"": 0.1, ""lambda_H"": 0.2, ""lambda_bal"": 0.0, ""lambda_usage_entropy"": 0.25, ""num_clusters"": 28, ""num_hops"": 4, ""tau_c"": 0.32, ""tau_s"": 0.08, ""usage_entropy_lower"": 0.65, ""usage_entropy_upper"": 0.9}",/autodl-fs/data/recap/tuning_hyperparams/interaction_tuning/results/interaction_perf_v2_beta_nontrivial/checkpoints/tauc_perf__tc0p32/recap/trial_2/model.pt
tauc_perf__tc0p32,tau_c_perf,2,citeseer,0.900518308676949,0.43968899854763827,"{""assignment_entropy_lower"": 0.45, ""assignment_entropy_upper"": 0.85, ""beta"": 0.02, ""cluster_init_gain"": 2.0, ""epochs"": 100, ""knn_k"": 20, ""lambda_E"": 0.1, ""lambda_H"": 0.2, ""lambda_bal"": 0.0, ""lambda_usage_entropy"": 0.25, ""num_clusters"": 28, ""num_hops"": 4, ""tau_c"": 0.32, ""tau_s"": 0.08, ""usage_entropy_lower"": 0.65, ""usage_entropy_upper"": 0.9}",/autodl-fs/data/recap/tuning_hyperparams/interaction_tuning/results/interaction_perf_v2_beta_nontrivial/checkpoints/tauc_perf__tc0p32/recap/trial_2/model.pt
tauc_perf__tc0p32,tau_c_perf,2,ACM,0.7844604782583529,0.37191973144853546,"{""assignment_entropy_lower"": 0.45, ""assignment_entropy_upper"": 0.85, ""beta"": 0.02, ""cluster_init_gain"": 2.0, ""epochs"": 100, ""knn_k"": 20, ""lambda_E"": 0.1, ""lambda_H"": 0.2, ""lambda_bal"": 0.0, ""lambda_usage_entropy"": 0.25, ""num_clusters"": 28, ""num_hops"": 4, ""tau_c"": 0.32, ""tau_s"": 0.08, ""usage_entropy_lower"": 0.65, ""usage_entropy_upper"": 0.9}",/autodl-fs/data/recap/tuning_hyperparams/interaction_tuning/results/interaction_perf_v2_beta_nontrivial/checkpoints/tauc_perf__tc0p32/recap/trial_2/model.pt
tauc_perf__tc0p32,tau_c_perf,2,BlogCatalog,0.7240631808278868,0.31522764764056277,"{""assignment_entropy_lower"": 0.45, ""assignment_entropy_upper"": 0.85, ""beta"": 0.02, ""cluster_init_gain"": 2.0, ""epochs"": 100, ""knn_k"": 20, ""lambda_E"": 0.1, ""lambda_H"": 0.2, ""lambda_bal"": 0.0, ""lambda_usage_entropy"": 0.25, ""num_clusters"": 28, ""num_hops"": 4, ""tau_c"": 0.32, ""tau_s"": 0.08, ""usage_entropy_lower"": 0.65, ""usage_entropy_upper"": 0.9}",/autodl-fs/data/recap/tuning_hyperparams/interaction_tuning/results/interaction_perf_v2_beta_nontrivial/checkpoints/tauc_perf__tc0p32/recap/trial_2/model.pt
tauc_perf__tc0p32,tau_c_perf,2,weibo,0.7450144570961444,0.31883652923428646,"{""assignment_entropy_lower"": 0.45, ""assignment_entropy_upper"": 0.85, ""beta"": 0.02, ""cluster_init_gain"": 2.0, ""epochs"": 100, ""knn_k"": 20, ""lambda_E"": 0.1, ""lambda_H"": 0.2, ""lambda_bal"": 0.0, ""lambda_usage_entropy"": 0.25, ""num_clusters"": 28, ""num_hops"": 4, ""tau_c"": 0.32, ""tau_s"": 0.08, ""usage_entropy_lower"": 0.65, ""usage_entropy_upper"": 0.9}",/autodl-fs/data/recap/tuning_hyperparams/interaction_tuning/results/interaction_perf_v2_beta_nontrivial/checkpoints/tauc_perf__tc0p32/recap/trial_2/model.pt
tauc_perf__tc0p32,tau_c_perf,2,Reddit,0.5866433893573857,0.04537725980451518,"{""assignment_entropy_lower"": 0.45, ""assignment_entropy_upper"": 0.85, ""beta"": 0.02, ""cluster_init_gain"": 2.0, ""epochs"": 100, ""knn_k"": 20, ""lambda_E"": 0.1, ""lambda_H"": 0.2, ""lambda_bal"": 0.0, ""lambda_usage_entropy"": 0.25, ""num_clusters"": 28, ""num_hops"": 4, ""tau_c"": 0.32, ""tau_s"": 0.08, ""usage_entropy_lower"": 0.65, ""usage_entropy_upper"": 0.9}",/autodl-fs/data/recap/tuning_hyperparams/interaction_tuning/results/interaction_perf_v2_beta_nontrivial/checkpoints/tauc_perf__tc0p32/recap/trial_2/model.pt
tauc_perf__tc0p32,tau_c_perf,2,Amazon,0.7311484374751609,0.13256577230277405,"{""assignment_entropy_lower"": 0.45, ""assignment_entropy_upper"": 0.85, ""beta"": 0.02, ""cluster_init_gain"": 2.0, ""epochs"": 100, ""knn_k"": 20, ""lambda_E"": 0.1, ""lambda_H"": 0.2, ""lambda_bal"": 0.0, ""lambda_usage_entropy"": 0.25, ""num_clusters"": 28, ""num_hops"": 4, ""tau_c"": 0.32, ""tau_s"": 0.08, ""usage_entropy_lower"": 0.65, ""usage_entropy_upper"": 0.9}",/autodl-fs/data/recap/tuning_hyperparams/interaction_tuning/results/interaction_perf_v2_beta_nontrivial/checkpoints/tauc_perf__tc0p32/recap/trial_2/model.pt
tauc_perf__tc0p35,tau_c_perf,0,Facebook,0.5998863636363637,0.043082193560988614,"{""assignment_entropy_lower"": 0.45, ""assignment_entropy_upper"": 0.85, ""beta"": 0.02, ""cluster_init_gain"": 2.0, ""epochs"": 100, ""knn_k"": 20, ""lambda_E"": 0.1, ""lambda_H"": 0.2, ""lambda_bal"": 0.0, ""lambda_usage_entropy"": 0.25, ""num_clusters"": 28, ""num_hops"": 4, ""tau_c"": 0.35, ""tau_s"": 0.08, ""usage_entropy_lower"": 0.65, ""usage_entropy_upper"": 0.9}",/autodl-fs/data/recap/tuning_hyperparams/interaction_tuning/results/interaction_perf_v2_beta_nontrivial/checkpoints/tauc_perf__tc0p35/recap/trial_0/model.pt
tauc_perf__tc0p35,tau_c_perf,0,cora,0.8177482408131352,0.405178212556322,"{""assignment_entropy_lower"": 0.45, ""assignment_entropy_upper"": 0.85, ""beta"": 0.02, ""cluster_init_gain"": 2.0, ""epochs"": 100, ""knn_k"": 20, ""lambda_E"": 0.1, ""lambda_H"": 0.2, ""lambda_bal"": 0.0, ""lambda_usage_entropy"": 0.25, ""num_clusters"": 28, ""num_hops"": 4, ""tau_c"": 0.35, ""tau_s"": 0.08, ""usage_entropy_lower"": 0.65, ""usage_entropy_upper"": 0.9}",/autodl-fs/data/recap/tuning_hyperparams/interaction_tuning/results/interaction_perf_v2_beta_nontrivial/checkpoints/tauc_perf__tc0p35/recap/trial_0/model.pt
tauc_perf__tc0p35,tau_c_perf,0,citeseer,0.8961452103661736,0.41008217770890554,"{""assignment_entropy_lower"": 0.45, ""assignment_entropy_upper"": 0.85, ""beta"": 0.02, ""cluster_init_gain"": 2.0, ""epochs"": 100, ""knn_k"": 20, ""lambda_E"": 0.1, ""lambda_H"": 0.2, ""lambda_bal"": 0.0, ""lambda_usage_entropy"": 0.25, ""num_clusters"": 28, ""num_hops"": 4, ""tau_c"": 0.35, ""tau_s"": 0.08, ""usage_entropy_lower"": 0.65, ""usage_entropy_upper"": 0.9}",/autodl-fs/data/recap/tuning_hyperparams/interaction_tuning/results/interaction_perf_v2_beta_nontrivial/checkpoints/tauc_perf__tc0p35/recap/trial_0/model.pt
tauc_perf__tc0p35,tau_c_perf,0,ACM,0.7815828476217979,0.36784660051261553,"{""assignment_entropy_lower"": 0.45, ""assignment_entropy_upper"": 0.85, ""beta"": 0.02, ""cluster_init_gain"": 2.0, ""epochs"": 100, ""knn_k"": 20, ""lambda_E"": 0.1, ""lambda_H"": 0.2, ""lambda_bal"": 0.0, ""lambda_usage_entropy"": 0.25, ""num_clusters"": 28, ""num_hops"": 4, ""tau_c"": 0.35, ""tau_s"": 0.08, ""usage_entropy_lower"": 0.65, ""usage_entropy_upper"": 0.9}",/autodl-fs/data/recap/tuning_hyperparams/interaction_tuning/results/interaction_perf_v2_beta_nontrivial/checkpoints/tauc_perf__tc0p35/recap/trial_0/model.pt
tauc_perf__tc0p35,tau_c_perf,0,BlogCatalog,0.7184007352941177,0.3154875904445268,"{""assignment_entropy_lower"": 0.45, ""assignment_entropy_upper"": 0.85, ""beta"": 0.02, ""cluster_init_gain"": 2.0, ""epochs"": 100, ""knn_k"": 20, ""lambda_E"": 0.1, ""lambda_H"": 0.2, ""lambda_bal"": 0.0, ""lambda_usage_entropy"": 0.25, ""num_clusters"": 28, ""num_hops"": 4, ""tau_c"": 0.35, ""tau_s"": 0.08, ""usage_entropy_lower"": 0.65, ""usage_entropy_upper"": 0.9}",/autodl-fs/data/recap/tuning_hyperparams/interaction_tuning/results/interaction_perf_v2_beta_nontrivial/checkpoints/tauc_perf__tc0p35/recap/trial_0/model.pt
tauc_perf__tc0p35,tau_c_perf,0,weibo,0.751560198565724,0.3239665434588045,"{""assignment_entropy_lower"": 0.45, ""assignment_entropy_upper"": 0.85, ""beta"": 0.02, ""cluster_init_gain"": 2.0, ""epochs"": 100, ""knn_k"": 20, ""lambda_E"": 0.1, ""lambda_H"": 0.2, ""lambda_bal"": 0.0, ""lambda_usage_entropy"": 0.25, ""num_clusters"": 28, ""num_hops"": 4, ""tau_c"": 0.35, ""tau_s"": 0.08, ""usage_entropy_lower"": 0.65, ""usage_entropy_upper"": 0.9}",/autodl-fs/data/recap/tuning_hyperparams/interaction_tuning/results/interaction_perf_v2_beta_nontrivial/checkpoints/tauc_perf__tc0p35/recap/trial_0/model.pt
tauc_perf__tc0p35,tau_c_perf,0,Reddit,0.5851730539026934,0.04603686080658205,"{""assignment_entropy_lower"": 0.45, ""assignment_entropy_upper"": 0.85, ""beta"": 0.02, ""cluster_init_gain"": 2.0, ""epochs"": 100, ""knn_k"": 20, ""lambda_E"": 0.1, ""lambda_H"": 0.2, ""lambda_bal"": 0.0, ""lambda_usage_entropy"": 0.25, ""num_clusters"": 28, ""num_hops"": 4, ""tau_c"": 0.35, ""tau_s"": 0.08, ""usage_entropy_lower"": 0.65, ""usage_entropy_upper"": 0.9}",/autodl-fs/data/recap/tuning_hyperparams/interaction_tuning/results/interaction_perf_v2_beta_nontrivial/checkpoints/tauc_perf__tc0p35/recap/trial_0/model.pt
tauc_perf__tc0p35,tau_c_perf,0,Amazon,0.7294610750701402,0.1330283261874006,"{""assignment_entropy_lower"": 0.45, ""assignment_entropy_upper"": 0.85, ""beta"": 0.02, ""cluster_init_gain"": 2.0, ""epochs"": 100, ""knn_k"": 20, ""lambda_E"": 0.1, ""lambda_H"": 0.2, ""lambda_bal"": 0.0, ""lambda_usage_entropy"": 0.25, ""num_clusters"": 28, ""num_hops"": 4, ""tau_c"": 0.35, ""tau_s"": 0.08, ""usage_entropy_lower"": 0.65, ""usage_entropy_upper"": 0.9}",/autodl-fs/data/recap/tuning_hyperparams/interaction_tuning/results/interaction_perf_v2_beta_nontrivial/checkpoints/tauc_perf__tc0p35/recap/trial_0/model.pt
tauc_perf__tc0p35,tau_c_perf,1,Facebook,0.5917045454545454,0.0485083796465306,"{""assignment_entropy_lower"": 0.45, ""assignment_entropy_upper"": 0.85, ""beta"": 0.02, ""cluster_init_gain"": 2.0, ""epochs"": 100, ""knn_k"": 20, ""lambda_E"": 0.1, ""lambda_H"": 0.2, ""lambda_bal"": 0.0, ""lambda_usage_entropy"": 0.25, ""num_clusters"": 28, ""num_hops"": 4, ""tau_c"": 0.35, ""tau_s"": 0.08, ""usage_entropy_lower"": 0.65, ""usage_entropy_upper"": 0.9}",/autodl-fs/data/recap/tuning_hyperparams/interaction_tuning/results/interaction_perf_v2_beta_nontrivial/checkpoints/tauc_perf__tc0p35/recap/trial_1/model.pt
tauc_perf__tc0p35,tau_c_perf,1,cora,0.8232473286421683,0.40871005189391657,"{""assignment_entropy_lower"": 0.45, ""assignment_entropy_upper"": 0.85, ""beta"": 0.02, ""cluster_init_gain"": 2.0, ""epochs"": 100, ""knn_k"": 20, ""lambda_E"": 0.1, ""lambda_H"": 0.2, ""lambda_bal"": 0.0, ""lambda_usage_entropy"": 0.25, ""num_clusters"": 28, ""num_hops"": 4, ""tau_c"": 0.35, ""tau_s"": 0.08, ""usage_entropy_lower"": 0.65, ""usage_entropy_upper"": 0.9}",/autodl-fs/data/recap/tuning_hyperparams/interaction_tuning/results/interaction_perf_v2_beta_nontrivial/checkpoints/tauc_perf__tc0p35/recap/trial_1/model.pt
tauc_perf__tc0p35,tau_c_perf,1,citeseer,0.8991543384744518,0.46160840998043545,"{""assignment_entropy_lower"": 0.45, ""assignment_entropy_upper"": 0.85, ""beta"": 0.02, ""cluster_init_gain"": 2.0, ""epochs"": 100, ""knn_k"": 20, ""lambda_E"": 0.1, ""lambda_H"": 0.2, ""lambda_bal"": 0.0, ""lambda_usage_entropy"": 0.25, ""num_clusters"": 28, ""num_hops"": 4, ""tau_c"": 0.35, ""tau_s"": 0.08, ""usage_entropy_lower"": 0.65, ""usage_entropy_upper"": 0.9}",/autodl-fs/data/recap/tuning_hyperparams/interaction_tuning/results/interaction_perf_v2_beta_nontrivial/checkpoints/tauc_perf__tc0p35/recap/trial_1/model.pt
tauc_perf__tc0p35,tau_c_perf,1,ACM,0.7712935230694924,0.36957399359743903,"{""assignment_entropy_lower"": 0.45, ""assignment_entropy_upper"": 0.85, ""beta"": 0.02, ""cluster_init_gain"": 2.0, ""epochs"": 100, ""knn_k"": 20, ""lambda_E"": 0.1, ""lambda_H"": 0.2, ""lambda_bal"": 0.0, ""lambda_usage_entropy"": 0.25, ""num_clusters"": 28, ""num_hops"": 4, ""tau_c"": 0.35, ""tau_s"": 0.08, ""usage_entropy_lower"": 0.65, ""usage_entropy_upper"": 0.9}",/autodl-fs/data/recap/tuning_hyperparams/interaction_tuning/results/interaction_perf_v2_beta_nontrivial/checkpoints/tauc_perf__tc0p35/recap/trial_1/model.pt
tauc_perf__tc0p35,tau_c_perf,1,BlogCatalog,0.7235893246187364,0.32560602043434783,"{""assignment_entropy_lower"": 0.45, ""assignment_entropy_upper"": 0.85, ""beta"": 0.02, ""cluster_init_gain"": 2.0, ""epochs"": 100, ""knn_k"": 20, ""lambda_E"": 0.1, ""lambda_H"": 0.2, ""lambda_bal"": 0.0, ""lambda_usage_entropy"": 0.25, ""num_clusters"": 28, ""num_hops"": 4, ""tau_c"": 0.35, ""tau_s"": 0.08, ""usage_entropy_lower"": 0.65, ""usage_entropy_upper"": 0.9}",/autodl-fs/data/recap/tuning_hyperparams/interaction_tuning/results/interaction_perf_v2_beta_nontrivial/checkpoints/tauc_perf__tc0p35/recap/trial_1/model.pt
tauc_perf__tc0p35,tau_c_perf,1,weibo,0.7332595447711413,0.3084657806979729,"{""assignment_entropy_lower"": 0.45, ""assignment_entropy_upper"": 0.85, ""beta"": 0.02, ""cluster_init_gain"": 2.0, ""epochs"": 100, ""knn_k"": 20, ""lambda_E"": 0.1, ""lambda_H"": 0.2, ""lambda_bal"": 0.0, ""lambda_usage_entropy"": 0.25, ""num_clusters"": 28, ""num_hops"": 4, ""tau_c"": 0.35, ""tau_s"": 0.08, ""usage_entropy_lower"": 0.65, ""usage_entropy_upper"": 0.9}",/autodl-fs/data/recap/tuning_hyperparams/interaction_tuning/results/interaction_perf_v2_beta_nontrivial/checkpoints/tauc_perf__tc0p35/recap/trial_1/model.pt
tauc_perf__tc0p35,tau_c_perf,1,Reddit,0.5881907926224876,0.046571852838242056,"{""assignment_entropy_lower"": 0.45, ""assignment_entropy_upper"": 0.85, ""beta"": 0.02, ""cluster_init_gain"": 2.0, ""epochs"": 100, ""knn_k"": 20, ""lambda_E"": 0.1, ""lambda_H"": 0.2, ""lambda_bal"": 0.0, ""lambda_usage_entropy"": 0.25, ""num_clusters"": 28, ""num_hops"": 4, ""tau_c"": 0.35, ""tau_s"": 0.08, ""usage_entropy_lower"": 0.65, ""usage_entropy_upper"": 0.9}",/autodl-fs/data/recap/tuning_hyperparams/interaction_tuning/results/interaction_perf_v2_beta_nontrivial/checkpoints/tauc_perf__tc0p35/recap/trial_1/model.pt
tauc_perf__tc0p35,tau_c_perf,1,Amazon,0.7044258100285798,0.12382841620443479,"{""assignment_entropy_lower"": 0.45, ""assignment_entropy_upper"": 0.85, ""beta"": 0.02, ""cluster_init_gain"": 2.0, ""epochs"": 100, ""knn_k"": 20, ""lambda_E"": 0.1, ""lambda_H"": 0.2, ""lambda_bal"": 0.0, ""lambda_usage_entropy"": 0.25, ""num_clusters"": 28, ""num_hops"": 4, ""tau_c"": 0.35, ""tau_s"": 0.08, ""usage_entropy_lower"": 0.65, ""usage_entropy_upper"": 0.9}",/autodl-fs/data/recap/tuning_hyperparams/interaction_tuning/results/interaction_perf_v2_beta_nontrivial/checkpoints/tauc_perf__tc0p35/recap/trial_1/model.pt
tauc_perf__tc0p35,tau_c_perf,2,Facebook,0.5975757575757576,0.04380916845364505,"{""assignment_entropy_lower"": 0.45, ""assignment_entropy_upper"": 0.85, ""beta"": 0.02, ""cluster_init_gain"": 2.0, ""epochs"": 100, ""knn_k"": 20, ""lambda_E"": 0.1, ""lambda_H"": 0.2, ""lambda_bal"": 0.0, ""lambda_usage_entropy"": 0.25, ""num_clusters"": 28, ""num_hops"": 4, ""tau_c"": 0.35, ""tau_s"": 0.08, ""usage_entropy_lower"": 0.65, ""usage_entropy_upper"": 0.9}",/autodl-fs/data/recap/tuning_hyperparams/interaction_tuning/results/interaction_perf_v2_beta_nontrivial/checkpoints/tauc_perf__tc0p35/recap/trial_2/model.pt
tauc_perf__tc0p35,tau_c_perf,2,cora,0.8181860828772479,0.38757142602129896,"{""assignment_entropy_lower"": 0.45, ""assignment_entropy_upper"": 0.85, ""beta"": 0.02, ""cluster_init_gain"": 2.0, ""epochs"": 100, ""knn_k"": 20, ""lambda_E"": 0.1, ""lambda_H"": 0.2, ""lambda_bal"": 0.0, ""lambda_usage_entropy"": 0.25, ""num_clusters"": 28, ""num_hops"": 4, ""tau_c"": 0.35, ""tau_s"": 0.08, ""usage_entropy_lower"": 0.65, ""usage_entropy_upper"": 0.9}",/autodl-fs/data/recap/tuning_hyperparams/interaction_tuning/results/interaction_perf_v2_beta_nontrivial/checkpoints/tauc_perf__tc0p35/recap/trial_2/model.pt
tauc_perf__tc0p35,tau_c_perf,2,citeseer,0.9006756898541601,0.43885541139364315,"{""assignment_entropy_lower"": 0.45, ""assignment_entropy_upper"": 0.85, ""beta"": 0.02, ""cluster_init_gain"": 2.0, ""epochs"": 100, ""knn_k"": 20, ""lambda_E"": 0.1, ""lambda_H"": 0.2, ""lambda_bal"": 0.0, ""lambda_usage_entropy"": 0.25, ""num_clusters"": 28, ""num_hops"": 4, ""tau_c"": 0.35, ""tau_s"": 0.08, ""usage_entropy_lower"": 0.65, ""usage_entropy_upper"": 0.9}",/autodl-fs/data/recap/tuning_hyperparams/interaction_tuning/results/interaction_perf_v2_beta_nontrivial/checkpoints/tauc_perf__tc0p35/recap/trial_2/model.pt
tauc_perf__tc0p35,tau_c_perf,2,ACM,0.7860344609263561,0.3717810455961112,"{""assignment_entropy_lower"": 0.45, ""assignment_entropy_upper"": 0.85, ""beta"": 0.02, ""cluster_init_gain"": 2.0, ""epochs"": 100, ""knn_k"": 20, ""lambda_E"": 0.1, ""lambda_H"": 0.2, ""lambda_bal"": 0.0, ""lambda_usage_entropy"": 0.25, ""num_clusters"": 28, ""num_hops"": 4, ""tau_c"": 0.35, ""tau_s"": 0.08, ""usage_entropy_lower"": 0.65, ""usage_entropy_upper"": 0.9}",/autodl-fs/data/recap/tuning_hyperparams/interaction_tuning/results/interaction_perf_v2_beta_nontrivial/checkpoints/tauc_perf__tc0p35/recap/trial_2/model.pt
tauc_perf__tc0p35,tau_c_perf,2,BlogCatalog,0.7290505855119827,0.31719063220729865,"{""assignment_entropy_lower"": 0.45, ""assignment_entropy_upper"": 0.85, ""beta"": 0.02, ""cluster_init_gain"": 2.0, ""epochs"": 100, ""knn_k"": 20, ""lambda_E"": 0.1, ""lambda_H"": 0.2, ""lambda_bal"": 0.0, ""lambda_usage_entropy"": 0.25, ""num_clusters"": 28, ""num_hops"": 4, ""tau_c"": 0.35, ""tau_s"": 0.08, ""usage_entropy_lower"": 0.65, ""usage_entropy_upper"": 0.9}",/autodl-fs/data/recap/tuning_hyperparams/interaction_tuning/results/interaction_perf_v2_beta_nontrivial/checkpoints/tauc_perf__tc0p35/recap/trial_2/model.pt
tauc_perf__tc0p35,tau_c_perf,2,weibo,0.7444884040576474,0.3161649611878489,"{""assignment_entropy_lower"": 0.45, ""assignment_entropy_upper"": 0.85, ""beta"": 0.02, ""cluster_init_gain"": 2.0, ""epochs"": 100, ""knn_k"": 20, ""lambda_E"": 0.1, ""lambda_H"": 0.2, ""lambda_bal"": 0.0, ""lambda_usage_entropy"": 0.25, ""num_clusters"": 28, ""num_hops"": 4, ""tau_c"": 0.35, ""tau_s"": 0.08, ""usage_entropy_lower"": 0.65, ""usage_entropy_upper"": 0.9}",/autodl-fs/data/recap/tuning_hyperparams/interaction_tuning/results/interaction_perf_v2_beta_nontrivial/checkpoints/tauc_perf__tc0p35/recap/trial_2/model.pt
tauc_perf__tc0p35,tau_c_perf,2,Reddit,0.5879844207228266,0.0458631332769872,"{""assignment_entropy_lower"": 0.45, ""assignment_entropy_upper"": 0.85, ""beta"": 0.02, ""cluster_init_gain"": 2.0, ""epochs"": 100, ""knn_k"": 20, ""lambda_E"": 0.1, ""lambda_H"": 0.2, ""lambda_bal"": 0.0, ""lambda_usage_entropy"": 0.25, ""num_clusters"": 28, ""num_hops"": 4, ""tau_c"": 0.35, ""tau_s"": 0.08, ""usage_entropy_lower"": 0.65, ""usage_entropy_upper"": 0.9}",/autodl-fs/data/recap/tuning_hyperparams/interaction_tuning/results/interaction_perf_v2_beta_nontrivial/checkpoints/tauc_perf__tc0p35/recap/trial_2/model.pt
tauc_perf__tc0p35,tau_c_perf,2,Amazon,0.73557055332315,0.13432854262075217,"{""assignment_entropy_lower"": 0.45, ""assignment_entropy_upper"": 0.85, ""beta"": 0.02, ""cluster_init_gain"": 2.0, ""epochs"": 100, ""knn_k"": 20, ""lambda_E"": 0.1, ""lambda_H"": 0.2, ""lambda_bal"": 0.0, ""lambda_usage_entropy"": 0.25, ""num_clusters"": 28, ""num_hops"": 4, ""tau_c"": 0.35, ""tau_s"": 0.08, ""usage_entropy_lower"": 0.65, ""usage_entropy_upper"": 0.9}",/autodl-fs/data/recap/tuning_hyperparams/interaction_tuning/results/interaction_perf_v2_beta_nontrivial/checkpoints/tauc_perf__tc0p35/recap/trial_2/model.pt
graph_perf__k16__C28__L4,graph_perf,0,Facebook,0.5932954545454545,0.04013761161812589,"{""assignment_entropy_lower"": 0.45, ""assignment_entropy_upper"": 0.85, ""beta"": 0.02, ""cluster_init_gain"": 2.0, ""epochs"": 100, ""knn_k"": 16, ""lambda_E"": 0.1, ""lambda_H"": 0.2, ""lambda_bal"": 0.0, ""lambda_usage_entropy"": 0.25, ""num_clusters"": 28, ""num_hops"": 4, ""tau_c"": 0.3, ""tau_s"": 0.08, ""usage_entropy_lower"": 0.65, ""usage_entropy_upper"": 0.9}",/autodl-fs/data/recap/tuning_hyperparams/interaction_tuning/results/interaction_perf_v2_beta_nontrivial/checkpoints/graph_perf__k16__C28__L4/recap/trial_0/model.pt
graph_perf__k16__C28__L4,graph_perf,0,cora,0.8171227521501173,0.40014019005726986,"{""assignment_entropy_lower"": 0.45, ""assignment_entropy_upper"": 0.85, ""beta"": 0.02, ""cluster_init_gain"": 2.0, ""epochs"": 100, ""knn_k"": 16, ""lambda_E"": 0.1, ""lambda_H"": 0.2, ""lambda_bal"": 0.0, ""lambda_usage_entropy"": 0.25, ""num_clusters"": 28, ""num_hops"": 4, ""tau_c"": 0.3, ""tau_s"": 0.08, ""usage_entropy_lower"": 0.65, ""usage_entropy_upper"": 0.9}",/autodl-fs/data/recap/tuning_hyperparams/interaction_tuning/results/interaction_perf_v2_beta_nontrivial/checkpoints/graph_perf__k16__C28__L4/recap/trial_0/model.pt
graph_perf__k16__C28__L4,graph_perf,0,citeseer,0.8984282866435841,0.4183073063818657,"{""assignment_entropy_lower"": 0.45, ""assignment_entropy_upper"": 0.85, ""beta"": 0.02, ""cluster_init_gain"": 2.0, ""epochs"": 100, ""knn_k"": 16, ""lambda_E"": 0.1, ""lambda_H"": 0.2, ""lambda_bal"": 0.0, ""lambda_usage_entropy"": 0.25, ""num_clusters"": 28, ""num_hops"": 4, ""tau_c"": 0.3, ""tau_s"": 0.08, ""usage_entropy_lower"": 0.65, ""usage_entropy_upper"": 0.9}",/autodl-fs/data/recap/tuning_hyperparams/interaction_tuning/results/interaction_perf_v2_beta_nontrivial/checkpoints/graph_perf__k16__C28__L4/recap/trial_0/model.pt
graph_perf__k16__C28__L4,graph_perf,0,ACM,0.7824805718021719,0.3682724956154806,"{""assignment_entropy_lower"": 0.45, ""assignment_entropy_upper"": 0.85, ""beta"": 0.02, ""cluster_init_gain"": 2.0, ""epochs"": 100, ""knn_k"": 16, ""lambda_E"": 0.1, ""lambda_H"": 0.2, ""lambda_bal"": 0.0, ""lambda_usage_entropy"": 0.25, ""num_clusters"": 28, ""num_hops"": 4, ""tau_c"": 0.3, ""tau_s"": 0.08, ""usage_entropy_lower"": 0.65, ""usage_entropy_upper"": 0.9}",/autodl-fs/data/recap/tuning_hyperparams/interaction_tuning/results/interaction_perf_v2_beta_nontrivial/checkpoints/graph_perf__k16__C28__L4/recap/trial_0/model.pt
graph_perf__k16__C28__L4,graph_perf,0,BlogCatalog,0.7113398692810458,0.314112405197971,"{""assignment_entropy_lower"": 0.45, ""assignment_entropy_upper"": 0.85, ""beta"": 0.02, ""cluster_init_gain"": 2.0, ""epochs"": 100, ""knn_k"": 16, ""lambda_E"": 0.1, ""lambda_H"": 0.2, ""lambda_bal"": 0.0, ""lambda_usage_entropy"": 0.25, ""num_clusters"": 28, ""num_hops"": 4, ""tau_c"": 0.3, ""tau_s"": 0.08, ""usage_entropy_lower"": 0.65, ""usage_entropy_upper"": 0.9}",/autodl-fs/data/recap/tuning_hyperparams/interaction_tuning/results/interaction_perf_v2_beta_nontrivial/checkpoints/graph_perf__k16__C28__L4/recap/trial_0/model.pt
graph_perf__k16__C28__L4,graph_perf,0,weibo,0.756809952620834,0.32548688422612326,"{""assignment_entropy_lower"": 0.45, ""assignment_entropy_upper"": 0.85, ""beta"": 0.02, ""cluster_init_gain"": 2.0, ""epochs"": 100, ""knn_k"": 16, ""lambda_E"": 0.1, ""lambda_H"": 0.2, ""lambda_bal"": 0.0, ""lambda_usage_entropy"": 0.25, ""num_clusters"": 28, ""num_hops"": 4, ""tau_c"": 0.3, ""tau_s"": 0.08, ""usage_entropy_lower"": 0.65, ""usage_entropy_upper"": 0.9}",/autodl-fs/data/recap/tuning_hyperparams/interaction_tuning/results/interaction_perf_v2_beta_nontrivial/checkpoints/graph_perf__k16__C28__L4/recap/trial_0/model.pt
graph_perf__k16__C28__L4,graph_perf,0,Reddit,0.5865851060216335,0.04582526034612561,"{""assignment_entropy_lower"": 0.45, ""assignment_entropy_upper"": 0.85, ""beta"": 0.02, ""cluster_init_gain"": 2.0, ""epochs"": 100, ""knn_k"": 16, ""lambda_E"": 0.1, ""lambda_H"": 0.2, ""lambda_bal"": 0.0, ""lambda_usage_entropy"": 0.25, ""num_clusters"": 28, ""num_hops"": 4, ""tau_c"": 0.3, ""tau_s"": 0.08, ""usage_entropy_lower"": 0.65, ""usage_entropy_upper"": 0.9}",/autodl-fs/data/recap/tuning_hyperparams/interaction_tuning/results/interaction_perf_v2_beta_nontrivial/checkpoints/graph_perf__k16__C28__L4/recap/trial_0/model.pt
graph_perf__k16__C28__L4,graph_perf,0,Amazon,0.724222000268585,0.13086767559032608,"{""assignment_entropy_lower"": 0.45, ""assignment_entropy_upper"": 0.85, ""beta"": 0.02, ""cluster_init_gain"": 2.0, ""epochs"": 100, ""knn_k"": 16, ""lambda_E"": 0.1, ""lambda_H"": 0.2, ""lambda_bal"": 0.0, ""lambda_usage_entropy"": 0.25, ""num_clusters"": 28, ""num_hops"": 4, ""tau_c"": 0.3, ""tau_s"": 0.08, ""usage_entropy_lower"": 0.65, ""usage_entropy_upper"": 0.9}",/autodl-fs/data/recap/tuning_hyperparams/interaction_tuning/results/interaction_perf_v2_beta_nontrivial/checkpoints/graph_perf__k16__C28__L4/recap/trial_0/model.pt
graph_perf__k16__C28__L4,graph_perf,1,Facebook,0.5926136363636363,0.050107076422458166,"{""assignment_entropy_lower"": 0.45, ""assignment_entropy_upper"": 0.85, ""beta"": 0.02, ""cluster_init_gain"": 2.0, ""epochs"": 100, ""knn_k"": 16, ""lambda_E"": 0.1, ""lambda_H"": 0.2, ""lambda_bal"": 0.0, ""lambda_usage_entropy"": 0.25, ""num_clusters"": 28, ""num_hops"": 4, ""tau_c"": 0.3, ""tau_s"": 0.08, ""usage_entropy_lower"": 0.65, ""usage_entropy_upper"": 0.9}",/autodl-fs/data/recap/tuning_hyperparams/interaction_tuning/results/interaction_perf_v2_beta_nontrivial/checkpoints/graph_perf__k16__C28__L4/recap/trial_1/model.pt
graph_perf__k16__C28__L4,graph_perf,1,cora,0.8242064112587959,0.41901097252971714,"{""assignment_entropy_lower"": 0.45, ""assignment_entropy_upper"": 0.85, ""beta"": 0.02, ""cluster_init_gain"": 2.0, ""epochs"": 100, ""knn_k"": 16, ""lambda_E"": 0.1, ""lambda_H"": 0.2, ""lambda_bal"": 0.0, ""lambda_usage_entropy"": 0.25, ""num_clusters"": 28, ""num_hops"": 4, ""tau_c"": 0.3, ""tau_s"": 0.08, ""usage_entropy_lower"": 0.65, ""usage_entropy_upper"": 0.9}",/autodl-fs/data/recap/tuning_hyperparams/interaction_tuning/results/interaction_perf_v2_beta_nontrivial/checkpoints/graph_perf__k16__C28__L4/recap/trial_1/model.pt
graph_perf__k16__C28__L4,graph_perf,1,citeseer,0.8994628055817857,0.4671367741685235,"{""assignment_entropy_lower"": 0.45, ""assignment_entropy_upper"": 0.85, ""beta"": 0.02, ""cluster_init_gain"": 2.0, ""epochs"": 100, ""knn_k"": 16, ""lambda_E"": 0.1, ""lambda_H"": 0.2, ""lambda_bal"": 0.0, ""lambda_usage_entropy"": 0.25, ""num_clusters"": 28, ""num_hops"": 4, ""tau_c"": 0.3, ""tau_s"": 0.08, ""usage_entropy_lower"": 0.65, ""usage_entropy_upper"": 0.9}",/autodl-fs/data/recap/tuning_hyperparams/interaction_tuning/results/interaction_perf_v2_beta_nontrivial/checkpoints/graph_perf__k16__C28__L4/recap/trial_1/model.pt
graph_perf__k16__C28__L4,graph_perf,1,ACM,0.7722965238479172,0.37052742709896846,"{""assignment_entropy_lower"": 0.45, ""assignment_entropy_upper"": 0.85, ""beta"": 0.02, ""cluster_init_gain"": 2.0, ""epochs"": 100, ""knn_k"": 16, ""lambda_E"": 0.1, ""lambda_H"": 0.2, ""lambda_bal"": 0.0, ""lambda_usage_entropy"": 0.25, ""num_clusters"": 28, ""num_hops"": 4, ""tau_c"": 0.3, ""tau_s"": 0.08, ""usage_entropy_lower"": 0.65, ""usage_entropy_upper"": 0.9}",/autodl-fs/data/recap/tuning_hyperparams/interaction_tuning/results/interaction_perf_v2_beta_nontrivial/checkpoints/graph_perf__k16__C28__L4/recap/trial_1/model.pt
graph_perf__k16__C28__L4,graph_perf,1,BlogCatalog,0.7251021241830066,0.3240466575802662,"{""assignment_entropy_lower"": 0.45, ""assignment_entropy_upper"": 0.85, ""beta"": 0.02, ""cluster_init_gain"": 2.0, ""epochs"": 100, ""knn_k"": 16, ""lambda_E"": 0.1, ""lambda_H"": 0.2, ""lambda_bal"": 0.0, ""lambda_usage_entropy"": 0.25, ""num_clusters"": 28, ""num_hops"": 4, ""tau_c"": 0.3, ""tau_s"": 0.08, ""usage_entropy_lower"": 0.65, ""usage_entropy_upper"": 0.9}",/autodl-fs/data/recap/tuning_hyperparams/interaction_tuning/results/interaction_perf_v2_beta_nontrivial/checkpoints/graph_perf__k16__C28__L4/recap/trial_1/model.pt
graph_perf__k16__C28__L4,graph_perf,1,weibo,0.7276256642346299,0.3037395457025248,"{""assignment_entropy_lower"": 0.45, ""assignment_entropy_upper"": 0.85, ""beta"": 0.02, ""cluster_init_gain"": 2.0, ""epochs"": 100, ""knn_k"": 16, ""lambda_E"": 0.1, ""lambda_H"": 0.2, ""lambda_bal"": 0.0, ""lambda_usage_entropy"": 0.25, ""num_clusters"": 28, ""num_hops"": 4, ""tau_c"": 0.3, ""tau_s"": 0.08, ""usage_entropy_lower"": 0.65, ""usage_entropy_upper"": 0.9}",/autodl-fs/data/recap/tuning_hyperparams/interaction_tuning/results/interaction_perf_v2_beta_nontrivial/checkpoints/graph_perf__k16__C28__L4/recap/trial_1/model.pt
graph_perf__k16__C28__L4,graph_perf,1,Reddit,0.5899847099522719,0.046735697403255005,"{""assignment_entropy_lower"": 0.45, ""assignment_entropy_upper"": 0.85, ""beta"": 0.02, ""cluster_init_gain"": 2.0, ""epochs"": 100, ""knn_k"": 16, ""lambda_E"": 0.1, ""lambda_H"": 0.2, ""lambda_bal"": 0.0, ""lambda_usage_entropy"": 0.25, ""num_clusters"": 28, ""num_hops"": 4, ""tau_c"": 0.3, ""tau_s"": 0.08, ""usage_entropy_lower"": 0.65, ""usage_entropy_upper"": 0.9}",/autodl-fs/data/recap/tuning_hyperparams/interaction_tuning/results/interaction_perf_v2_beta_nontrivial/checkpoints/graph_perf__k16__C28__L4/recap/trial_1/model.pt
graph_perf__k16__C28__L4,graph_perf,1,Amazon,0.7170142602940841,0.12656993664817884,"{""assignment_entropy_lower"": 0.45, ""assignment_entropy_upper"": 0.85, ""beta"": 0.02, ""cluster_init_gain"": 2.0, ""epochs"": 100, ""knn_k"": 16, ""lambda_E"": 0.1, ""lambda_H"": 0.2, ""lambda_bal"": 0.0, ""lambda_usage_entropy"": 0.25, ""num_clusters"": 28, ""num_hops"": 4, ""tau_c"": 0.3, ""tau_s"": 0.08, ""usage_entropy_lower"": 0.65, ""usage_entropy_upper"": 0.9}",/autodl-fs/data/recap/tuning_hyperparams/interaction_tuning/results/interaction_perf_v2_beta_nontrivial/checkpoints/graph_perf__k16__C28__L4/recap/trial_1/model.pt
graph_perf__k16__C28__L4,graph_perf,2,Facebook,0.572689393939394,0.033612497751620604,"{""assignment_entropy_lower"": 0.45, ""assignment_entropy_upper"": 0.85, ""beta"": 0.02, ""cluster_init_gain"": 2.0, ""epochs"": 100, ""knn_k"": 16, ""lambda_E"": 0.1, ""lambda_H"": 0.2, ""lambda_bal"": 0.0, ""lambda_usage_entropy"": 0.25, ""num_clusters"": 28, ""num_hops"": 4, ""tau_c"": 0.3, ""tau_s"": 0.08, ""usage_entropy_lower"": 0.65, ""usage_entropy_upper"": 0.9}",/autodl-fs/data/recap/tuning_hyperparams/interaction_tuning/results/interaction_perf_v2_beta_nontrivial/checkpoints/graph_perf__k16__C28__L4/recap/trial_2/model.pt
graph_perf__k16__C28__L4,graph_perf,2,cora,0.8196716184519156,0.404992932735457,"{""assignment_entropy_lower"": 0.45, ""assignment_entropy_upper"": 0.85, ""beta"": 0.02, ""cluster_init_gain"": 2.0, ""epochs"": 100, ""knn_k"": 16, ""lambda_E"": 0.1, ""lambda_H"": 0.2, ""lambda_bal"": 0.0, ""lambda_usage_entropy"": 0.25, ""num_clusters"": 28, ""num_hops"": 4, ""tau_c"": 0.3, ""tau_s"": 0.08, ""usage_entropy_lower"": 0.65, ""usage_entropy_upper"": 0.9}",/autodl-fs/data/recap/tuning_hyperparams/interaction_tuning/results/interaction_perf_v2_beta_nontrivial/checkpoints/graph_perf__k16__C28__L4/recap/trial_2/model.pt
graph_perf__k16__C28__L4,graph_perf,2,citeseer,0.9049060958975974,0.4504285448315826,"{""assignment_entropy_lower"": 0.45, ""assignment_entropy_upper"": 0.85, ""beta"": 0.02, ""cluster_init_gain"": 2.0, ""epochs"": 100, ""knn_k"": 16, ""lambda_E"": 0.1, ""lambda_H"": 0.2, ""lambda_bal"": 0.0, ""lambda_usage_entropy"": 0.25, ""num_clusters"": 28, ""num_hops"": 4, ""tau_c"": 0.3, ""tau_s"": 0.08, ""usage_entropy_lower"": 0.65, ""usage_entropy_upper"": 0.9}",/autodl-fs/data/recap/tuning_hyperparams/interaction_tuning/results/interaction_perf_v2_beta_nontrivial/checkpoints/graph_perf__k16__C28__L4/recap/trial_2/model.pt
graph_perf__k16__C28__L4,graph_perf,2,ACM,0.7838048849817582,0.3757593078330645,"{""assignment_entropy_lower"": 0.45, ""assignment_entropy_upper"": 0.85, ""beta"": 0.02, ""cluster_init_gain"": 2.0, ""epochs"": 100, ""knn_k"": 16, ""lambda_E"": 0.1, ""lambda_H"": 0.2, ""lambda_bal"": 0.0, ""lambda_usage_entropy"": 0.25, ""num_clusters"": 28, ""num_hops"": 4, ""tau_c"": 0.3, ""tau_s"": 0.08, ""usage_entropy_lower"": 0.65, ""usage_entropy_upper"": 0.9}",/autodl-fs/data/recap/tuning_hyperparams/interaction_tuning/results/interaction_perf_v2_beta_nontrivial/checkpoints/graph_perf__k16__C28__L4/recap/trial_2/model.pt
graph_perf__k16__C28__L4,graph_perf,2,BlogCatalog,0.7290584150326798,0.32639048883575755,"{""assignment_entropy_lower"": 0.45, ""assignment_entropy_upper"": 0.85, ""beta"": 0.02, ""cluster_init_gain"": 2.0, ""epochs"": 100, ""knn_k"": 16, ""lambda_E"": 0.1, ""lambda_H"": 0.2, ""lambda_bal"": 0.0, ""lambda_usage_entropy"": 0.25, ""num_clusters"": 28, ""num_hops"": 4, ""tau_c"": 0.3, ""tau_s"": 0.08, ""usage_entropy_lower"": 0.65, ""usage_entropy_upper"": 0.9}",/autodl-fs/data/recap/tuning_hyperparams/interaction_tuning/results/interaction_perf_v2_beta_nontrivial/checkpoints/graph_perf__k16__C28__L4/recap/trial_2/model.pt
graph_perf__k16__C28__L4,graph_perf,2,weibo,0.7696345494332414,0.30846984912686837,"{""assignment_entropy_lower"": 0.45, ""assignment_entropy_upper"": 0.85, ""beta"": 0.02, ""cluster_init_gain"": 2.0, ""epochs"": 100, ""knn_k"": 16, ""lambda_E"": 0.1, ""lambda_H"": 0.2, ""lambda_bal"": 0.0, ""lambda_usage_entropy"": 0.25, ""num_clusters"": 28, ""num_hops"": 4, ""tau_c"": 0.3, ""tau_s"": 0.08, ""usage_entropy_lower"": 0.65, ""usage_entropy_upper"": 0.9}",/autodl-fs/data/recap/tuning_hyperparams/interaction_tuning/results/interaction_perf_v2_beta_nontrivial/checkpoints/graph_perf__k16__C28__L4/recap/trial_2/model.pt
graph_perf__k16__C28__L4,graph_perf,2,Reddit,0.5891417244868236,0.045505325328749645,"{""assignment_entropy_lower"": 0.45, ""assignment_entropy_upper"": 0.85, ""beta"": 0.02, ""cluster_init_gain"": 2.0, ""epochs"": 100, ""knn_k"": 16, ""lambda_E"": 0.1, ""lambda_H"": 0.2, ""lambda_bal"": 0.0, ""lambda_usage_entropy"": 0.25, ""num_clusters"": 28, ""num_hops"": 4, ""tau_c"": 0.3, ""tau_s"": 0.08, ""usage_entropy_lower"": 0.65, ""usage_entropy_upper"": 0.9}",/autodl-fs/data/recap/tuning_hyperparams/interaction_tuning/results/interaction_perf_v2_beta_nontrivial/checkpoints/graph_perf__k16__C28__L4/recap/trial_2/model.pt
graph_perf__k16__C28__L4,graph_perf,2,Amazon,0.7354703259645029,0.1318965589117636,"{""assignment_entropy_lower"": 0.45, ""assignment_entropy_upper"": 0.85, ""beta"": 0.02, ""cluster_init_gain"": 2.0, ""epochs"": 100, ""knn_k"": 16, ""lambda_E"": 0.1, ""lambda_H"": 0.2, ""lambda_bal"": 0.0, ""lambda_usage_entropy"": 0.25, ""num_clusters"": 28, ""num_hops"": 4, ""tau_c"": 0.3, ""tau_s"": 0.08, ""usage_entropy_lower"": 0.65, ""usage_entropy_upper"": 0.9}",/autodl-fs/data/recap/tuning_hyperparams/interaction_tuning/results/interaction_perf_v2_beta_nontrivial/checkpoints/graph_perf__k16__C28__L4/recap/trial_2/model.pt
graph_perf__k24__C28__L4,graph_perf,0,Facebook,0.5991666666666666,0.046751235955239785,"{""assignment_entropy_lower"": 0.45, ""assignment_entropy_upper"": 0.85, ""beta"": 0.02, ""cluster_init_gain"": 2.0, ""epochs"": 100, ""knn_k"": 24, ""lambda_E"": 0.1, ""lambda_H"": 0.2, ""lambda_bal"": 0.0, ""lambda_usage_entropy"": 0.25, ""num_clusters"": 28, ""num_hops"": 4, ""tau_c"": 0.3, ""tau_s"": 0.08, ""usage_entropy_lower"": 0.65, ""usage_entropy_upper"": 0.9}",/autodl-fs/data/recap/tuning_hyperparams/interaction_tuning/results/interaction_perf_v2_beta_nontrivial/checkpoints/graph_perf__k24__C28__L4/recap/trial_0/model.pt
graph_perf__k24__C28__L4,graph_perf,0,cora,0.8171670575970811,0.4015632238068323,"{""assignment_entropy_lower"": 0.45, ""assignment_entropy_upper"": 0.85, ""beta"": 0.02, ""cluster_init_gain"": 2.0, ""epochs"": 100, ""knn_k"": 24, ""lambda_E"": 0.1, ""lambda_H"": 0.2, ""lambda_bal"": 0.0, ""lambda_usage_entropy"": 0.25, ""num_clusters"": 28, ""num_hops"": 4, ""tau_c"": 0.3, ""tau_s"": 0.08, ""usage_entropy_lower"": 0.65, ""usage_entropy_upper"": 0.9}",/autodl-fs/data/recap/tuning_hyperparams/interaction_tuning/results/interaction_perf_v2_beta_nontrivial/checkpoints/graph_perf__k24__C28__L4/recap/trial_0/model.pt
graph_perf__k24__C28__L4,graph_perf,0,citeseer,0.8987262616724374,0.41928250028246783,"{""assignment_entropy_lower"": 0.45, ""assignment_entropy_upper"": 0.85, ""beta"": 0.02, ""cluster_init_gain"": 2.0, ""epochs"": 100, ""knn_k"": 24, ""lambda_E"": 0.1, ""lambda_H"": 0.2, ""lambda_bal"": 0.0, ""lambda_usage_entropy"": 0.25, ""num_clusters"": 28, ""num_hops"": 4, ""tau_c"": 0.3, ""tau_s"": 0.08, ""usage_entropy_lower"": 0.65, ""usage_entropy_upper"": 0.9}",/autodl-fs/data/recap/tuning_hyperparams/interaction_tuning/results/interaction_perf_v2_beta_nontrivial/checkpoints/graph_perf__k24__C28__L4/recap/trial_0/model.pt
graph_perf__k24__C28__L4,graph_perf,0,ACM,0.7839763218855446,0.3689699866854542,"{""assignment_entropy_lower"": 0.45, ""assignment_entropy_upper"": 0.85, ""beta"": 0.02, ""cluster_init_gain"": 2.0, ""epochs"": 100, ""knn_k"": 24, ""lambda_E"": 0.1, ""lambda_H"": 0.2, ""lambda_bal"": 0.0, ""lambda_usage_entropy"": 0.25, ""num_clusters"": 28, ""num_hops"": 4, ""tau_c"": 0.3, ""tau_s"": 0.08, ""usage_entropy_lower"": 0.65, ""usage_entropy_upper"": 0.9}",/autodl-fs/data/recap/tuning_hyperparams/interaction_tuning/results/interaction_perf_v2_beta_nontrivial/checkpoints/graph_perf__k24__C28__L4/recap/trial_0/model.pt
graph_perf__k24__C28__L4,graph_perf,0,BlogCatalog,0.7149686819172113,0.3136183582707994,"{""assignment_entropy_lower"": 0.45, ""assignment_entropy_upper"": 0.85, ""beta"": 0.02, ""cluster_init_gain"": 2.0, ""epochs"": 100, ""knn_k"": 24, ""lambda_E"": 0.1, ""lambda_H"": 0.2, ""lambda_bal"": 0.0, ""lambda_usage_entropy"": 0.25, ""num_clusters"": 28, ""num_hops"": 4, ""tau_c"": 0.3, ""tau_s"": 0.08, ""usage_entropy_lower"": 0.65, ""usage_entropy_upper"": 0.9}",/autodl-fs/data/recap/tuning_hyperparams/interaction_tuning/results/interaction_perf_v2_beta_nontrivial/checkpoints/graph_perf__k24__C28__L4/recap/trial_0/model.pt
graph_perf__k24__C28__L4,graph_perf,0,weibo,0.7499573532477871,0.3185835770224938,"{""assignment_entropy_lower"": 0.45, ""assignment_entropy_upper"": 0.85, ""beta"": 0.02, ""cluster_init_gain"": 2.0, ""epochs"": 100, ""knn_k"": 24, ""lambda_E"": 0.1, ""lambda_H"": 0.2, ""lambda_bal"": 0.0, ""lambda_usage_entropy"": 0.25, ""num_clusters"": 28, ""num_hops"": 4, ""tau_c"": 0.3, ""tau_s"": 0.08, ""usage_entropy_lower"": 0.65, ""usage_entropy_upper"": 0.9}",/autodl-fs/data/recap/tuning_hyperparams/interaction_tuning/results/interaction_perf_v2_beta_nontrivial/checkpoints/graph_perf__k24__C28__L4/recap/trial_0/model.pt
graph_perf__k24__C28__L4,graph_perf,0,Reddit,0.585388432057327,0.045368000146968644,"{""assignment_entropy_lower"": 0.45, ""assignment_entropy_upper"": 0.85, ""beta"": 0.02, ""cluster_init_gain"": 2.0, ""epochs"": 100, ""knn_k"": 24, ""lambda_E"": 0.1, ""lambda_H"": 0.2, ""lambda_bal"": 0.0, ""lambda_usage_entropy"": 0.25, ""num_clusters"": 28, ""num_hops"": 4, ""tau_c"": 0.3, ""tau_s"": 0.08, ""usage_entropy_lower"": 0.65, ""usage_entropy_upper"": 0.9}",/autodl-fs/data/recap/tuning_hyperparams/interaction_tuning/results/interaction_perf_v2_beta_nontrivial/checkpoints/graph_perf__k24__C28__L4/recap/trial_0/model.pt
graph_perf__k24__C28__L4,graph_perf,0,Amazon,0.7229917170112323,0.13132820296945943,"{""assignment_entropy_lower"": 0.45, ""assignment_entropy_upper"": 0.85, ""beta"": 0.02, ""cluster_init_gain"": 2.0, ""epochs"": 100, ""knn_k"": 24, ""lambda_E"": 0.1, ""lambda_H"": 0.2, ""lambda_bal"": 0.0, ""lambda_usage_entropy"": 0.25, ""num_clusters"": 28, ""num_hops"": 4, ""tau_c"": 0.3, ""tau_s"": 0.08, ""usage_entropy_lower"": 0.65, ""usage_entropy_upper"": 0.9}",/autodl-fs/data/recap/tuning_hyperparams/interaction_tuning/results/interaction_perf_v2_beta_nontrivial/checkpoints/graph_perf__k24__C28__L4/recap/trial_0/model.pt
graph_perf__k24__C28__L4,graph_perf,1,Facebook,0.5864015151515152,0.04814802460840979,"{""assignment_entropy_lower"": 0.45, ""assignment_entropy_upper"": 0.85, ""beta"": 0.02, ""cluster_init_gain"": 2.0, ""epochs"": 100, ""knn_k"": 24, ""lambda_E"": 0.1, ""lambda_H"": 0.2, ""lambda_bal"": 0.0, ""lambda_usage_entropy"": 0.25, ""num_clusters"": 28, ""num_hops"": 4, ""tau_c"": 0.3, ""tau_s"": 0.08, ""usage_entropy_lower"": 0.65, ""usage_entropy_upper"": 0.9}",/autodl-fs/data/recap/tuning_hyperparams/interaction_tuning/results/interaction_perf_v2_beta_nontrivial/checkpoints/graph_perf__k24__C28__L4/recap/trial_1/model.pt
graph_perf__k24__C28__L4,graph_perf,1,cora,0.821894709408392,0.41063126022833996,"{""assignment_entropy_lower"": 0.45, ""assignment_entropy_upper"": 0.85, ""beta"": 0.02, ""cluster_init_gain"": 2.0, ""epochs"": 100, ""knn_k"": 24, ""lambda_E"": 0.1, ""lambda_H"": 0.2, ""lambda_bal"": 0.0, ""lambda_usage_entropy"": 0.25, ""num_clusters"": 28, ""num_hops"": 4, ""tau_c"": 0.3, ""tau_s"": 0.08, ""usage_entropy_lower"": 0.65, ""usage_entropy_upper"": 0.9}",/autodl-fs/data/recap/tuning_hyperparams/interaction_tuning/results/interaction_perf_v2_beta_nontrivial/checkpoints/graph_perf__k24__C28__L4/recap/trial_1/model.pt
graph_perf__k24__C28__L4,graph_perf,1,citeseer,0.8989654810617984,0.4635766566935749,"{""assignment_entropy_lower"": 0.45, ""assignment_entropy_upper"": 0.85, ""beta"": 0.02, ""cluster_init_gain"": 2.0, ""epochs"": 100, ""knn_k"": 24, ""lambda_E"": 0.1, ""lambda_H"": 0.2, ""lambda_bal"": 0.0, ""lambda_usage_entropy"": 0.25, ""num_clusters"": 28, ""num_hops"": 4, ""tau_c"": 0.3, ""tau_s"": 0.08, ""usage_entropy_lower"": 0.65, ""usage_entropy_upper"": 0.9}",/autodl-fs/data/recap/tuning_hyperparams/interaction_tuning/results/interaction_perf_v2_beta_nontrivial/checkpoints/graph_perf__k24__C28__L4/recap/trial_1/model.pt
graph_perf__k24__C28__L4,graph_perf,1,ACM,0.7708251291918353,0.37041500248274833,"{""assignment_entropy_lower"": 0.45, ""assignment_entropy_upper"": 0.85, ""beta"": 0.02, ""cluster_init_gain"": 2.0, ""epochs"": 100, ""knn_k"": 24, ""lambda_E"": 0.1, ""lambda_H"": 0.2, ""lambda_bal"": 0.0, ""lambda_usage_entropy"": 0.25, ""num_clusters"": 28, ""num_hops"": 4, ""tau_c"": 0.3, ""tau_s"": 0.08, ""usage_entropy_lower"": 0.65, ""usage_entropy_upper"": 0.9}",/autodl-fs/data/recap/tuning_hyperparams/interaction_tuning/results/interaction_perf_v2_beta_nontrivial/checkpoints/graph_perf__k24__C28__L4/recap/trial_1/model.pt
graph_perf__k24__C28__L4,graph_perf,1,BlogCatalog,0.7236546840958605,0.3238407233430774,"{""assignment_entropy_lower"": 0.45, ""assignment_entropy_upper"": 0.85, ""beta"": 0.02, ""cluster_init_gain"": 2.0, ""epochs"": 100, ""knn_k"": 24, ""lambda_E"": 0.1, ""lambda_H"": 0.2, ""lambda_bal"": 0.0, ""lambda_usage_entropy"": 0.25, ""num_clusters"": 28, ""num_hops"": 4, ""tau_c"": 0.3, ""tau_s"": 0.08, ""usage_entropy_lower"": 0.65, ""usage_entropy_upper"": 0.9}",/autodl-fs/data/recap/tuning_hyperparams/interaction_tuning/results/interaction_perf_v2_beta_nontrivial/checkpoints/graph_perf__k24__C28__L4/recap/trial_1/model.pt
graph_perf__k24__C28__L4,graph_perf,1,weibo,0.7260876297515971,0.30601397138892505,"{""assignment_entropy_lower"": 0.45, ""assignment_entropy_upper"": 0.85, ""beta"": 0.02, ""cluster_init_gain"": 2.0, ""epochs"": 100, ""knn_k"": 24, ""lambda_E"": 0.1, ""lambda_H"": 0.2, ""lambda_bal"": 0.0, ""lambda_usage_entropy"": 0.25, ""num_clusters"": 28, ""num_hops"": 4, ""tau_c"": 0.3, ""tau_s"": 0.08, ""usage_entropy_lower"": 0.65, ""usage_entropy_upper"": 0.9}",/autodl-fs/data/recap/tuning_hyperparams/interaction_tuning/results/interaction_perf_v2_beta_nontrivial/checkpoints/graph_perf__k24__C28__L4/recap/trial_1/model.pt
graph_perf__k24__C28__L4,graph_perf,1,Reddit,0.5898031695841787,0.0465890430320194,"{""assignment_entropy_lower"": 0.45, ""assignment_entropy_upper"": 0.85, ""beta"": 0.02, ""cluster_init_gain"": 2.0, ""epochs"": 100, ""knn_k"": 24, ""lambda_E"": 0.1, ""lambda_H"": 0.2, ""lambda_bal"": 0.0, ""lambda_usage_entropy"": 0.25, ""num_clusters"": 28, ""num_hops"": 4, ""tau_c"": 0.3, ""tau_s"": 0.08, ""usage_entropy_lower"": 0.65, ""usage_entropy_upper"": 0.9}",/autodl-fs/data/recap/tuning_hyperparams/interaction_tuning/results/interaction_perf_v2_beta_nontrivial/checkpoints/graph_perf__k24__C28__L4/recap/trial_1/model.pt
graph_perf__k24__C28__L4,graph_perf,1,Amazon,0.7027825052691279,0.12265098029429443,"{""assignment_entropy_lower"": 0.45, ""assignment_entropy_upper"": 0.85, ""beta"": 0.02, ""cluster_init_gain"": 2.0, ""epochs"": 100, ""knn_k"": 24, ""lambda_E"": 0.1, ""lambda_H"": 0.2, ""lambda_bal"": 0.0, ""lambda_usage_entropy"": 0.25, ""num_clusters"": 28, ""num_hops"": 4, ""tau_c"": 0.3, ""tau_s"": 0.08, ""usage_entropy_lower"": 0.65, ""usage_entropy_upper"": 0.9}",/autodl-fs/data/recap/tuning_hyperparams/interaction_tuning/results/interaction_perf_v2_beta_nontrivial/checkpoints/graph_perf__k24__C28__L4/recap/trial_1/model.pt
graph_perf__k24__C28__L4,graph_perf,2,Facebook,0.5913257575757576,0.03371083636067042,"{""assignment_entropy_lower"": 0.45, ""assignment_entropy_upper"": 0.85, ""beta"": 0.02, ""cluster_init_gain"": 2.0, ""epochs"": 100, ""knn_k"": 24, ""lambda_E"": 0.1, ""lambda_H"": 0.2, ""lambda_bal"": 0.0, ""lambda_usage_entropy"": 0.25, ""num_clusters"": 28, ""num_hops"": 4, ""tau_c"": 0.3, ""tau_s"": 0.08, ""usage_entropy_lower"": 0.65, ""usage_entropy_upper"": 0.9}",/autodl-fs/data/recap/tuning_hyperparams/interaction_tuning/results/interaction_perf_v2_beta_nontrivial/checkpoints/graph_perf__k24__C28__L4/recap/trial_2/model.pt
graph_perf__k24__C28__L4,graph_perf,2,cora,0.8176413864998698,0.3928806558145668,"{""assignment_entropy_lower"": 0.45, ""assignment_entropy_upper"": 0.85, ""beta"": 0.02, ""cluster_init_gain"": 2.0, ""epochs"": 100, ""knn_k"": 24, ""lambda_E"": 0.1, ""lambda_H"": 0.2, ""lambda_bal"": 0.0, ""lambda_usage_entropy"": 0.25, ""num_clusters"": 28, ""num_hops"": 4, ""tau_c"": 0.3, ""tau_s"": 0.08, ""usage_entropy_lower"": 0.65, ""usage_entropy_upper"": 0.9}",/autodl-fs/data/recap/tuning_hyperparams/interaction_tuning/results/interaction_perf_v2_beta_nontrivial/checkpoints/graph_perf__k24__C28__L4/recap/trial_2/model.pt
graph_perf__k24__C28__L4,graph_perf,2,citeseer,0.9014143321792047,0.44690756806036563,"{""assignment_entropy_lower"": 0.45, ""assignment_entropy_upper"": 0.85, ""beta"": 0.02, ""cluster_init_gain"": 2.0, ""epochs"": 100, ""knn_k"": 24, ""lambda_E"": 0.1, ""lambda_H"": 0.2, ""lambda_bal"": 0.0, ""lambda_usage_entropy"": 0.25, ""num_clusters"": 28, ""num_hops"": 4, ""tau_c"": 0.3, ""tau_s"": 0.08, ""usage_entropy_lower"": 0.65, ""usage_entropy_upper"": 0.9}",/autodl-fs/data/recap/tuning_hyperparams/interaction_tuning/results/interaction_perf_v2_beta_nontrivial/checkpoints/graph_perf__k24__C28__L4/recap/trial_2/model.pt
graph_perf__k24__C28__L4,graph_perf,2,ACM,0.7855343311888959,0.37552318524034023,"{""assignment_entropy_lower"": 0.45, ""assignment_entropy_upper"": 0.85, ""beta"": 0.02, ""cluster_init_gain"": 2.0, ""epochs"": 100, ""knn_k"": 24, ""lambda_E"": 0.1, ""lambda_H"": 0.2, ""lambda_bal"": 0.0, ""lambda_usage_entropy"": 0.25, ""num_clusters"": 28, ""num_hops"": 4, ""tau_c"": 0.3, ""tau_s"": 0.08, ""usage_entropy_lower"": 0.65, ""usage_entropy_upper"": 0.9}",/autodl-fs/data/recap/tuning_hyperparams/interaction_tuning/results/interaction_perf_v2_beta_nontrivial/checkpoints/graph_perf__k24__C28__L4/recap/trial_2/model.pt
graph_perf__k24__C28__L4,graph_perf,2,BlogCatalog,0.7246493736383443,0.3234974184356671,"{""assignment_entropy_lower"": 0.45, ""assignment_entropy_upper"": 0.85, ""beta"": 0.02, ""cluster_init_gain"": 2.0, ""epochs"": 100, ""knn_k"": 24, ""lambda_E"": 0.1, ""lambda_H"": 0.2, ""lambda_bal"": 0.0, ""lambda_usage_entropy"": 0.25, ""num_clusters"": 28, ""num_hops"": 4, ""tau_c"": 0.3, ""tau_s"": 0.08, ""usage_entropy_lower"": 0.65, ""usage_entropy_upper"": 0.9}",/autodl-fs/data/recap/tuning_hyperparams/interaction_tuning/results/interaction_perf_v2_beta_nontrivial/checkpoints/graph_perf__k24__C28__L4/recap/trial_2/model.pt
graph_perf__k24__C28__L4,graph_perf,2,weibo,0.7536729706413033,0.31512831175748846,"{""assignment_entropy_lower"": 0.45, ""assignment_entropy_upper"": 0.85, ""beta"": 0.02, ""cluster_init_gain"": 2.0, ""epochs"": 100, ""knn_k"": 24, ""lambda_E"": 0.1, ""lambda_H"": 0.2, ""lambda_bal"": 0.0, ""lambda_usage_entropy"": 0.25, ""num_clusters"": 28, ""num_hops"": 4, ""tau_c"": 0.3, ""tau_s"": 0.08, ""usage_entropy_lower"": 0.65, ""usage_entropy_upper"": 0.9}",/autodl-fs/data/recap/tuning_hyperparams/interaction_tuning/results/interaction_perf_v2_beta_nontrivial/checkpoints/graph_perf__k24__C28__L4/recap/trial_2/model.pt
graph_perf__k24__C28__L4,graph_perf,2,Reddit,0.5842964879722752,0.04513312958955752,"{""assignment_entropy_lower"": 0.45, ""assignment_entropy_upper"": 0.85, ""beta"": 0.02, ""cluster_init_gain"": 2.0, ""epochs"": 100, ""knn_k"": 24, ""lambda_E"": 0.1, ""lambda_H"": 0.2, ""lambda_bal"": 0.0, ""lambda_usage_entropy"": 0.25, ""num_clusters"": 28, ""num_hops"": 4, ""tau_c"": 0.3, ""tau_s"": 0.08, ""usage_entropy_lower"": 0.65, ""usage_entropy_upper"": 0.9}",/autodl-fs/data/recap/tuning_hyperparams/interaction_tuning/results/interaction_perf_v2_beta_nontrivial/checkpoints/graph_perf__k24__C28__L4/recap/trial_2/model.pt
graph_perf__k24__C28__L4,graph_perf,2,Amazon,0.7264250339478543,0.12849400730240618,"{""assignment_entropy_lower"": 0.45, ""assignment_entropy_upper"": 0.85, ""beta"": 0.02, ""cluster_init_gain"": 2.0, ""epochs"": 100, ""knn_k"": 24, ""lambda_E"": 0.1, ""lambda_H"": 0.2, ""lambda_bal"": 0.0, ""lambda_usage_entropy"": 0.25, ""num_clusters"": 28, ""num_hops"": 4, ""tau_c"": 0.3, ""tau_s"": 0.08, ""usage_entropy_lower"": 0.65, ""usage_entropy_upper"": 0.9}",/autodl-fs/data/recap/tuning_hyperparams/interaction_tuning/results/interaction_perf_v2_beta_nontrivial/checkpoints/graph_perf__k24__C28__L4/recap/trial_2/model.pt
graph_perf__k20__C36__L3,graph_perf,0,Facebook,0.5908712121212121,0.05241893726330665,"{""assignment_entropy_lower"": 0.45, ""assignment_entropy_upper"": 0.85, ""beta"": 0.02, ""cluster_init_gain"": 2.0, ""epochs"": 100, ""knn_k"": 20, ""lambda_E"": 0.1, ""lambda_H"": 0.2, ""lambda_bal"": 0.0, ""lambda_usage_entropy"": 0.25, ""num_clusters"": 36, ""num_hops"": 3, ""tau_c"": 0.3, ""tau_s"": 0.08, ""usage_entropy_lower"": 0.65, ""usage_entropy_upper"": 0.9}",/autodl-fs/data/recap/tuning_hyperparams/interaction_tuning/results/interaction_perf_v2_beta_nontrivial/checkpoints/graph_perf__k20__C36__L3/recap/trial_0/model.pt
graph_perf__k20__C36__L3,graph_perf,0,cora,0.8272556684910086,0.4270427599921829,"{""assignment_entropy_lower"": 0.45, ""assignment_entropy_upper"": 0.85, ""beta"": 0.02, ""cluster_init_gain"": 2.0, ""epochs"": 100, ""knn_k"": 20, ""lambda_E"": 0.1, ""lambda_H"": 0.2, ""lambda_bal"": 0.0, ""lambda_usage_entropy"": 0.25, ""num_clusters"": 36, ""num_hops"": 3, ""tau_c"": 0.3, ""tau_s"": 0.08, ""usage_entropy_lower"": 0.65, ""usage_entropy_upper"": 0.9}",/autodl-fs/data/recap/tuning_hyperparams/interaction_tuning/results/interaction_perf_v2_beta_nontrivial/checkpoints/graph_perf__k20__C36__L3/recap/trial_0/model.pt
graph_perf__k20__C36__L3,graph_perf,0,citeseer,0.905250236071766,0.4445820098664328,"{""assignment_entropy_lower"": 0.45, ""assignment_entropy_upper"": 0.85, ""beta"": 0.02, ""cluster_init_gain"": 2.0, ""epochs"": 100, ""knn_k"": 20, ""lambda_E"": 0.1, ""lambda_H"": 0.2, ""lambda_bal"": 0.0, ""lambda_usage_entropy"": 0.25, ""num_clusters"": 36, ""num_hops"": 3, ""tau_c"": 0.3, ""tau_s"": 0.08, ""usage_entropy_lower"": 0.65, ""usage_entropy_upper"": 0.9}",/autodl-fs/data/recap/tuning_hyperparams/interaction_tuning/results/interaction_perf_v2_beta_nontrivial/checkpoints/graph_perf__k20__C36__L3/recap/trial_0/model.pt
graph_perf__k20__C36__L3,graph_perf,0,ACM,0.7781767780173607,0.3643795380886215,"{""assignment_entropy_lower"": 0.45, ""assignment_entropy_upper"": 0.85, ""beta"": 0.02, ""cluster_init_gain"": 2.0, ""epochs"": 100, ""knn_k"": 20, ""lambda_E"": 0.1, ""lambda_H"": 0.2, ""lambda_bal"": 0.0, ""lambda_usage_entropy"": 0.25, ""num_clusters"": 36, ""num_hops"": 3, ""tau_c"": 0.3, ""tau_s"": 0.08, ""usage_entropy_lower"": 0.65, ""usage_entropy_upper"": 0.9}",/autodl-fs/data/recap/tuning_hyperparams/interaction_tuning/results/interaction_perf_v2_beta_nontrivial/checkpoints/graph_perf__k20__C36__L3/recap/trial_0/model.pt
graph_perf__k20__C36__L3,graph_perf,0,BlogCatalog,0.7086305147058823,0.3189956467891223,"{""assignment_entropy_lower"": 0.45, ""assignment_entropy_upper"": 0.85, ""beta"": 0.02, ""cluster_init_gain"": 2.0, ""epochs"": 100, ""knn_k"": 20, ""lambda_E"": 0.1, ""lambda_H"": 0.2, ""lambda_bal"": 0.0, ""lambda_usage_entropy"": 0.25, ""num_clusters"": 36, ""num_hops"": 3, ""tau_c"": 0.3, ""tau_s"": 0.08, ""usage_entropy_lower"": 0.65, ""usage_entropy_upper"": 0.9}",/autodl-fs/data/recap/tuning_hyperparams/interaction_tuning/results/interaction_perf_v2_beta_nontrivial/checkpoints/graph_perf__k20__C36__L3/recap/trial_0/model.pt
graph_perf__k20__C36__L3,graph_perf,0,weibo,0.711083004336823,0.30530112224356504,"{""assignment_entropy_lower"": 0.45, ""assignment_entropy_upper"": 0.85, ""beta"": 0.02, ""cluster_init_gain"": 2.0, ""epochs"": 100, ""knn_k"": 20, ""lambda_E"": 0.1, ""lambda_H"": 0.2, ""lambda_bal"": 0.0, ""lambda_usage_entropy"": 0.25, ""num_clusters"": 36, ""num_hops"": 3, ""tau_c"": 0.3, ""tau_s"": 0.08, ""usage_entropy_lower"": 0.65, ""usage_entropy_upper"": 0.9}",/autodl-fs/data/recap/tuning_hyperparams/interaction_tuning/results/interaction_perf_v2_beta_nontrivial/checkpoints/graph_perf__k20__C36__L3/recap/trial_0/model.pt
graph_perf__k20__C36__L3,graph_perf,0,Reddit,0.5932220726326158,0.046016809359773876,"{""assignment_entropy_lower"": 0.45, ""assignment_entropy_upper"": 0.85, ""beta"": 0.02, ""cluster_init_gain"": 2.0, ""epochs"": 100, ""knn_k"": 20, ""lambda_E"": 0.1, ""lambda_H"": 0.2, ""lambda_bal"": 0.0, ""lambda_usage_entropy"": 0.25, ""num_clusters"": 36, ""num_hops"": 3, ""tau_c"": 0.3, ""tau_s"": 0.08, ""usage_entropy_lower"": 0.65, ""usage_entropy_upper"": 0.9}",/autodl-fs/data/recap/tuning_hyperparams/interaction_tuning/results/interaction_perf_v2_beta_nontrivial/checkpoints/graph_perf__k20__C36__L3/recap/trial_0/model.pt
graph_perf__k20__C36__L3,graph_perf,0,Amazon,0.7191771727497254,0.13131140516384918,"{""assignment_entropy_lower"": 0.45, ""assignment_entropy_upper"": 0.85, ""beta"": 0.02, ""cluster_init_gain"": 2.0, ""epochs"": 100, ""knn_k"": 20, ""lambda_E"": 0.1, ""lambda_H"": 0.2, ""lambda_bal"": 0.0, ""lambda_usage_entropy"": 0.25, ""num_clusters"": 36, ""num_hops"": 3, ""tau_c"": 0.3, ""tau_s"": 0.08, ""usage_entropy_lower"": 0.65, ""usage_entropy_upper"": 0.9}",/autodl-fs/data/recap/tuning_hyperparams/interaction_tuning/results/interaction_perf_v2_beta_nontrivial/checkpoints/graph_perf__k20__C36__L3/recap/trial_0/model.pt
graph_perf__k20__C36__L3,graph_perf,1,Facebook,0.5816666666666667,0.041035055009701574,"{""assignment_entropy_lower"": 0.45, ""assignment_entropy_upper"": 0.85, ""beta"": 0.02, ""cluster_init_gain"": 2.0, ""epochs"": 100, ""knn_k"": 20, ""lambda_E"": 0.1, ""lambda_H"": 0.2, ""lambda_bal"": 0.0, ""lambda_usage_entropy"": 0.25, ""num_clusters"": 36, ""num_hops"": 3, ""tau_c"": 0.3, ""tau_s"": 0.08, ""usage_entropy_lower"": 0.65, ""usage_entropy_upper"": 0.9}",/autodl-fs/data/recap/tuning_hyperparams/interaction_tuning/results/interaction_perf_v2_beta_nontrivial/checkpoints/graph_perf__k20__C36__L3/recap/trial_1/model.pt
graph_perf__k20__C36__L3,graph_perf,1,cora,0.8286708365910869,0.411897200324327,"{""assignment_entropy_lower"": 0.45, ""assignment_entropy_upper"": 0.85, ""beta"": 0.02, ""cluster_init_gain"": 2.0, ""epochs"": 100, ""knn_k"": 20, ""lambda_E"": 0.1, ""lambda_H"": 0.2, ""lambda_bal"": 0.0, ""lambda_usage_entropy"": 0.25, ""num_clusters"": 36, ""num_hops"": 3, ""tau_c"": 0.3, ""tau_s"": 0.08, ""usage_entropy_lower"": 0.65, ""usage_entropy_upper"": 0.9}",/autodl-fs/data/recap/tuning_hyperparams/interaction_tuning/results/interaction_perf_v2_beta_nontrivial/checkpoints/graph_perf__k20__C36__L3/recap/trial_1/model.pt
graph_perf__k20__C36__L3,graph_perf,1,citeseer,0.8984377295142169,0.443153553289027,"{""assignment_entropy_lower"": 0.45, ""assignment_entropy_upper"": 0.85, ""beta"": 0.02, ""cluster_init_gain"": 2.0, ""epochs"": 100, ""knn_k"": 20, ""lambda_E"": 0.1, ""lambda_H"": 0.2, ""lambda_bal"": 0.0, ""lambda_usage_entropy"": 0.25, ""num_clusters"": 36, ""num_hops"": 3, ""tau_c"": 0.3, ""tau_s"": 0.08, ""usage_entropy_lower"": 0.65, ""usage_entropy_upper"": 0.9}",/autodl-fs/data/recap/tuning_hyperparams/interaction_tuning/results/interaction_perf_v2_beta_nontrivial/checkpoints/graph_perf__k20__C36__L3/recap/trial_1/model.pt
graph_perf__k20__C36__L3,graph_perf,1,ACM,0.7879433570782935,0.3680818957340166,"{""assignment_entropy_lower"": 0.45, ""assignment_entropy_upper"": 0.85, ""beta"": 0.02, ""cluster_init_gain"": 2.0, ""epochs"": 100, ""knn_k"": 20, ""lambda_E"": 0.1, ""lambda_H"": 0.2, ""lambda_bal"": 0.0, ""lambda_usage_entropy"": 0.25, ""num_clusters"": 36, ""num_hops"": 3, ""tau_c"": 0.3, ""tau_s"": 0.08, ""usage_entropy_lower"": 0.65, ""usage_entropy_upper"": 0.9}",/autodl-fs/data/recap/tuning_hyperparams/interaction_tuning/results/interaction_perf_v2_beta_nontrivial/checkpoints/graph_perf__k20__C36__L3/recap/trial_1/model.pt
graph_perf__k20__C36__L3,graph_perf,1,BlogCatalog,0.7225551470588235,0.3207064742312046,"{""assignment_entropy_lower"": 0.45, ""assignment_entropy_upper"": 0.85, ""beta"": 0.02, ""cluster_init_gain"": 2.0, ""epochs"": 100, ""knn_k"": 20, ""lambda_E"": 0.1, ""lambda_H"": 0.2, ""lambda_bal"": 0.0, ""lambda_usage_entropy"": 0.25, ""num_clusters"": 36, ""num_hops"": 3, ""tau_c"": 0.3, ""tau_s"": 0.08, ""usage_entropy_lower"": 0.65, ""usage_entropy_upper"": 0.9}",/autodl-fs/data/recap/tuning_hyperparams/interaction_tuning/results/interaction_perf_v2_beta_nontrivial/checkpoints/graph_perf__k20__C36__L3/recap/trial_1/model.pt
graph_perf__k20__C36__L3,graph_perf,1,weibo,0.7874471348413877,0.308433531229401,"{""assignment_entropy_lower"": 0.45, ""assignment_entropy_upper"": 0.85, ""beta"": 0.02, ""cluster_init_gain"": 2.0, ""epochs"": 100, ""knn_k"": 20, ""lambda_E"": 0.1, ""lambda_H"": 0.2, ""lambda_bal"": 0.0, ""lambda_usage_entropy"": 0.25, ""num_clusters"": 36, ""num_hops"": 3, ""tau_c"": 0.3, ""tau_s"": 0.08, ""usage_entropy_lower"": 0.65, ""usage_entropy_upper"": 0.9}",/autodl-fs/data/recap/tuning_hyperparams/interaction_tuning/results/interaction_perf_v2_beta_nontrivial/checkpoints/graph_perf__k20__C36__L3/recap/trial_1/model.pt
graph_perf__k20__C36__L3,graph_perf,1,Reddit,0.6002051367561219,0.04747087119033403,"{""assignment_entropy_lower"": 0.45, ""assignment_entropy_upper"": 0.85, ""beta"": 0.02, ""cluster_init_gain"": 2.0, ""epochs"": 100, ""knn_k"": 20, ""lambda_E"": 0.1, ""lambda_H"": 0.2, ""lambda_bal"": 0.0, ""lambda_usage_entropy"": 0.25, ""num_clusters"": 36, ""num_hops"": 3, ""tau_c"": 0.3, ""tau_s"": 0.08, ""usage_entropy_lower"": 0.65, ""usage_entropy_upper"": 0.9}",/autodl-fs/data/recap/tuning_hyperparams/interaction_tuning/results/interaction_perf_v2_beta_nontrivial/checkpoints/graph_perf__k20__C36__L3/recap/trial_1/model.pt
graph_perf__k20__C36__L3,graph_perf,1,Amazon,0.7108021322689249,0.12562360429267524,"{""assignment_entropy_lower"": 0.45, ""assignment_entropy_upper"": 0.85, ""beta"": 0.02, ""cluster_init_gain"": 2.0, ""epochs"": 100, ""knn_k"": 20, ""lambda_E"": 0.1, ""lambda_H"": 0.2, ""lambda_bal"": 0.0, ""lambda_usage_entropy"": 0.25, ""num_clusters"": 36, ""num_hops"": 3, ""tau_c"": 0.3, ""tau_s"": 0.08, ""usage_entropy_lower"": 0.65, ""usage_entropy_upper"": 0.9}",/autodl-fs/data/recap/tuning_hyperparams/interaction_tuning/results/interaction_perf_v2_beta_nontrivial/checkpoints/graph_perf__k20__C36__L3/recap/trial_1/model.pt
graph_perf__k20__C36__L3,graph_perf,2,Facebook,0.5850378787878788,0.03666216319127903,"{""assignment_entropy_lower"": 0.45, ""assignment_entropy_upper"": 0.85, ""beta"": 0.02, ""cluster_init_gain"": 2.0, ""epochs"": 100, ""knn_k"": 20, ""lambda_E"": 0.1, ""lambda_H"": 0.2, ""lambda_bal"": 0.0, ""lambda_usage_entropy"": 0.25, ""num_clusters"": 36, ""num_hops"": 3, ""tau_c"": 0.3, ""tau_s"": 0.08, ""usage_entropy_lower"": 0.65, ""usage_entropy_upper"": 0.9}",/autodl-fs/data/recap/tuning_hyperparams/interaction_tuning/results/interaction_perf_v2_beta_nontrivial/checkpoints/graph_perf__k20__C36__L3/recap/trial_2/model.pt
graph_perf__k20__C36__L3,graph_perf,2,cora,0.8231717487620536,0.3965345116650176,"{""assignment_entropy_lower"": 0.45, ""assignment_entropy_upper"": 0.85, ""beta"": 0.02, ""cluster_init_gain"": 2.0, ""epochs"": 100, ""knn_k"": 20, ""lambda_E"": 0.1, ""lambda_H"": 0.2, ""lambda_bal"": 0.0, ""lambda_usage_entropy"": 0.25, ""num_clusters"": 36, ""num_hops"": 3, ""tau_c"": 0.3, ""tau_s"": 0.08, ""usage_entropy_lower"": 0.65, ""usage_entropy_upper"": 0.9}",/autodl-fs/data/recap/tuning_hyperparams/interaction_tuning/results/interaction_perf_v2_beta_nontrivial/checkpoints/graph_perf__k20__C36__L3/recap/trial_2/model.pt
graph_perf__k20__C36__L3,graph_perf,2,citeseer,0.9009484838946595,0.4395712623455058,"{""assignment_entropy_lower"": 0.45, ""assignment_entropy_upper"": 0.85, ""beta"": 0.02, ""cluster_init_gain"": 2.0, ""epochs"": 100, ""knn_k"": 20, ""lambda_E"": 0.1, ""lambda_H"": 0.2, ""lambda_bal"": 0.0, ""lambda_usage_entropy"": 0.25, ""num_clusters"": 36, ""num_hops"": 3, ""tau_c"": 0.3, ""tau_s"": 0.08, ""usage_entropy_lower"": 0.65, ""usage_entropy_upper"": 0.9}",/autodl-fs/data/recap/tuning_hyperparams/interaction_tuning/results/interaction_perf_v2_beta_nontrivial/checkpoints/graph_perf__k20__C36__L3/recap/trial_2/model.pt
graph_perf__k20__C36__L3,graph_perf,2,ACM,0.7869263334780954,0.3700916962669085,"{""assignment_entropy_lower"": 0.45, ""assignment_entropy_upper"": 0.85, ""beta"": 0.02, ""cluster_init_gain"": 2.0, ""epochs"": 100, ""knn_k"": 20, ""lambda_E"": 0.1, ""lambda_H"": 0.2, ""lambda_bal"": 0.0, ""lambda_usage_entropy"": 0.25, ""num_clusters"": 36, ""num_hops"": 3, ""tau_c"": 0.3, ""tau_s"": 0.08, ""usage_entropy_lower"": 0.65, ""usage_entropy_upper"": 0.9}",/autodl-fs/data/recap/tuning_hyperparams/interaction_tuning/results/interaction_perf_v2_beta_nontrivial/checkpoints/graph_perf__k20__C36__L3/recap/trial_2/model.pt
graph_perf__k20__C36__L3,graph_perf,2,BlogCatalog,0.7148665577342048,0.3206287003927758,"{""assignment_entropy_lower"": 0.45, ""assignment_entropy_upper"": 0.85, ""beta"": 0.02, ""cluster_init_gain"": 2.0, ""epochs"": 100, ""knn_k"": 20, ""lambda_E"": 0.1, ""lambda_H"": 0.2, ""lambda_bal"": 0.0, ""lambda_usage_entropy"": 0.25, ""num_clusters"": 36, ""num_hops"": 3, ""tau_c"": 0.3, ""tau_s"": 0.08, ""usage_entropy_lower"": 0.65, ""usage_entropy_upper"": 0.9}",/autodl-fs/data/recap/tuning_hyperparams/interaction_tuning/results/interaction_perf_v2_beta_nontrivial/checkpoints/graph_perf__k20__C36__L3/recap/trial_2/model.pt
graph_perf__k20__C36__L3,graph_perf,2,weibo,0.7298876999429542,0.298892362850047,"{""assignment_entropy_lower"": 0.45, ""assignment_entropy_upper"": 0.85, ""beta"": 0.02, ""cluster_init_gain"": 2.0, ""epochs"": 100, ""knn_k"": 20, ""lambda_E"": 0.1, ""lambda_H"": 0.2, ""lambda_bal"": 0.0, ""lambda_usage_entropy"": 0.25, ""num_clusters"": 36, ""num_hops"": 3, ""tau_c"": 0.3, ""tau_s"": 0.08, ""usage_entropy_lower"": 0.65, ""usage_entropy_upper"": 0.9}",/autodl-fs/data/recap/tuning_hyperparams/interaction_tuning/results/interaction_perf_v2_beta_nontrivial/checkpoints/graph_perf__k20__C36__L3/recap/trial_2/model.pt
graph_perf__k20__C36__L3,graph_perf,2,Reddit,0.5919332775460168,0.04530586813242966,"{""assignment_entropy_lower"": 0.45, ""assignment_entropy_upper"": 0.85, ""beta"": 0.02, ""cluster_init_gain"": 2.0, ""epochs"": 100, ""knn_k"": 20, ""lambda_E"": 0.1, ""lambda_H"": 0.2, ""lambda_bal"": 0.0, ""lambda_usage_entropy"": 0.25, ""num_clusters"": 36, ""num_hops"": 3, ""tau_c"": 0.3, ""tau_s"": 0.08, ""usage_entropy_lower"": 0.65, ""usage_entropy_upper"": 0.9}",/autodl-fs/data/recap/tuning_hyperparams/interaction_tuning/results/interaction_perf_v2_beta_nontrivial/checkpoints/graph_perf__k20__C36__L3/recap/trial_2/model.pt
graph_perf__k20__C36__L3,graph_perf,2,Amazon,0.7143951770958381,0.1254999994491471,"{""assignment_entropy_lower"": 0.45, ""assignment_entropy_upper"": 0.85, ""beta"": 0.02, ""cluster_init_gain"": 2.0, ""epochs"": 100, ""knn_k"": 20, ""lambda_E"": 0.1, ""lambda_H"": 0.2, ""lambda_bal"": 0.0, ""lambda_usage_entropy"": 0.25, ""num_clusters"": 36, ""num_hops"": 3, ""tau_c"": 0.3, ""tau_s"": 0.08, ""usage_entropy_lower"": 0.65, ""usage_entropy_upper"": 0.9}",/autodl-fs/data/recap/tuning_hyperparams/interaction_tuning/results/interaction_perf_v2_beta_nontrivial/checkpoints/graph_perf__k20__C36__L3/recap/trial_2/model.pt
tau_perf__tau0p05,tau_perf,0,Facebook,0.6022727272727273,0.03958656223418445,"{""assignment_entropy_lower"": 0.45, ""assignment_entropy_upper"": 0.85, ""beta"": 0.02, ""cluster_init_gain"": 2.0, ""epochs"": 100, ""knn_k"": 20, ""lambda_E"": 0.1, ""lambda_H"": 0.2, ""lambda_bal"": 0.0, ""lambda_usage_entropy"": 0.25, ""num_clusters"": 28, ""num_hops"": 4, ""tau_c"": 0.3, ""tau_s"": 0.05, ""usage_entropy_lower"": 0.65, ""usage_entropy_upper"": 0.9}",/autodl-fs/data/recap/tuning_hyperparams/interaction_tuning/results/interaction_perf_v2_beta_nontrivial/checkpoints/tau_perf__tau0p05/recap/trial_0/model.pt
tau_perf__tau0p05,tau_perf,0,cora,0.8189731561115455,0.39560354161268824,"{""assignment_entropy_lower"": 0.45, ""assignment_entropy_upper"": 0.85, ""beta"": 0.02, ""cluster_init_gain"": 2.0, ""epochs"": 100, ""knn_k"": 20, ""lambda_E"": 0.1, ""lambda_H"": 0.2, ""lambda_bal"": 0.0, ""lambda_usage_entropy"": 0.25, ""num_clusters"": 28, ""num_hops"": 4, ""tau_c"": 0.3, ""tau_s"": 0.05, ""usage_entropy_lower"": 0.65, ""usage_entropy_upper"": 0.9}",/autodl-fs/data/recap/tuning_hyperparams/interaction_tuning/results/interaction_perf_v2_beta_nontrivial/checkpoints/tau_perf__tau0p05/recap/trial_0/model.pt
tau_perf__tau0p05,tau_perf,0,citeseer,0.8949218340153186,0.40120844503183595,"{""assignment_entropy_lower"": 0.45, ""assignment_entropy_upper"": 0.85, ""beta"": 0.02, ""cluster_init_gain"": 2.0, ""epochs"": 100, ""knn_k"": 20, ""lambda_E"": 0.1, ""lambda_H"": 0.2, ""lambda_bal"": 0.0, ""lambda_usage_entropy"": 0.25, ""num_clusters"": 28, ""num_hops"": 4, ""tau_c"": 0.3, ""tau_s"": 0.05, ""usage_entropy_lower"": 0.65, ""usage_entropy_upper"": 0.9}",/autodl-fs/data/recap/tuning_hyperparams/interaction_tuning/results/interaction_perf_v2_beta_nontrivial/checkpoints/tau_perf__tau0p05/recap/trial_0/model.pt
tau_perf__tau0p05,tau_perf,0,ACM,0.7834597970444319,0.36565161151709513,"{""assignment_entropy_lower"": 0.45, ""assignment_entropy_upper"": 0.85, ""beta"": 0.02, ""cluster_init_gain"": 2.0, ""epochs"": 100, ""knn_k"": 20, ""lambda_E"": 0.1, ""lambda_H"": 0.2, ""lambda_bal"": 0.0, ""lambda_usage_entropy"": 0.25, ""num_clusters"": 28, ""num_hops"": 4, ""tau_c"": 0.3, ""tau_s"": 0.05, ""usage_entropy_lower"": 0.65, ""usage_entropy_upper"": 0.9}",/autodl-fs/data/recap/tuning_hyperparams/interaction_tuning/results/interaction_perf_v2_beta_nontrivial/checkpoints/tau_perf__tau0p05/recap/trial_0/model.pt
tau_perf__tau0p05,tau_perf,0,BlogCatalog,0.7128962418300654,0.31204643759652956,"{""assignment_entropy_lower"": 0.45, ""assignment_entropy_upper"": 0.85, ""beta"": 0.02, ""cluster_init_gain"": 2.0, ""epochs"": 100, ""knn_k"": 20, ""lambda_E"": 0.1, ""lambda_H"": 0.2, ""lambda_bal"": 0.0, ""lambda_usage_entropy"": 0.25, ""num_clusters"": 28, ""num_hops"": 4, ""tau_c"": 0.3, ""tau_s"": 0.05, ""usage_entropy_lower"": 0.65, ""usage_entropy_upper"": 0.9}",/autodl-fs/data/recap/tuning_hyperparams/interaction_tuning/results/interaction_perf_v2_beta_nontrivial/checkpoints/tau_perf__tau0p05/recap/trial_0/model.pt
tau_perf__tau0p05,tau_perf,0,weibo,0.7524504304112003,0.32367379610223523,"{""assignment_entropy_lower"": 0.45, ""assignment_entropy_upper"": 0.85, ""beta"": 0.02, ""cluster_init_gain"": 2.0, ""epochs"": 100, ""knn_k"": 20, ""lambda_E"": 0.1, ""lambda_H"": 0.2, ""lambda_bal"": 0.0, ""lambda_usage_entropy"": 0.25, ""num_clusters"": 28, ""num_hops"": 4, ""tau_c"": 0.3, ""tau_s"": 0.05, ""usage_entropy_lower"": 0.65, ""usage_entropy_upper"": 0.9}",/autodl-fs/data/recap/tuning_hyperparams/interaction_tuning/results/interaction_perf_v2_beta_nontrivial/checkpoints/tau_perf__tau0p05/recap/trial_0/model.pt
tau_perf__tau0p05,tau_perf,0,Reddit,0.5859252048537025,0.04590606004560037,"{""assignment_entropy_lower"": 0.45, ""assignment_entropy_upper"": 0.85, ""beta"": 0.02, ""cluster_init_gain"": 2.0, ""epochs"": 100, ""knn_k"": 20, ""lambda_E"": 0.1, ""lambda_H"": 0.2, ""lambda_bal"": 0.0, ""lambda_usage_entropy"": 0.25, ""num_clusters"": 28, ""num_hops"": 4, ""tau_c"": 0.3, ""tau_s"": 0.05, ""usage_entropy_lower"": 0.65, ""usage_entropy_upper"": 0.9}",/autodl-fs/data/recap/tuning_hyperparams/interaction_tuning/results/interaction_perf_v2_beta_nontrivial/checkpoints/tau_perf__tau0p05/recap/trial_0/model.pt
tau_perf__tau0p05,tau_perf,0,Amazon,0.7332971182514777,0.13593335521583005,"{""assignment_entropy_lower"": 0.45, ""assignment_entropy_upper"": 0.85, ""beta"": 0.02, ""cluster_init_gain"": 2.0, ""epochs"": 100, ""knn_k"": 20, ""lambda_E"": 0.1, ""lambda_H"": 0.2, ""lambda_bal"": 0.0, ""lambda_usage_entropy"": 0.25, ""num_clusters"": 28, ""num_hops"": 4, ""tau_c"": 0.3, ""tau_s"": 0.05, ""usage_entropy_lower"": 0.65, ""usage_entropy_upper"": 0.9}",/autodl-fs/data/recap/tuning_hyperparams/interaction_tuning/results/interaction_perf_v2_beta_nontrivial/checkpoints/tau_perf__tau0p05/recap/trial_0/model.pt
tau_perf__tau0p05,tau_perf,1,Facebook,0.5982575757575758,0.08021169237746427,"{""assignment_entropy_lower"": 0.45, ""assignment_entropy_upper"": 0.85, ""beta"": 0.02, ""cluster_init_gain"": 2.0, ""epochs"": 100, ""knn_k"": 20, ""lambda_E"": 0.1, ""lambda_H"": 0.2, ""lambda_bal"": 0.0, ""lambda_usage_entropy"": 0.25, ""num_clusters"": 28, ""num_hops"": 4, ""tau_c"": 0.3, ""tau_s"": 0.05, ""usage_entropy_lower"": 0.65, ""usage_entropy_upper"": 0.9}",/autodl-fs/data/recap/tuning_hyperparams/interaction_tuning/results/interaction_perf_v2_beta_nontrivial/checkpoints/tau_perf__tau0p05/recap/trial_1/model.pt
tau_perf__tau0p05,tau_perf,1,cora,0.8246572843367214,0.4146534141956335,"{""assignment_entropy_lower"": 0.45, ""assignment_entropy_upper"": 0.85, ""beta"": 0.02, ""cluster_init_gain"": 2.0, ""epochs"": 100, ""knn_k"": 20, ""lambda_E"": 0.1, ""lambda_H"": 0.2, ""lambda_bal"": 0.0, ""lambda_usage_entropy"": 0.25, ""num_clusters"": 28, ""num_hops"": 4, ""tau_c"": 0.3, ""tau_s"": 0.05, ""usage_entropy_lower"": 0.65, ""usage_entropy_upper"": 0.9}",/autodl-fs/data/recap/tuning_hyperparams/interaction_tuning/results/interaction_perf_v2_beta_nontrivial/checkpoints/tau_perf__tau0p05/recap/trial_1/model.pt
tau_perf__tau0p05,tau_perf,1,citeseer,0.9015066624698352,0.47114875634741865,"{""assignment_entropy_lower"": 0.45, ""assignment_entropy_upper"": 0.85, ""beta"": 0.02, ""cluster_init_gain"": 2.0, ""epochs"": 100, ""knn_k"": 20, ""lambda_E"": 0.1, ""lambda_H"": 0.2, ""lambda_bal"": 0.0, ""lambda_usage_entropy"": 0.25, ""num_clusters"": 28, ""num_hops"": 4, ""tau_c"": 0.3, ""tau_s"": 0.05, ""usage_entropy_lower"": 0.65, ""usage_entropy_upper"": 0.9}",/autodl-fs/data/recap/tuning_hyperparams/interaction_tuning/results/interaction_perf_v2_beta_nontrivial/checkpoints/tau_perf__tau0p05/recap/trial_1/model.pt
tau_perf__tau0p05,tau_perf,1,ACM,0.7805667729343513,0.3711747894459777,"{""assignment_entropy_lower"": 0.45, ""assignment_entropy_upper"": 0.85, ""beta"": 0.02, ""cluster_init_gain"": 2.0, ""epochs"": 100, ""knn_k"": 20, ""lambda_E"": 0.1, ""lambda_H"": 0.2, ""lambda_bal"": 0.0, ""lambda_usage_entropy"": 0.25, ""num_clusters"": 28, ""num_hops"": 4, ""tau_c"": 0.3, ""tau_s"": 0.05, ""usage_entropy_lower"": 0.65, ""usage_entropy_upper"": 0.9}",/autodl-fs/data/recap/tuning_hyperparams/interaction_tuning/results/interaction_perf_v2_beta_nontrivial/checkpoints/tau_perf__tau0p05/recap/trial_1/model.pt
tau_perf__tau0p05,tau_perf,1,BlogCatalog,0.7278233932461873,0.3257274945888725,"{""assignment_entropy_lower"": 0.45, ""assignment_entropy_upper"": 0.85, ""beta"": 0.02, ""cluster_init_gain"": 2.0, ""epochs"": 100, ""knn_k"": 20, ""lambda_E"": 0.1, ""lambda_H"": 0.2, ""lambda_bal"": 0.0, ""lambda_usage_entropy"": 0.25, ""num_clusters"": 28, ""num_hops"": 4, ""tau_c"": 0.3, ""tau_s"": 0.05, ""usage_entropy_lower"": 0.65, ""usage_entropy_upper"": 0.9}",/autodl-fs/data/recap/tuning_hyperparams/interaction_tuning/results/interaction_perf_v2_beta_nontrivial/checkpoints/tau_perf__tau0p05/recap/trial_1/model.pt
tau_perf__tau0p05,tau_perf,1,weibo,0.7388474921569719,0.3144101618103502,"{""assignment_entropy_lower"": 0.45, ""assignment_entropy_upper"": 0.85, ""beta"": 0.02, ""cluster_init_gain"": 2.0, ""epochs"": 100, ""knn_k"": 20, ""lambda_E"": 0.1, ""lambda_H"": 0.2, ""lambda_bal"": 0.0, ""lambda_usage_entropy"": 0.25, ""num_clusters"": 28, ""num_hops"": 4, ""tau_c"": 0.3, ""tau_s"": 0.05, ""usage_entropy_lower"": 0.65, ""usage_entropy_upper"": 0.9}",/autodl-fs/data/recap/tuning_hyperparams/interaction_tuning/results/interaction_perf_v2_beta_nontrivial/checkpoints/tau_perf__tau0p05/recap/trial_1/model.pt
tau_perf__tau0p05,tau_perf,1,Reddit,0.5879806895600521,0.04634198313338215,"{""assignment_entropy_lower"": 0.45, ""assignment_entropy_upper"": 0.85, ""beta"": 0.02, ""cluster_init_gain"": 2.0, ""epochs"": 100, ""knn_k"": 20, ""lambda_E"": 0.1, ""lambda_H"": 0.2, ""lambda_bal"": 0.0, ""lambda_usage_entropy"": 0.25, ""num_clusters"": 28, ""num_hops"": 4, ""tau_c"": 0.3, ""tau_s"": 0.05, ""usage_entropy_lower"": 0.65, ""usage_entropy_upper"": 0.9}",/autodl-fs/data/recap/tuning_hyperparams/interaction_tuning/results/interaction_perf_v2_beta_nontrivial/checkpoints/tau_perf__tau0p05/recap/trial_1/model.pt
tau_perf__tau0p05,tau_perf,1,Amazon,0.706133687247946,0.12284061490084944,"{""assignment_entropy_lower"": 0.45, ""assignment_entropy_upper"": 0.85, ""beta"": 0.02, ""cluster_init_gain"": 2.0, ""epochs"": 100, ""knn_k"": 20, ""lambda_E"": 0.1, ""lambda_H"": 0.2, ""lambda_bal"": 0.0, ""lambda_usage_entropy"": 0.25, ""num_clusters"": 28, ""num_hops"": 4, ""tau_c"": 0.3, ""tau_s"": 0.05, ""usage_entropy_lower"": 0.65, ""usage_entropy_upper"": 0.9}",/autodl-fs/data/recap/tuning_hyperparams/interaction_tuning/results/interaction_perf_v2_beta_nontrivial/checkpoints/tau_perf__tau0p05/recap/trial_1/model.pt
tau_perf__tau0p05,tau_perf,2,Facebook,0.5906439393939394,0.044389828365594144,"{""assignment_entropy_lower"": 0.45, ""assignment_entropy_upper"": 0.85, ""beta"": 0.02, ""cluster_init_gain"": 2.0, ""epochs"": 100, ""knn_k"": 20, ""lambda_E"": 0.1, ""lambda_H"": 0.2, ""lambda_bal"": 0.0, ""lambda_usage_entropy"": 0.25, ""num_clusters"": 28, ""num_hops"": 4, ""tau_c"": 0.3, ""tau_s"": 0.05, ""usage_entropy_lower"": 0.65, ""usage_entropy_upper"": 0.9}",/autodl-fs/data/recap/tuning_hyperparams/interaction_tuning/results/interaction_perf_v2_beta_nontrivial/checkpoints/tau_perf__tau0p05/recap/trial_2/model.pt
tau_perf__tau0p05,tau_perf,2,cora,0.8188272087568412,0.393910243004237,"{""assignment_entropy_lower"": 0.45, ""assignment_entropy_upper"": 0.85, ""beta"": 0.02, ""cluster_init_gain"": 2.0, ""epochs"": 100, ""knn_k"": 20, ""lambda_E"": 0.1, ""lambda_H"": 0.2, ""lambda_bal"": 0.0, ""lambda_usage_entropy"": 0.25, ""num_clusters"": 28, ""num_hops"": 4, ""tau_c"": 0.3, ""tau_s"": 0.05, ""usage_entropy_lower"": 0.65, ""usage_entropy_upper"": 0.9}",/autodl-fs/data/recap/tuning_hyperparams/interaction_tuning/results/interaction_perf_v2_beta_nontrivial/checkpoints/tau_perf__tau0p05/recap/trial_2/model.pt
tau_perf__tau0p05,tau_perf,2,citeseer,0.901359773371105,0.4546769330433726,"{""assignment_entropy_lower"": 0.45, ""assignment_entropy_upper"": 0.85, ""beta"": 0.02, ""cluster_init_gain"": 2.0, ""epochs"": 100, ""knn_k"": 20, ""lambda_E"": 0.1, ""lambda_H"": 0.2, ""lambda_bal"": 0.0, ""lambda_usage_entropy"": 0.25, ""num_clusters"": 28, ""num_hops"": 4, ""tau_c"": 0.3, ""tau_s"": 0.05, ""usage_entropy_lower"": 0.65, ""usage_entropy_upper"": 0.9}",/autodl-fs/data/recap/tuning_hyperparams/interaction_tuning/results/interaction_perf_v2_beta_nontrivial/checkpoints/tau_perf__tau0p05/recap/trial_2/model.pt
tau_perf__tau0p05,tau_perf,2,ACM,0.7849874411397327,0.3675891054443331,"{""assignment_entropy_lower"": 0.45, ""assignment_entropy_upper"": 0.85, ""beta"": 0.02, ""cluster_init_gain"": 2.0, ""epochs"": 100, ""knn_k"": 20, ""lambda_E"": 0.1, ""lambda_H"": 0.2, ""lambda_bal"": 0.0, ""lambda_usage_entropy"": 0.25, ""num_clusters"": 28, ""num_hops"": 4, ""tau_c"": 0.3, ""tau_s"": 0.05, ""usage_entropy_lower"": 0.65, ""usage_entropy_upper"": 0.9}",/autodl-fs/data/recap/tuning_hyperparams/interaction_tuning/results/interaction_perf_v2_beta_nontrivial/checkpoints/tau_perf__tau0p05/recap/trial_2/model.pt
tau_perf__tau0p05,tau_perf,2,BlogCatalog,0.7215492238562091,0.31592926987016906,"{""assignment_entropy_lower"": 0.45, ""assignment_entropy_upper"": 0.85, ""beta"": 0.02, ""cluster_init_gain"": 2.0, ""epochs"": 100, ""knn_k"": 20, ""lambda_E"": 0.1, ""lambda_H"": 0.2, ""lambda_bal"": 0.0, ""lambda_usage_entropy"": 0.25, ""num_clusters"": 28, ""num_hops"": 4, ""tau_c"": 0.3, ""tau_s"": 0.05, ""usage_entropy_lower"": 0.65, ""usage_entropy_upper"": 0.9}",/autodl-fs/data/recap/tuning_hyperparams/interaction_tuning/results/interaction_perf_v2_beta_nontrivial/checkpoints/tau_perf__tau0p05/recap/trial_2/model.pt
tau_perf__tau0p05,tau_perf,2,weibo,0.7576687726111857,0.307279667229454,"{""assignment_entropy_lower"": 0.45, ""assignment_entropy_upper"": 0.85, ""beta"": 0.02, ""cluster_init_gain"": 2.0, ""epochs"": 100, ""knn_k"": 20, ""lambda_E"": 0.1, ""lambda_H"": 0.2, ""lambda_bal"": 0.0, ""lambda_usage_entropy"": 0.25, ""num_clusters"": 28, ""num_hops"": 4, ""tau_c"": 0.3, ""tau_s"": 0.05, ""usage_entropy_lower"": 0.65, ""usage_entropy_upper"": 0.9}",/autodl-fs/data/recap/tuning_hyperparams/interaction_tuning/results/interaction_perf_v2_beta_nontrivial/checkpoints/tau_perf__tau0p05/recap/trial_2/model.pt
tau_perf__tau0p05,tau_perf,2,Reddit,0.5887693801740934,0.04554941311127561,"{""assignment_entropy_lower"": 0.45, ""assignment_entropy_upper"": 0.85, ""beta"": 0.02, ""cluster_init_gain"": 2.0, ""epochs"": 100, ""knn_k"": 20, ""lambda_E"": 0.1, ""lambda_H"": 0.2, ""lambda_bal"": 0.0, ""lambda_usage_entropy"": 0.25, ""num_clusters"": 28, ""num_hops"": 4, ""tau_c"": 0.3, ""tau_s"": 0.05, ""usage_entropy_lower"": 0.65, ""usage_entropy_upper"": 0.9}",/autodl-fs/data/recap/tuning_hyperparams/interaction_tuning/results/interaction_perf_v2_beta_nontrivial/checkpoints/tau_perf__tau0p05/recap/trial_2/model.pt
tau_perf__tau0p05,tau_perf,2,Amazon,0.7327142250025473,0.13271774941980918,"{""assignment_entropy_lower"": 0.45, ""assignment_entropy_upper"": 0.85, ""beta"": 0.02, ""cluster_init_gain"": 2.0, ""epochs"": 100, ""knn_k"": 20, ""lambda_E"": 0.1, ""lambda_H"": 0.2, ""lambda_bal"": 0.0, ""lambda_usage_entropy"": 0.25, ""num_clusters"": 28, ""num_hops"": 4, ""tau_c"": 0.3, ""tau_s"": 0.05, ""usage_entropy_lower"": 0.65, ""usage_entropy_upper"": 0.9}",/autodl-fs/data/recap/tuning_hyperparams/interaction_tuning/results/interaction_perf_v2_beta_nontrivial/checkpoints/tau_perf__tau0p05/recap/trial_2/model.pt
tau_perf__tau0p1,tau_perf,0,Facebook,0.5928787878787878,0.04031766051532361,"{""assignment_entropy_lower"": 0.45, ""assignment_entropy_upper"": 0.85, ""beta"": 0.02, ""cluster_init_gain"": 2.0, ""epochs"": 100, ""knn_k"": 20, ""lambda_E"": 0.1, ""lambda_H"": 0.2, ""lambda_bal"": 0.0, ""lambda_usage_entropy"": 0.25, ""num_clusters"": 28, ""num_hops"": 4, ""tau_c"": 0.3, ""tau_s"": 0.1, ""usage_entropy_lower"": 0.65, ""usage_entropy_upper"": 0.9}",/autodl-fs/data/recap/tuning_hyperparams/interaction_tuning/results/interaction_perf_v2_beta_nontrivial/checkpoints/tau_perf__tau0p1/recap/trial_0/model.pt
tau_perf__tau0p1,tau_perf,0,cora,0.8174485274954393,0.40093204044115355,"{""assignment_entropy_lower"": 0.45, ""assignment_entropy_upper"": 0.85, ""beta"": 0.02, ""cluster_init_gain"": 2.0, ""epochs"": 100, ""knn_k"": 20, ""lambda_E"": 0.1, ""lambda_H"": 0.2, ""lambda_bal"": 0.0, ""lambda_usage_entropy"": 0.25, ""num_clusters"": 28, ""num_hops"": 4, ""tau_c"": 0.3, ""tau_s"": 0.1, ""usage_entropy_lower"": 0.65, ""usage_entropy_upper"": 0.9}",/autodl-fs/data/recap/tuning_hyperparams/interaction_tuning/results/interaction_perf_v2_beta_nontrivial/checkpoints/tau_perf__tau0p1/recap/trial_0/model.pt
tau_perf__tau0p1,tau_perf,0,citeseer,0.8991585353058441,0.42222267828424265,"{""assignment_entropy_lower"": 0.45, ""assignment_entropy_upper"": 0.85, ""beta"": 0.02, ""cluster_init_gain"": 2.0, ""epochs"": 100, ""knn_k"": 20, ""lambda_E"": 0.1, ""lambda_H"": 0.2, ""lambda_bal"": 0.0, ""lambda_usage_entropy"": 0.25, ""num_clusters"": 28, ""num_hops"": 4, ""tau_c"": 0.3, ""tau_s"": 0.1, ""usage_entropy_lower"": 0.65, ""usage_entropy_upper"": 0.9}",/autodl-fs/data/recap/tuning_hyperparams/interaction_tuning/results/interaction_perf_v2_beta_nontrivial/checkpoints/tau_perf__tau0p1/recap/trial_0/model.pt
tau_perf__tau0p1,tau_perf,0,ACM,0.7841618343284793,0.3686166721746978,"{""assignment_entropy_lower"": 0.45, ""assignment_entropy_upper"": 0.85, ""beta"": 0.02, ""cluster_init_gain"": 2.0, ""epochs"": 100, ""knn_k"": 20, ""lambda_E"": 0.1, ""lambda_H"": 0.2, ""lambda_bal"": 0.0, ""lambda_usage_entropy"": 0.25, ""num_clusters"": 28, ""num_hops"": 4, ""tau_c"": 0.3, ""tau_s"": 0.1, ""usage_entropy_lower"": 0.65, ""usage_entropy_upper"": 0.9}",/autodl-fs/data/recap/tuning_hyperparams/interaction_tuning/results/interaction_perf_v2_beta_nontrivial/checkpoints/tau_perf__tau0p1/recap/trial_0/model.pt
tau_perf__tau0p1,tau_perf,0,BlogCatalog,0.7126150599128541,0.3153607345128082,"{""assignment_entropy_lower"": 0.45, ""assignment_entropy_upper"": 0.85, ""beta"": 0.02, ""cluster_init_gain"": 2.0, ""epochs"": 100, ""knn_k"": 20, ""lambda_E"": 0.1, ""lambda_H"": 0.2, ""lambda_bal"": 0.0, ""lambda_usage_entropy"": 0.25, ""num_clusters"": 28, ""num_hops"": 4, ""tau_c"": 0.3, ""tau_s"": 0.1, ""usage_entropy_lower"": 0.65, ""usage_entropy_upper"": 0.9}",/autodl-fs/data/recap/tuning_hyperparams/interaction_tuning/results/interaction_perf_v2_beta_nontrivial/checkpoints/tau_perf__tau0p1/recap/trial_0/model.pt
tau_perf__tau0p1,tau_perf,0,weibo,0.7695768463903727,0.32992821581814696,"{""assignment_entropy_lower"": 0.45, ""assignment_entropy_upper"": 0.85, ""beta"": 0.02, ""cluster_init_gain"": 2.0, ""epochs"": 100, ""knn_k"": 20, ""lambda_E"": 0.1, ""lambda_H"": 0.2, ""lambda_bal"": 0.0, ""lambda_usage_entropy"": 0.25, ""num_clusters"": 28, ""num_hops"": 4, ""tau_c"": 0.3, ""tau_s"": 0.1, ""usage_entropy_lower"": 0.65, ""usage_entropy_upper"": 0.9}",/autodl-fs/data/recap/tuning_hyperparams/interaction_tuning/results/interaction_perf_v2_beta_nontrivial/checkpoints/tau_perf__tau0p1/recap/trial_0/model.pt
tau_perf__tau0p1,tau_perf,0,Reddit,0.5868109056998787,0.045695868634937346,"{""assignment_entropy_lower"": 0.45, ""assignment_entropy_upper"": 0.85, ""beta"": 0.02, ""cluster_init_gain"": 2.0, ""epochs"": 100, ""knn_k"": 20, ""lambda_E"": 0.1, ""lambda_H"": 0.2, ""lambda_bal"": 0.0, ""lambda_usage_entropy"": 0.25, ""num_clusters"": 28, ""num_hops"": 4, ""tau_c"": 0.3, ""tau_s"": 0.1, ""usage_entropy_lower"": 0.65, ""usage_entropy_upper"": 0.9}",/autodl-fs/data/recap/tuning_hyperparams/interaction_tuning/results/interaction_perf_v2_beta_nontrivial/checkpoints/tau_perf__tau0p1/recap/trial_0/model.pt
tau_perf__tau0p1,tau_perf,0,Amazon,0.7271829465723076,0.13279790952567666,"{""assignment_entropy_lower"": 0.45, ""assignment_entropy_upper"": 0.85, ""beta"": 0.02, ""cluster_init_gain"": 2.0, ""epochs"": 100, ""knn_k"": 20, ""lambda_E"": 0.1, ""lambda_H"": 0.2, ""lambda_bal"": 0.0, ""lambda_usage_entropy"": 0.25, ""num_clusters"": 28, ""num_hops"": 4, ""tau_c"": 0.3, ""tau_s"": 0.1, ""usage_entropy_lower"": 0.65, ""usage_entropy_upper"": 0.9}",/autodl-fs/data/recap/tuning_hyperparams/interaction_tuning/results/interaction_perf_v2_beta_nontrivial/checkpoints/tau_perf__tau0p1/recap/trial_0/model.pt
tau_perf__tau0p1,tau_perf,1,Facebook,0.5902272727272727,0.0508162299172113,"{""assignment_entropy_lower"": 0.45, ""assignment_entropy_upper"": 0.85, ""beta"": 0.02, ""cluster_init_gain"": 2.0, ""epochs"": 100, ""knn_k"": 20, ""lambda_E"": 0.1, ""lambda_H"": 0.2, ""lambda_bal"": 0.0, ""lambda_usage_entropy"": 0.25, ""num_clusters"": 28, ""num_hops"": 4, ""tau_c"": 0.3, ""tau_s"": 0.1, ""usage_entropy_lower"": 0.65, ""usage_entropy_upper"": 0.9}",/autodl-fs/data/recap/tuning_hyperparams/interaction_tuning/results/interaction_perf_v2_beta_nontrivial/checkpoints/tau_perf__tau0p1/recap/trial_1/model.pt
tau_perf__tau0p1,tau_perf,1,cora,0.82147771696638,0.4165407955662007,"{""assignment_entropy_lower"": 0.45, ""assignment_entropy_upper"": 0.85, ""beta"": 0.02, ""cluster_init_gain"": 2.0, ""epochs"": 100, ""knn_k"": 20, ""lambda_E"": 0.1, ""lambda_H"": 0.2, ""lambda_bal"": 0.0, ""lambda_usage_entropy"": 0.25, ""num_clusters"": 28, ""num_hops"": 4, ""tau_c"": 0.3, ""tau_s"": 0.1, ""usage_entropy_lower"": 0.65, ""usage_entropy_upper"": 0.9}",/autodl-fs/data/recap/tuning_hyperparams/interaction_tuning/results/interaction_perf_v2_beta_nontrivial/checkpoints/tau_perf__tau0p1/recap/trial_1/model.pt
tau_perf__tau0p1,tau_perf,1,citeseer,0.9014688909873048,0.4680037787781498,"{""assignment_entropy_lower"": 0.45, ""assignment_entropy_upper"": 0.85, ""beta"": 0.02, ""cluster_init_gain"": 2.0, ""epochs"": 100, ""knn_k"": 20, ""lambda_E"": 0.1, ""lambda_H"": 0.2, ""lambda_bal"": 0.0, ""lambda_usage_entropy"": 0.25, ""num_clusters"": 28, ""num_hops"": 4, ""tau_c"": 0.3, ""tau_s"": 0.1, ""usage_entropy_lower"": 0.65, ""usage_entropy_upper"": 0.9}",/autodl-fs/data/recap/tuning_hyperparams/interaction_tuning/results/interaction_perf_v2_beta_nontrivial/checkpoints/tau_perf__tau0p1/recap/trial_1/model.pt
tau_perf__tau0p1,tau_perf,1,ACM,0.7724068085966013,0.3706883660399939,"{""assignment_entropy_lower"": 0.45, ""assignment_entropy_upper"": 0.85, ""beta"": 0.02, ""cluster_init_gain"": 2.0, ""epochs"": 100, ""knn_k"": 20, ""lambda_E"": 0.1, ""lambda_H"": 0.2, ""lambda_bal"": 0.0, ""lambda_usage_entropy"": 0.25, ""num_clusters"": 28, ""num_hops"": 4, ""tau_c"": 0.3, ""tau_s"": 0.1, ""usage_entropy_lower"": 0.65, ""usage_entropy_upper"": 0.9}",/autodl-fs/data/recap/tuning_hyperparams/interaction_tuning/results/interaction_perf_v2_beta_nontrivial/checkpoints/tau_perf__tau0p1/recap/trial_1/model.pt
tau_perf__tau0p1,tau_perf,1,BlogCatalog,0.7238766339869281,0.3248267768053137,"{""assignment_entropy_lower"": 0.45, ""assignment_entropy_upper"": 0.85, ""beta"": 0.02, ""cluster_init_gain"": 2.0, ""epochs"": 100, ""knn_k"": 20, ""lambda_E"": 0.1, ""lambda_H"": 0.2, ""lambda_bal"": 0.0, ""lambda_usage_entropy"": 0.25, ""num_clusters"": 28, ""num_hops"": 4, ""tau_c"": 0.3, ""tau_s"": 0.1, ""usage_entropy_lower"": 0.65, ""usage_entropy_upper"": 0.9}",/autodl-fs/data/recap/tuning_hyperparams/interaction_tuning/results/interaction_perf_v2_beta_nontrivial/checkpoints/tau_perf__tau0p1/recap/trial_1/model.pt
tau_perf__tau0p1,tau_perf,1,weibo,0.7336254049912904,0.3035385616309563,"{""assignment_entropy_lower"": 0.45, ""assignment_entropy_upper"": 0.85, ""beta"": 0.02, ""cluster_init_gain"": 2.0, ""epochs"": 100, ""knn_k"": 20, ""lambda_E"": 0.1, ""lambda_H"": 0.2, ""lambda_bal"": 0.0, ""lambda_usage_entropy"": 0.25, ""num_clusters"": 28, ""num_hops"": 4, ""tau_c"": 0.3, ""tau_s"": 0.1, ""usage_entropy_lower"": 0.65, ""usage_entropy_upper"": 0.9}",/autodl-fs/data/recap/tuning_hyperparams/interaction_tuning/results/interaction_perf_v2_beta_nontrivial/checkpoints/tau_perf__tau0p1/recap/trial_1/model.pt
tau_perf__tau0p1,tau_perf,1,Reddit,0.5909046345673447,0.04694128154479246,"{""assignment_entropy_lower"": 0.45, ""assignment_entropy_upper"": 0.85, ""beta"": 0.02, ""cluster_init_gain"": 2.0, ""epochs"": 100, ""knn_k"": 20, ""lambda_E"": 0.1, ""lambda_H"": 0.2, ""lambda_bal"": 0.0, ""lambda_usage_entropy"": 0.25, ""num_clusters"": 28, ""num_hops"": 4, ""tau_c"": 0.3, ""tau_s"": 0.1, ""usage_entropy_lower"": 0.65, ""usage_entropy_upper"": 0.9}",/autodl-fs/data/recap/tuning_hyperparams/interaction_tuning/results/interaction_perf_v2_beta_nontrivial/checkpoints/tau_perf__tau0p1/recap/trial_1/model.pt
tau_perf__tau0p1,tau_perf,1,Amazon,0.7152012351886448,0.12611243949553563,"{""assignment_entropy_lower"": 0.45, ""assignment_entropy_upper"": 0.85, ""beta"": 0.02, ""cluster_init_gain"": 2.0, ""epochs"": 100, ""knn_k"": 20, ""lambda_E"": 0.1, ""lambda_H"": 0.2, ""lambda_bal"": 0.0, ""lambda_usage_entropy"": 0.25, ""num_clusters"": 28, ""num_hops"": 4, ""tau_c"": 0.3, ""tau_s"": 0.1, ""usage_entropy_lower"": 0.65, ""usage_entropy_upper"": 0.9}",/autodl-fs/data/recap/tuning_hyperparams/interaction_tuning/results/interaction_perf_v2_beta_nontrivial/checkpoints/tau_perf__tau0p1/recap/trial_1/model.pt
tau_perf__tau0p1,tau_perf,2,Facebook,0.5776893939393939,0.03373401766591566,"{""assignment_entropy_lower"": 0.45, ""assignment_entropy_upper"": 0.85, ""beta"": 0.02, ""cluster_init_gain"": 2.0, ""epochs"": 100, ""knn_k"": 20, ""lambda_E"": 0.1, ""lambda_H"": 0.2, ""lambda_bal"": 0.0, ""lambda_usage_entropy"": 0.25, ""num_clusters"": 28, ""num_hops"": 4, ""tau_c"": 0.3, ""tau_s"": 0.1, ""usage_entropy_lower"": 0.65, ""usage_entropy_upper"": 0.9}",/autodl-fs/data/recap/tuning_hyperparams/interaction_tuning/results/interaction_perf_v2_beta_nontrivial/checkpoints/tau_perf__tau0p1/recap/trial_2/model.pt
tau_perf__tau0p1,tau_perf,2,cora,0.8199296325254104,0.40461176630203644,"{""assignment_entropy_lower"": 0.45, ""assignment_entropy_upper"": 0.85, ""beta"": 0.02, ""cluster_init_gain"": 2.0, ""epochs"": 100, ""knn_k"": 20, ""lambda_E"": 0.1, ""lambda_H"": 0.2, ""lambda_bal"": 0.0, ""lambda_usage_entropy"": 0.25, ""num_clusters"": 28, ""num_hops"": 4, ""tau_c"": 0.3, ""tau_s"": 0.1, ""usage_entropy_lower"": 0.65, ""usage_entropy_upper"": 0.9}",/autodl-fs/data/recap/tuning_hyperparams/interaction_tuning/results/interaction_perf_v2_beta_nontrivial/checkpoints/tau_perf__tau0p1/recap/trial_2/model.pt
tau_perf__tau0p1,tau_perf,2,citeseer,0.9041422725841989,0.4498926223384469,"{""assignment_entropy_lower"": 0.45, ""assignment_entropy_upper"": 0.85, ""beta"": 0.02, ""cluster_init_gain"": 2.0, ""epochs"": 100, ""knn_k"": 20, ""lambda_E"": 0.1, ""lambda_H"": 0.2, ""lambda_bal"": 0.0, ""lambda_usage_entropy"": 0.25, ""num_clusters"": 28, ""num_hops"": 4, ""tau_c"": 0.3, ""tau_s"": 0.1, ""usage_entropy_lower"": 0.65, ""usage_entropy_upper"": 0.9}",/autodl-fs/data/recap/tuning_hyperparams/interaction_tuning/results/interaction_perf_v2_beta_nontrivial/checkpoints/tau_perf__tau0p1/recap/trial_2/model.pt
tau_perf__tau0p1,tau_perf,2,ACM,0.785986540832401,0.37569396348137396,"{""assignment_entropy_lower"": 0.45, ""assignment_entropy_upper"": 0.85, ""beta"": 0.02, ""cluster_init_gain"": 2.0, ""epochs"": 100, ""knn_k"": 20, ""lambda_E"": 0.1, ""lambda_H"": 0.2, ""lambda_bal"": 0.0, ""lambda_usage_entropy"": 0.25, ""num_clusters"": 28, ""num_hops"": 4, ""tau_c"": 0.3, ""tau_s"": 0.1, ""usage_entropy_lower"": 0.65, ""usage_entropy_upper"": 0.9}",/autodl-fs/data/recap/tuning_hyperparams/interaction_tuning/results/interaction_perf_v2_beta_nontrivial/checkpoints/tau_perf__tau0p1/recap/trial_2/model.pt
tau_perf__tau0p1,tau_perf,2,BlogCatalog,0.7284456699346405,0.32700852028324523,"{""assignment_entropy_lower"": 0.45, ""assignment_entropy_upper"": 0.85, ""beta"": 0.02, ""cluster_init_gain"": 2.0, ""epochs"": 100, ""knn_k"": 20, ""lambda_E"": 0.1, ""lambda_H"": 0.2, ""lambda_bal"": 0.0, ""lambda_usage_entropy"": 0.25, ""num_clusters"": 28, ""num_hops"": 4, ""tau_c"": 0.3, ""tau_s"": 0.1, ""usage_entropy_lower"": 0.65, ""usage_entropy_upper"": 0.9}",/autodl-fs/data/recap/tuning_hyperparams/interaction_tuning/results/interaction_perf_v2_beta_nontrivial/checkpoints/tau_perf__tau0p1/recap/trial_2/model.pt
tau_perf__tau0p1,tau_perf,2,weibo,0.7727827663098606,0.30983588308677046,"{""assignment_entropy_lower"": 0.45, ""assignment_entropy_upper"": 0.85, ""beta"": 0.02, ""cluster_init_gain"": 2.0, ""epochs"": 100, ""knn_k"": 20, ""lambda_E"": 0.1, ""lambda_H"": 0.2, ""lambda_bal"": 0.0, ""lambda_usage_entropy"": 0.25, ""num_clusters"": 28, ""num_hops"": 4, ""tau_c"": 0.3, ""tau_s"": 0.1, ""usage_entropy_lower"": 0.65, ""usage_entropy_upper"": 0.9}",/autodl-fs/data/recap/tuning_hyperparams/interaction_tuning/results/interaction_perf_v2_beta_nontrivial/checkpoints/tau_perf__tau0p1/recap/trial_2/model.pt
tau_perf__tau0p1,tau_perf,2,Reddit,0.5888820870220381,0.04535796819281479,"{""assignment_entropy_lower"": 0.45, ""assignment_entropy_upper"": 0.85, ""beta"": 0.02, ""cluster_init_gain"": 2.0, ""epochs"": 100, ""knn_k"": 20, ""lambda_E"": 0.1, ""lambda_H"": 0.2, ""lambda_bal"": 0.0, ""lambda_usage_entropy"": 0.25, ""num_clusters"": 28, ""num_hops"": 4, ""tau_c"": 0.3, ""tau_s"": 0.1, ""usage_entropy_lower"": 0.65, ""usage_entropy_upper"": 0.9}",/autodl-fs/data/recap/tuning_hyperparams/interaction_tuning/results/interaction_perf_v2_beta_nontrivial/checkpoints/tau_perf__tau0p1/recap/trial_2/model.pt
tau_perf__tau0p1,tau_perf,2,Amazon,0.7349607107240094,0.13145168743532915,"{""assignment_entropy_lower"": 0.45, ""assignment_entropy_upper"": 0.85, ""beta"": 0.02, ""cluster_init_gain"": 2.0, ""epochs"": 100, ""knn_k"": 20, ""lambda_E"": 0.1, ""lambda_H"": 0.2, ""lambda_bal"": 0.0, ""lambda_usage_entropy"": 0.25, ""num_clusters"": 28, ""num_hops"": 4, ""tau_c"": 0.3, ""tau_s"": 0.1, ""usage_entropy_lower"": 0.65, ""usage_entropy_upper"": 0.9}",/autodl-fs/data/recap/tuning_hyperparams/interaction_tuning/results/interaction_perf_v2_beta_nontrivial/checkpoints/tau_perf__tau0p1/recap/trial_2/model.pt
tau_perf__tau0p12,tau_perf,0,Facebook,0.5927272727272728,0.03979100063664859,"{""assignment_entropy_lower"": 0.45, ""assignment_entropy_upper"": 0.85, ""beta"": 0.02, ""cluster_init_gain"": 2.0, ""epochs"": 100, ""knn_k"": 20, ""lambda_E"": 0.1, ""lambda_H"": 0.2, ""lambda_bal"": 0.0, ""lambda_usage_entropy"": 0.25, ""num_clusters"": 28, ""num_hops"": 4, ""tau_c"": 0.3, ""tau_s"": 0.12, ""usage_entropy_lower"": 0.65, ""usage_entropy_upper"": 0.9}",/autodl-fs/data/recap/tuning_hyperparams/interaction_tuning/results/interaction_perf_v2_beta_nontrivial/checkpoints/tau_perf__tau0p12/recap/trial_0/model.pt
tau_perf__tau0p12,tau_perf,0,cora,0.8182668751628878,0.40261054136714525,"{""assignment_entropy_lower"": 0.45, ""assignment_entropy_upper"": 0.85, ""beta"": 0.02, ""cluster_init_gain"": 2.0, ""epochs"": 100, ""knn_k"": 20, ""lambda_E"": 0.1, ""lambda_H"": 0.2, ""lambda_bal"": 0.0, ""lambda_usage_entropy"": 0.25, ""num_clusters"": 28, ""num_hops"": 4, ""tau_c"": 0.3, ""tau_s"": 0.12, ""usage_entropy_lower"": 0.65, ""usage_entropy_upper"": 0.9}",/autodl-fs/data/recap/tuning_hyperparams/interaction_tuning/results/interaction_perf_v2_beta_nontrivial/checkpoints/tau_perf__tau0p12/recap/trial_0/model.pt
tau_perf__tau0p12,tau_perf,0,citeseer,0.9001594795929074,0.42850010843049574,"{""assignment_entropy_lower"": 0.45, ""assignment_entropy_upper"": 0.85, ""beta"": 0.02, ""cluster_init_gain"": 2.0, ""epochs"": 100, ""knn_k"": 20, ""lambda_E"": 0.1, ""lambda_H"": 0.2, ""lambda_bal"": 0.0, ""lambda_usage_entropy"": 0.25, ""num_clusters"": 28, ""num_hops"": 4, ""tau_c"": 0.3, ""tau_s"": 0.12, ""usage_entropy_lower"": 0.65, ""usage_entropy_upper"": 0.9}",/autodl-fs/data/recap/tuning_hyperparams/interaction_tuning/results/interaction_perf_v2_beta_nontrivial/checkpoints/tau_perf__tau0p12/recap/trial_0/model.pt
tau_perf__tau0p12,tau_perf,0,ACM,0.7838687784403648,0.36943581177908635,"{""assignment_entropy_lower"": 0.45, ""assignment_entropy_upper"": 0.85, ""beta"": 0.02, ""cluster_init_gain"": 2.0, ""epochs"": 100, ""knn_k"": 20, ""lambda_E"": 0.1, ""lambda_H"": 0.2, ""lambda_bal"": 0.0, ""lambda_usage_entropy"": 0.25, ""num_clusters"": 28, ""num_hops"": 4, ""tau_c"": 0.3, ""tau_s"": 0.12, ""usage_entropy_lower"": 0.65, ""usage_entropy_upper"": 0.9}",/autodl-fs/data/recap/tuning_hyperparams/interaction_tuning/results/interaction_perf_v2_beta_nontrivial/checkpoints/tau_perf__tau0p12/recap/trial_0/model.pt
tau_perf__tau0p12,tau_perf,0,BlogCatalog,0.7164440359477124,0.31716643091564056,"{""assignment_entropy_lower"": 0.45, ""assignment_entropy_upper"": 0.85, ""beta"": 0.02, ""cluster_init_gain"": 2.0, ""epochs"": 100, ""knn_k"": 20, ""lambda_E"": 0.1, ""lambda_H"": 0.2, ""lambda_bal"": 0.0, ""lambda_usage_entropy"": 0.25, ""num_clusters"": 28, ""num_hops"": 4, ""tau_c"": 0.3, ""tau_s"": 0.12, ""usage_entropy_lower"": 0.65, ""usage_entropy_upper"": 0.9}",/autodl-fs/data/recap/tuning_hyperparams/interaction_tuning/results/interaction_perf_v2_beta_nontrivial/checkpoints/tau_perf__tau0p12/recap/trial_0/model.pt
tau_perf__tau0p12,tau_perf,0,weibo,0.7697595090028975,0.3294779024352401,"{""assignment_entropy_lower"": 0.45, ""assignment_entropy_upper"": 0.85, ""beta"": 0.02, ""cluster_init_gain"": 2.0, ""epochs"": 100, ""knn_k"": 20, ""lambda_E"": 0.1, ""lambda_H"": 0.2, ""lambda_bal"": 0.0, ""lambda_usage_entropy"": 0.25, ""num_clusters"": 28, ""num_hops"": 4, ""tau_c"": 0.3, ""tau_s"": 0.12, ""usage_entropy_lower"": 0.65, ""usage_entropy_upper"": 0.9}",/autodl-fs/data/recap/tuning_hyperparams/interaction_tuning/results/interaction_perf_v2_beta_nontrivial/checkpoints/tau_perf__tau0p12/recap/trial_0/model.pt
tau_perf__tau0p12,tau_perf,0,Reddit,0.5870628235175447,0.046023130768220816,"{""assignment_entropy_lower"": 0.45, ""assignment_entropy_upper"": 0.85, ""beta"": 0.02, ""cluster_init_gain"": 2.0, ""epochs"": 100, ""knn_k"": 20, ""lambda_E"": 0.1, ""lambda_H"": 0.2, ""lambda_bal"": 0.0, ""lambda_usage_entropy"": 0.25, ""num_clusters"": 28, ""num_hops"": 4, ""tau_c"": 0.3, ""tau_s"": 0.12, ""usage_entropy_lower"": 0.65, ""usage_entropy_upper"": 0.9}",/autodl-fs/data/recap/tuning_hyperparams/interaction_tuning/results/interaction_perf_v2_beta_nontrivial/checkpoints/tau_perf__tau0p12/recap/trial_0/model.pt
tau_perf__tau0p12,tau_perf,0,Amazon,0.7201739202053965,0.1295219325133334,"{""assignment_entropy_lower"": 0.45, ""assignment_entropy_upper"": 0.85, ""beta"": 0.02, ""cluster_init_gain"": 2.0, ""epochs"": 100, ""knn_k"": 20, ""lambda_E"": 0.1, ""lambda_H"": 0.2, ""lambda_bal"": 0.0, ""lambda_usage_entropy"": 0.25, ""num_clusters"": 28, ""num_hops"": 4, ""tau_c"": 0.3, ""tau_s"": 0.12, ""usage_entropy_lower"": 0.65, ""usage_entropy_upper"": 0.9}",/autodl-fs/data/recap/tuning_hyperparams/interaction_tuning/results/interaction_perf_v2_beta_nontrivial/checkpoints/tau_perf__tau0p12/recap/trial_0/model.pt
tau_perf__tau0p12,tau_perf,1,Facebook,0.5907954545454546,0.050966828483402796,"{""assignment_entropy_lower"": 0.45, ""assignment_entropy_upper"": 0.85, ""beta"": 0.02, ""cluster_init_gain"": 2.0, ""epochs"": 100, ""knn_k"": 20, ""lambda_E"": 0.1, ""lambda_H"": 0.2, ""lambda_bal"": 0.0, ""lambda_usage_entropy"": 0.25, ""num_clusters"": 28, ""num_hops"": 4, ""tau_c"": 0.3, ""tau_s"": 0.12, ""usage_entropy_lower"": 0.65, ""usage_entropy_upper"": 0.9}",/autodl-fs/data/recap/tuning_hyperparams/interaction_tuning/results/interaction_perf_v2_beta_nontrivial/checkpoints/tau_perf__tau0p12/recap/trial_1/model.pt
tau_perf__tau0p12,tau_perf,1,cora,0.82416992442012,0.4188556305851615,"{""assignment_entropy_lower"": 0.45, ""assignment_entropy_upper"": 0.85, ""beta"": 0.02, ""cluster_init_gain"": 2.0, ""epochs"": 100, ""knn_k"": 20, ""lambda_E"": 0.1, ""lambda_H"": 0.2, ""lambda_bal"": 0.0, ""lambda_usage_entropy"": 0.25, ""num_clusters"": 28, ""num_hops"": 4, ""tau_c"": 0.3, ""tau_s"": 0.12, ""usage_entropy_lower"": 0.65, ""usage_entropy_upper"": 0.9}",/autodl-fs/data/recap/tuning_hyperparams/interaction_tuning/results/interaction_perf_v2_beta_nontrivial/checkpoints/tau_perf__tau0p12/recap/trial_1/model.pt
tau_perf__tau0p12,tau_perf,1,citeseer,0.9001028223691113,0.46782671723181446,"{""assignment_entropy_lower"": 0.45, ""assignment_entropy_upper"": 0.85, ""beta"": 0.02, ""cluster_init_gain"": 2.0, ""epochs"": 100, ""knn_k"": 20, ""lambda_E"": 0.1, ""lambda_H"": 0.2, ""lambda_bal"": 0.0, ""lambda_usage_entropy"": 0.25, ""num_clusters"": 28, ""num_hops"": 4, ""tau_c"": 0.3, ""tau_s"": 0.12, ""usage_entropy_lower"": 0.65, ""usage_entropy_upper"": 0.9}",/autodl-fs/data/recap/tuning_hyperparams/interaction_tuning/results/interaction_perf_v2_beta_nontrivial/checkpoints/tau_perf__tau0p12/recap/trial_1/model.pt
tau_perf__tau0p12,tau_perf,1,ACM,0.7727660775078262,0.3722285633960589,"{""assignment_entropy_lower"": 0.45, ""assignment_entropy_upper"": 0.85, ""beta"": 0.02, ""cluster_init_gain"": 2.0, ""epochs"": 100, ""knn_k"": 20, ""lambda_E"": 0.1, ""lambda_H"": 0.2, ""lambda_bal"": 0.0, ""lambda_usage_entropy"": 0.25, ""num_clusters"": 28, ""num_hops"": 4, ""tau_c"": 0.3, ""tau_s"": 0.12, ""usage_entropy_lower"": 0.65, ""usage_entropy_upper"": 0.9}",/autodl-fs/data/recap/tuning_hyperparams/interaction_tuning/results/interaction_perf_v2_beta_nontrivial/checkpoints/tau_perf__tau0p12/recap/trial_1/model.pt
tau_perf__tau0p12,tau_perf,1,BlogCatalog,0.7268287037037038,0.3268429891757111,"{""assignment_entropy_lower"": 0.45, ""assignment_entropy_upper"": 0.85, ""beta"": 0.02, ""cluster_init_gain"": 2.0, ""epochs"": 100, ""knn_k"": 20, ""lambda_E"": 0.1, ""lambda_H"": 0.2, ""lambda_bal"": 0.0, ""lambda_usage_entropy"": 0.25, ""num_clusters"": 28, ""num_hops"": 4, ""tau_c"": 0.3, ""tau_s"": 0.12, ""usage_entropy_lower"": 0.65, ""usage_entropy_upper"": 0.9}",/autodl-fs/data/recap/tuning_hyperparams/interaction_tuning/results/interaction_perf_v2_beta_nontrivial/checkpoints/tau_perf__tau0p12/recap/trial_1/model.pt
tau_perf__tau0p12,tau_perf,1,weibo,0.7360531363246998,0.3097289127046091,"{""assignment_entropy_lower"": 0.45, ""assignment_entropy_upper"": 0.85, ""beta"": 0.02, ""cluster_init_gain"": 2.0, ""epochs"": 100, ""knn_k"": 20, ""lambda_E"": 0.1, ""lambda_H"": 0.2, ""lambda_bal"": 0.0, ""lambda_usage_entropy"": 0.25, ""num_clusters"": 28, ""num_hops"": 4, ""tau_c"": 0.3, ""tau_s"": 0.12, ""usage_entropy_lower"": 0.65, ""usage_entropy_upper"": 0.9}",/autodl-fs/data/recap/tuning_hyperparams/interaction_tuning/results/interaction_perf_v2_beta_nontrivial/checkpoints/tau_perf__tau0p12/recap/trial_1/model.pt
tau_perf__tau0p12,tau_perf,1,Reddit,0.5922172318992287,0.04703981329197082,"{""assignment_entropy_lower"": 0.45, ""assignment_entropy_upper"": 0.85, ""beta"": 0.02, ""cluster_init_gain"": 2.0, ""epochs"": 100, ""knn_k"": 20, ""lambda_E"": 0.1, ""lambda_H"": 0.2, ""lambda_bal"": 0.0, ""lambda_usage_entropy"": 0.25, ""num_clusters"": 28, ""num_hops"": 4, ""tau_c"": 0.3, ""tau_s"": 0.12, ""usage_entropy_lower"": 0.65, ""usage_entropy_upper"": 0.9}",/autodl-fs/data/recap/tuning_hyperparams/interaction_tuning/results/interaction_perf_v2_beta_nontrivial/checkpoints/tau_perf__tau0p12/recap/trial_1/model.pt
tau_perf__tau0p12,tau_perf,1,Amazon,0.7076337668090895,0.12360007728249518,"{""assignment_entropy_lower"": 0.45, ""assignment_entropy_upper"": 0.85, ""beta"": 0.02, ""cluster_init_gain"": 2.0, ""epochs"": 100, ""knn_k"": 20, ""lambda_E"": 0.1, ""lambda_H"": 0.2, ""lambda_bal"": 0.0, ""lambda_usage_entropy"": 0.25, ""num_clusters"": 28, ""num_hops"": 4, ""tau_c"": 0.3, ""tau_s"": 0.12, ""usage_entropy_lower"": 0.65, ""usage_entropy_upper"": 0.9}",/autodl-fs/data/recap/tuning_hyperparams/interaction_tuning/results/interaction_perf_v2_beta_nontrivial/checkpoints/tau_perf__tau0p12/recap/trial_1/model.pt
tau_perf__tau0p12,tau_perf,2,Facebook,0.5777462121212121,0.03312113101172859,"{""assignment_entropy_lower"": 0.45, ""assignment_entropy_upper"": 0.85, ""beta"": 0.02, ""cluster_init_gain"": 2.0, ""epochs"": 100, ""knn_k"": 20, ""lambda_E"": 0.1, ""lambda_H"": 0.2, ""lambda_bal"": 0.0, ""lambda_usage_entropy"": 0.25, ""num_clusters"": 28, ""num_hops"": 4, ""tau_c"": 0.3, ""tau_s"": 0.12, ""usage_entropy_lower"": 0.65, ""usage_entropy_upper"": 0.9}",/autodl-fs/data/recap/tuning_hyperparams/interaction_tuning/results/interaction_perf_v2_beta_nontrivial/checkpoints/tau_perf__tau0p12/recap/trial_2/model.pt
tau_perf__tau0p12,tau_perf,2,cora,0.8187620536877769,0.4041916907418911,"{""assignment_entropy_lower"": 0.45, ""assignment_entropy_upper"": 0.85, ""beta"": 0.02, ""cluster_init_gain"": 2.0, ""epochs"": 100, ""knn_k"": 20, ""lambda_E"": 0.1, ""lambda_H"": 0.2, ""lambda_bal"": 0.0, ""lambda_usage_entropy"": 0.25, ""num_clusters"": 28, ""num_hops"": 4, ""tau_c"": 0.3, ""tau_s"": 0.12, ""usage_entropy_lower"": 0.65, ""usage_entropy_upper"": 0.9}",/autodl-fs/data/recap/tuning_hyperparams/interaction_tuning/results/interaction_perf_v2_beta_nontrivial/checkpoints/tau_perf__tau0p12/recap/trial_2/model.pt
tau_perf__tau0p12,tau_perf,2,citeseer,0.9028538453467632,0.4497119227336508,"{""assignment_entropy_lower"": 0.45, ""assignment_entropy_upper"": 0.85, ""beta"": 0.02, ""cluster_init_gain"": 2.0, ""epochs"": 100, ""knn_k"": 20, ""lambda_E"": 0.1, ""lambda_H"": 0.2, ""lambda_bal"": 0.0, ""lambda_usage_entropy"": 0.25, ""num_clusters"": 28, ""num_hops"": 4, ""tau_c"": 0.3, ""tau_s"": 0.12, ""usage_entropy_lower"": 0.65, ""usage_entropy_upper"": 0.9}",/autodl-fs/data/recap/tuning_hyperparams/interaction_tuning/results/interaction_perf_v2_beta_nontrivial/checkpoints/tau_perf__tau0p12/recap/trial_2/model.pt
tau_perf__tau0p12,tau_perf,2,ACM,0.7865019058912616,0.3769963516430447,"{""assignment_entropy_lower"": 0.45, ""assignment_entropy_upper"": 0.85, ""beta"": 0.02, ""cluster_init_gain"": 2.0, ""epochs"": 100, ""knn_k"": 20, ""lambda_E"": 0.1, ""lambda_H"": 0.2, ""lambda_bal"": 0.0, ""lambda_usage_entropy"": 0.25, ""num_clusters"": 28, ""num_hops"": 4, ""tau_c"": 0.3, ""tau_s"": 0.12, ""usage_entropy_lower"": 0.65, ""usage_entropy_upper"": 0.9}",/autodl-fs/data/recap/tuning_hyperparams/interaction_tuning/results/interaction_perf_v2_beta_nontrivial/checkpoints/tau_perf__tau0p12/recap/trial_2/model.pt
tau_perf__tau0p12,tau_perf,2,BlogCatalog,0.7300776143790849,0.32890233140141534,"{""assignment_entropy_lower"": 0.45, ""assignment_entropy_upper"": 0.85, ""beta"": 0.02, ""cluster_init_gain"": 2.0, ""epochs"": 100, ""knn_k"": 20, ""lambda_E"": 0.1, ""lambda_H"": 0.2, ""lambda_bal"": 0.0, ""lambda_usage_entropy"": 0.25, ""num_clusters"": 28, ""num_hops"": 4, ""tau_c"": 0.3, ""tau_s"": 0.12, ""usage_entropy_lower"": 0.65, ""usage_entropy_upper"": 0.9}",/autodl-fs/data/recap/tuning_hyperparams/interaction_tuning/results/interaction_perf_v2_beta_nontrivial/checkpoints/tau_perf__tau0p12/recap/trial_2/model.pt
tau_perf__tau0p12,tau_perf,2,weibo,0.7769729243565843,0.31286927316770624,"{""assignment_entropy_lower"": 0.45, ""assignment_entropy_upper"": 0.85, ""beta"": 0.02, ""cluster_init_gain"": 2.0, ""epochs"": 100, ""knn_k"": 20, ""lambda_E"": 0.1, ""lambda_H"": 0.2, ""lambda_bal"": 0.0, ""lambda_usage_entropy"": 0.25, ""num_clusters"": 28, ""num_hops"": 4, ""tau_c"": 0.3, ""tau_s"": 0.12, ""usage_entropy_lower"": 0.65, ""usage_entropy_upper"": 0.9}",/autodl-fs/data/recap/tuning_hyperparams/interaction_tuning/results/interaction_perf_v2_beta_nontrivial/checkpoints/tau_perf__tau0p12/recap/trial_2/model.pt
tau_perf__tau0p12,tau_perf,2,Reddit,0.5873891072691285,0.04513858322060485,"{""assignment_entropy_lower"": 0.45, ""assignment_entropy_upper"": 0.85, ""beta"": 0.02, ""cluster_init_gain"": 2.0, ""epochs"": 100, ""knn_k"": 20, ""lambda_E"": 0.1, ""lambda_H"": 0.2, ""lambda_bal"": 0.0, ""lambda_usage_entropy"": 0.25, ""num_clusters"": 28, ""num_hops"": 4, ""tau_c"": 0.3, ""tau_s"": 0.12, ""usage_entropy_lower"": 0.65, ""usage_entropy_upper"": 0.9}",/autodl-fs/data/recap/tuning_hyperparams/interaction_tuning/results/interaction_perf_v2_beta_nontrivial/checkpoints/tau_perf__tau0p12/recap/trial_2/model.pt
tau_perf__tau0p12,tau_perf,2,Amazon,0.7303940070701166,0.1302873631877145,"{""assignment_entropy_lower"": 0.45, ""assignment_entropy_upper"": 0.85, ""beta"": 0.02, ""cluster_init_gain"": 2.0, ""epochs"": 100, ""knn_k"": 20, ""lambda_E"": 0.1, ""lambda_H"": 0.2, ""lambda_bal"": 0.0, ""lambda_usage_entropy"": 0.25, ""num_clusters"": 28, ""num_hops"": 4, ""tau_c"": 0.3, ""tau_s"": 0.12, ""usage_entropy_lower"": 0.65, ""usage_entropy_upper"": 0.9}",/autodl-fs/data/recap/tuning_hyperparams/interaction_tuning/results/interaction_perf_v2_beta_nontrivial/checkpoints/tau_perf__tau0p12/recap/trial_2/model.pt
