run_id,method,supervised,dataset,display_name,domain,seed,evaluation_population,query_nodes,node_count,auroc,auprc,train_seconds,inference_seconds,total_seconds,peak_gpu_allocated_bytes,peak_gpu_reserved_bytes,peak_process_rss_kib,reload_max_abs_diff,reload_tolerance,score_sha256,query_mask_sha256,raw_sha256,label_audit_passed,checkpoint_reload_passed
ofo__gcn__pubmed__seed0,GCN,True,pubmed,PubMed,Citation,0,stratified_test_40pct,7888,19717,0.8120614321827058,0.14155819613005616,1.342947244644165,0.00039854831993579865,1.4961512591689825,83000832,90177536,1659820,1.1920928955078125e-07,1.4999897757661529e-05,9886a8b02aaa528900897045c56d4db182657d4dde8adc5934989b998143271c,5b0bb4b0f00e258c0f90bd7717c02f2b7032ffc2c3344332db6a0026f69938fc,630b73bbe79261d13ec71cede9b71c124da5be39d48817f829fe6ae4102b51e3,True,True
ofo__gcn__cora__seed0,GCN,True,cora,Cora,Citation,0,stratified_test_40pct,1084,2708,0.7545328776041665,0.4243759293529828,0.8361075408756733,0.0006699394434690475,0.899209089577198,37236736,44040192,1623648,0.0,1.2660879292525351e-05,c05f0ac16136b8cf08968b57da5e871e39d0138db7cd0888a6577715acf92e12,266481401a8f29964de23617875ff26c0c35f21fab93fcd41a8258a438cb3ca0,1f67271a4355d88efbc11fb4d67419c2e83f8f0f8bc5c5703d4cedb8f2fcca37,True,True
ofo__gcn__citeseer__seed0,GCN,True,citeseer,CiteSeer,Citation,0,stratified_test_40pct,1332,3327,0.7744169287211742,0.4687519166108487,0.8497544471174479,0.0006281770765781403,0.9214671012014151,72483328,79691776,1595452,5.960464477539063e-08,1.2716290257230867e-05,a57641dc531588952ddcdb675ca8e5c0e80d1c8f38f2b8e585d0cab4d50d5b3a,c31613a59a320ba25eb3ab9f1f5aa1eb7b72c45b2b68d09db820ac29a88a88de,9a5dd61bb1840f0ec448b24bd9bfce44a5a922f5dc9060846221b36c02f41a2e,True,True
ofo__gcn__ACM__seed0,GCN,True,ACM,ACM,Citation,0,stratified_test_40pct,6594,16484,0.7927902452192291,0.4025922313496213,3.355271825566888,0.00101470947265625,3.846203913912177,602225664,620756992,1624544,1.1920928955078125e-07,1.4999988707131706e-05,2c75c7ed7114a05409682682181760752c9a7f4f95f036dcb06f7fcc51383e10,cd4f1285f2948d897e6724fe49db6aacd543cc5bc15d545217206e6bf7ac5277,31833bd23c8fa8d3aa3358876ebea43cf77d03fb4068f2a3b73b3d7dda2b6e98,True,True
ofo__gcn__Flickr__seed0,GCN,True,Flickr,Flickr,Social,0,stratified_test_40pct,3030,7575,0.8070214424951268,0.5509250144835858,2.87667154148221,0.0008497033268213272,3.385652417317033,460367360,478150656,1640784,1.1920928955078125e-07,1.4982705579313915e-05,25380382c028ff97e18579278aab73e650198e3f9b8c07d666330a3930ed39b2,a5fa9fb818b4507783e39297e72b9bd670aa0f5a2789c0bab1308754dc48fc38,350986debdbf452359a5edf510649188341de3d0bbaa17e3362e5643d256c88f,True,True
ofo__gcn__BlogCatalog__seed0,GCN,True,BlogCatalog,BlogCatalog,Social,0,stratified_test_40pct,2079,5196,0.7741449719244513,0.4930729311999124,3.173897013068199,0.0006653368473052979,3.5167819932103157,242923520,266338304,1630632,1.1920928955078125e-07,1.4942061170586385e-05,d4515fe1c7779d4d2845e8f8e7929854e1a4f8a9025515b818478b72b0612d6a,901fcc87becfdef95dfcccdd39375f3a8a7b332b75d0c4bdad3a1e5966dff5be,65a532eee6903842d684772847f3771a4f16225841ca891af7f3f8b72e68ce5a,True,True
ofo__gcn__Facebook__seed0,GCN,True,Facebook,Facebook,Social,0,stratified_test_40pct,433,1081,0.9846335697399528,0.7709235209235209,1.3004067167639732,0.0009450558573007584,1.3542232103645802,29070336,31457280,1667844,5.960464477539063e-08,1.4984412700869143e-05,5b9d5a34df2573dba9e2ca84612bb44e03d93b5843042755b13fbc348881e2cd,96e83e29e231e603f465b5567f50aca59be4d2aa1aa8c4249d2f71862d8e16e7,606d8cce2f9a9d2829244f5691d1abf0c3a5e0f28a2ade25a7ca7df304184163,True,True
ofo__gcn__weibo__seed0,GCN,True,weibo,Weibo,Social,0,stratified_test_40pct,3362,8405,0.9924641920082584,0.9679711716293817,1.6285697035491467,0.00039917975664138794,1.9770218916237354,145681408,155189248,1649076,1.1920928955078125e-07,1.4999999621068127e-05,85b4228e8028a7c59b70c938565513b177eaa08889f9298ef82610df57df12b2,9ac9f728107c2a5e48437df7966bf2f0b2d566ea60af345cc9efcf563376a2e1,b79248b7ea8329fbfffc6b0c97e73e5e930a79cb5ffa6d0e529117b9bae9b5da,True,True
ofo__gcn__Reddit__seed0,GCN,True,Reddit,Reddit,Social,0,stratified_test_40pct,4394,10984,0.7137883644156979,0.07914149819005786,1.5700398907065392,0.0008451882749795914,1.7052254471927881,49421312,69206016,1600616,1.1920928955078125e-07,1.4170827853376977e-05,df8a0ba5509c5881ebb632950998011cec153f004b66f9785d504cdac5885338,7696e0596bbf4feb64f2af8c5bbef45245989e298dfbd90abe0b7af92a33d6fa,533a739caa38939dff51f1902e6705fbb4e727badf1d408fc0d1b45467cf4fd3,True,True
ofo__gcn__questions__seed0,GCN,True,questions,Questions,Q&A,0,stratified_test_40pct,19569,48921,0.7221128522517777,0.14719829463423062,1.9063424356281757,0.0007469169795513153,2.488064343109727,146294784,171966464,1648192,1.7881393432617188e-07,1.4999988707131706e-05,1525105f308d1ff5e2ce01c4f05889e2a28aa75044915b4a27896bf3892fbbed,63d730d5e6752c9128d935ae9804f49e4e1f4dc9a20f5da76d485e0266b7aa4e,549173adf44d795b539e219296bb68895e416e84868ac1abc0f512a2c29a5e97,True,True
ofo__gcn__YelpChi__seed0,GCN,True,YelpChi,YelpChi,E-commerce,0,stratified_test_40pct,9533,23831,0.8688526041437308,0.3739430124548488,1.795061970129609,0.0004207007586956024,1.914710571989417,49398784,71303168,1634536,2.9802322387695312e-08,1.4968190953368321e-05,b2d4bcc8cc3c4618b13afb66d64c28ffdc855fdd0f91486ca42993e8c126c8bb,5d52e8f7da66ab03fd05cc714065926800578e925521bd0b2a6c6de561dac59d,61eae7fd894b54840eb7038d52bbf9e3802704ccd16a74526dd2fff3cbff72ca,True,True
ofo__gcn__Amazon__seed0,GCN,True,Amazon,Amazon,E-commerce,0,stratified_test_40pct,4090,10224,0.864769584577178,0.3681111443578244,1.6865967102348804,0.0006852522492408752,1.9255770035088062,74349056,88080384,1638684,1.1920928955078125e-07,1.4999305676610675e-05,5cfed4b5682a4ba275346cfde42e46400880e55889d90f2f2bc5d3f6636fc839,daf594ddf907677434bc7ac4b22df4e688c2b400d40efd7731e791732eac550e,6677b4f17f594c4169df3717fc9da9c6b06d1dfcc28e5f0d42beedf4c7843dd3,True,True
ofo__gcn__pubmed__seed1,GCN,True,pubmed,PubMed,Citation,1,stratified_test_40pct,7888,19717,0.8027806834030682,0.12529015220906384,1.661406647413969,0.0008265189826488495,1.8351073283702135,83000832,90177536,1585548,1.1920928955078125e-07,1.499999052612111e-05,53e4a37ecbf7ee1d8620a50d3b6cd7a9dc839a068461cb860d5225726fb35e9d,9f3d61f2c49d1dd1d538a07f95880047d66e47d5df10a693a152866f3f5e0877,630b73bbe79261d13ec71cede9b71c124da5be39d48817f829fe6ae4102b51e3,True,True
ofo__gcn__cora__seed1,GCN,True,cora,Cora,Citation,1,stratified_test_40pct,1084,2708,0.7574055989583334,0.49189585169230604,0.6845641918480396,0.0003623589873313904,0.7231143806129694,37236736,44040192,1625372,5.960464477539063e-08,1.2580551810970064e-05,ebac9a672797651d328b58e1b5dacd09c3a4f4bf5b1d147aaf17d30828fda72b,6abbfdc3951da4fdcb87c9773256ba320f73eba9c71c4dd6716807559155af07,1f67271a4355d88efbc11fb4d67419c2e83f8f0f8bc5c5703d4cedb8f2fcca37,True,True
ofo__gcn__citeseer__seed1,GCN,True,citeseer,CiteSeer,Citation,1,stratified_test_40pct,1332,3327,0.800943396226415,0.4998584424289562,0.7123549841344357,0.0008553192019462585,0.7861296311020851,72483328,79691776,1626944,0.0,1.253662776434794e-05,a41e9783f3beffaa3940b1fb7bdae740b068e5f96d7ebf7010e9fb5cffd34930,8f168ebbe77e18957898204331e0a115943d07b850810255d2503a91c8da1dbb,9a5dd61bb1840f0ec448b24bd9bfce44a5a922f5dc9060846221b36c02f41a2e,True,True
ofo__gcn__ACM__seed1,GCN,True,ACM,ACM,Citation,1,stratified_test_40pct,6594,16484,0.7944421583505887,0.4119731150064949,3.1052237059921026,0.0010509546846151352,3.6451645381748676,602225664,620756992,1605472,5.960464477539063e-08,1.4999784980318509e-05,6a07d0c3d7d73eade733590895bb5a74b57d8ad393e952011b08205abda00ef9,0091c6cedab65ed9b022bc361f649a75bfbdb1c7f0cf154004b9f78476cff2e8,31833bd23c8fa8d3aa3358876ebea43cf77d03fb4068f2a3b73b3d7dda2b6e98,True,True
ofo__gcn__Flickr__seed1,GCN,True,Flickr,Flickr,Social,1,stratified_test_40pct,3030,7575,0.7614970760233917,0.572393144575825,2.2457571886479855,0.0007891915738582611,2.7071041464805603,460367360,478150656,1603516,5.960464477539063e-08,1.4429058865061961e-05,5cd601a52d8c4dcd8e7fc48bd97cc9251aac66a3b354a50430fae404179c1983,48831d9cc3856ae869db4f5f06113e5b21b42ef3f9d1cd1e9bbafb61bcffee83,350986debdbf452359a5edf510649188341de3d0bbaa17e3362e5643d256c88f,True,True
ofo__gcn__BlogCatalog__seed1,GCN,True,BlogCatalog,BlogCatalog,Social,1,stratified_test_40pct,2079,5196,0.7519737961545006,0.5238849019411734,3.4014992639422417,0.0007691960781812668,3.714290803298354,242923520,266338304,1611176,1.1920928955078125e-07,1.4919522072887048e-05,911abeda65302d61de6fa6cee5d6351ee639465ccfd82fe78c701c904f5dca60,f929841fcfe32222e40b4773c001d179f80c25e54ce0f5cecd02eb3d90b47b9c,65a532eee6903842d684772847f3771a4f16225841ca891af7f3f8b72e68ce5a,True,True
ofo__gcn__Facebook__seed1,GCN,True,Facebook,Facebook,Social,1,stratified_test_40pct,433,1081,0.9943262411347518,0.6642596292596292,1.1567798480391502,0.00039416179060935974,1.1991225238889456,29070336,31457280,1597772,5.960464477539063e-08,1.4993884178693406e-05,5b7c3d8d41f99e29b8497b299c50a9897d3bb6fe5c732cbe6f324fcd2c8a8fef,39d744344da2d10fc767341d864e89b526443e66764834d337462a03fb7ca71e,606d8cce2f9a9d2829244f5691d1abf0c3a5e0f28a2ade25a7ca7df304184163,True,True
ofo__gcn__weibo__seed1,GCN,True,weibo,Weibo,Social,1,stratified_test_40pct,3362,8405,0.9946989356770423,0.971302716494886,1.5346226524561644,0.0007861778140068054,1.978636348620057,145681408,155189248,1643700,1.1920928955078125e-07,1.4999999621068127e-05,bacf319fc5c4e8fd14a78b4aa79b6a1ad1dd8b4e51df7cb35933bc1d93fc4cc8,d37d9f9dbfe5c10755aec0ed9ff8c3b8e6ed17342865616b254835aafe561648,b79248b7ea8329fbfffc6b0c97e73e5e930a79cb5ffa6d0e529117b9bae9b5da,True,True
ofo__gcn__Reddit__seed1,GCN,True,Reddit,Reddit,Social,1,stratified_test_40pct,4394,10984,0.607944943930009,0.056467859501182716,0.7841030415147543,0.0005891378968954086,0.9065223708748817,49421312,69206016,1602684,5.960464477539063e-08,1.284721747651929e-05,a7d1727c0476ed2a2a7cd537c35066d92d8016c4a7e07610ef2daece0e7f42f7,ed52353a9b1f7cf0eba5624e32854aebf09112726793aef75aae48d537e57d6c,533a739caa38939dff51f1902e6705fbb4e727badf1d408fc0d1b45467cf4fd3,True,True
ofo__gcn__questions__seed1,GCN,True,questions,Questions,Q&A,1,stratified_test_40pct,19569,48921,0.7518535271176596,0.16520269954158653,1.9186015240848064,0.0003954600542783737,2.4851697869598866,146294784,171966464,1680028,1.1920928955078125e-07,1.4999721315689385e-05,06c639357a6c944972e03d66de9a3d567ccd406dd392278ec3e4ed5b4b72f102,c147518b108b839ae23e9e7ba97a856beec84bbe4ca219eea97081c6dcba16b7,549173adf44d795b539e219296bb68895e416e84868ac1abc0f512a2c29a5e97,True,True
ofo__gcn__YelpChi__seed1,GCN,True,YelpChi,YelpChi,E-commerce,1,stratified_test_40pct,9533,23831,0.852457278586608,0.3582341919018355,1.5989481303840876,0.0007025040686130524,1.7413106076419353,49398784,71303168,1602740,1.4901161193847656e-08,1.497208904766012e-05,a274b1336fa9b8de1359eba9584f5edb117ed34af8a70ec7ddabd6c5d7af2f52,589fec2a6ae5ea629af7884adb0ad58666ab3a644c928be02d41cc470bb2bdd2,61eae7fd894b54840eb7038d52bbf9e3802704ccd16a74526dd2fff3cbff72ca,True,True
ofo__gcn__Amazon__seed1,GCN,True,Amazon,Amazon,E-commerce,1,stratified_test_40pct,4090,10224,0.8670939527608855,0.3607815990103973,1.3992838952690363,0.00041757524013519287,1.5632751397788525,74349056,88080384,1642172,1.1920928955078125e-07,1.4999897757661529e-05,4b29f9683ccf382dbfa8b6e5f52eb03c060415433ba10fcb55b27546fb19f7cc,bc2da4ea4dcc178e8a391a3e11c7b55345c725b615bb6ae243b33918f9ba0397,6677b4f17f594c4169df3717fc9da9c6b06d1dfcc28e5f0d42beedf4c7843dd3,True,True
ofo__gcn__pubmed__seed2,GCN,True,pubmed,PubMed,Citation,2,stratified_test_40pct,7888,19717,0.8125746382496514,0.22207602547969085,1.611418068408966,0.0004153028130531311,1.7795741874724627,83000832,90177536,1587244,1.1920928955078125e-07,1.499992413300788e-05,e3350f2c6d1d47d945899dcb28a9159b3ab5f3f3c633ce8982a3f95413c88424,566d3c809ebc19606eb4fd34f4c550899524c3884208411ed771792f222e65f8,630b73bbe79261d13ec71cede9b71c124da5be39d48817f829fe6ae4102b51e3,True,True
ofo__gcn__cora__seed2,GCN,True,cora,Cora,Citation,2,stratified_test_40pct,1084,2708,0.7419759114583334,0.36095098043159296,0.8912699893116951,0.00038238614797592163,0.9338384624570608,37236736,44040192,1626452,5.960464477539063e-08,1.3268750080897007e-05,d967e4f3624338fefdf403e0e16cd530fb4be6684215d388d6e09cd5df65fc59,fbe8afd915415843aebf1a18016bcc7a017b96136bb43f9bb19ffe1586c66f42,1f67271a4355d88efbc11fb4d67419c2e83f8f0f8bc5c5703d4cedb8f2fcca37,True,True
ofo__gcn__citeseer__seed2,GCN,True,citeseer,CiteSeer,Citation,2,stratified_test_40pct,1332,3327,0.8106197589098533,0.38308272548327044,1.3987082317471504,0.0005765017122030258,1.473202122375369,72483328,79691776,1593560,0.0,1.4996932804933749e-05,e3e5b81829769966fb50319e00e3ca18c3fe32f923d884da1af05f4a942c941f,62f110f04a1aca56006790e5623817d508714a6e0d85133301889e9ad3ab7151,9a5dd61bb1840f0ec448b24bd9bfce44a5a922f5dc9060846221b36c02f41a2e,True,True
ofo__gcn__ACM__seed2,GCN,True,ACM,ACM,Citation,2,stratified_test_40pct,6594,16484,0.7518173348827563,0.38860312566377514,1.473112067207694,0.0010133348405361176,1.9472616482526064,602225664,620756992,1613476,5.960464477539063e-08,1.452725518902298e-05,92ae6a94cecb53ce49c4d708baeba3b227552117aaa779cbcc4e3751f8ede931,536452c5fd5cba5e79563bfbc93796e3aedc244377e4c0fb88c52f0f1092ea54,31833bd23c8fa8d3aa3358876ebea43cf77d03fb4068f2a3b73b3d7dda2b6e98,True,True
ofo__gcn__Flickr__seed2,GCN,True,Flickr,Flickr,Social,2,stratified_test_40pct,3030,7575,0.8276998050682262,0.592209003789811,3.33034959807992,0.0006581451743841171,3.752628907561302,460367360,478150656,1657220,1.1920928955078125e-07,1.4999894119682722e-05,78e1557c494594fdda4c244c5a73300fff4d5efb29ddf2f395f518508d93d8ea,1913cc1a3b3db238eaa75d897f0329811b371dd36351cf2323c4819f07ab9845,350986debdbf452359a5edf510649188341de3d0bbaa17e3362e5643d256c88f,True,True
ofo__gcn__BlogCatalog__seed2,GCN,True,BlogCatalog,BlogCatalog,Social,2,stratified_test_40pct,2079,5196,0.7607708014293006,0.4383848510465381,3.8031124901026487,0.0005880426615476608,4.0924556870013475,242923520,266338304,1641660,1.1920928955078125e-07,1.4911298421793617e-05,954743e6a02d4ca2ddf502a58d85537dbd9f0d71cf285fb41593d04947ce640e,3bdbda3bdbc5b84e8c3fd9184db2a9a3e35ada5d41d4128260952190b6cf0a0c,65a532eee6903842d684772847f3771a4f16225841ca891af7f3f8b72e68ce5a,True,True
ofo__gcn__Facebook__seed2,GCN,True,Facebook,Facebook,Social,2,stratified_test_40pct,433,1081,0.9959810874704491,0.7626911976911976,1.2653681803494692,0.0006779935210943222,1.3125672359019518,29070336,31457280,1627136,2.9802322387695312e-08,1.4963667126721703e-05,83996fee00bd7d25e35e531ee7818376e929199669788e180536559e979c4be8,33cade43fc2ea9bba1ed403d1eea489a8be291ee553a8bd88f885bca8708f5db,606d8cce2f9a9d2829244f5691d1abf0c3a5e0f28a2ade25a7ca7df304184163,True,True
ofo__gcn__weibo__seed2,GCN,True,weibo,Weibo,Social,2,stratified_test_40pct,3362,8405,0.991749226967946,0.9665751988740869,1.6321213319897652,0.000693758949637413,1.9605080131441355,145681408,155189248,1654288,1.1920928955078125e-07,1.4999999621068127e-05,ac01a9ff405d02edb90bd2d588a5ebebd5bf0d832e7e25706e68778512e7ffea,de7a3c9f5fcbbc46e86ee218ca2c2bcc5d1eabb47c08b951b0bfdd4d35b186b2,b79248b7ea8329fbfffc6b0c97e73e5e930a79cb5ffa6d0e529117b9bae9b5da,True,True
ofo__gcn__Reddit__seed2,GCN,True,Reddit,Reddit,Social,2,stratified_test_40pct,4394,10984,0.598747575319273,0.052146129325570896,0.6846048831939697,0.0008494909852743149,0.8092601858079433,49421312,69206016,1598744,8.940696716308594e-08,1.3209431926952675e-05,0858033978a52f9ed6fc648bd6d992ba1412c1249b27f108af5fd7fb40c7e9e9,bdbac97417b05aa50da6da8243370f649569e29f85c930a96c78ab67622bfac7,533a739caa38939dff51f1902e6705fbb4e727badf1d408fc0d1b45467cf4fd3,True,True
ofo__gcn__questions__seed2,GCN,True,questions,Questions,Q&A,2,stratified_test_40pct,19569,48921,0.739867947297975,0.1457464802086701,1.566385393962264,0.0005873460322618484,2.0842568892985582,146294784,171966464,1651340,1.1920928955078125e-07,1.4999766790424474e-05,d4192a7ace11e0a3b97281383138b3db1a0f8921b155b9c54e9438c19818c0b0,d91307e3280c5b2ded0806beccaed9d29bb7b5cf613d4867ed57a559ad26d4d8,549173adf44d795b539e219296bb68895e416e84868ac1abc0f512a2c29a5e97,True,True
ofo__gcn__YelpChi__seed2,GCN,True,YelpChi,YelpChi,E-commerce,2,stratified_test_40pct,9533,23831,0.8624536421420791,0.38093763992847146,1.5484938155859709,0.00043310225009918213,1.667476987466216,49398784,71303168,1630580,5.960464477539063e-08,1.49443258123938e-05,8308e2114f2e518ecb0ba079d53dc4df232ebf0c8e4833ed8f732469dfb64e6a,65a8b5f66230ce95662bc08c1075fce566d094476738c787b4873002313bb4b7,61eae7fd894b54840eb7038d52bbf9e3802704ccd16a74526dd2fff3cbff72ca,True,True
ofo__gcn__Amazon__seed2,GCN,True,Amazon,Amazon,E-commerce,2,stratified_test_40pct,4090,10224,0.8557315321610186,0.33418132272687356,0.9607842396944761,0.0003675036132335663,1.1032810658216476,74349056,88080384,1647124,1.1920928955078125e-07,1.4999946870375425e-05,75de65f8925c1c186a55fd54d916a8e6392333446938711bc16fc33b28f70b7a,25da5978f343f9752dca8ece03c4c6e8ab47ee7d16566ae887ccbe85553514e5,6677b4f17f594c4169df3717fc9da9c6b06d1dfcc28e5f0d42beedf4c7843dd3,True,True
ofo__gat__pubmed__seed0,GAT,True,pubmed,PubMed,Citation,0,stratified_test_40pct,7888,19717,0.9057738406555091,0.5274148257443353,1.8064393661916256,0.0019568800926208496,2.01139628700912,195089920,243269632,1682868,1.9371509552001953e-07,1.4999997802078724e-05,d62069049f5027fe0e309347fe0c42a762cf7f5ca15d6665cbd188395406c5ef,5b0bb4b0f00e258c0f90bd7717c02f2b7032ffc2c3344332db6a0026f69938fc,630b73bbe79261d13ec71cede9b71c124da5be39d48817f829fe6ae4102b51e3,True,True
ofo__gat__cora__seed0,GAT,True,cora,Cora,Citation,0,stratified_test_40pct,1084,2708,0.8054280598958333,0.3228278632988617,2.4448314756155014,0.0013602636754512787,2.5288940649479628,51136512,67108864,1699896,1.1920928955078125e-07,1.4999999621068127e-05,9b7a617d32e3bc60626abfbcb207d7fd7d640f73be210794af091256cada7b08,266481401a8f29964de23617875ff26c0c35f21fab93fcd41a8258a438cb3ca0,1f67271a4355d88efbc11fb4d67419c2e83f8f0f8bc5c5703d4cedb8f2fcca37,True,True
ofo__gat__citeseer__seed0,GAT,True,citeseer,CiteSeer,Citation,0,stratified_test_40pct,1332,3327,0.8088639937106918,0.41025460366096417,1.588474465534091,0.0013666078448295593,1.7036453895270824,86037504,102760448,1702092,2.384185791015625e-07,1.4982144421082921e-05,52cbd5ff032a539a456101ad8d2a59eb518070579ed6ca03959d55accad44985,c31613a59a320ba25eb3ab9f1f5aa1eb7b72c45b2b68d09db820ac29a88a88de,9a5dd61bb1840f0ec448b24bd9bfce44a5a922f5dc9060846221b36c02f41a2e,True,True
ofo__gat__ACM__seed0,GAT,True,ACM,ACM,Citation,0,stratified_test_40pct,6594,16484,0.7785182161445046,0.3118585235859779,1.5032853204756975,0.0024948827922344208,2.103972679004073,767728640,824180736,1733672,1.1920928955078125e-07,1.4879942682455294e-05,1d3dcb8b90dcc298aa9e8995ce80f8762532860adf7ec2065ab05abcce00fc95,cd4f1285f2948d897e6724fe49db6aacd543cc5bc15d545217206e6bf7ac5277,31833bd23c8fa8d3aa3358876ebea43cf77d03fb4068f2a3b73b3d7dda2b6e98,True,True
ofo__gat__Flickr__seed0,GAT,True,Flickr,Flickr,Social,0,stratified_test_40pct,3030,7575,0.800738791423002,0.5113759267555322,1.2145660426467657,0.002492247149348259,1.6747632287442684,963075584,1103101952,1733656,1.1920928955078125e-07,1.3489994671544991e-05,c0d859990c6741e06f945b06b3569cf02142c8c95de053274b99fc7f224d03ac,a5fa9fb818b4507783e39297e72b9bd670aa0f5a2789c0bab1308754dc48fc38,350986debdbf452359a5edf510649188341de3d0bbaa17e3362e5643d256c88f,True,True
ofo__gat__BlogCatalog__seed0,GAT,True,BlogCatalog,BlogCatalog,Social,0,stratified_test_40pct,2079,5196,0.7498128296750042,0.25736475261047487,1.7866577915847301,0.0021969545632600784,2.0920178685337305,602887680,618659840,1718452,1.9371509552001953e-07,1.4889234989823308e-05,d38144eaba6766c85d5e0e38af48fd8fec02a4dc913d3dc4c18320ce21c0bc36,901fcc87becfdef95dfcccdd39375f3a8a7b332b75d0c4bdad3a1e5966dff5be,65a532eee6903842d684772847f3771a4f16225841ca891af7f3f8b72e68ce5a,True,True
ofo__gat__Facebook__seed0,GAT,True,Facebook,Facebook,Social,0,stratified_test_40pct,433,1081,0.9921985815602836,0.7726315789473683,1.2938697393983603,0.0022259727120399475,1.385440245270729,86382080,94371840,1699824,8.940696716308594e-08,1.4997290236351546e-05,f58a90777a0e6545af11158f123d850bc646c98f292c3e2a49e0014843f21068,96e83e29e231e603f465b5567f50aca59be4d2aa1aa8c4249d2f71862d8e16e7,606d8cce2f9a9d2829244f5691d1abf0c3a5e0f28a2ade25a7ca7df304184163,True,True
ofo__gat__weibo__seed0,GAT,True,weibo,Weibo,Social,0,stratified_test_40pct,3362,8405,0.9878188309174589,0.9346865587301981,0.9856217633932829,0.0020393021404743195,1.3762893229722977,918130688,952107008,1736764,1.1920928955078125e-07,1.2903931747132447e-05,1f96556a68cc4d741ba59fd0948512101b9088e641a289880e2111a06cc0fa42,9ac9f728107c2a5e48437df7966bf2f0b2d566ea60af345cc9efcf563376a2e1,b79248b7ea8329fbfffc6b0c97e73e5e930a79cb5ffa6d0e529117b9bae9b5da,True,True
ofo__gat__Reddit__seed0,GAT,True,Reddit,Reddit,Social,0,stratified_test_40pct,4394,10984,0.6938687412803596,0.062015973202939154,2.133093124255538,0.0020332932472229004,2.3141754921525717,221733376,272629760,1722204,1.7881393432617188e-07,1.3881262930226512e-05,ca99044398e73ee76198afd22794df95a02c664d8a6e400a14aa155d8bf1378c,7696e0596bbf4feb64f2af8c5bbef45245989e298dfbd90abe0b7af92a33d6fa,533a739caa38939dff51f1902e6705fbb4e727badf1d408fc0d1b45467cf4fd3,True,True
ofo__gat__questions__seed0,GAT,True,questions,Questions,Q&A,0,stratified_test_40pct,19569,48921,0.728912921520595,0.13635642748750904,1.9330540876835585,0.0020474009215831757,2.4887178111821413,499817472,622854144,1737904,2.086162567138672e-07,1.497388984716963e-05,2caf0fe88bd00690aab33feb02601602c36c9de7e5e4ab5a3eb43077272f7627,63d730d5e6752c9128d935ae9804f49e4e1f4dc9a20f5da76d485e0266b7aa4e,549173adf44d795b539e219296bb68895e416e84868ac1abc0f512a2c29a5e97,True,True
ofo__gat__YelpChi__seed0,GAT,True,YelpChi,YelpChi,E-commerce,0,stratified_test_40pct,9533,23831,0.8933096230491564,0.41591111684122334,2.320434369146824,0.0018612220883369446,2.4948100317269564,167775232,213909504,1711360,1.1920928955078125e-07,1.498271285527153e-05,37bdaf7f7e8d356e0e14b6824026e2f671a3633c6b1f025a485818b7f4bf05e6,5d52e8f7da66ab03fd05cc714065926800578e925521bd0b2a6c6de561dac59d,61eae7fd894b54840eb7038d52bbf9e3802704ccd16a74526dd2fff3cbff72ca,True,True
ofo__gat__Amazon__seed0,GAT,True,Amazon,Amazon,E-commerce,0,stratified_test_40pct,4090,10224,0.8676785952673781,0.44537187821106244,2.187507338821888,0.0023258011788129807,2.40132163092494,439211008,463470592,1712144,9.238719940185547e-07,1.4999997802078724e-05,ab218fc75d0457a8f7c2dc46eab4fd85fdaf732cafde76dad3dff2644471721a,daf594ddf907677434bc7ac4b22df4e688c2b400d40efd7731e791732eac550e,6677b4f17f594c4169df3717fc9da9c6b06d1dfcc28e5f0d42beedf4c7843dd3,True,True
ofo__gat__pubmed__seed1,GAT,True,pubmed,PubMed,Citation,1,stratified_test_40pct,7888,19717,0.912222694386332,0.6232799375386189,2.2565957084298134,0.0014160946011543274,2.4695981200784445,195089920,243269632,1689576,3.5762786865234375e-07,1.4999999621068127e-05,5d15c4c40d5b1682750ddeebffd70e312ee0f1303691c5a031a7d2c2609ba654,9f3d61f2c49d1dd1d538a07f95880047d66e47d5df10a693a152866f3f5e0877,630b73bbe79261d13ec71cede9b71c124da5be39d48817f829fe6ae4102b51e3,True,True
ofo__gat__cora__seed1,GAT,True,cora,Cora,Citation,1,stratified_test_40pct,1084,2708,0.8326171875000001,0.4326965486319788,1.5220746789127588,0.0018736869096755981,1.6093722973018885,51136512,67108864,1702340,1.4901161193847656e-07,1.4997203834354877e-05,7b4dd1f5d2c5330bdecacf61393b4114cfc4fdcdb4788618941189d99315536d,6abbfdc3951da4fdcb87c9773256ba320f73eba9c71c4dd6716807559155af07,1f67271a4355d88efbc11fb4d67419c2e83f8f0f8bc5c5703d4cedb8f2fcca37,True,True
ofo__gat__citeseer__seed1,GAT,True,citeseer,CiteSeer,Citation,1,stratified_test_40pct,1332,3327,0.8451126834381552,0.30391612177082405,1.26739601790905,0.0019147545099258423,1.3811282217502594,86037504,102760448,1700520,1.1920928955078125e-07,1.462866293877596e-05,9467554c1b48b5df1bd93523244d84877876d670f4c47063e0b95957e24f2715,8f168ebbe77e18957898204331e0a115943d07b850810255d2503a91c8da1dbb,9a5dd61bb1840f0ec448b24bd9bfce44a5a922f5dc9060846221b36c02f41a2e,True,True
ofo__gat__ACM__seed1,GAT,True,ACM,ACM,Citation,1,stratified_test_40pct,6594,16484,0.7849270333707522,0.4037370026383282,1.5910026151686907,0.0023865923285484314,2.131155462935567,767728640,824180736,1691232,1.1920928955078125e-07,1.443350629415363e-05,ca283eaf24765905473a9e3b0ae987dab834d8bd87635b1f7c97cf9ffc0bf795,0091c6cedab65ed9b022bc361f649a75bfbdb1c7f0cf154004b9f78476cff2e8,31833bd23c8fa8d3aa3358876ebea43cf77d03fb4068f2a3b73b3d7dda2b6e98,True,True
ofo__gat__Flickr__seed1,GAT,True,Flickr,Flickr,Social,1,stratified_test_40pct,3030,7575,0.737083820662768,0.46910031935512614,1.1813953015953302,0.002614988014101982,1.800421193242073,963075584,1103101952,1716972,8.940696716308594e-08,1.3038685210631229e-05,d140e7ffd7d4b4d24e4757bceddc7ffd118b816bd91077787bf082eaf834a8da,48831d9cc3856ae869db4f5f06113e5b21b42ef3f9d1cd1e9bbafb61bcffee83,350986debdbf452359a5edf510649188341de3d0bbaa17e3362e5643d256c88f,True,True
ofo__gat__BlogCatalog__seed1,GAT,True,BlogCatalog,BlogCatalog,Social,1,stratified_test_40pct,2079,5196,0.7947166921898929,0.4818629349212779,2.0856779646128416,0.0022228267043828964,2.4433270692825317,602887680,618659840,1725476,9.5367431640625e-07,1.4998746337369084e-05,deb7b653b55bf25ea0a43acf818b1266d53c8182db53beb205e0f1258ae89ee9,f929841fcfe32222e40b4773c001d179f80c25e54ce0f5cecd02eb3d90b47b9c,65a532eee6903842d684772847f3771a4f16225841ca891af7f3f8b72e68ce5a,True,True
ofo__gat__Facebook__seed1,GAT,True,Facebook,Facebook,Social,1,stratified_test_40pct,433,1081,0.9997635933806146,0.9909090909090909,1.349455550312996,0.0014727991074323654,1.4346642438322306,86382080,94371840,1699932,1.1920928955078125e-07,1.4974769328546245e-05,05f4c31836a7aa908ecbf430757b02160304b12a60d8e5081861cb7385b4e697,39d744344da2d10fc767341d864e89b526443e66764834d337462a03fb7ca71e,606d8cce2f9a9d2829244f5691d1abf0c3a5e0f28a2ade25a7ca7df304184163,True,True
ofo__gat__weibo__seed1,GAT,True,weibo,Weibo,Social,1,stratified_test_40pct,3362,8405,0.9933301790758026,0.9334656053414665,1.7606585063040257,0.002046370878815651,2.1293346993625164,918130688,952107008,1720956,2.2649765014648438e-06,1.499755944678327e-05,4010c5eeba3efdef8863a62d50ca9cf2d16325d70fea7a3e643d9652c3f20160,d37d9f9dbfe5c10755aec0ed9ff8c3b8e6ed17342865616b254835aafe561648,b79248b7ea8329fbfffc6b0c97e73e5e930a79cb5ffa6d0e529117b9bae9b5da,True,True
ofo__gat__Reddit__seed1,GAT,True,Reddit,Reddit,Social,1,stratified_test_40pct,4394,10984,0.6503798599731863,0.05244229401903576,1.1305869929492474,0.001955663785338402,1.2931712064892054,221733376,272629760,1718840,5.960464477539063e-08,1.2472389244067017e-05,1ac8264a94038fcdea59177063d64f95e32d24452802097ad73f6ecf7567780c,ed52353a9b1f7cf0eba5624e32854aebf09112726793aef75aae48d537e57d6c,533a739caa38939dff51f1902e6705fbb4e727badf1d408fc0d1b45467cf4fd3,True,True
ofo__gat__questions__seed1,GAT,True,questions,Questions,Q&A,1,stratified_test_40pct,19569,48921,0.7311120711737096,0.14146188781737748,1.9405170753598213,0.0020883921533823013,2.506133873015642,499817472,622854144,1732812,1.7881393432617188e-07,1.4991293937782757e-05,baa844067d9d99d7518037499bd265dda879ec7240553e185dc405b79bd22d60,c147518b108b839ae23e9e7ba97a856beec84bbe4ca219eea97081c6dcba16b7,549173adf44d795b539e219296bb68895e416e84868ac1abc0f512a2c29a5e97,True,True
ofo__gat__YelpChi__seed1,GAT,True,YelpChi,YelpChi,E-commerce,1,stratified_test_40pct,9533,23831,0.893488380856049,0.4183260625491464,2.019732413813472,0.0018581673502922058,2.2024891581386328,167775232,213909504,1709716,1.1920928955078125e-07,1.498861274740193e-05,4298b0b15e090e6a0b7f5a1728192689e81b0e93028aaef33239a742a10a86f7,589fec2a6ae5ea629af7884adb0ad58666ab3a644c928be02d41cc470bb2bdd2,61eae7fd894b54840eb7038d52bbf9e3802704ccd16a74526dd2fff3cbff72ca,True,True
ofo__gat__Amazon__seed1,GAT,True,Amazon,Amazon,E-commerce,1,stratified_test_40pct,4090,10224,0.9000417534162531,0.6859554399262573,1.8350850716233253,0.0017898473888635635,2.0263244938105345,439211008,463470592,1706252,7.152557373046875e-07,1.4999198356235866e-05,adf8d658af31718423671d13f66d272491dccc800e4929ecbefac30c48a1d2cd,bc2da4ea4dcc178e8a391a3e11c7b55345c725b615bb6ae243b33918f9ba0397,6677b4f17f594c4169df3717fc9da9c6b06d1dfcc28e5f0d42beedf4c7843dd3,True,True
ofo__gat__pubmed__seed2,GAT,True,pubmed,PubMed,Citation,2,stratified_test_40pct,7888,19717,0.8664857914923292,0.48787994735866513,1.6886913087219,0.0013279002159833908,1.899990713223815,195089920,243269632,1683440,2.384185791015625e-07,1.499991867603967e-05,016137e5ea7a9d16267c0cabc92406c6a77cb5f75212b78f177d00e6e9417805,566d3c809ebc19606eb4fd34f4c550899524c3884208411ed771792f222e65f8,630b73bbe79261d13ec71cede9b71c124da5be39d48817f829fe6ae4102b51e3,True,True
ofo__gat__cora__seed2,GAT,True,cora,Cora,Citation,2,stratified_test_40pct,1084,2708,0.7381184895833334,0.17924106869093567,1.5818377751857042,0.00135909765958786,1.6771798878908157,51136512,67108864,1701052,1.7881393432617188e-07,1.4999921404523775e-05,e424d87da41b95de382b85c686c8c9579e0312acb8f40dbc1a88c4a72153135d,fbe8afd915415843aebf1a18016bcc7a017b96136bb43f9bb19ffe1586c66f42,1f67271a4355d88efbc11fb4d67419c2e83f8f0f8bc5c5703d4cedb8f2fcca37,True,True
ofo__gat__citeseer__seed2,GAT,True,citeseer,CiteSeer,Citation,2,stratified_test_40pct,1332,3327,0.8220322327044025,0.3054159811845499,1.5824451390653849,0.004180245101451874,1.6971075106412172,86037504,102760448,1708424,1.1920928955078125e-07,1.4989465853432193e-05,9defd6c9fe349f0839e3ff34a91dd009b5f5a008b774d6524cdc5deb81f82f8e,62f110f04a1aca56006790e5623817d508714a6e0d85133301889e9ad3ab7151,9a5dd61bb1840f0ec448b24bd9bfce44a5a922f5dc9060846221b36c02f41a2e,True,True
ofo__gat__ACM__seed2,GAT,True,ACM,ACM,Citation,2,stratified_test_40pct,6594,16484,0.7691528760340918,0.3313734779843513,1.6989632192999125,0.0024962443858385086,2.243360437452793,767728640,824180736,1689876,1.7881393432617188e-07,1.4984167137299664e-05,b61a77ce0a933ff97b081999b3fae79f6f8e9584f8edc008971923b99f5901a6,536452c5fd5cba5e79563bfbc93796e3aedc244377e4c0fb88c52f0f1092ea54,31833bd23c8fa8d3aa3358876ebea43cf77d03fb4068f2a3b73b3d7dda2b6e98,True,True
ofo__gat__Flickr__seed2,GAT,True,Flickr,Flickr,Social,2,stratified_test_40pct,3030,7575,0.812309941520468,0.5553757307122515,1.7730052582919598,0.00246991403400898,2.2137585505843163,963075584,1103101952,1720480,1.1920928955078125e-06,1.4999999621068127e-05,2b2c42b6c1cf6d15bf1f1730967d70bd5f10b5f30825eb89161511ad2ad91890,1913cc1a3b3db238eaa75d897f0329811b371dd36351cf2323c4819f07ab9845,350986debdbf452359a5edf510649188341de3d0bbaa17e3362e5643d256c88f,True,True
ofo__gat__BlogCatalog__seed2,GAT,True,BlogCatalog,BlogCatalog,Social,2,stratified_test_40pct,2079,5196,0.715441551812149,0.2759568659211481,1.5410736855119467,0.0023557711392641068,1.865891931578517,602887680,618659840,1757580,1.4901161193847656e-07,1.4101173292146996e-05,0e91defe9592080e8a64de2c7e43fa75f0e62f6b5820d7df38ded9c775a9b23b,3bdbda3bdbc5b84e8c3fd9184db2a9a3e35ada5d41d4128260952190b6cf0a0c,65a532eee6903842d684772847f3771a4f16225841ca891af7f3f8b72e68ce5a,True,True
ofo__gat__Facebook__seed2,GAT,True,Facebook,Facebook,Social,2,stratified_test_40pct,433,1081,0.984869976359338,0.45186041083099904,1.2026675567030907,0.0019472036510705948,1.2909560594707727,86382080,94371840,1699888,1.7881393432617188e-07,1.4842478776699863e-05,cc362dadaa5caf1ace6866081a9f6560cf210bd5878bd92339d55cc3ded30fb5,33cade43fc2ea9bba1ed403d1eea489a8be291ee553a8bd88f885bca8708f5db,606d8cce2f9a9d2829244f5691d1abf0c3a5e0f28a2ade25a7ca7df304184163,True,True
ofo__gat__weibo__seed2,GAT,True,weibo,Weibo,Social,2,stratified_test_40pct,3362,8405,0.9916154099817913,0.9627777043720891,1.6515264715999365,0.002468125894665718,1.9935998916625977,918130688,952107008,1718600,3.2782554626464844e-07,1.4999362974776886e-05,11e9930f2ba2a807acd53ad2238b92513dff49ace40a1ddd8eae334897d1e630,de7a3c9f5fcbbc46e86ee218ca2c2bcc5d1eabb47c08b951b0bfdd4d35b186b2,b79248b7ea8329fbfffc6b0c97e73e5e930a79cb5ffa6d0e529117b9bae9b5da,True,True
ofo__gat__Reddit__seed2,GAT,True,Reddit,Reddit,Social,2,stratified_test_40pct,4394,10984,0.6425271780480499,0.05576966391191359,1.0872694719582796,0.001975797116756439,1.2591348066926003,221733376,272629760,1703476,5.960464477539063e-08,1.2441069884516764e-05,2acf0841ac8d1cfc0e8be168c3de38daf14bcbc5d43c50ef063d4945f57c6afd,bdbac97417b05aa50da6da8243370f649569e29f85c930a96c78ab67622bfac7,533a739caa38939dff51f1902e6705fbb4e727badf1d408fc0d1b45467cf4fd3,True,True
ofo__gat__questions__seed2,GAT,True,questions,Questions,Q&A,2,stratified_test_40pct,19569,48921,0.7258673484113268,0.12936483091240683,1.3708326146006584,0.0016279947012662888,1.9808521438390017,499817472,622854144,1733172,1.7881393432617188e-07,1.4985551388235763e-05,baa6893fc03bbefa40dca1bc1f2563de7fed6c95a75d1d67bc13f06d28875502,d91307e3280c5b2ded0806beccaed9d29bb7b5cf613d4867ed57a559ad26d4d8,549173adf44d795b539e219296bb68895e416e84868ac1abc0f512a2c29a5e97,True,True
ofo__gat__YelpChi__seed2,GAT,True,YelpChi,YelpChi,E-commerce,2,stratified_test_40pct,9533,23831,0.8859023535196107,0.4378438699554398,1.7095522973686457,0.0014246776700019836,1.8888705391436815,167775232,213909504,1704744,1.1920928955078125e-07,1.4983020264480729e-05,ec3e976b6ca55e68cf77e005832b64d59a709845383a24ac4e61a2eccd7b81c9,65a8b5f66230ce95662bc08c1075fce566d094476738c787b4873002313bb4b7,61eae7fd894b54840eb7038d52bbf9e3802704ccd16a74526dd2fff3cbff72ca,True,True
ofo__gat__Amazon__seed2,GAT,True,Amazon,Amazon,E-commerce,2,stratified_test_40pct,4090,10224,0.8685875131722087,0.38289561988543985,1.951026638969779,0.0023032445460557938,2.1523976735770702,439211008,463470592,1708156,1.7881393432617188e-07,1.4999963241280057e-05,f275419ce3c306437ffb291c8496ad43efb17cb62d55d0dff4f1afabf4ba0de6,25da5978f343f9752dca8ece03c4c6e8ab47ee7d16566ae887ccbe85553514e5,6677b4f17f594c4169df3717fc9da9c6b06d1dfcc28e5f0d42beedf4c7843dd3,True,True
ofo__bwgnn__pubmed__seed0,BWGNN,True,pubmed,PubMed,Citation,0,stratified_test_40pct,7888,19717,0.8435903722105998,0.2523362710616799,1.3629105295985937,0.0011465735733509064,1.5499172564595938,100960768,111149056,1644240,1.7881393432617188e-07,1.4998590813775081e-05,36753012f5b57b06b56ade2c3bd00382a3c625ae535632d213c2094d41218f4a,5b0bb4b0f00e258c0f90bd7717c02f2b7032ffc2c3344332db6a0026f69938fc,630b73bbe79261d13ec71cede9b71c124da5be39d48817f829fe6ae4102b51e3,True,True
ofo__bwgnn__cora__seed0,BWGNN,True,cora,Cora,Citation,0,stratified_test_40pct,1084,2708,0.5197591145833332,0.12152669932027704,1.4042541570961475,0.000799102708697319,1.4465377926826477,39608832,46137344,1665752,1.4156103134155273e-07,1.499953941674903e-05,2a559beb17f84fd8c4478d0176c08c8746b9e5468c85c791f642533f03115698,266481401a8f29964de23617875ff26c0c35f21fab93fcd41a8258a438cb3ca0,1f67271a4355d88efbc11fb4d67419c2e83f8f0f8bc5c5703d4cedb8f2fcca37,True,True
ofo__bwgnn__citeseer__seed0,BWGNN,True,citeseer,CiteSeer,Citation,0,stratified_test_40pct,1332,3327,0.6542059748427673,0.10429197163008765,1.5315176043659449,0.0009118393063545227,1.5963487923145294,74974720,81788928,1666768,2.2351741790771484e-08,1.499807694926858e-05,5beacf074e1f453989914c123f7c87b26edd132fda402f33031b0208abde6fb5,c31613a59a320ba25eb3ab9f1f5aa1eb7b72c45b2b68d09db820ac29a88a88de,9a5dd61bb1840f0ec448b24bd9bfce44a5a922f5dc9060846221b36c02f41a2e,True,True
ofo__bwgnn__ACM__seed0,BWGNN,True,ACM,ACM,Citation,0,stratified_test_40pct,6594,16484,0.5621949573524618,0.15286909483637953,2.9463228564709425,0.0011889990419149399,3.4673344139009714,616450560,620756992,1643640,3.1888484954833984e-06,1.4999999621068127e-05,c7733d54e977575dbc6ec68650a7e228ad8d7ecaf2cbd03fd3851549398dfd02,cd4f1285f2948d897e6724fe49db6aacd543cc5bc15d545217206e6bf7ac5277,31833bd23c8fa8d3aa3358876ebea43cf77d03fb4068f2a3b73b3d7dda2b6e98,True,True
ofo__bwgnn__Flickr__seed0,BWGNN,True,Flickr,Flickr,Social,0,stratified_test_40pct,3030,7575,0.656438596491228,0.21738586399506146,1.7524660676717758,0.0009571891278028488,2.1660634353756905,467743232,482344960,1700260,6.258487701416016e-07,1.4999406630522572e-05,c648dff07c064f111e289b6660e066fe3586d9e58b9802d0d3bc9d6ba41b414b,a5fa9fb818b4507783e39297e72b9bd670aa0f5a2789c0bab1308754dc48fc38,350986debdbf452359a5edf510649188341de3d0bbaa17e3362e5643d256c88f,True,True
ofo__bwgnn__BlogCatalog__seed0,BWGNN,True,BlogCatalog,BlogCatalog,Social,0,stratified_test_40pct,2079,5196,0.6729241109409563,0.21136071541815243,1.4020439069718122,0.0011017583310604095,1.6623877678066492,247426560,268435456,1655548,2.682209014892578e-07,1.4999824998085387e-05,03c976268b0490d0f592de5868ca06b27e13b5e0db8efe3d9c697879431f94a2,901fcc87becfdef95dfcccdd39375f3a8a7b332b75d0c4bdad3a1e5966dff5be,65a532eee6903842d684772847f3771a4f16225841ca891af7f3f8b72e68ce5a,True,True
ofo__bwgnn__Facebook__seed0,BWGNN,True,Facebook,Facebook,Social,0,stratified_test_40pct,433,1081,0.8180851063829787,0.07757442458748377,1.1355242729187012,0.003000732511281967,1.2007664497941732,30036480,33554432,1682652,5.960464477539063e-08,1.2677091945079155e-05,3d7b966e7350d93ee90aec8b9419b1e2bc2a7283dc7369980df1927e9f95493e,96e83e29e231e603f465b5567f50aca59be4d2aa1aa8c4249d2f71862d8e16e7,606d8cce2f9a9d2829244f5691d1abf0c3a5e0f28a2ade25a7ca7df304184163,True,True
ofo__bwgnn__weibo__seed0,BWGNN,True,weibo,Weibo,Social,0,stratified_test_40pct,3362,8405,0.9864462509737575,0.949742917899567,1.5075523015111685,0.0009422227740287781,1.8657940737903118,152624640,163577856,1715544,2.384185791015625e-07,1.4999999621068127e-05,6f632f979613973e43227a6a0c78af2e2462702e244e1546fc5865ca94f9e6de,9ac9f728107c2a5e48437df7966bf2f0b2d566ea60af345cc9efcf563376a2e1,b79248b7ea8329fbfffc6b0c97e73e5e930a79cb5ffa6d0e529117b9bae9b5da,True,True
ofo__bwgnn__Reddit__seed0,BWGNN,True,Reddit,Reddit,Social,0,stratified_test_40pct,4394,10984,0.6300814180157583,0.06761575523016819,1.3509417548775673,0.0007844921201467514,1.4686040189117193,58793984,69206016,1668848,1.7881393432617188e-07,1.499987229180988e-05,39d3d9daeff05dbe6b6d433555f1c5096e8df8f97971e8a5a41ca351e8fa5951,7696e0596bbf4feb64f2af8c5bbef45245989e298dfbd90abe0b7af92a33d6fa,533a739caa38939dff51f1902e6705fbb4e727badf1d408fc0d1b45467cf4fd3,True,True
ofo__bwgnn__questions__seed0,BWGNN,True,questions,Questions,Q&A,0,stratified_test_40pct,19569,48921,0.7532129727506576,0.20171931702434817,1.9226244036108255,0.001590963453054428,2.477022087201476,188000256,209715200,1686404,1.3709068298339844e-06,1.4971390555729158e-05,d42489288aff946361f739c29e80c1755c9c6e618a8496a814ae2510d73dda18,63d730d5e6752c9128d935ae9804f49e4e1f4dc9a20f5da76d485e0266b7aa4e,549173adf44d795b539e219296bb68895e416e84868ac1abc0f512a2c29a5e97,True,True
ofo__bwgnn__YelpChi__seed0,BWGNN,True,YelpChi,YelpChi,E-commerce,0,stratified_test_40pct,9533,23831,0.8645224658271822,0.35859020412533227,2.1369622964411974,0.0017329826951026917,2.284748625010252,68642816,92274688,1633248,8.940696716308594e-08,1.4801638826611452e-05,c4a66b2914671ca4aa963a78499d0a74d1546f1e667325039f4285fc9b178217,5d52e8f7da66ab03fd05cc714065926800578e925521bd0b2a6c6de561dac59d,61eae7fd894b54840eb7038d52bbf9e3802704ccd16a74526dd2fff3cbff72ca,True,True
ofo__bwgnn__Amazon__seed0,BWGNN,True,Amazon,Amazon,E-commerce,0,stratified_test_40pct,4090,10224,0.970660887463655,0.8807573897371757,2.8129235431551933,0.001352418214082718,3.0094823595136404,83819008,109051904,1679384,1.6391277313232422e-07,1.4996437130321283e-05,1bb4bf7dde122d1b335433c805fdcc749ba462226200a5347f5d8b889a5bbdc1,daf594ddf907677434bc7ac4b22df4e688c2b400d40efd7731e791732eac550e,6677b4f17f594c4169df3717fc9da9c6b06d1dfcc28e5f0d42beedf4c7843dd3,True,True
ofo__bwgnn__pubmed__seed1,BWGNN,True,pubmed,PubMed,Citation,1,stratified_test_40pct,7888,19717,0.7743821914225941,0.14630168423192655,1.5363393351435661,0.0018780995160341263,1.7140318490564823,100960768,111149056,1675636,2.086162567138672e-07,1.4999177437857725e-05,a85fc3003b501a4b308c301f4d482544fca3b865951fdb156a83d19d6f5a2485,9f3d61f2c49d1dd1d538a07f95880047d66e47d5df10a693a152866f3f5e0877,630b73bbe79261d13ec71cede9b71c124da5be39d48817f829fe6ae4102b51e3,True,True
ofo__bwgnn__cora__seed1,BWGNN,True,cora,Cora,Citation,1,stratified_test_40pct,1084,2708,0.6965169270833333,0.1233711895313264,1.072562837973237,0.002305760979652405,1.1254243589937687,39608832,46137344,1659968,0.0,1.3875007425667718e-05,50081eb52cc358d69a94e3834aaf35f72206e9df5501cdf80e2ff3fd01016578,6abbfdc3951da4fdcb87c9773256ba320f73eba9c71c4dd6716807559155af07,1f67271a4355d88efbc11fb4d67419c2e83f8f0f8bc5c5703d4cedb8f2fcca37,True,True
ofo__bwgnn__citeseer__seed1,BWGNN,True,citeseer,CiteSeer,Citation,1,stratified_test_40pct,1332,3327,0.5251834381551362,0.1279665364747629,1.413830503821373,0.0020498614758253098,1.502433130517602,74974720,81788928,1666564,3.725290298461914e-09,1.4999284758232534e-05,c83983b66c47d8586bacfbaf570ee9829ae7f565d4d0ea449294fabfe12794c7,8f168ebbe77e18957898204331e0a115943d07b850810255d2503a91c8da1dbb,9a5dd61bb1840f0ec448b24bd9bfce44a5a922f5dc9060846221b36c02f41a2e,True,True
ofo__bwgnn__ACM__seed1,BWGNN,True,ACM,ACM,Citation,1,stratified_test_40pct,6594,16484,0.4578232143503781,0.08388853866504054,1.6527634374797344,0.0012081675231456757,2.2596821263432503,616450560,620756992,1676428,5.960464477539062e-07,1.4999999621068127e-05,598f48a85e61b37005e2ec5e8f53739b4b9cecb3b7ea16e780afcc2749cbb148,0091c6cedab65ed9b022bc361f649a75bfbdb1c7f0cf154004b9f78476cff2e8,31833bd23c8fa8d3aa3358876ebea43cf77d03fb4068f2a3b73b3d7dda2b6e98,True,True
ofo__bwgnn__Flickr__seed1,BWGNN,True,Flickr,Flickr,Social,1,stratified_test_40pct,3030,7575,0.61653216374269,0.19426750454202282,1.7263100855052471,0.0026470571756362915,2.19863791950047,467743232,482344960,1684068,6.258487701416016e-07,1.4997852304077242e-05,605573eba705d242e09e776c0c6677b6d7281602770b2bbd6e9935bf58846aea,48831d9cc3856ae869db4f5f06113e5b21b42ef3f9d1cd1e9bbafb61bcffee83,350986debdbf452359a5edf510649188341de3d0bbaa17e3362e5643d256c88f,True,True
ofo__bwgnn__BlogCatalog__seed1,BWGNN,True,BlogCatalog,BlogCatalog,Social,1,stratified_test_40pct,2079,5196,0.658116385911179,0.24771765961390876,1.4884702265262604,0.0008585918694734573,1.8690972086042166,247426560,268435456,1686280,2.980232238769531e-07,1.4999617633293383e-05,5fed468134a8c9a33f8f21478ca3613dce76b0dc3d96b0e9ddb32c841e258833,f929841fcfe32222e40b4773c001d179f80c25e54ce0f5cecd02eb3d90b47b9c,65a532eee6903842d684772847f3771a4f16225841ca891af7f3f8b72e68ce5a,True,True
ofo__bwgnn__Facebook__seed1,BWGNN,True,Facebook,Facebook,Social,1,stratified_test_40pct,433,1081,0.8652482269503546,0.09874944722708365,1.0926757641136646,0.0018605682998895645,1.1479609236121178,30036480,33554432,1662920,5.960464477539063e-08,1.3250421034172177e-05,ebc515357bb23188d8bbce76f5061772e50f82cde890b8bbb7e4fbe1c4ac5ad6,39d744344da2d10fc767341d864e89b526443e66764834d337462a03fb7ca71e,606d8cce2f9a9d2829244f5691d1abf0c3a5e0f28a2ade25a7ca7df304184163,True,True
ofo__bwgnn__weibo__seed1,BWGNN,True,weibo,Weibo,Social,1,stratified_test_40pct,3362,8405,0.9940374974311917,0.9557570775426625,1.487634377554059,0.0017497558146715164,1.8112808912992477,152624640,163577856,1661148,2.980232238769531e-07,1.4999999621068127e-05,6c5a7d0ec01bdf575674db251d1b2be414fe68df5fee6a968704e94400336663,d37d9f9dbfe5c10755aec0ed9ff8c3b8e6ed17342865616b254835aafe561648,b79248b7ea8329fbfffc6b0c97e73e5e930a79cb5ffa6d0e529117b9bae9b5da,True,True
ofo__bwgnn__Reddit__seed1,BWGNN,True,Reddit,Reddit,Social,1,stratified_test_40pct,4394,10984,0.6153515326545029,0.06379932714498893,1.3298953231424093,0.0016924068331718445,1.4492004830390215,58793984,69206016,1683820,1.1920928955078125e-07,1.4998073311289772e-05,1e7ef1fe2f7b727eb1390945467a17a933751d93c255037790e9d91125b33ae3,ed52353a9b1f7cf0eba5624e32854aebf09112726793aef75aae48d537e57d6c,533a739caa38939dff51f1902e6705fbb4e727badf1d408fc0d1b45467cf4fd3,True,True
ofo__bwgnn__questions__seed1,BWGNN,True,questions,Questions,Q&A,1,stratified_test_40pct,19569,48921,0.7695308300352477,0.2242299595073295,1.6657650601118803,0.0008631981909275055,2.2447912711650133,188000256,209715200,1714808,1.519918441772461e-06,1.4982817447162233e-05,58d85fd92e86f9114db170c03063b5a348196f2807946da49b204ef009809e28,c147518b108b839ae23e9e7ba97a856beec84bbe4ca219eea97081c6dcba16b7,549173adf44d795b539e219296bb68895e416e84868ac1abc0f512a2c29a5e97,True,True
ofo__bwgnn__YelpChi__seed1,BWGNN,True,YelpChi,YelpChi,E-commerce,1,stratified_test_40pct,9533,23831,0.8675362657028802,0.33119700439952693,2.610309947282076,0.0008230991661548615,2.7304561231285334,68642816,92274688,1681796,1.1920928955078125e-07,1.4971566997701302e-05,55fe3c7c9b9e7ebabb649ca6ed92a883347c47d22d095d449dc11e43d23d7a96,589fec2a6ae5ea629af7884adb0ad58666ab3a644c928be02d41cc470bb2bdd2,61eae7fd894b54840eb7038d52bbf9e3802704ccd16a74526dd2fff3cbff72ca,True,True
ofo__bwgnn__Amazon__seed1,BWGNN,True,Amazon,Amazon,E-commerce,1,stratified_test_40pct,4090,10224,0.9621341013689629,0.8374093763159395,3.2918806318193674,0.001750575378537178,3.492975728586316,83819008,109051904,1679480,2.980232238769531e-07,1.4999972336227074e-05,8b4de23e8b27b4dbbf6c076a43189b9bc0311366d3b8156bad961b1e5e5fde70,bc2da4ea4dcc178e8a391a3e11c7b55345c725b615bb6ae243b33918f9ba0397,6677b4f17f594c4169df3717fc9da9c6b06d1dfcc28e5f0d42beedf4c7843dd3,True,True
ofo__bwgnn__pubmed__seed2,BWGNN,True,pubmed,PubMed,Citation,2,stratified_test_40pct,7888,19717,0.858869421199442,0.23909299008830623,1.2678621001541615,0.0008274056017398834,1.4981656074523926,100960768,111149056,1671108,1.7881393432617188e-07,1.499303471064195e-05,4541eecd869888d07aff449ac3e9ee14e32af44960919763ba66897c30dab98a,566d3c809ebc19606eb4fd34f4c550899524c3884208411ed771792f222e65f8,630b73bbe79261d13ec71cede9b71c124da5be39d48817f829fe6ae4102b51e3,True,True
ofo__bwgnn__cora__seed2,BWGNN,True,cora,Cora,Citation,2,stratified_test_40pct,1084,2708,0.5306966145833334,0.11256522355276603,1.1121652945876122,0.001315547153353691,1.154989568516612,39608832,46137344,1663980,1.1920928955078125e-07,1.4998532606114168e-05,66e4e6362a1fe2fa25e063ad01744e79a3faccaa88763c987b3df34098977e74,fbe8afd915415843aebf1a18016bcc7a017b96136bb43f9bb19ffe1586c66f42,1f67271a4355d88efbc11fb4d67419c2e83f8f0f8bc5c5703d4cedb8f2fcca37,True,True
ofo__bwgnn__citeseer__seed2,BWGNN,True,citeseer,CiteSeer,Citation,2,stratified_test_40pct,1332,3327,0.7777384696016771,0.22709849508751456,1.4524775762110949,0.0027292482554912567,1.5321775637567043,74974720,81788928,1685392,7.450580596923828e-09,1.499754398537334e-05,d2a8055e68589239af9b18ef26796f77f0741450811e277e08be4470212e9a56,62f110f04a1aca56006790e5623817d508714a6e0d85133301889e9ad3ab7151,9a5dd61bb1840f0ec448b24bd9bfce44a5a922f5dc9060846221b36c02f41a2e,True,True
ofo__bwgnn__ACM__seed2,BWGNN,True,ACM,ACM,Citation,2,stratified_test_40pct,6594,16484,0.6095131497947454,0.15871942111550544,1.488297525793314,0.001207403838634491,2.10484554246068,616450560,620756992,1643220,2.682209014892578e-07,1.4999979612184688e-05,cb78f2e2f4f2237abd6c679a977c596e5706d39b187c8aecd18b5a4906e5fda5,536452c5fd5cba5e79563bfbc93796e3aedc244377e4c0fb88c52f0f1092ea54,31833bd23c8fa8d3aa3358876ebea43cf77d03fb4068f2a3b73b3d7dda2b6e98,True,True
ofo__bwgnn__Flickr__seed2,BWGNN,True,Flickr,Flickr,Social,2,stratified_test_40pct,3030,7575,0.5905282651072125,0.1806722438043683,1.6947249192744493,0.001378912478685379,2.1130049359053373,467743232,482344960,1681940,1.0132789611816406e-06,1.4998393453424796e-05,5d19c2fbbc7fd82d035997db4d08651002dc5ba0fa27dfcc16fb0ad203a1e8be,1913cc1a3b3db238eaa75d897f0329811b371dd36351cf2323c4819f07ab9845,350986debdbf452359a5edf510649188341de3d0bbaa17e3362e5643d256c88f,True,True
ofo__bwgnn__BlogCatalog__seed2,BWGNN,True,BlogCatalog,BlogCatalog,Social,2,stratified_test_40pct,2079,5196,0.7251531393568147,0.2630491127362291,1.3795108329504728,0.00122767873108387,1.6998817566782236,247426560,268435456,1686928,2.980232238769531e-07,1.4999757695477456e-05,5fbabb55799ab054d347cc3c7589ee769b518fb4ee95f71bae3e8f629e3819e7,3bdbda3bdbc5b84e8c3fd9184db2a9a3e35ada5d41d4128260952190b6cf0a0c,65a532eee6903842d684772847f3771a4f16225841ca891af7f3f8b72e68ce5a,True,True
ofo__bwgnn__Facebook__seed2,BWGNN,True,Facebook,Facebook,Social,2,stratified_test_40pct,433,1081,0.7803782505910166,0.06292356675079787,1.039366563782096,0.0021298378705978394,1.0941032525151968,30036480,33554432,1663860,5.960464477539063e-08,1.2688515198533423e-05,8c530bf4fa9605e7578346a500ed81506f4bc9c50065414ee0f4f645ecf06a9f,33cade43fc2ea9bba1ed403d1eea489a8be291ee553a8bd88f885bca8708f5db,606d8cce2f9a9d2829244f5691d1abf0c3a5e0f28a2ade25a7ca7df304184163,True,True
ofo__bwgnn__weibo__seed2,BWGNN,True,weibo,Weibo,Social,2,stratified_test_40pct,3362,8405,0.9826945961833484,0.9485885105274299,1.431689064949751,0.0008977577090263367,1.7555324360728264,152624640,163577856,1684512,2.980232238769531e-07,1.4999999621068127e-05,ba2a195d215b8aa095f3069c89686a3d97f353966ffc506a99de27c47019e5a0,de7a3c9f5fcbbc46e86ee218ca2c2bcc5d1eabb47c08b951b0bfdd4d35b186b2,b79248b7ea8329fbfffc6b0c97e73e5e930a79cb5ffa6d0e529117b9bae9b5da,True,True
ofo__bwgnn__Reddit__seed2,BWGNN,True,Reddit,Reddit,Social,2,stratified_test_40pct,4394,10984,0.5959220514200501,0.05739473695284886,1.506852300837636,0.001979488879442215,1.6429874189198017,58793984,69206016,1669788,1.1920928955078125e-07,1.4993689546827227e-05,58f992ad91e0ca8345423cf70d22bade4a2a73aa6543a3b93c47da66919cc88a,bdbac97417b05aa50da6da8243370f649569e29f85c930a96c78ab67622bfac7,533a739caa38939dff51f1902e6705fbb4e727badf1d408fc0d1b45467cf4fd3,True,True
ofo__bwgnn__questions__seed2,BWGNN,True,questions,Questions,Q&A,2,stratified_test_40pct,19569,48921,0.7419636897911472,0.1664274254433074,2.027181200683117,0.001759292557835579,2.6097093988209963,188000256,209715200,1683304,1.0132789611816406e-06,1.497476660006214e-05,3a169f3db4ead23b7da9fa5c41c5a55be8f89e5028eac6ee67e3b55ab685c3a4,d91307e3280c5b2ded0806beccaed9d29bb7b5cf613d4867ed57a559ad26d4d8,549173adf44d795b539e219296bb68895e416e84868ac1abc0f512a2c29a5e97,True,True
ofo__bwgnn__YelpChi__seed2,BWGNN,True,YelpChi,YelpChi,E-commerce,2,stratified_test_40pct,9533,23831,0.8716826523436454,0.37370053095379985,3.0885321758687496,0.0008629839867353439,3.208306724205613,68642816,92274688,1634076,7.450580596923828e-08,1.4996290701674297e-05,3b960dc465d711c62d18da209422e4953128bdf09e740dd80d670bd38699b20f,65a8b5f66230ce95662bc08c1075fce566d094476738c787b4873002313bb4b7,61eae7fd894b54840eb7038d52bbf9e3802704ccd16a74526dd2fff3cbff72ca,True,True
ofo__bwgnn__Amazon__seed2,BWGNN,True,Amazon,Amazon,E-commerce,2,stratified_test_40pct,4090,10224,0.9764050592642878,0.8668110799059908,2.8524479512125254,0.002574583515524864,3.011922864243388,83819008,109051904,1648264,2.2351741790771484e-07,1.499997051723767e-05,244113a766407a17eb9e6f9b40874655ffad8919c7d73792faa650d06d17e924,25da5978f343f9752dca8ece03c4c6e8ab47ee7d16566ae887ccbe85553514e5,6677b4f17f594c4169df3717fc9da9c6b06d1dfcc28e5f0d42beedf4c7843dd3,True,True
ofo__xgbgraph__pubmed__seed0,XGBGraph,True,pubmed,PubMed,Citation,0,stratified_test_40pct,7888,19717,0.9544407034518828,0.7129153288195674,14.079484531655908,0.19354125671088696,14.87578646093607,0,0,1411020,0.0,1.4999968698248267e-05,0cf43e0003080b0d5f19d033b2f2e6788313b4408a9251467f8ec96992ea214e,5b0bb4b0f00e258c0f90bd7717c02f2b7032ffc2c3344332db6a0026f69938fc,630b73bbe79261d13ec71cede9b71c124da5be39d48817f829fe6ae4102b51e3,True,True
ofo__xgbgraph__cora__seed0,XGBGraph,True,cora,Cora,Citation,0,stratified_test_40pct,1084,2708,0.8782552083333333,0.5797063326737748,2.092774748802185,0.013710588216781616,2.171575963497162,0,0,1033576,0.0,1.4999553968664259e-05,2c0b78ced66aa2a64ba5e60a75291b9306dc31ef1187977d9e01f19788d09e73,266481401a8f29964de23617875ff26c0c35f21fab93fcd41a8258a438cb3ca0,1f67271a4355d88efbc11fb4d67419c2e83f8f0f8bc5c5703d4cedb8f2fcca37,True,True
ofo__xgbgraph__citeseer__seed0,XGBGraph,True,citeseer,CiteSeer,Citation,0,stratified_test_40pct,1332,3327,0.9473794549266247,0.735845780252113,3.037350319325924,0.01820676401257515,3.128934195265174,0,0,1085280,0.0,1.4999224731582217e-05,318f60cad56ef12339034bb22c6e9bd97d19f1c25541a545bea3f20beeb0de74,c31613a59a320ba25eb3ab9f1f5aa1eb7b72c45b2b68d09db820ac29a88a88de,9a5dd61bb1840f0ec448b24bd9bfce44a5a922f5dc9060846221b36c02f41a2e,True,True
ofo__xgbgraph__ACM__seed0,XGBGraph,True,ACM,ACM,Citation,0,stratified_test_40pct,6594,16484,0.7848681070155283,0.5512347729239834,93.6962504517287,0.29602665081620216,95.48503538221121,0,0,3681972,0.0,1.4999723134678788e-05,cc3dbe95da42927f713c7168e783778939ba25838e44f1918cafa6482d40fc63,cd4f1285f2948d897e6724fe49db6aacd543cc5bc15d545217206e6bf7ac5277,31833bd23c8fa8d3aa3358876ebea43cf77d03fb4068f2a3b73b3d7dda2b6e98,True,True
ofo__xgbgraph__Flickr__seed0,XGBGraph,True,Flickr,Flickr,Social,0,stratified_test_40pct,3030,7575,0.8638810916179338,0.627937884034788,176.60617904178798,0.5101518891751766,185.31303998455405,0,0,7126612,0.0,1.4999441191321239e-05,f08b0d31feb307ea5848bbff88a63fa3f4fcabb9ff79d98e2c1f521b3f882fda,a5fa9fb818b4507783e39297e72b9bd670aa0f5a2789c0bab1308754dc48fc38,350986debdbf452359a5edf510649188341de3d0bbaa17e3362e5643d256c88f,True,True
ofo__xgbgraph__BlogCatalog__seed0,XGBGraph,True,BlogCatalog,BlogCatalog,Social,0,stratified_test_40pct,2079,5196,0.9532201803641314,0.5102440247686738,87.93575889244676,0.27843325212597847,92.56085033528507,0,0,4726732,0.0,1.4998920050857123e-05,e09452718424e519cbe4e09d337ae308092371c591d1f66e46e935f12a39a91a,901fcc87becfdef95dfcccdd39375f3a8a7b332b75d0c4bdad3a1e5966dff5be,65a532eee6903842d684772847f3771a4f16225841ca891af7f3f8b72e68ce5a,True,True
ofo__xgbgraph__Facebook__seed0,XGBGraph,True,Facebook,Facebook,Social,0,stratified_test_40pct,433,1081,0.9825059101654846,0.7301712779973648,0.374874597415328,0.0033478103578090668,0.4391274005174637,0,0,956828,0.0,1.4992110664024949e-05,73072e837d0a5de7984640f67f4cb8d896aa04933c932bb8e8e36547a9cc0419,96e83e29e231e603f465b5567f50aca59be4d2aa1aa8c4249d2f71862d8e16e7,606d8cce2f9a9d2829244f5691d1abf0c3a5e0f28a2ade25a7ca7df304184163,True,True
ofo__xgbgraph__weibo__seed0,XGBGraph,True,weibo,Weibo,Social,0,stratified_test_40pct,3362,8405,0.9973475561672904,0.9821841469783318,5.40097582526505,0.0600458737462759,6.631580362096429,0,0,1357848,0.0,1.499992868048139e-05,c433530b7b757c0b0c1787d9ed3b3ce09c3a72221dbc9415f784ac2ccb2b8edf,9ac9f728107c2a5e48437df7966bf2f0b2d566ea60af345cc9efcf563376a2e1,b79248b7ea8329fbfffc6b0c97e73e5e930a79cb5ffa6d0e529117b9bae9b5da,True,True
ofo__xgbgraph__Reddit__seed0,XGBGraph,True,Reddit,Reddit,Social,0,stratified_test_40pct,4394,10984,0.6172127904611339,0.05027606128632141,1.447961987927556,0.04397771693766117,1.6802925281226635,0,0,1001112,0.0,1.4994244338595308e-05,8071356bf0c4309f00fe26bef85daf7639326ded4e09cda0ff3aa6d35754e926,7696e0596bbf4feb64f2af8c5bbef45245989e298dfbd90abe0b7af92a33d6fa,533a739caa38939dff51f1902e6705fbb4e727badf1d408fc0d1b45467cf4fd3,True,True
ofo__xgbgraph__questions__seed0,XGBGraph,True,questions,Questions,Q&A,0,stratified_test_40pct,19569,48921,0.7376233399836208,0.2154604169743406,29.35245805978775,0.5169839933514595,31.502472089603543,0,0,1856492,0.0,1.4999901395640336e-05,73311d48b334a51749f71b357adc92db987b1815f24750e796f7fa7cc7da0270,63d730d5e6752c9128d935ae9804f49e4e1f4dc9a20f5da76d485e0266b7aa4e,549173adf44d795b539e219296bb68895e416e84868ac1abc0f512a2c29a5e97,True,True
ofo__xgbgraph__YelpChi__seed0,XGBGraph,True,YelpChi,YelpChi,E-commerce,0,stratified_test_40pct,9533,23831,0.92721050201548,0.6163888705816889,1.5117779988795519,0.08387363515794277,1.7646080795675516,0,0,1012216,0.0,1.499987229180988e-05,c52116bb5b1383a23720f82bb9ddf5ddc3540e7e5bb600f1d7c9d1df57212998,5d52e8f7da66ab03fd05cc714065926800578e925521bd0b2a6c6de561dac59d,61eae7fd894b54840eb7038d52bbf9e3802704ccd16a74526dd2fff3cbff72ca,True,True
ofo__xgbgraph__Amazon__seed0,XGBGraph,True,Amazon,Amazon,E-commerce,0,stratified_test_40pct,4090,10224,0.9750449961702367,0.8812083572495664,0.5857987832278013,0.045049913227558136,0.737983325496316,0,0,956368,0.0,1.4999979612184688e-05,ed1fca492c77314163f43bb02d59874c4a923f15ec17387273afba98340933ec,daf594ddf907677434bc7ac4b22df4e688c2b400d40efd7731e791732eac550e,6677b4f17f594c4169df3717fc9da9c6b06d1dfcc28e5f0d42beedf4c7843dd3,True,True
ofo__xgbgraph__pubmed__seed1,XGBGraph,True,pubmed,PubMed,Citation,1,stratified_test_40pct,7888,19717,0.9561050819386332,0.7507067452445099,14.377067998051643,0.17710929922759533,15.08868240006268,0,0,1385844,0.0,1.4999912309576757e-05,f6d869ba043eec0629ff6872e3eab3068155a460dbffc047d974f154ac70a02e,9f3d61f2c49d1dd1d538a07f95880047d66e47d5df10a693a152866f3f5e0877,630b73bbe79261d13ec71cede9b71c124da5be39d48817f829fe6ae4102b51e3,True,True
ofo__xgbgraph__cora__seed1,XGBGraph,True,cora,Cora,Citation,1,stratified_test_40pct,1084,2708,0.9021647135416666,0.6841072979145094,2.1304281670600176,0.013236574828624725,2.2024680636823177,0,0,1044692,0.0,1.4999432096374221e-05,f134a43d6df9be59c41076ce9f34e64bf277d0c62337e46c812fe09b748e6ea0,6abbfdc3951da4fdcb87c9773256ba320f73eba9c71c4dd6716807559155af07,1f67271a4355d88efbc11fb4d67419c2e83f8f0f8bc5c5703d4cedb8f2fcca37,True,True
ofo__xgbgraph__citeseer__seed1,XGBGraph,True,citeseer,CiteSeer,Citation,1,stratified_test_40pct,1332,3327,0.9352397798742138,0.733319729479163,3.340547239407897,0.01977548561990261,3.431754220277071,0,0,1114236,0.0,1.4999444829300046e-05,6f98d36cc8ed52de57f9e0b55d5340f910e834f8d937f58e8d86e6f85a3a2d21,8f168ebbe77e18957898204331e0a115943d07b850810255d2503a91c8da1dbb,9a5dd61bb1840f0ec448b24bd9bfce44a5a922f5dc9060846221b36c02f41a2e,True,True
ofo__xgbgraph__ACM__seed1,XGBGraph,True,ACM,ACM,Citation,1,stratified_test_40pct,6594,16484,0.8292360313264356,0.5687916897198414,90.86895979195833,0.29192160069942474,92.81286432780325,0,0,3531496,0.0,1.499987229180988e-05,31605163b3501f7cf8fc8b053efd13abb1d8f6951955df86c76f41c8d6304e93,0091c6cedab65ed9b022bc361f649a75bfbdb1c7f0cf154004b9f78476cff2e8,31833bd23c8fa8d3aa3358876ebea43cf77d03fb4068f2a3b73b3d7dda2b6e98,True,True
ofo__xgbgraph__Flickr__seed1,XGBGraph,True,Flickr,Flickr,Social,1,stratified_test_40pct,3030,7575,0.8020487329434698,0.5549630447447079,173.99460242688656,0.5165830124169588,182.6119063384831,0,0,7094260,0.0,1.4999528502812609e-05,4ec4a9775e49c373ed96b9092eb424f30e817298af8e5e70c47711fc25587bb5,48831d9cc3856ae869db4f5f06113e5b21b42ef3f9d1cd1e9bbafb61bcffee83,350986debdbf452359a5edf510649188341de3d0bbaa17e3362e5643d256c88f,True,True
ofo__xgbgraph__BlogCatalog__seed1,XGBGraph,True,BlogCatalog,BlogCatalog,Social,1,stratified_test_40pct,2079,5196,0.9508677896886166,0.5262707220929544,87.11674873158336,0.28914046473801136,91.85850886255503,0,0,4620364,0.0,1.4998575352365151e-05,016ca9b6b4fe9ab52bcfee33064e2ce512d77ddf75883b8bfd23be3e800c0bf3,f929841fcfe32222e40b4773c001d179f80c25e54ce0f5cecd02eb3d90b47b9c,65a532eee6903842d684772847f3771a4f16225841ca891af7f3f8b72e68ce5a,True,True
ofo__xgbgraph__Facebook__seed1,XGBGraph,True,Facebook,Facebook,Social,1,stratified_test_40pct,433,1081,0.9943262411347519,0.8986469534050179,0.37485887110233307,0.003480479121208191,0.442237064242363,0,0,957004,0.0,1.4992498108767904e-05,4f60cea7ff015f2e46f5882e05cf2bbd8555749eaf7912e5825e1744d607dc8c,39d744344da2d10fc767341d864e89b526443e66764834d337462a03fb7ca71e,606d8cce2f9a9d2829244f5691d1abf0c3a5e0f28a2ade25a7ca7df304184163,True,True
ofo__xgbgraph__weibo__seed1,XGBGraph,True,weibo,Weibo,Social,1,stratified_test_40pct,3362,8405,0.9973963037836753,0.9827035640277644,5.506413791328669,0.09398681856691837,6.895923148840666,0,0,1317440,0.0,1.499992868048139e-05,c322b85a4afc826ed381098a1a9ed0f60c31920fdc5651c65a6e55df7a0db5d6,d37d9f9dbfe5c10755aec0ed9ff8c3b8e6ed17342865616b254835aafe561648,b79248b7ea8329fbfffc6b0c97e73e5e930a79cb5ffa6d0e529117b9bae9b5da,True,True
ofo__xgbgraph__Reddit__seed1,XGBGraph,True,Reddit,Reddit,Social,1,stratified_test_40pct,4394,10984,0.6604477910778156,0.05868020574058594,1.483170671388507,0.04247782379388809,1.7125635724514723,0,0,1005172,0.0,1.4993730474088807e-05,fe5be0e7fed417efec703ec6d19e03e68911963df4ffe88d9ae39b1f9900f010,ed52353a9b1f7cf0eba5624e32854aebf09112726793aef75aae48d537e57d6c,533a739caa38939dff51f1902e6705fbb4e727badf1d408fc0d1b45467cf4fd3,True,True
ofo__xgbgraph__questions__seed1,XGBGraph,True,questions,Questions,Q&A,1,stratified_test_40pct,19569,48921,0.742755004852425,0.20613036703897442,29.314817951992154,0.5426424406468868,31.711824296042323,0,0,1857244,0.0,1.4999526683823206e-05,9d77bbb675e581e8c6643ced14446debd341f4c92e437ead2cd5b520c0327910,c147518b108b839ae23e9e7ba97a856beec84bbe4ca219eea97081c6dcba16b7,549173adf44d795b539e219296bb68895e416e84868ac1abc0f512a2c29a5e97,True,True
ofo__xgbgraph__YelpChi__seed1,XGBGraph,True,YelpChi,YelpChi,E-commerce,1,stratified_test_40pct,9533,23831,0.9281443554980907,0.6210942294853763,1.5187869649380445,0.08941947109997272,1.79370042309165,0,0,1011204,0.0,1.4999597624409944e-05,0b3ba933885928e6d4622011d21caf76f856a83a4d5c02d765b46b317c12dc92,589fec2a6ae5ea629af7884adb0ad58666ab3a644c928be02d41cc470bb2bdd2,61eae7fd894b54840eb7038d52bbf9e3802704ccd16a74526dd2fff3cbff72ca,True,True
ofo__xgbgraph__Amazon__seed1,XGBGraph,True,Amazon,Amazon,E-commerce,1,stratified_test_40pct,4090,10224,0.9606012491940455,0.8674588894834452,0.5464966427534819,0.040008870884776115,0.695259453728795,0,0,956640,0.0,1.4999950508354232e-05,d0c5d8a45b5e1f4afe7443e1e3860977efc0ac7ef803e3ddb90ecf8636f7bec4,bc2da4ea4dcc178e8a391a3e11c7b55345c725b615bb6ae243b33918f9ba0397,6677b4f17f594c4169df3717fc9da9c6b06d1dfcc28e5f0d42beedf4c7843dd3,True,True
ofo__xgbgraph__pubmed__seed2,XGBGraph,True,pubmed,PubMed,Citation,2,stratified_test_40pct,7888,19717,0.9437592616806136,0.7129485991485212,14.064335888251662,0.1780178565531969,14.805665349587798,0,0,1375616,0.0,1.4999946870375425e-05,388a4c770baa547abe03b2d44aa77e8e9035a2646f563d26709e4e79c98d7b16,566d3c809ebc19606eb4fd34f4c550899524c3884208411ed771792f222e65f8,630b73bbe79261d13ec71cede9b71c124da5be39d48817f829fe6ae4102b51e3,True,True
ofo__xgbgraph__cora__seed2,XGBGraph,True,cora,Cora,Citation,2,stratified_test_40pct,1084,2708,0.8914876302083332,0.6315589177928163,2.083207480609417,0.014177650213241577,2.156267525628209,0,0,1047396,0.0,1.4999624909250997e-05,bf4b4c3f1579a1ca28368a6a5e8ce7f590f2f3cf14acd647c8d8cbc79650c475,fbe8afd915415843aebf1a18016bcc7a017b96136bb43f9bb19ffe1586c66f42,1f67271a4355d88efbc11fb4d67419c2e83f8f0f8bc5c5703d4cedb8f2fcca37,True,True
ofo__xgbgraph__citeseer__seed2,XGBGraph,True,citeseer,CiteSeer,Citation,2,stratified_test_40pct,1332,3327,0.9582809224318658,0.8192967364977718,3.713630136102438,0.022829947993159294,3.814591199159622,0,0,1103376,0.0,1.4999348422861658e-05,c162fdd864fc1d1ed59c5a48024da23299ff1704fd5931e24112c23f4a9daec2,62f110f04a1aca56006790e5623817d508714a6e0d85133301889e9ad3ab7151,9a5dd61bb1840f0ec448b24bd9bfce44a5a922f5dc9060846221b36c02f41a2e,True,True
ofo__xgbgraph__ACM__seed2,XGBGraph,True,ACM,ACM,Citation,2,stratified_test_40pct,6594,16484,0.7994910606414742,0.5399703472741388,91.22494533658028,0.31107818335294724,93.00412841886282,0,0,3671740,0.0,1.499980589869665e-05,e8ad36972762da9d811e78089c029a36b1d833326f547fef22c94c1280ffbe17,536452c5fd5cba5e79563bfbc93796e3aedc244377e4c0fb88c52f0f1092ea54,31833bd23c8fa8d3aa3358876ebea43cf77d03fb4068f2a3b73b3d7dda2b6e98,True,True
ofo__xgbgraph__Flickr__seed2,XGBGraph,True,Flickr,Flickr,Social,2,stratified_test_40pct,3030,7575,0.8709317738791423,0.6607355973198975,176.99804377555847,0.516066811978817,185.8093277849257,0,0,6819376,0.0,1.4999659470049664e-05,7dbafd36b3774a3122e44697744d90d1c5854f013923f050be72063cb9be7e70,1913cc1a3b3db238eaa75d897f0329811b371dd36351cf2323c4819f07ab9845,350986debdbf452359a5edf510649188341de3d0bbaa17e3362e5643d256c88f,True,True
ofo__xgbgraph__BlogCatalog__seed2,XGBGraph,True,BlogCatalog,BlogCatalog,Social,2,stratified_test_40pct,2079,5196,0.9520588735749532,0.5632401942909017,91.5215012114495,0.2819031160324812,96.59416927210987,0,0,4837376,0.0,1.4998581718828063e-05,8696f9d51e333dc4dab898500382e7b6373ce16b43ef5abc052e520fbcb84895,3bdbda3bdbc5b84e8c3fd9184db2a9a3e35ada5d41d4128260952190b6cf0a0c,65a532eee6903842d684772847f3771a4f16225841ca891af7f3f8b72e68ce5a,True,True
ofo__xgbgraph__Facebook__seed2,XGBGraph,True,Facebook,Facebook,Social,2,stratified_test_40pct,433,1081,1.0,0.9999999999999999,0.39384664595127106,0.0034150443971157074,0.45945713855326176,0,0,961436,0.0,1.4991763237048872e-05,dad3f2fd20c8a3c084f408485d05d1c88f23ab404a9b381d451617931132f8c9,33cade43fc2ea9bba1ed403d1eea489a8be291ee553a8bd88f885bca8708f5db,606d8cce2f9a9d2829244f5691d1abf0c3a5e0f28a2ade25a7ca7df304184163,True,True
ofo__xgbgraph__weibo__seed2,XGBGraph,True,weibo,Weibo,Social,2,stratified_test_40pct,3362,8405,0.9954836767172781,0.9741821811754049,5.474143572151661,0.07010394334793091,6.763094613328576,0,0,1317940,0.0,1.4999938684923109e-05,4a2589e38b986595d7e31add1c98c88a4ad37983e9126ce1da90cebf0156e10f,de7a3c9f5fcbbc46e86ee218ca2c2bcc5d1eabb47c08b951b0bfdd4d35b186b2,b79248b7ea8329fbfffc6b0c97e73e5e930a79cb5ffa6d0e529117b9bae9b5da,True,True
ofo__xgbgraph__Reddit__seed2,XGBGraph,True,Reddit,Reddit,Social,2,stratified_test_40pct,4394,10984,0.6568886560981821,0.05471799560660824,1.4733181279152632,0.04273172281682491,1.6886803191155195,0,0,1004076,0.0,1.499543031968642e-05,478bbeb54f8f0beb1e7402181600abcbeb5133c720c764efdc5062975b2ba4a7,bdbac97417b05aa50da6da8243370f649569e29f85c930a96c78ab67622bfac7,533a739caa38939dff51f1902e6705fbb4e727badf1d408fc0d1b45467cf4fd3,True,True
ofo__xgbgraph__questions__seed2,XGBGraph,True,questions,Questions,Q&A,2,stratified_test_40pct,19569,48921,0.7315374701007644,0.1882033675874626,29.605657571926713,0.6127805355936289,31.895527405664325,0,0,1862756,0.0,1.4999468476162292e-05,b6d4341fa3bafc0a6c2fd45d02b548cadeb46f7b50f7fdc8d3dd13dc6422f62b,d91307e3280c5b2ded0806beccaed9d29bb7b5cf613d4867ed57a559ad26d4d8,549173adf44d795b539e219296bb68895e416e84868ac1abc0f512a2c29a5e97,True,True
ofo__xgbgraph__YelpChi__seed2,XGBGraph,True,YelpChi,YelpChi,E-commerce,2,stratified_test_40pct,9533,23831,0.9322661132854619,0.6354062790204611,1.5073873940855265,0.08493931218981743,1.7585104200989008,0,0,987956,0.0,1.4999865015852265e-05,36181a030873013f2ef38cde64c363e06a9639dc3dc5788b8fd89127ce6c5f6c,65a8b5f66230ce95662bc08c1075fce566d094476738c787b4873002313bb4b7,61eae7fd894b54840eb7038d52bbf9e3802704ccd16a74526dd2fff3cbff72ca,True,True
ofo__xgbgraph__Amazon__seed2,XGBGraph,True,Amazon,Amazon,E-commerce,2,stratified_test_40pct,4090,10224,0.9719347927146444,0.8864671171099269,0.5349264200776815,0.040837518870830536,0.6892934814095497,0,0,957784,0.0,1.4999975974205881e-05,fcee61e503c649eee59ed2e2939197aa89e137eac50cee733d0fca61f09bd723,25da5978f343f9752dca8ece03c4c6e8ab47ee7d16566ae887ccbe85553514e5,6677b4f17f594c4169df3717fc9da9c6b06d1dfcc28e5f0d42beedf4c7843dd3,True,True
ofo__dominant__pubmed__seed0,DOMINANT,False,pubmed,PubMed,Citation,0,full_graph,19717,19717,0.8367395511848094,0.1064541305784383,1.3422135841101408,0.0016983747482299805,1.5063040610402822,312525824,488636416,1759744,0.0,2.364249485253822e-05,5fc8c0779857f42db2f40745c44e87bed25c742ea648b668133fe7322413880a,f8fa405a14c314158b69ede272c1f044805d07fd27e82330a4120b07ec395e8a,630b73bbe79261d13ec71cede9b71c124da5be39d48817f829fe6ae4102b51e3,True,True
ofo__dominant__cora__seed0,DOMINANT,False,cora,Cora,Citation,0,full_graph,2708,2708,0.6689236382590567,0.2509701537564131,1.366881676018238,0.0019976291805505753,1.4248125981539488,120678400,136314880,1718260,5.960464477539063e-08,2.3807799152564257e-05,1de9bf1188946a433f893e269f0fe67c53ca37cb796c9ad4545800e74727d69d,5c27b27819e2710afd6a4f5840e52cff409b458420e31d9ea3799a77367adae9,1f67271a4355d88efbc11fb4d67419c2e83f8f0f8bc5c5703d4cedb8f2fcca37,True,True
ofo__dominant__citeseer__seed0,DOMINANT,False,citeseer,CiteSeer,Citation,0,full_graph,3327,3327,0.6894449690483684,0.33469084697510154,1.2186667155474424,0.001855548471212387,1.3098388779908419,328144896,343932928,1755232,0.0,2.0735766156576574e-05,a7fa0cafd87bf255174d99ca534350c9341c77b6d377c71f190c4e4a37e01265,f6bd66b375de6cb4f789eab1281bf5add16b1305c23bd526b4fed71a0db79d4f,9a5dd61bb1840f0ec448b24bd9bfce44a5a922f5dc9060846221b36c02f41a2e,True,True
ofo__dominant__ACM__seed0,DOMINANT,False,ACM,ACM,Citation,0,full_graph,16484,16484,0.6729105125720923,0.09517059695669097,4.515971465036273,0.017825836315751076,5.143122700974345,3382269952,3930062848,1765976,5.960464477539063e-08,3.3552081731613725e-05,7d14158e0429fc332f23d0c6ddc7023206cd582e6c41390bdf243496bcd9c15f,98bfa22536f35dfc2a9474ccab03a47de52a45aee35f6a1692613159e6c15f0b,31833bd23c8fa8d3aa3358876ebea43cf77d03fb4068f2a3b73b3d7dda2b6e98,True,True
ofo__dominant__Flickr__seed0,DOMINANT,False,Flickr,Flickr,Social,0,full_graph,7575,7575,0.5428329044834308,0.0661266984847286,5.773496238514781,0.022858552634716034,6.322361748665571,2301619712,2657091584,1739648,9.5367431640625e-07,4.888067996944301e-05,2cc86e137f5b43dd592920ab18f828bfa938398dea5f4ddeb389edfb82715040,5895a2a3e8e25e9b9e7a7edf2f8fa88a4becf063471c5fa55df19dcc384336b2,350986debdbf452359a5edf510649188341de3d0bbaa17e3362e5643d256c88f,True,True
ofo__dominant__BlogCatalog__seed0,DOMINANT,False,BlogCatalog,BlogCatalog,Social,0,full_graph,5196,5196,0.5617279411764706,0.07162187041474992,3.172912923619151,0.011120876297354698,3.5356398038566113,1107068416,1279262720,1740272,4.76837158203125e-07,3.772057971218601e-05,7ee60a456f4c5fee8256df292c2a812c472694a133b8e05e61c37816e6a16b92,69ba9af62e15087701524e6e50d410fc256485628929b92351f4a18ea2dd4ecc,65a532eee6903842d684772847f3771a4f16225841ca891af7f3f8b72e68ce5a,True,True
ofo__dominant__Facebook__seed0,DOMINANT,False,Facebook,Facebook,Social,0,full_graph,1081,1081,0.07170454545454547,0.012600975985000883,1.3255128171294928,0.0010446887463331223,1.3685579374432564,91952128,115343360,1721572,9.5367431640625e-07,2.289894109708257e-05,7f015854ede8e6e272379f9277f9d944e5723e36308ca511537efbac024f0736,c6d4e54a444b54976e41062c533e2890f5ad5d5b1c4d6a756f2a5e064da9b8d4,606d8cce2f9a9d2829244f5691d1abf0c3a5e0f28a2ade25a7ca7df304184163,True,True
ofo__dominant__weibo__seed0,DOMINANT,False,weibo,Weibo,Social,0,full_graph,8405,8405,0.3556720791866118,0.07378436158795543,2.081843623891473,0.00417126901447773,2.472050668671727,922946048,1149239296,1748492,9.5367431640625e-06,7.274860399775207e-05,dcc06b5a9220205a2a2cab799b7cde92c830ac0353639f5a66bae90ddc157cfd,8da7aadd3446a97b1abc7aa0254668eefd5554ff4cfaa619070e2f7bc68bfdd8,b79248b7ea8329fbfffc6b0c97e73e5e930a79cb5ffa6d0e529117b9bae9b5da,True,True
ofo__dominant__Reddit__seed0,DOMINANT,False,Reddit,Reddit,Social,0,full_graph,10984,10984,0.557905845008013,0.03739208334501528,1.4060274045914412,0.0011055413633584976,1.5509534887969494,240827392,291504128,1754812,4.76837158203125e-07,6.247271812753752e-05,1b450bb16e37a0cc5742fba3bf687620ef215135aa519b7a278f6e5c17069b05,5efb257101be481957e1a82aba8c8bca89b39d918b9199272775b1e3478abafe,533a739caa38939dff51f1902e6705fbb4e727badf1d408fc0d1b45467cf4fd3,True,True
ofo__dominant__questions__seed0,DOMINANT,False,questions,Questions,Q&A,0,full_graph,48921,48921,0.5584085404801,0.0478576203646768,1.5392115153372288,0.0029224641621112823,2.137704871594906,698603008,815792128,1806472,2.384185791015625e-07,4.995091512682848e-05,fe093373fb99406d55f6ed74da1dee3728c723fb7f79869c38365bb4044ee324,d122b32802f34f3c104ded843c63ba8e70111e1d274384cc3152f0d5e6acc829,549173adf44d795b539e219296bb68895e416e84868ac1abc0f512a2c29a5e97,True,True
ofo__dominant__YelpChi__seed0,DOMINANT,False,YelpChi,YelpChi,E-commerce,0,full_graph,23831,23831,0.2705776353520143,0.031917497509306156,1.3286155182868242,0.0014692116528749466,1.4532770663499832,216761344,239075328,1727492,0.0,1.746320594975259e-05,dda2b8139a92a9ce71ff3b158738b27bf15937de68745272212d2fb6734ca1c0,24a757dec9a6ab427a54d7d30bbc3d42f2f359031b0fba0507bc5cdcf5b88bdd,61eae7fd894b54840eb7038d52bbf9e3802704ccd16a74526dd2fff3cbff72ca,True,True
ofo__dominant__Amazon__seed0,DOMINANT,False,Amazon,Amazon,E-commerce,0,full_graph,10224,10224,0.5863434470611052,0.11760345689387448,1.3944928422570229,0.0027929525822401047,1.620525212958455,443567104,545259520,1725828,9.5367431640625e-07,3.837517215288244e-05,e8595b7133e986036cf0e6ae62143dda65f98539853de1092dd8e2140bff5125,c287b1928c35dbd6923edbc14382b3c8f55c4e259a68aa1b37627e5cf46d12aa,6677b4f17f594c4169df3717fc9da9c6b06d1dfcc28e5f0d42beedf4c7843dd3,True,True
ofo__dominant__pubmed__seed1,DOMINANT,False,pubmed,PubMed,Citation,1,full_graph,19717,19717,0.8367183222611638,0.10647510164604222,1.2303487565368414,0.0014889538288116455,1.3737584557384253,312525824,488636416,1727976,0.0,2.3684191546635702e-05,36a415fa81556039ed005b28fda01269e7e38fd15d15b3ed5fd3a7ee01741379,f8fa405a14c314158b69ede272c1f044805d07fd27e82330a4120b07ec395e8a,630b73bbe79261d13ec71cede9b71c124da5be39d48817f829fe6ae4102b51e3,True,True
ofo__dominant__cora__seed1,DOMINANT,False,cora,Cora,Citation,1,full_graph,2708,2708,0.6683033620015637,0.2500604910169313,1.175656832754612,0.0009929798543453217,1.2212713677436113,120678400,136314880,1746060,0.0,2.3817483452148736e-05,7f60ae1282f32a396dc3b6e1d58cafa2127ba4892b1c97b4d79adc4f717fec12,5c27b27819e2710afd6a4f5840e52cff409b458420e31d9ea3799a77367adae9,1f67271a4355d88efbc11fb4d67419c2e83f8f0f8bc5c5703d4cedb8f2fcca37,True,True
ofo__dominant__citeseer__seed1,DOMINANT,False,citeseer,CiteSeer,Citation,1,full_graph,3327,3327,0.6893967054873571,0.3352189375902135,1.461955901235342,0.001855950802564621,1.5573927406221628,328144896,343932928,1751664,0.0,2.0730851247208193e-05,6d486eaad8a2c22d586ca017c77ca461163e5af5ed88f71d2cde13023cb42b9a,f6bd66b375de6cb4f789eab1281bf5add16b1305c23bd526b4fed71a0db79d4f,9a5dd61bb1840f0ec448b24bd9bfce44a5a922f5dc9060846221b36c02f41a2e,True,True
ofo__dominant__ACM__seed1,DOMINANT,False,ACM,ACM,Citation,1,full_graph,16484,16484,0.6728936430120641,0.09513951948770154,4.484896125271916,0.018198415637016296,5.096707046031952,3382269952,3930062848,1734172,1.1920928955078125e-07,3.357189416419715e-05,ff20f5c40114cb888095e254f4cc76f299c79c4d27f5f64d1496cde9b12da3da,98bfa22536f35dfc2a9474ccab03a47de52a45aee35f6a1692613159e6c15f0b,31833bd23c8fa8d3aa3358876ebea43cf77d03fb4068f2a3b73b3d7dda2b6e98,True,True
ofo__dominant__Flickr__seed1,DOMINANT,False,Flickr,Flickr,Social,1,full_graph,7575,7575,0.5428232358674464,0.06613505918142376,5.815649468451738,0.022941166535019875,6.383865283802152,2301619712,2657091584,1774088,1.9073486328125e-06,4.8797570343595e-05,85928d9d19574da8fd190c03b0245014e3c4e695a98134426b6056cfa0fd63cb,5895a2a3e8e25e9b9e7a7edf2f8fa88a4becf063471c5fa55df19dcc384336b2,350986debdbf452359a5edf510649188341de3d0bbaa17e3362e5643d256c88f,True,True
ofo__dominant__BlogCatalog__seed1,DOMINANT,False,BlogCatalog,BlogCatalog,Social,1,full_graph,5196,5196,0.5617531318082789,0.07158003975914903,3.1022285241633654,0.011348485946655273,3.442362055182457,1107068416,1279262720,1770664,4.76837158203125e-07,3.7527483073063195e-05,415a406bf18566b4a170c42c22a852e294b4d67a35c9b1fcb0e96c419aadd139,69ba9af62e15087701524e6e50d410fc256485628929b92351f4a18ea2dd4ecc,65a532eee6903842d684772847f3771a4f16225841ca891af7f3f8b72e68ce5a,True,True
ofo__dominant__Facebook__seed1,DOMINANT,False,Facebook,Facebook,Social,1,full_graph,1081,1081,0.07109848484848486,0.012599888272903204,1.3679913114756346,0.0019640345126390457,1.42301519587636,91952128,115343360,1747140,1.3113021850585938e-06,2.305972157046199e-05,9b36f01fe85e199ec3af48ab25a910ebc14f6562d15c8e111117c23ef114098e,c6d4e54a444b54976e41062c533e2890f5ad5d5b1c4d6a756f2a5e064da9b8d4,606d8cce2f9a9d2829244f5691d1abf0c3a5e0f28a2ade25a7ca7df304184163,True,True
ofo__dominant__weibo__seed1,DOMINANT,False,weibo,Weibo,Social,1,full_graph,8405,8405,0.38300887663869,0.07678862857718755,2.0723576806485653,0.0043253786861896515,2.4391966182738543,922946048,1149239296,1770164,1.71661376953125e-05,7.498396735172719e-05,bd0c63cea3275d0c8bede649d2ef06118dc2bd41b7de10c4d9be704ff59592df,8da7aadd3446a97b1abc7aa0254668eefd5554ff4cfaa619070e2f7bc68bfdd8,b79248b7ea8329fbfffc6b0c97e73e5e930a79cb5ffa6d0e529117b9bae9b5da,True,True
ofo__dominant__Reddit__seed1,DOMINANT,False,Reddit,Reddit,Social,1,full_graph,10984,10984,0.5649805156106704,0.03778882248376196,1.5303632356226444,0.0030767619609832764,1.6682037618011236,240827392,291504128,1753076,1.9073486328125e-06,6.295231287367642e-05,2342f549bfbbde3641a15f6ec11de78c778fdfc8d069fca42c9d30752c2d76b5,5efb257101be481957e1a82aba8c8bca89b39d918b9199272775b1e3478abafe,533a739caa38939dff51f1902e6705fbb4e727badf1d408fc0d1b45467cf4fd3,True,True
ofo__dominant__questions__seed1,DOMINANT,False,questions,Questions,Q&A,1,full_graph,48921,48921,0.5605743201411513,0.0478647403804008,1.574380736798048,0.0034851375967264175,2.146628376096487,698603008,815792128,1774872,4.76837158203125e-07,4.9759015382733196e-05,46a857cd9a8c11fce1a2e2a637469d136bea575931f15a4f25d378c9ae537de6,d122b32802f34f3c104ded843c63ba8e70111e1d274384cc3152f0d5e6acc829,549173adf44d795b539e219296bb68895e416e84868ac1abc0f512a2c29a5e97,True,True
ofo__dominant__YelpChi__seed1,DOMINANT,False,YelpChi,YelpChi,E-commerce,1,full_graph,23831,23831,0.2590226682389797,0.03142539262042655,1.175993675366044,0.0020360946655273438,1.3143452797085047,216761344,239075328,1759132,0.0,1.7398631825926714e-05,f6023a2dc1b4ac19a26b258987da147c924d16ffd8163792dbc99c534a8ac8c0,24a757dec9a6ab427a54d7d30bbc3d42f2f359031b0fba0507bc5cdcf5b88bdd,61eae7fd894b54840eb7038d52bbf9e3802704ccd16a74526dd2fff3cbff72ca,True,True
ofo__dominant__Amazon__seed1,DOMINANT,False,Amazon,Amazon,E-commerce,1,full_graph,10224,10224,0.5863868234028763,0.11837762924497378,1.1771647855639458,0.0026453305035829544,1.3560932837426662,443567104,545259520,1730288,4.76837158203125e-07,3.8016121834516525e-05,a1899a5ae8b26bd206e80555a68146c0fcebced351baabe15a0aedec6ed9de2f,c287b1928c35dbd6923edbc14382b3c8f55c4e259a68aa1b37627e5cf46d12aa,6677b4f17f594c4169df3717fc9da9c6b06d1dfcc28e5f0d42beedf4c7843dd3,True,True
ofo__dominant__pubmed__seed2,DOMINANT,False,pubmed,PubMed,Citation,2,full_graph,19717,19717,0.8367183222611638,0.10647510164604222,1.078025009483099,0.0019216295331716537,1.2402908764779568,312525824,488636416,1728516,0.0,2.3684191546635702e-05,36a415fa81556039ed005b28fda01269e7e38fd15d15b3ed5fd3a7ee01741379,f8fa405a14c314158b69ede272c1f044805d07fd27e82330a4120b07ec395e8a,630b73bbe79261d13ec71cede9b71c124da5be39d48817f829fe6ae4102b51e3,True,True
ofo__dominant__cora__seed2,DOMINANT,False,cora,Cora,Citation,2,full_graph,2708,2708,0.6679254626009903,0.24956682311416073,0.9785576816648245,0.0009323377162218094,1.0191227551549673,120678400,136314880,1719908,0.0,2.372551170992665e-05,8e1f64ff99c963adddb447ce0831232a1f28383973fd0879e14065182c32c0b1,5c27b27819e2710afd6a4f5840e52cff409b458420e31d9ea3799a77367adae9,1f67271a4355d88efbc11fb4d67419c2e83f8f0f8bc5c5703d4cedb8f2fcca37,True,True
ofo__dominant__citeseer__seed2,DOMINANT,False,citeseer,CiteSeer,Citation,2,full_graph,3327,3327,0.6893526387577379,0.3345704230589345,1.2299325689673424,0.0012771766632795334,1.3259828686714172,328144896,343932928,1720724,0.0,2.073928772006184e-05,da39da4775592a19f19d7daca8ea486b2913d441ec44c3942d9277caad9e3c85,f6bd66b375de6cb4f789eab1281bf5add16b1305c23bd526b4fed71a0db79d4f,9a5dd61bb1840f0ec448b24bd9bfce44a5a922f5dc9060846221b36c02f41a2e,True,True
ofo__dominant__ACM__seed2,DOMINANT,False,ACM,ACM,Citation,2,full_graph,16484,16484,0.6728914288823105,0.0951354329871896,4.36214785464108,0.017697039991617203,4.912754867225885,3382269952,3930062848,1730236,1.1920928955078125e-07,3.3530355722177774e-05,8e20961b95d10b1ed33e416446068ab90eeffdb4866afe65e32bcffad7c52281,98bfa22536f35dfc2a9474ccab03a47de52a45aee35f6a1692613159e6c15f0b,31833bd23c8fa8d3aa3358876ebea43cf77d03fb4068f2a3b73b3d7dda2b6e98,True,True
ofo__dominant__Flickr__seed2,DOMINANT,False,Flickr,Flickr,Social,2,full_graph,7575,7575,0.5427396491228069,0.06611162349042808,5.83682750351727,0.022933611646294594,6.372622335329652,2301619712,2657091584,1788428,1.430511474609375e-06,4.8901951231528074e-05,680e32c6286c469a4a21e2cba66a4a2f9d7e80918ac24c0fe8c650ddd2537dc8,5895a2a3e8e25e9b9e7a7edf2f8fa88a4becf063471c5fa55df19dcc384336b2,350986debdbf452359a5edf510649188341de3d0bbaa17e3362e5643d256c88f,True,True
ofo__dominant__BlogCatalog__seed2,DOMINANT,False,BlogCatalog,BlogCatalog,Social,2,full_graph,5196,5196,0.5617381535947712,0.07158761477009509,3.2144692353904247,0.01137574203312397,3.568050466477871,1107068416,1279262720,1769916,4.76837158203125e-07,3.761572588700801e-05,5b0257a6051f4cf1f3faba1efe7d8fadf5d8ec56a187eaed5f5aa278c0437df3,69ba9af62e15087701524e6e50d410fc256485628929b92351f4a18ea2dd4ecc,65a532eee6903842d684772847f3771a4f16225841ca891af7f3f8b72e68ce5a,True,True
ofo__dominant__Facebook__seed2,DOMINANT,False,Facebook,Facebook,Social,2,full_graph,1081,1081,0.0727651515151515,0.01261171602018334,1.2819653376936913,0.0015575159341096878,1.3326030410826206,91952128,115343360,1748604,1.7881393432617188e-06,2.287329698447138e-05,afbdf61309da3aaeddb75e243cedfcd721a08e7f6662a53ebcb8e70e4160c6fc,c6d4e54a444b54976e41062c533e2890f5ad5d5b1c4d6a756f2a5e064da9b8d4,606d8cce2f9a9d2829244f5691d1abf0c3a5e0f28a2ade25a7ca7df304184163,True,True
ofo__dominant__weibo__seed2,DOMINANT,False,weibo,Weibo,Social,2,full_graph,8405,8405,0.3866777966028117,0.07721474675669597,2.116493370383978,0.003471964970231056,2.4816415570676327,922946048,1149239296,1755108,5.245208740234375e-06,7.302367885131389e-05,a4c3456ec1c14a871e3db51ef98bc8ebd95ffd7ce0fe738ab42d6354550fad26,8da7aadd3446a97b1abc7aa0254668eefd5554ff4cfaa619070e2f7bc68bfdd8,b79248b7ea8329fbfffc6b0c97e73e5e930a79cb5ffa6d0e529117b9bae9b5da,True,True
ofo__dominant__Reddit__seed2,DOMINANT,False,Reddit,Reddit,Social,2,full_graph,10984,10984,0.5616591374375095,0.03759597834424512,1.5117679350078106,0.0015573669224977493,1.630801698192954,240827392,291504128,1753384,9.5367431640625e-07,6.277790816966444e-05,3f7b5daf7979f38a7514fbb4dd4086f7786c1d8ed565368fe38beea1d25c1007,5efb257101be481957e1a82aba8c8bca89b39d918b9199272775b1e3478abafe,533a739caa38939dff51f1902e6705fbb4e727badf1d408fc0d1b45467cf4fd3,True,True
ofo__dominant__questions__seed2,DOMINANT,False,questions,Questions,Q&A,2,full_graph,48921,48921,0.5649252248349258,0.04829150675192383,1.6075039487332106,0.003011690452694893,2.1318057756870985,698603008,815792128,1804936,5.960464477539063e-08,4.968363282387145e-05,1d01f08ebf3436b2664078307312c7c146668b5364a66831d9413f6971bffed6,d122b32802f34f3c104ded843c63ba8e70111e1d274384cc3152f0d5e6acc829,549173adf44d795b539e219296bb68895e416e84868ac1abc0f512a2c29a5e97,True,True
ofo__dominant__YelpChi__seed2,DOMINANT,False,YelpChi,YelpChi,E-commerce,2,full_graph,23831,23831,0.2855363192600565,0.03259214689782751,1.4047120604664087,0.004867438226938248,1.5505325552076101,216761344,239075328,1730340,1.1920928955078125e-07,1.740975130815059e-05,07bd896baf834ebca11e3b91a9d1b5dd139ca652291ffbd53774e8d2ce028487,24a757dec9a6ab427a54d7d30bbc3d42f2f359031b0fba0507bc5cdcf5b88bdd,61eae7fd894b54840eb7038d52bbf9e3802704ccd16a74526dd2fff3cbff72ca,True,True
ofo__dominant__Amazon__seed2,DOMINANT,False,Amazon,Amazon,E-commerce,2,full_graph,10224,10224,0.582540636364999,0.11746828455563196,1.4766207039356232,0.0024040881544351578,1.6471957117319107,443567104,545259520,1754612,4.76837158203125e-07,3.790589835261926e-05,884648d4866f47453efcf0d0489c7fabde21883ee1cd1e0feca177b51993911f,c287b1928c35dbd6923edbc14382b3c8f55c4e259a68aa1b37627e5cf46d12aa,6677b4f17f594c4169df3717fc9da9c6b06d1dfcc28e5f0d42beedf4c7843dd3,True,True
ofo__anomalydae__pubmed__seed0,AnomalyDAE,False,pubmed,PubMed,Citation,0,full_graph,19717,19717,0.7846412442677546,0.09650404161609558,2.2068516090512276,0.041114939376711845,2.5115561056882143,432378368,591396864,1800060,1.52587890625e-05,0.00041828324901871383,c4c56f7f5418579481fc864b33d0bf75ac72ba1525a945972b133e5cad3efc48,f8fa405a14c314158b69ede272c1f044805d07fd27e82330a4120b07ec395e8a,630b73bbe79261d13ec71cede9b71c124da5be39d48817f829fe6ae4102b51e3,True,True
ofo__anomalydae__cora__seed0,AnomalyDAE,False,cora,Cora,Citation,0,full_graph,2708,2708,0.6857961949439666,0.22950898650603002,1.6037556994706392,0.022469917312264442,1.7354612741619349,139438592,153092096,1780904,3.814697265625e-06,0.00022152964083943516,74fcfc5f79aeb278abc3bc259e6facf91c33e2b3549fa14dc692ca7f40ddd845,5c27b27819e2710afd6a4f5840e52cff409b458420e31d9ea3799a77367adae9,1f67271a4355d88efbc11fb4d67419c2e83f8f0f8bc5c5703d4cedb8f2fcca37,True,True
ofo__anomalydae__citeseer__seed0,AnomalyDAE,False,citeseer,CiteSeer,Citation,0,full_graph,3327,3327,0.7159395656279508,0.34385075075600585,1.6357135102152824,0.021711546927690506,1.8075268287211657,379632640,404750336,1810160,3.814697265625e-06,0.00020314293215051293,62b66a43ead81d473f779d5eb9b81dc2b7c7c1c5ae05f82ebd66c20b62ec7e2c,f6bd66b375de6cb4f789eab1281bf5add16b1305c23bd526b4fed71a0db79d4f,9a5dd61bb1840f0ec448b24bd9bfce44a5a922f5dc9060846221b36c02f41a2e,True,True
ofo__anomalydae__ACM__seed0,AnomalyDAE,False,ACM,ACM,Citation,0,full_graph,16484,16484,0.6991367213525086,0.1002125143216054,4.000729924067855,0.07755696028470993,4.743843153119087,3973600256,4162846720,1802536,1.52587890625e-05,0.0007032755529507995,0b64fcab490323872bd2645e47fbbb283427bddbe580ada35530f15127d2f084,98bfa22536f35dfc2a9474ccab03a47de52a45aee35f6a1692613159e6c15f0b,31833bd23c8fa8d3aa3358876ebea43cf77d03fb4068f2a3b73b3d7dda2b6e98,True,True
ofo__anomalydae__Flickr__seed0,AnomalyDAE,False,Flickr,Flickr,Social,0,full_graph,7575,7575,0.47695797270955165,0.058722659510555164,19.560723192989826,0.6931355521082878,21.464482044801116,2799122944,3412066304,1817084,4.9591064453125e-05,0.0002623401815071702,65c3d35439eca237d64e0af2520fd9b9a03725d21f8c5ab5e7d4ef1f206c9e17,5895a2a3e8e25e9b9e7a7edf2f8fa88a4becf063471c5fa55df19dcc384336b2,350986debdbf452359a5edf510649188341de3d0bbaa17e3362e5643d256c88f,True,True
ofo__anomalydae__BlogCatalog__seed0,AnomalyDAE,False,BlogCatalog,BlogCatalog,Social,0,full_graph,5196,5196,0.2566377314814815,0.03742740700749671,10.488909075036645,0.3486545942723751,11.578386787325144,1405558784,1902116864,1840676,5.7220458984375e-06,0.00012727313151117414,85635aedd9306144f0d0c1eda2d5f09502eb43d711f1bc8d2db8b52ba6eefa8d,69ba9af62e15087701524e6e50d410fc256485628929b92351f4a18ea2dd4ecc,65a532eee6903842d684772847f3771a4f16225841ca891af7f3f8b72e68ce5a,True,True
ofo__anomalydae__Facebook__seed0,AnomalyDAE,False,Facebook,Facebook,Social,0,full_graph,1081,1081,0.6816666666666668,0.04615281750477842,3.1478476002812386,0.082262322306633,3.3961469661444426,141849600,157286400,1802888,2.86102294921875e-06,7.417518645524979e-05,e5de1100ff7b53f82cbfb93df763d4ce99fd154bd61a14dd12dfe5049bdbe2c6,c6d4e54a444b54976e41062c533e2890f5ad5d5b1c4d6a756f2a5e064da9b8d4,606d8cce2f9a9d2829244f5691d1abf0c3a5e0f28a2ade25a7ca7df304184163,True,True
ofo__anomalydae__weibo__seed0,AnomalyDAE,False,weibo,Weibo,Social,0,full_graph,8405,8405,0.4071590139948604,0.08337611480595145,62.76756398379803,2.2193298544734716,67.565415116027,1573500416,1709178880,1860908,0.0001068115234375,0.0002994733804371208,8e50390038099bb7faceda8000923ab2fd59052bfba5a25d64335e1058208981,8da7aadd3446a97b1abc7aa0254668eefd5554ff4cfaa619070e2f7bc68bfdd8,b79248b7ea8329fbfffc6b0c97e73e5e930a79cb5ffa6d0e529117b9bae9b5da,True,True
ofo__anomalydae__Reddit__seed0,AnomalyDAE,False,Reddit,Reddit,Social,0,full_graph,10984,10984,0.5602908299855797,0.03758935933987181,5.16459315083921,0.15914723463356495,5.638442726805806,380635648,406847488,1806716,4.57763671875e-05,0.0012478696880862117,1535ad024854448e717ac3dfa5f8aa8153090bb9b1ec3fcae78abcd7c65bbdd7,5efb257101be481957e1a82aba8c8bca89b39d918b9199272775b1e3478abafe,533a739caa38939dff51f1902e6705fbb4e727badf1d408fc0d1b45467cf4fd3,True,True
ofo__anomalydae__questions__seed0,AnomalyDAE,False,questions,Questions,Q&A,0,full_graph,48921,48921,0.6314756412835572,0.06352845778051396,6.617088291794062,0.20632918365299702,7.645245011895895,1023411200,1193279488,1894672,3.0517578125e-05,0.0011995160020887852,bd2aeb989c4c74bdf84196a1164d10f5626b8a4727f5e2d9feacca12c6f4c975,d122b32802f34f3c104ded843c63ba8e70111e1d274384cc3152f0d5e6acc829,549173adf44d795b539e219296bb68895e416e84868ac1abc0f512a2c29a5e97,True,True
ofo__anomalydae__YelpChi__seed0,AnomalyDAE,False,YelpChi,YelpChi,E-commerce,0,full_graph,23831,23831,0.27568316512505725,0.03215392830562667,1.642767420038581,0.02415962517261505,1.8795816469937563,308238848,358612992,1834076,7.62939453125e-06,0.000247816409682855,10690239a7a454dd315b709e6e1bc3f331bc28a725c8f941d3ac2ec72e3f372e,24a757dec9a6ab427a54d7d30bbc3d42f2f359031b0fba0507bc5cdcf5b88bdd,61eae7fd894b54840eb7038d52bbf9e3802704ccd16a74526dd2fff3cbff72ca,True,True
ofo__anomalydae__Amazon__seed0,AnomalyDAE,False,Amazon,Amazon,E-commerce,0,full_graph,10224,10224,0.6049042064150658,0.08247579435766002,7.071813324466348,0.23814009130001068,7.76764034666121,742766592,828375040,1834352,7.2479248046875e-05,0.00041168928146362305,598a5c369169028e3ef79f18fb693d8f8562302175d5ba4cbf5466dde36ff58f,c287b1928c35dbd6923edbc14382b3c8f55c4e259a68aa1b37627e5cf46d12aa,6677b4f17f594c4169df3717fc9da9c6b06d1dfcc28e5f0d42beedf4c7843dd3,True,True
ofo__anomalydae__pubmed__seed1,AnomalyDAE,False,pubmed,PubMed,Citation,1,full_graph,19717,19717,0.7842337099614654,0.09939679596395143,2.2261829786002636,0.04913338087499142,2.5707027912139893,432378368,591396864,1799488,1.1444091796875e-05,0.0004120026424061507,94178299eb614a114240ea8252b31d6ec1b08355b791b1e02c48fe4631d649fe,f8fa405a14c314158b69ede272c1f044805d07fd27e82330a4120b07ec395e8a,630b73bbe79261d13ec71cede9b71c124da5be39d48817f829fe6ae4102b51e3,True,True
ofo__anomalydae__cora__seed1,AnomalyDAE,False,cora,Cora,Citation,1,full_graph,2708,2708,0.6874850143341151,0.21681699307693075,1.3727785032242537,0.013895126059651375,1.5939240995794535,139438592,153092096,1785468,7.62939453125e-06,0.00021911539079155773,678ca6a5851ef093adf2e8620db40d2ed78b759334bd2edec01876ffc60685af,5c27b27819e2710afd6a4f5840e52cff409b458420e31d9ea3799a77367adae9,1f67271a4355d88efbc11fb4d67419c2e83f8f0f8bc5c5703d4cedb8f2fcca37,True,True
ofo__anomalydae__citeseer__seed1,AnomalyDAE,False,citeseer,CiteSeer,Citation,1,full_graph,3327,3327,0.7182520197251075,0.3434591296976307,1.1941681206226349,0.011591440066695213,1.4358785040676594,379632640,404750336,1792756,5.7220458984375e-06,0.0002039349201368168,857c5960cf5c32c7888156107c4660dd560fd85ba391f0dc74a92b223ce143a9,f6bd66b375de6cb4f789eab1281bf5add16b1305c23bd526b4fed71a0db79d4f,9a5dd61bb1840f0ec448b24bd9bfce44a5a922f5dc9060846221b36c02f41a2e,True,True
ofo__anomalydae__ACM__seed1,AnomalyDAE,False,ACM,ACM,Citation,1,full_graph,16484,16484,0.6990859018029237,0.10021688760907874,3.848566023632884,0.0800449326634407,4.600409857928753,3973600256,4162846720,1815288,1.52587890625e-05,0.0007032438879832625,5df30e25fe8e2889e5634e18866e8a04bf084fde60bfca33d77c2e5b902fffa4,98bfa22536f35dfc2a9474ccab03a47de52a45aee35f6a1692613159e6c15f0b,31833bd23c8fa8d3aa3358876ebea43cf77d03fb4068f2a3b73b3d7dda2b6e98,True,True
ofo__anomalydae__Flickr__seed1,AnomalyDAE,False,Flickr,Flickr,Social,1,full_graph,7575,7575,0.48613192982456144,0.059753016605787114,18.569330604746938,0.7800407838076353,20.622546130791306,2799139328,3412066304,1850016,3.814697265625e-05,0.00027305769617669284,a59c79f9fabf76529a981f55d6420214797fc286df00953d59c3872927f11cb3,5895a2a3e8e25e9b9e7a7edf2f8fa88a4becf063471c5fa55df19dcc384336b2,350986debdbf452359a5edf510649188341de3d0bbaa17e3362e5643d256c88f,True,True
ofo__anomalydae__BlogCatalog__seed1,AnomalyDAE,False,BlogCatalog,BlogCatalog,Social,1,full_graph,5196,5196,0.25904786220043574,0.03768535679465884,9.504956919699907,0.31168231554329395,10.437197055667639,1405558784,1902116864,1827480,7.62939453125e-06,0.00012699289072770625,3cfe5f22af92eeac9bbad86ff0596ad0ac0d5c2cd0e788dc0f40451b248953bf,69ba9af62e15087701524e6e50d410fc256485628929b92351f4a18ea2dd4ecc,65a532eee6903842d684772847f3771a4f16225841ca891af7f3f8b72e68ce5a,True,True
ofo__anomalydae__Facebook__seed1,AnomalyDAE,False,Facebook,Facebook,Social,1,full_graph,1081,1081,0.6760227272727273,0.04128483980465117,2.827727872878313,0.08355917036533356,3.0889645013958216,141849600,157286400,1784788,2.86102294921875e-06,7.469025149475783e-05,abf089efdb4f4cfd69c23b8b8ef82d424e5bb7a9de834e743758aca4fc3ef375,c6d4e54a444b54976e41062c533e2890f5ad5d5b1c4d6a756f2a5e064da9b8d4,606d8cce2f9a9d2829244f5691d1abf0c3a5e0f28a2ade25a7ca7df304184163,True,True
ofo__anomalydae__weibo__seed1,AnomalyDAE,False,weibo,Weibo,Social,1,full_graph,8405,8405,0.3667303514642663,0.07754409292504066,62.84177918732166,2.3481570426374674,68.04965723492205,1573500416,1709178880,1885568,0.00017547607421875,0.00029028262360952795,be9dd0def93cbf38394ca91039ed75022444176348b729a5cab65202c00f9368,8da7aadd3446a97b1abc7aa0254668eefd5554ff4cfaa619070e2f7bc68bfdd8,b79248b7ea8329fbfffc6b0c97e73e5e930a79cb5ffa6d0e529117b9bae9b5da,True,True
ofo__anomalydae__Reddit__seed1,AnomalyDAE,False,Reddit,Reddit,Social,1,full_graph,10984,10984,0.5620610737308643,0.03767206276642053,5.303879922255874,0.1497758887708187,5.850176157429814,380635648,406847488,1800112,3.0517578125e-05,0.0012469063512980938,b4e665deeb60a6b200fce4cf7e926a9e882321aa0dd3e03443c35c7461048b9b,5efb257101be481957e1a82aba8c8bca89b39d918b9199272775b1e3478abafe,533a739caa38939dff51f1902e6705fbb4e727badf1d408fc0d1b45467cf4fd3,True,True
ofo__anomalydae__questions__seed1,AnomalyDAE,False,questions,Questions,Q&A,1,full_graph,48921,48921,0.6619067479484958,0.06521183034185771,6.569138251245022,0.21877527981996536,7.628877304494381,1023411200,1193279488,1870340,3.0517578125e-05,0.0011995413806289434,f42cba790e8f054cceb58338d44950e27632706ba66f537b476fc94cd5164680,d122b32802f34f3c104ded843c63ba8e70111e1d274384cc3152f0d5e6acc829,549173adf44d795b539e219296bb68895e416e84868ac1abc0f512a2c29a5e97,True,True
ofo__anomalydae__YelpChi__seed1,AnomalyDAE,False,YelpChi,YelpChi,E-commerce,1,full_graph,23831,23831,0.2755938522823719,0.03215045844144898,1.7955367006361485,0.04129648394882679,2.034435460343957,308238848,358612992,1799912,7.62939453125e-06,0.0002477369853295386,18b46191e58b16f2160e215fc344143b75a54ff17d840757971ea654a6ca08ec,24a757dec9a6ab427a54d7d30bbc3d42f2f359031b0fba0507bc5cdcf5b88bdd,61eae7fd894b54840eb7038d52bbf9e3802704ccd16a74526dd2fff3cbff72ca,True,True
ofo__anomalydae__Amazon__seed1,AnomalyDAE,False,Amazon,Amazon,E-commerce,1,full_graph,10224,10224,0.5169599982316382,0.06826564666052706,7.0078098848462105,0.2381382267922163,7.661983201280236,742766592,828375040,1816740,2.47955322265625e-05,0.00039055338129401207,76eb9528513ad4bb0aa42cc6c6da9e058eb46c494d2cdde77c9084ad407af7b8,c287b1928c35dbd6923edbc14382b3c8f55c4e259a68aa1b37627e5cf46d12aa,6677b4f17f594c4169df3717fc9da9c6b06d1dfcc28e5f0d42beedf4c7843dd3,True,True
ofo__anomalydae__pubmed__seed2,AnomalyDAE,False,pubmed,PubMed,Citation,2,full_graph,19717,19717,0.7791344527558368,0.10029594673797339,2.137131355702877,0.04455826245248318,2.4355154521763325,432378368,591396864,1799384,7.62939453125e-06,0.00040841568261384964,0d86f82eda970344e1aa0a6d490d391ed37dca78854daf8e6fcb527ad36866aa,f8fa405a14c314158b69ede272c1f044805d07fd27e82330a4120b07ec395e8a,630b73bbe79261d13ec71cede9b71c124da5be39d48817f829fe6ae4102b51e3,True,True
ofo__anomalydae__cora__seed2,AnomalyDAE,False,cora,Cora,Citation,2,full_graph,2708,2708,0.6861037268699505,0.220265329254664,1.4601099230349064,0.020994361490011215,1.5893591530621052,139438592,153092096,1798188,3.814697265625e-06,0.00022043952776584774,c4d713df44a5e7f8acec9ff65e97c157ee98bf81a8487c2f12aa1aa41794a06d,5c27b27819e2710afd6a4f5840e52cff409b458420e31d9ea3799a77367adae9,1f67271a4355d88efbc11fb4d67419c2e83f8f0f8bc5c5703d4cedb8f2fcca37,True,True
ofo__anomalydae__citeseer__seed2,AnomalyDAE,False,citeseer,CiteSeer,Citation,2,full_graph,3327,3327,0.713467631937887,0.34434382848676465,1.5150088351219893,0.008611788973212242,1.648383880034089,379632640,404750336,1792584,5.7220458984375e-06,0.00020960296387784183,9ba70b76cd3e8ae9bb4eeb558a50efc3bee8cc20d0e29f2691cb3f0dea482b53,f6bd66b375de6cb4f789eab1281bf5add16b1305c23bd526b4fed71a0db79d4f,9a5dd61bb1840f0ec448b24bd9bfce44a5a922f5dc9060846221b36c02f41a2e,True,True
ofo__anomalydae__ACM__seed2,AnomalyDAE,False,ACM,ACM,Citation,2,full_graph,16484,16484,0.6991073577745845,0.10024085076410745,3.8979326020926237,0.08967132680118084,4.606810351833701,3973600256,4162846720,1800988,1.52587890625e-05,0.0007032401044853032,107355d6c52813d67381fc9b4d88af7e6f5d34aa85b1c533f9ff1491284a6082,98bfa22536f35dfc2a9474ccab03a47de52a45aee35f6a1692613159e6c15f0b,31833bd23c8fa8d3aa3358876ebea43cf77d03fb4068f2a3b73b3d7dda2b6e98,True,True
ofo__anomalydae__Flickr__seed2,AnomalyDAE,False,Flickr,Flickr,Social,2,full_graph,7575,7575,0.478659649122807,0.05897625683695575,19.14909894578159,0.677240738645196,20.963001128286123,2799122944,3412066304,1830772,5.7220458984375e-05,0.000267453258857131,cf474215b2dc9ad25240201a1dde4d3504dfbabe7554b6ea5a8b3c0e63a4135a,5895a2a3e8e25e9b9e7a7edf2f8fa88a4becf063471c5fa55df19dcc384336b2,350986debdbf452359a5edf510649188341de3d0bbaa17e3362e5643d256c88f,True,True
ofo__anomalydae__BlogCatalog__seed2,AnomalyDAE,False,BlogCatalog,BlogCatalog,Social,2,full_graph,5196,5196,0.2570768654684096,0.03747453507212223,9.685465078800917,0.3331867977976799,10.68683310598135,1405558784,1902116864,1823204,7.62939453125e-06,0.00012718953075818717,3af0527ee1c590c41ace3cf7479a0c28c930bf6bc9ac81a27a5cc13dff8e7e18,69ba9af62e15087701524e6e50d410fc256485628929b92351f4a18ea2dd4ecc,65a532eee6903842d684772847f3771a4f16225841ca891af7f3f8b72e68ce5a,True,True
ofo__anomalydae__Facebook__seed2,AnomalyDAE,False,Facebook,Facebook,Social,2,full_graph,1081,1081,0.6720075757575757,0.043837434420804774,2.8928423896431923,0.07387207262217999,3.1384005304425955,141849600,157286400,1785816,2.86102294921875e-06,7.46498117223382e-05,1d261f472928fd9d63a72bb47496424bae9d09b9b00830c7dd80fe3d3384482a,c6d4e54a444b54976e41062c533e2890f5ad5d5b1c4d6a756f2a5e064da9b8d4,606d8cce2f9a9d2829244f5691d1abf0c3a5e0f28a2ade25a7ca7df304184163,True,True
ofo__anomalydae__weibo__seed2,AnomalyDAE,False,weibo,Weibo,Social,2,full_graph,8405,8405,0.38478727677711616,0.0804153277969686,62.545821806415915,2.374661959707737,67.6448569316417,1573500416,1709178880,1870124,8.7738037109375e-05,0.0002908059395849705,8098aee112a3359f238bd1c4b1a12dc3a491e627253aa0f1c384d869ec341260,8da7aadd3446a97b1abc7aa0254668eefd5554ff4cfaa619070e2f7bc68bfdd8,b79248b7ea8329fbfffc6b0c97e73e5e930a79cb5ffa6d0e529117b9bae9b5da,True,True
ofo__anomalydae__Reddit__seed2,AnomalyDAE,False,Reddit,Reddit,Social,2,full_graph,10984,10984,0.5580814669799814,0.03750085345677753,5.267715727910399,0.1590196955949068,5.750492701306939,380635648,406847488,1803600,6.103515625e-05,0.0012375643709674478,c99acd2e4faef02f632b1d82ad1677f138890e160334fa5d1bd8743f3aa63858,5efb257101be481957e1a82aba8c8bca89b39d918b9199272775b1e3478abafe,533a739caa38939dff51f1902e6705fbb4e727badf1d408fc0d1b45467cf4fd3,True,True
ofo__anomalydae__questions__seed2,AnomalyDAE,False,questions,Questions,Q&A,2,full_graph,48921,48921,0.6620310028161551,0.0652181626907623,7.123190941289067,0.20315377041697502,8.136643959209323,1023411200,1193279488,1871004,4.57763671875e-05,0.0011995596578344703,3724c4dcfdbb4ef649c27562dbc47e50d98f826807bcad516f55517a1344c10a,d122b32802f34f3c104ded843c63ba8e70111e1d274384cc3152f0d5e6acc829,549173adf44d795b539e219296bb68895e416e84868ac1abc0f512a2c29a5e97,True,True
ofo__anomalydae__YelpChi__seed2,AnomalyDAE,False,YelpChi,YelpChi,E-commerce,2,full_graph,23831,23831,0.27665168986947464,0.03219579635222563,1.508232282474637,0.02324214205145836,1.7263883892446756,308238848,358612992,1799628,7.62939453125e-06,0.0002477118687238544,dfcd23e11937d63eba80321317757813e8335fabdab8bfd4de74c90c657cd055,24a757dec9a6ab427a54d7d30bbc3d42f2f359031b0fba0507bc5cdcf5b88bdd,61eae7fd894b54840eb7038d52bbf9e3802704ccd16a74526dd2fff3cbff72ca,True,True
ofo__anomalydae__Amazon__seed2,AnomalyDAE,False,Amazon,Amazon,E-commerce,2,full_graph,10224,10224,0.6048118519003001,0.07694513381704368,6.716982001438737,0.22665837220847607,7.352764336392283,742766592,828375040,1820472,2.288818359375e-05,0.0004210917395539582,cdf985542d20706eabf16d6aad17e366f61dee2859146bfbe48e4947c6326a5c,c287b1928c35dbd6923edbc14382b3c8f55c4e259a68aa1b37627e5cf46d12aa,6677b4f17f594c4169df3717fc9da9c6b06d1dfcc28e5f0d42beedf4c7843dd3,True,True
ofo__cola__pubmed__seed0,CoLA,False,pubmed,PubMed,Citation,0,full_graph,19717,19717,0.7431283674216667,0.25252691295894936,0.9763912800699472,0.019638024270534515,1.1914547383785248,170618368,251658240,1680156,3.814697265625e-06,0.00015025786706246436,8d3a9024a9035fa3823bfa9668f85581f3086aa82e5fd303875d379069e05cbc,f8fa405a14c314158b69ede272c1f044805d07fd27e82330a4120b07ec395e8a,630b73bbe79261d13ec71cede9b71c124da5be39d48817f829fe6ae4102b51e3,True,True
ofo__cola__cora__seed0,CoLA,False,cora,Cora,Citation,0,full_graph,2708,2708,0.6574928329424028,0.16410290636650018,0.9914974216371775,0.012453723698854446,1.0864758044481277,70916096,83886080,1667932,4.76837158203125e-07,4.3568084947764874e-05,51c504b763a5b85f10e223152278eea962b1805edf1c351e2af136ffd2dec8d7,5c27b27819e2710afd6a4f5840e52cff409b458420e31d9ea3799a77367adae9,1f67271a4355d88efbc11fb4d67419c2e83f8f0f8bc5c5703d4cedb8f2fcca37,True,True
ofo__cola__citeseer__seed0,CoLA,False,citeseer,CiteSeer,Citation,0,full_graph,3327,3327,0.7786486202916799,0.24890589223695653,0.9938387423753738,0.011462075635790825,1.1412152349948883,177406976,190840832,1705164,9.5367431640625e-07,8.825109398458153e-05,ce8c7ea1c4c8b7dbadd38f5d2a430e3b6847af1292d4933c2ee743da71d492ac,f6bd66b375de6cb4f789eab1281bf5add16b1305c23bd526b4fed71a0db79d4f,9a5dd61bb1840f0ec448b24bd9bfce44a5a922f5dc9060846221b36c02f41a2e,True,True
ofo__cola__ACM__seed0,CoLA,False,ACM,ACM,Citation,0,full_graph,16484,16484,0.5062746855698521,0.14242967794339859,1.4455710276961327,0.09126762673258781,2.1491125989705324,1717787136,1814036480,1683908,9.5367431640625e-07,7.586134597659111e-05,44c08060af2459e0bc41392f4298294df64b6b9ade124f765db85654b24bf2e5,98bfa22536f35dfc2a9474ccab03a47de52a45aee35f6a1692613159e6c15f0b,31833bd23c8fa8d3aa3358876ebea43cf77d03fb4068f2a3b73b3d7dda2b6e98,True,True
ofo__cola__Flickr__seed0,CoLA,False,Flickr,Flickr,Social,0,full_graph,7575,7575,0.4141458089668616,0.060916847621389006,1.546103622764349,0.063785120844841,2.240739621222019,1195161600,1545601024,1696796,9.5367431640625e-07,3.8003574445610866e-05,b8a4d3b480008c373ad847b92bb7424bd354f49fa31784e1410a0d4fc326985a,5895a2a3e8e25e9b9e7a7edf2f8fa88a4becf063471c5fa55df19dcc384336b2,350986debdbf452359a5edf510649188341de3d0bbaa17e3362e5643d256c88f,True,True
ofo__cola__BlogCatalog__seed0,CoLA,False,BlogCatalog,BlogCatalog,Social,0,full_graph,5196,5196,0.3987254901960784,0.05044884816067821,1.2129064463078976,0.03262260742485523,1.6434303391724825,585967616,830472192,1710092,2.384185791015625e-07,2.1696072508348152e-05,4e16f1250b60a72ad8fc963a90dc54221d753599d1a089c7536dee657adc5ac9,69ba9af62e15087701524e6e50d410fc256485628929b92351f4a18ea2dd4ecc,65a532eee6903842d684772847f3771a4f16225841ca891af7f3f8b72e68ce5a,True,True
ofo__cola__Facebook__seed0,CoLA,False,Facebook,Facebook,Social,0,full_graph,1081,1081,0.9337500000000001,0.23685723688114113,1.153765143826604,0.01672912947833538,1.2618694342672825,57074688,75497472,1666008,9.5367431640625e-07,4.463405639398843e-05,7ecf22e9d209aaf53dbb646eabb6157ae23871af0c312d54c351b9b276e1cc56,c6d4e54a444b54976e41062c533e2890f5ad5d5b1c4d6a756f2a5e064da9b8d4,606d8cce2f9a9d2829244f5691d1abf0c3a5e0f28a2ade25a7ca7df304184163,True,True
ofo__cola__weibo__seed0,CoLA,False,weibo,Weibo,Social,0,full_graph,8405,8405,0.1386844867929581,0.05941280174315052,1.4475675597786903,0.012521274387836456,1.819664940237999,509762560,689963008,1701936,1.9073486328125e-06,9.664926619734615e-05,29cf31fb2e70eff0c89ef0bbdf4d0b4f24a50f155f42fc2c7a2b0d2803fb18b1,8da7aadd3446a97b1abc7aa0254668eefd5554ff4cfaa619070e2f7bc68bfdd8,b79248b7ea8329fbfffc6b0c97e73e5e930a79cb5ffa6d0e529117b9bae9b5da,True,True
ofo__cola__Reddit__seed0,CoLA,False,Reddit,Reddit,Social,0,full_graph,10984,10984,0.5496725840335053,0.043277816299377034,1.0989859160035849,0.01981291174888611,1.2757335845381021,138761216,157286400,1675396,1.979060471057892e-08,1.0094913704961073e-05,0548bb9fd7ef15e7def1bb2fc142cc0a7a1204066df323511214f746281fcaa8,5efb257101be481957e1a82aba8c8bca89b39d918b9199272775b1e3478abafe,533a739caa38939dff51f1902e6705fbb4e727badf1d408fc0d1b45467cf4fd3,True,True
ofo__cola__questions__seed0,CoLA,False,questions,Questions,Q&A,0,full_graph,48921,48921,0.4342612882155875,0.024076035061482485,1.0587777271866798,0.01923355460166931,1.6296488121151924,357583360,459276288,1727816,1.9073486328125e-06,0.0001262939185835421,2ce71a517f533ca1f2a8c6feca4d356eee48a02002fa8706c48b6bb885b6a561,d122b32802f34f3c104ded843c63ba8e70111e1d274384cc3152f0d5e6acc829,549173adf44d795b539e219296bb68895e416e84868ac1abc0f512a2c29a5e97,True,True
ofo__cola__YelpChi__seed0,CoLA,False,YelpChi,YelpChi,E-commerce,0,full_graph,23831,23831,0.39975854283880685,0.03922308602811697,1.063039816915989,0.017117111012339592,1.2347794696688652,126998016,167772160,1676268,2.384185791015625e-07,3.025018122571055e-05,51575a7ee403d5ff3e0adb7e1c1fac0efb337265c190a6b48df6e0f7c9c2b0d0,24a757dec9a6ab427a54d7d30bbc3d42f2f359031b0fba0507bc5cdcf5b88bdd,61eae7fd894b54840eb7038d52bbf9e3802704ccd16a74526dd2fff3cbff72ca,True,True
ofo__cola__Amazon__seed0,CoLA,False,Amazon,Amazon,E-commerce,0,full_graph,10224,10224,0.5458798304249988,0.08810800316489573,0.9698328115046024,0.016828402876853943,1.1933962143957615,251673600,331350016,1682192,9.5367431640625e-07,6.578466854989529e-05,d6ef61e2488eedb54e64ca7c37dddc9bebcaa1e162b80e42a63b1bf399a12d58,c287b1928c35dbd6923edbc14382b3c8f55c4e259a68aa1b37627e5cf46d12aa,6677b4f17f594c4169df3717fc9da9c6b06d1dfcc28e5f0d42beedf4c7843dd3,True,True
ofo__cola__pubmed__seed1,CoLA,False,pubmed,PubMed,Citation,1,full_graph,19717,19717,0.7491496225000437,0.25299727161151786,0.8659040220081806,0.011869153007864952,1.0649958346039057,170618368,251658240,1678288,1.9073486328125e-06,0.00011768221156671643,8576788efc1c7e24fdda8a10db5b0492eb86284ac006a52445ff82a0e5a353de,f8fa405a14c314158b69ede272c1f044805d07fd27e82330a4120b07ec395e8a,630b73bbe79261d13ec71cede9b71c124da5be39d48817f829fe6ae4102b51e3,True,True
ofo__cola__cora__seed1,CoLA,False,cora,Cora,Citation,1,full_graph,2708,2708,0.7146624967422465,0.1849531661371011,0.9654716830700636,0.017253156751394272,1.075813140720129,70916096,83886080,1662416,1.9073486328125e-06,7.613877824041992e-05,d6f3f7f935f9376485483fa17fd733b25ac7d7d7b21cdd597f9ab0a0d3681361,5c27b27819e2710afd6a4f5840e52cff409b458420e31d9ea3799a77367adae9,1f67271a4355d88efbc11fb4d67419c2e83f8f0f8bc5c5703d4cedb8f2fcca37,True,True
ofo__cola__citeseer__seed1,CoLA,False,citeseer,CiteSeer,Citation,1,full_graph,3327,3327,0.7378050571818277,0.21124356348000517,1.0549716856330633,0.014880677685141563,1.1869944762438536,177406976,190840832,1670096,9.5367431640625e-07,6.90807937644422e-05,db488d3572a554f46a307fde9a4367f99831ecc93d9649392ba003d81f790a98,f6bd66b375de6cb4f789eab1281bf5add16b1305c23bd526b4fed71a0db79d4f,9a5dd61bb1840f0ec448b24bd9bfce44a5a922f5dc9060846221b36c02f41a2e,True,True
ofo__cola__ACM__seed1,CoLA,False,ACM,ACM,Citation,1,full_graph,16484,16484,0.5362613828674225,0.11130320674151443,1.4418395776301622,0.0917133055627346,2.1828737054020166,1717787136,1814036480,1687368,1.9073486328125e-06,0.00014267141523305327,ac78aa732cf74c6e798ff7d2db80cb71f7aa3cc9f43d8519eb5b8f22be2d0c7f,98bfa22536f35dfc2a9474ccab03a47de52a45aee35f6a1692613159e6c15f0b,31833bd23c8fa8d3aa3358876ebea43cf77d03fb4068f2a3b73b3d7dda2b6e98,True,True
ofo__cola__Flickr__seed1,CoLA,False,Flickr,Flickr,Social,1,full_graph,7575,7575,0.42108974658869397,0.06591030515140318,1.5842973291873932,0.0636958684772253,2.2186084426939487,1195161600,1545601024,1696768,9.5367431640625e-07,3.7780853745061904e-05,ae0edc0da1813db4ceace3ecc89a065eef6df3558ef60b6de0417c33d405d395,5895a2a3e8e25e9b9e7a7edf2f8fa88a4becf063471c5fa55df19dcc384336b2,350986debdbf452359a5edf510649188341de3d0bbaa17e3362e5643d256c88f,True,True
ofo__cola__BlogCatalog__seed1,CoLA,False,BlogCatalog,BlogCatalog,Social,1,full_graph,5196,5196,0.40023624727668844,0.050312005244509475,1.1769950278103352,0.03243112005293369,1.587176937609911,585967616,830472192,1686756,2.384185791015625e-07,2.189825681853108e-05,41918d2455b0f1f0742d297314021eecb4a54d6af2467aa369f872dd97a368a6,69ba9af62e15087701524e6e50d410fc256485628929b92351f4a18ea2dd4ecc,65a532eee6903842d684772847f3771a4f16225841ca891af7f3f8b72e68ce5a,True,True
ofo__cola__Facebook__seed1,CoLA,False,Facebook,Facebook,Social,1,full_graph,1081,1081,0.9295833333333333,0.2712247657713947,0.9670221023261547,0.008553320541977882,1.0724288523197174,57074688,75497472,1667480,4.76837158203125e-07,3.938948066206649e-05,e4136d235a64776fa872994e65a108f95d920ae33bedec646bf0579d236dcd29,c6d4e54a444b54976e41062c533e2890f5ad5d5b1c4d6a756f2a5e064da9b8d4,606d8cce2f9a9d2829244f5691d1abf0c3a5e0f28a2ade25a7ca7df304184163,True,True
ofo__cola__weibo__seed1,CoLA,False,weibo,Weibo,Social,1,full_graph,8405,8405,0.14231695066244623,0.06223435955209504,1.472718644887209,0.012403657659888268,1.891999512910843,509762560,689963008,1719836,1.9073486328125e-06,9.300331294070929e-05,5899a22ba1a8a573d92c963b1a8f565fc1a95e95dcbdb345a7f71cfbcbd0fed9,8da7aadd3446a97b1abc7aa0254668eefd5554ff4cfaa619070e2f7bc68bfdd8,b79248b7ea8329fbfffc6b0c97e73e5e930a79cb5ffa6d0e529117b9bae9b5da,True,True
ofo__cola__Reddit__seed1,CoLA,False,Reddit,Reddit,Social,1,full_graph,10984,10984,0.5168831255718972,0.03697885383944427,0.9020631033927202,0.018257692456245422,1.085678856819868,138761216,157286400,1690256,4.76837158203125e-07,2.342760308238212e-05,4eb27cc062a4972242ea507219d0bc53d71358a488a227a3b7a191bf34df7eff,5efb257101be481957e1a82aba8c8bca89b39d918b9199272775b1e3478abafe,533a739caa38939dff51f1902e6705fbb4e727badf1d408fc0d1b45467cf4fd3,True,True
ofo__cola__questions__seed1,CoLA,False,questions,Questions,Q&A,1,full_graph,48921,48921,0.42646271502514105,0.0236401629876598,1.1462086606770754,0.019823309034109116,1.7204692214727402,357583360,459276288,1727632,1.430511474609375e-06,0.00012393736687954515,5a326a73d9d04ef409e2f149c5c6e08ab80609ccd17b6f35067432bd45f6deeb,d122b32802f34f3c104ded843c63ba8e70111e1d274384cc3152f0d5e6acc829,549173adf44d795b539e219296bb68895e416e84868ac1abc0f512a2c29a5e97,True,True
ofo__cola__YelpChi__seed1,CoLA,False,YelpChi,YelpChi,E-commerce,1,full_graph,23831,23831,0.4232743454346058,0.040714694938092016,0.9944134261459112,0.02103288657963276,1.1709346026182175,126998016,167772160,1675668,7.152557373046875e-07,4.4633401557803154e-05,62b9add34a4e3f70f03dc4350ac39fc0b06ae2e41fcbea6d01ea059757f3e671,24a757dec9a6ab427a54d7d30bbc3d42f2f359031b0fba0507bc5cdcf5b88bdd,61eae7fd894b54840eb7038d52bbf9e3802704ccd16a74526dd2fff3cbff72ca,True,True
ofo__cola__Amazon__seed1,CoLA,False,Amazon,Amazon,E-commerce,1,full_graph,10224,10224,0.5568530607875902,0.08893134765684575,1.0726607982069254,0.015703633427619934,1.2618542350828648,251673600,331350016,1682596,1.9073486328125e-06,5.26472540514078e-05,318679ceed689ad8528fd1adae4369ba4bcc5f6cc3e7e226af4431d8b718f6b6,c287b1928c35dbd6923edbc14382b3c8f55c4e259a68aa1b37627e5cf46d12aa,6677b4f17f594c4169df3717fc9da9c6b06d1dfcc28e5f0d42beedf4c7843dd3,True,True
ofo__cola__pubmed__seed2,CoLA,False,pubmed,PubMed,Citation,2,full_graph,19717,19717,0.7529663824519188,0.26295973434233055,1.0490667875856161,0.020016197115182877,1.2972380816936493,170618368,251658240,1679072,1.9073486328125e-06,0.00011746445670723915,88153847f2f4251b2fe6aec99d549524c183b3c57eb3356a77a6f8b74e19750b,f8fa405a14c314158b69ede272c1f044805d07fd27e82330a4120b07ec395e8a,630b73bbe79261d13ec71cede9b71c124da5be39d48817f829fe6ae4102b51e3,True,True
ofo__cola__cora__seed2,CoLA,False,cora,Cora,Citation,2,full_graph,2708,2708,0.7041907740422206,0.1816773386446152,1.0549382027238607,0.018995163962244987,1.169950369745493,70916096,83886080,1697844,9.5367431640625e-07,6.85639533912763e-05,485ce3afe1d2bdc872040917cafa67c09d50385990b874c770da4d591937f08f,5c27b27819e2710afd6a4f5840e52cff409b458420e31d9ea3799a77367adae9,1f67271a4355d88efbc11fb4d67419c2e83f8f0f8bc5c5703d4cedb8f2fcca37,True,True
ofo__cola__citeseer__seed2,CoLA,False,citeseer,CiteSeer,Citation,2,full_graph,3327,3327,0.7582960864547267,0.23029108639522408,1.0663574319332838,0.014002878218889236,1.2011465094983578,177406976,190840832,1670456,9.5367431640625e-07,6.168294930830598e-05,e3b9c7437f1c7b8c9541aee8d81e62ee1cb29b427f1162d2f80698b5dd82dd3b,f6bd66b375de6cb4f789eab1281bf5add16b1305c23bd526b4fed71a0db79d4f,9a5dd61bb1840f0ec448b24bd9bfce44a5a922f5dc9060846221b36c02f41a2e,True,True
ofo__cola__ACM__seed2,CoLA,False,ACM,ACM,Citation,2,full_graph,16484,16484,0.4942496941601484,0.13144344295752688,1.427730455994606,0.09298340417444706,2.1956203542649746,1717787136,1814036480,1687872,9.5367431640625e-07,0.00010480442142579705,a388502e27d6c5f892b8bc928aa39ef646425634a3f34ecd01991a37fca511c8,98bfa22536f35dfc2a9474ccab03a47de52a45aee35f6a1692613159e6c15f0b,31833bd23c8fa8d3aa3358876ebea43cf77d03fb4068f2a3b73b3d7dda2b6e98,True,True
ofo__cola__Flickr__seed2,CoLA,False,Flickr,Flickr,Social,2,full_graph,7575,7575,0.4071173489278752,0.061671830882734244,1.5338272843509912,0.06376822851598263,2.179387303069234,1195161600,1545601024,1740184,9.5367431640625e-07,3.769336035475135e-05,58b924015c0a35b19de7c95fe2465fc02a033d5cce8b3575ee3eb81d5608cd5b,5895a2a3e8e25e9b9e7a7edf2f8fa88a4becf063471c5fa55df19dcc384336b2,350986debdbf452359a5edf510649188341de3d0bbaa17e3362e5643d256c88f,True,True
ofo__cola__BlogCatalog__seed2,CoLA,False,BlogCatalog,BlogCatalog,Social,2,full_graph,5196,5196,0.40174428104575166,0.04839851053084258,1.179745277389884,0.03273334726691246,1.563124742358923,585967616,830472192,1688516,2.384185791015625e-07,2.0535055227810517e-05,827fa9e704929bf1a6fa06d6990feea9f1540cd08bd49080a268f7e2a7efa3e7,69ba9af62e15087701524e6e50d410fc256485628929b92351f4a18ea2dd4ecc,65a532eee6903842d684772847f3771a4f16225841ca891af7f3f8b72e68ce5a,True,True
ofo__cola__Facebook__seed2,CoLA,False,Facebook,Facebook,Social,2,full_graph,1081,1081,0.926439393939394,0.2907798900843989,0.8041360899806023,0.008591266348958015,0.8959684781730175,57074688,75497472,1666468,9.5367431640625e-07,3.7281992263160646e-05,ecf0d0297211b56d638833c217207c6e38018dfbdcd649d5f733617c16e38c9f,c6d4e54a444b54976e41062c533e2890f5ad5d5b1c4d6a756f2a5e064da9b8d4,606d8cce2f9a9d2829244f5691d1abf0c3a5e0f28a2ade25a7ca7df304184163,True,True
ofo__cola__weibo__seed2,CoLA,False,weibo,Weibo,Social,2,full_graph,8405,8405,0.15904410744169012,0.061799497088623714,1.426581697538495,0.015283595770597458,1.8188612833619118,509762560,689963008,1703536,1.9073486328125e-06,0.00010625006689224392,abb0c2a4b581b172857f10548ef52cdcc790814dbccd78c20d04c6844d02b6fe,8da7aadd3446a97b1abc7aa0254668eefd5554ff4cfaa619070e2f7bc68bfdd8,b79248b7ea8329fbfffc6b0c97e73e5e930a79cb5ffa6d0e529117b9bae9b5da,True,True
ofo__cola__Reddit__seed2,CoLA,False,Reddit,Reddit,Social,2,full_graph,10984,10984,0.5272377455748409,0.040185668791295495,1.1102372948080301,0.01623551920056343,1.280246926471591,138761216,157286400,1689652,3.5762786865234375e-07,2.5879871827783063e-05,14c80da1e380fb5f70fb826d07f1064aee4888476731c7ca714012f1db3592d6,5efb257101be481957e1a82aba8c8bca89b39d918b9199272775b1e3478abafe,533a739caa38939dff51f1902e6705fbb4e727badf1d408fc0d1b45467cf4fd3,True,True
ofo__cola__questions__seed2,CoLA,False,questions,Questions,Q&A,2,full_graph,48921,48921,0.4281361943028638,0.023763895361346595,1.158102173358202,0.019283035770058632,1.7355304881930351,357583360,459276288,1732440,1.9073486328125e-06,0.00012161016638856381,9fa357e6372938a1f5e08728b5383ed008366bfffa42e0638a7c0bdf696a2201,d122b32802f34f3c104ded843c63ba8e70111e1d274384cc3152f0d5e6acc829,549173adf44d795b539e219296bb68895e416e84868ac1abc0f512a2c29a5e97,True,True
ofo__cola__YelpChi__seed2,CoLA,False,YelpChi,YelpChi,E-commerce,2,full_graph,23831,23831,0.3999828786771874,0.0392287382452223,1.0269675850868225,0.01764240488409996,1.248369937762618,126998016,167772160,1678984,2.682209014892578e-07,2.818184111674782e-05,86723dcb530b4466816a60f7f0b8c328603410449120f4b0d599941876cb7ecf,24a757dec9a6ab427a54d7d30bbc3d42f2f359031b0fba0507bc5cdcf5b88bdd,61eae7fd894b54840eb7038d52bbf9e3802704ccd16a74526dd2fff3cbff72ca,True,True
ofo__cola__Amazon__seed2,CoLA,False,Amazon,Amazon,E-commerce,2,full_graph,10224,10224,0.556181900846679,0.0941251467702087,1.0759145766496658,0.019326526671648026,1.2777379639446735,251673600,331350016,1677404,9.5367431640625e-07,6.5221669501625e-05,08a7b8be0410e417745b8c47668535ccd2a38a7b66e2c35170808a04e949c18e,c287b1928c35dbd6923edbc14382b3c8f55c4e259a68aa1b37627e5cf46d12aa,6677b4f17f594c4169df3717fc9da9c6b06d1dfcc28e5f0d42beedf4c7843dd3,True,True
ofo__ada_gad__pubmed__seed0,ADA-GAD,False,pubmed,PubMed,Citation,0,full_graph,19717,19717,0.7081400934595735,0.05436538357609228,1.9468865115195513,0.04452881962060928,2.343179626390338,289954304,446693376,1957228,7.62939453125e-06,0.00021572411060333252,7e2fd835ecdb35172b4d51331085c353273460e2eab9e54854a6e5d1b648f796,f8fa405a14c314158b69ede272c1f044805d07fd27e82330a4120b07ec395e8a,630b73bbe79261d13ec71cede9b71c124da5be39d48817f829fe6ae4102b51e3,True,True
ofo__ada_gad__cora__seed0,ADA-GAD,False,cora,Cora,Citation,0,full_graph,2708,2708,0.6695882199635131,0.09371991748238243,1.3443804364651442,0.02002551406621933,1.6027298849076033,116538368,142606336,1960468,1.9073486328125e-06,0.00011468927550595254,880222d63e23acc229808958a9fc9884818657a6740793a47f6c9e30b64c6a39,5c27b27819e2710afd6a4f5840e52cff409b458420e31d9ea3799a77367adae9,1f67271a4355d88efbc11fb4d67419c2e83f8f0f8bc5c5703d4cedb8f2fcca37,True,True
ofo__ada_gad__citeseer__seed0,ADA-GAD,False,citeseer,CiteSeer,Citation,0,full_graph,3327,3327,0.6709998950792152,0.08546085739652169,1.4640314392745495,0.01866786554455757,1.7162518110126257,322076160,364904448,1929736,1.9073486328125e-06,0.00013340686564333737,c28ecd3df3eae213f0907e054e9ea16621fbed4793f271c85810ecb35ead221b,f6bd66b375de6cb4f789eab1281bf5add16b1305c23bd526b4fed71a0db79d4f,9a5dd61bb1840f0ec448b24bd9bfce44a5a922f5dc9060846221b36c02f41a2e,True,True
ofo__ada_gad__ACM__seed0,ADA-GAD,False,ACM,ACM,Citation,0,full_graph,16484,16484,0.6536225429617611,0.057922834233510107,4.26867850869894,0.08890894241631031,5.042331337928772,3365393920,3892314112,1912896,7.62939453125e-06,0.00032808148534968495,ff65d6f2d1973347daaa9d01435233aca895b91ba5fc0a9ecd8c0923916ae1f7,98bfa22536f35dfc2a9474ccab03a47de52a45aee35f6a1692613159e6c15f0b,31833bd23c8fa8d3aa3358876ebea43cf77d03fb4068f2a3b73b3d7dda2b6e98,True,True
ofo__ada_gad__Flickr__seed0,ADA-GAD,False,Flickr,Flickr,Social,0,full_graph,7575,7575,0.6533701364522416,0.0887766652707844,12.954365484416485,0.6818863991647959,14.900910014286637,2307130368,2625634304,2005984,7.62939453125e-06,0.00026570071349851787,ecb493c4e59d0ab99d947e4f1c7d87954363dcc0c34a0144d4b2b285284e4056,5895a2a3e8e25e9b9e7a7edf2f8fa88a4becf063471c5fa55df19dcc384336b2,350986debdbf452359a5edf510649188341de3d0bbaa17e3362e5643d256c88f,True,True
ofo__ada_gad__BlogCatalog__seed0,ADA-GAD,False,BlogCatalog,BlogCatalog,Social,0,full_graph,5196,5196,0.592400258714597,0.07766624277571088,8.562377959489822,0.3913440015166998,9.751581326127052,1110855168,1268776960,1974304,3.814697265625e-06,0.00015685069956816733,a9f6e1021dcceb90932d6cfa23466c56a99ff54a65c05b115df740687c4de823,69ba9af62e15087701524e6e50d410fc256485628929b92351f4a18ea2dd4ecc,65a532eee6903842d684772847f3771a4f16225841ca891af7f3f8b72e68ce5a,True,True
ofo__ada_gad__Facebook__seed0,ADA-GAD,False,Facebook,Facebook,Social,0,full_graph,1081,1081,0.30473484848484844,0.015751133432079983,2.4525705222040415,0.07021783292293549,2.8268917575478554,77608448,121634816,1955824,1.9073486328125e-06,6.288250733632594e-05,02a38e67d0f1021b374ff0bd51fdbbad4f1b044fd251388adb5b65a4d4911a6c,c6d4e54a444b54976e41062c533e2890f5ad5d5b1c4d6a756f2a5e064da9b8d4,606d8cce2f9a9d2829244f5691d1abf0c3a5e0f28a2ade25a7ca7df304184163,True,True
ofo__ada_gad__weibo__seed0,ADA-GAD,False,weibo,Weibo,Social,0,full_graph,8405,8405,0.805658215170749,0.2233795995099278,33.95244042389095,2.4539734832942486,39.25961851514876,763853824,868220928,2048140,7.62939453125e-06,0.00015392810746561736,ec073fd1d8147ec316cf82056428f54f5a881ac9714a9a5deb620356e59b8377,8da7aadd3446a97b1abc7aa0254668eefd5554ff4cfaa619070e2f7bc68bfdd8,b79248b7ea8329fbfffc6b0c97e73e5e930a79cb5ffa6d0e529117b9bae9b5da,True,True
ofo__ada_gad__Reddit__seed0,ADA-GAD,False,Reddit,Reddit,Social,0,full_graph,10984,10984,0.4737313274602258,0.02895725620219043,2.8435848113149405,0.15116115473210812,3.530028585344553,185681920,234881024,1948448,5.7220458984375e-06,0.00018253945745527744,c806d1fbbb695d83a609bc16c55787789eaf0250d8aabb503aa73731a6f046a8,5efb257101be481957e1a82aba8c8bca89b39d918b9199272775b1e3478abafe,533a739caa38939dff51f1902e6705fbb4e727badf1d408fc0d1b45467cf4fd3,True,True
ofo__ada_gad__questions__seed0,ADA-GAD,False,questions,Questions,Q&A,0,full_graph,48921,48921,0.4823303805604775,0.03179200527838766,3.553517408668995,0.21083613857626915,4.649609189480543,548826624,662700032,1974060,1.1444091796875e-05,0.00036446499871090055,8546b41811c54463474a30c5bea723868be20d13e9d52fa4a67e1ef3dcec4680,d122b32802f34f3c104ded843c63ba8e70111e1d274384cc3152f0d5e6acc829,549173adf44d795b539e219296bb68895e416e84868ac1abc0f512a2c29a5e97,True,True
ofo__ada_gad__YelpChi__seed0,ADA-GAD,False,YelpChi,YelpChi,E-commerce,0,full_graph,23831,23831,0.49843108438653816,0.0570001316686133,1.7503181789070368,0.028220966458320618,2.075357422232628,151060992,190840832,1936864,7.62939453125e-06,0.00021318501967471093,964d9787a7ed9b71ab1149522076ea2c9502a8274a1141d3344e0f20b0f57237,24a757dec9a6ab427a54d7d30bbc3d42f2f359031b0fba0507bc5cdcf5b88bdd,61eae7fd894b54840eb7038d52bbf9e3802704ccd16a74526dd2fff3cbff72ca,True,True
ofo__ada_gad__Amazon__seed0,ADA-GAD,False,Amazon,Amazon,E-commerce,0,full_graph,10224,10224,0.4544264534821664,0.056233819651849426,4.81959655508399,0.23506208695471287,5.632185582071543,357025792,436207616,2002752,7.62939453125e-06,0.00014659532462246716,29f66a63e3a4c1f4ecdb15ec6e01b71cc00ad0e41b74806cf810425869b04ab2,c287b1928c35dbd6923edbc14382b3c8f55c4e259a68aa1b37627e5cf46d12aa,6677b4f17f594c4169df3717fc9da9c6b06d1dfcc28e5f0d42beedf4c7843dd3,True,True
ofo__ada_gad__pubmed__seed1,ADA-GAD,False,pubmed,PubMed,Citation,1,full_graph,19717,19717,0.7009481526041395,0.05333255590748683,1.781355395913124,0.04410417564213276,2.230663614347577,289954304,446693376,1911420,7.62939453125e-06,0.00021062763698864728,50921fb4254cf5a812281a297807a06f4313cd4b95e76e6db5b0b569206f0532,f8fa405a14c314158b69ede272c1f044805d07fd27e82330a4120b07ec395e8a,630b73bbe79261d13ec71cede9b71c124da5be39d48817f829fe6ae4102b51e3,True,True
ofo__ada_gad__cora__seed1,ADA-GAD,False,cora,Cora,Citation,1,full_graph,2708,2708,0.6680466510294502,0.09322848416165325,1.324098788201809,0.020148025825619698,1.5573198907077312,116538368,142606336,1927200,1.9073486328125e-06,0.00011833652388304472,dd8efc01719f12237c727924701916af243b33cce19612df6f8f41a93eec964d,5c27b27819e2710afd6a4f5840e52cff409b458420e31d9ea3799a77367adae9,1f67271a4355d88efbc11fb4d67419c2e83f8f0f8bc5c5703d4cedb8f2fcca37,True,True
ofo__ada_gad__citeseer__seed1,ADA-GAD,False,citeseer,CiteSeer,Citation,1,full_graph,3327,3327,0.6720574965900745,0.08521331747272615,1.218837196007371,0.017234696075320244,1.5277262069284916,322076160,364904448,1964012,1.9073486328125e-06,0.00013124546967446804,5dae1b9326ab28832ace76c95b2c5bd7a299e209c20eca600531a140d690e38d,f6bd66b375de6cb4f789eab1281bf5add16b1305c23bd526b4fed71a0db79d4f,9a5dd61bb1840f0ec448b24bd9bfce44a5a922f5dc9060846221b36c02f41a2e,True,True
ofo__ada_gad__ACM__seed1,ADA-GAD,False,ACM,ACM,Citation,1,full_graph,16484,16484,0.6520509852930121,0.05749402702890706,4.210398256778717,0.09647246822714806,5.009865766391158,3365393920,3892314112,1945796,7.62939453125e-06,0.00031556328758597374,e4bbb99f13992b3d9b9f857f164673adace3a092ec03415558d2c1165be6b7d0,98bfa22536f35dfc2a9474ccab03a47de52a45aee35f6a1692613159e6c15f0b,31833bd23c8fa8d3aa3358876ebea43cf77d03fb4068f2a3b73b3d7dda2b6e98,True,True
ofo__ada_gad__Flickr__seed1,ADA-GAD,False,Flickr,Flickr,Social,1,full_graph,7575,7575,0.6537807407407408,0.08877759839012488,12.699993960559368,0.7073384318500757,14.661152007058263,2307130368,2625634304,1977392,7.62939453125e-06,0.0002688905515242368,8dc76dc248f620b170b821cac5d1e7f9559f70b38d3dabb4553b9763fba39167,5895a2a3e8e25e9b9e7a7edf2f8fa88a4becf063471c5fa55df19dcc384336b2,350986debdbf452359a5edf510649188341de3d0bbaa17e3362e5643d256c88f,True,True
ofo__ada_gad__BlogCatalog__seed1,ADA-GAD,False,BlogCatalog,BlogCatalog,Social,1,full_graph,5196,5196,0.5926919934640523,0.07772450530986202,7.149424327537417,0.3299240153282881,8.232545351609588,1110855168,1268776960,1991104,3.814697265625e-06,0.00015786397852934897,fd7dd549409d2c67ffe450ec0e73529a5aca046a9083225ae837a590eb9efce2,69ba9af62e15087701524e6e50d410fc256485628929b92351f4a18ea2dd4ecc,65a532eee6903842d684772847f3771a4f16225841ca891af7f3f8b72e68ce5a,True,True
ofo__ada_gad__Facebook__seed1,ADA-GAD,False,Facebook,Facebook,Social,1,full_graph,1081,1081,0.27738636363636365,0.01521789680828955,2.281640073284507,0.07769762352108955,2.6230589356273413,77608448,121634816,1926444,1.9073486328125e-06,6.11028226558119e-05,68af943ba2872ef7f0bd39a953d7a83a3185c43de4dc6fc42b68d5de742392f4,c6d4e54a444b54976e41062c533e2890f5ad5d5b1c4d6a756f2a5e064da9b8d4,606d8cce2f9a9d2829244f5691d1abf0c3a5e0f28a2ade25a7ca7df304184163,True,True
ofo__ada_gad__weibo__seed1,ADA-GAD,False,weibo,Weibo,Social,1,full_graph,8405,8405,0.78535767326657,0.20355419811638434,34.176391491666436,2.4770924113690853,39.5392602365464,763853824,868220928,1996724,7.62939453125e-06,0.00015800271648913622,3adc90f64d1a682ef21d2a1e13decff2802698b6d946b066a73958428c4928fe,8da7aadd3446a97b1abc7aa0254668eefd5554ff4cfaa619070e2f7bc68bfdd8,b79248b7ea8329fbfffc6b0c97e73e5e930a79cb5ffa6d0e529117b9bae9b5da,True,True
ofo__ada_gad__Reddit__seed1,ADA-GAD,False,Reddit,Reddit,Social,1,full_graph,10984,10984,0.4529365280320972,0.027866842145186782,2.941947365179658,0.15279311500489712,3.5043847635388374,185681920,234881024,1949972,5.7220458984375e-06,0.00018048500351142138,0aaa97750a006cdab42a994884855de0749b7baf9b77d595a2cfcc0809fb157b,5efb257101be481957e1a82aba8c8bca89b39d918b9199272775b1e3478abafe,533a739caa38939dff51f1902e6705fbb4e727badf1d408fc0d1b45467cf4fd3,True,True
ofo__ada_gad__questions__seed1,ADA-GAD,False,questions,Questions,Q&A,1,full_graph,48921,48921,0.5018002307879028,0.03748314040276959,3.649290880188346,0.24835383892059326,4.773337639868259,548826624,662700032,1978776,7.62939453125e-06,0.00036404398269951344,e01d7e936d1ad7ce46ba6c0fe79e9f4c28b08e707948479e591bdc9274a2af9f,d122b32802f34f3c104ded843c63ba8e70111e1d274384cc3152f0d5e6acc829,549173adf44d795b539e219296bb68895e416e84868ac1abc0f512a2c29a5e97,True,True
ofo__ada_gad__YelpChi__seed1,ADA-GAD,False,YelpChi,YelpChi,E-commerce,1,full_graph,23831,23831,0.5177512181683106,0.05371067266826856,1.5832035224884748,0.034594256430864334,1.888681871816516,151060992,190840832,1905240,7.62939453125e-06,0.0002169328072341159,f03b366802a5c4b7a18e9d85aa98d1f5998d93ce32360020372060ddf2aec175,24a757dec9a6ab427a54d7d30bbc3d42f2f359031b0fba0507bc5cdcf5b88bdd,61eae7fd894b54840eb7038d52bbf9e3802704ccd16a74526dd2fff3cbff72ca,True,True
ofo__ada_gad__Amazon__seed1,ADA-GAD,False,Amazon,Amazon,E-commerce,1,full_graph,10224,10224,0.5021004596075418,0.061771678883595166,5.233208870515227,0.23794174008071423,6.181173864752054,357025792,436207616,1952992,5.7220458984375e-06,0.0001472120056860149,82bf0cfd9954b5f1e05ce253240f5fd0b465ec96fc6817162c2939c4473ee0ac,c287b1928c35dbd6923edbc14382b3c8f55c4e259a68aa1b37627e5cf46d12aa,6677b4f17f594c4169df3717fc9da9c6b06d1dfcc28e5f0d42beedf4c7843dd3,True,True
ofo__ada_gad__pubmed__seed2,ADA-GAD,False,pubmed,PubMed,Citation,2,full_graph,19717,19717,0.7134396523164375,0.054613987730135614,1.8311314396560192,0.041122909635305405,2.2332046050578356,289954304,446693376,1942252,7.62939453125e-06,0.00021496009139809757,78a0ff257ce933a726ac78d72cf1b5c9317173237bcacd897db0f1259684dd6b,f8fa405a14c314158b69ede272c1f044805d07fd27e82330a4120b07ec395e8a,630b73bbe79261d13ec71cede9b71c124da5be39d48817f829fe6ae4102b51e3,True,True
ofo__ada_gad__cora__seed2,ADA-GAD,False,cora,Cora,Citation,2,full_graph,2708,2708,0.6691321344800625,0.09335536116863474,1.2518326994031668,0.02344454824924469,1.4928350243717432,116538368,142606336,1924888,3.814697265625e-06,0.00011553744843695313,8eb92eb52f362ff9e17207e43a4792e22d81e353572dfe0d41dbba229f4b1ebc,5c27b27819e2710afd6a4f5840e52cff409b458420e31d9ea3799a77367adae9,1f67271a4355d88efbc11fb4d67419c2e83f8f0f8bc5c5703d4cedb8f2fcca37,True,True
ofo__ada_gad__citeseer__seed2,ADA-GAD,False,citeseer,CiteSeer,Citation,2,full_graph,3327,3327,0.6755639492183401,0.08642152038160943,1.302779072895646,0.0127438735216856,1.5517845395952463,322076160,364904448,1928244,1.9073486328125e-06,0.0001294339308515191,5dc407cea899e5f6a9f40792db2dc7d2f4ff81372b62c23743c3009154b7a7c0,f6bd66b375de6cb4f789eab1281bf5add16b1305c23bd526b4fed71a0db79d4f,9a5dd61bb1840f0ec448b24bd9bfce44a5a922f5dc9060846221b36c02f41a2e,True,True
ofo__ada_gad__ACM__seed2,ADA-GAD,False,ACM,ACM,Citation,2,full_graph,16484,16484,0.6543798280549007,0.05802538755011502,3.9516288060694933,0.07495279982686043,4.9239910133183,3365393920,3892314112,1918452,7.62939453125e-06,0.00031477128504775465,1bf3141d46b5fac85fd1ed37fd9dddc1fb476c6690c07be93890ab3086cecd76,98bfa22536f35dfc2a9474ccab03a47de52a45aee35f6a1692613159e6c15f0b,31833bd23c8fa8d3aa3358876ebea43cf77d03fb4068f2a3b73b3d7dda2b6e98,True,True
ofo__ada_gad__Flickr__seed2,ADA-GAD,False,Flickr,Flickr,Social,2,full_graph,7575,7575,0.6537205458089669,0.08872871734524024,12.771305229514837,0.6568005867302418,14.7376565374434,2307130368,2625634304,1971892,7.62939453125e-06,0.0002674429852049798,745583d4b43a7ebf9ac1cf7f58a728586f54af1d2de2771d01e40104ce2020c6,5895a2a3e8e25e9b9e7a7edf2f8fa88a4becf063471c5fa55df19dcc384336b2,350986debdbf452359a5edf510649188341de3d0bbaa17e3362e5643d256c88f,True,True
ofo__ada_gad__BlogCatalog__seed2,ADA-GAD,False,BlogCatalog,BlogCatalog,Social,2,full_graph,5196,5196,0.5922504765795207,0.07762050796318695,7.35707251355052,0.36490762419998646,8.52856795489788,1110855168,1268776960,1945160,5.7220458984375e-06,0.00015508172509726137,1b6caeab894f164c921bf96700085a97b14eee6861c26b623995b5f2d48d86d7,69ba9af62e15087701524e6e50d410fc256485628929b92351f4a18ea2dd4ecc,65a532eee6903842d684772847f3771a4f16225841ca891af7f3f8b72e68ce5a,True,True
ofo__ada_gad__Facebook__seed2,ADA-GAD,False,Facebook,Facebook,Social,2,full_graph,1081,1081,0.2841666666666667,0.01532176823974482,2.214226957410574,0.07107405923306942,2.6827194653451443,77608448,121634816,1950100,1.9073486328125e-06,6.030273289070465e-05,977aa3328a5ab551ea111c59727e3e0c44d64bfe6c86f3c95dab6ff950cefce1,c6d4e54a444b54976e41062c533e2890f5ad5d5b1c4d6a756f2a5e064da9b8d4,606d8cce2f9a9d2829244f5691d1abf0c3a5e0f28a2ade25a7ca7df304184163,True,True
ofo__ada_gad__weibo__seed2,ADA-GAD,False,weibo,Weibo,Social,2,full_graph,8405,8405,0.8011281823801352,0.22487107056489655,31.220362409949303,2.4785336907953024,36.583021299913526,763853824,868220928,2020068,7.62939453125e-06,0.0001542927057016641,2dc6bc3f389221561bd8a41520ebfaa2d1f9ba1d1d3255238b50d9289f53c1b2,8da7aadd3446a97b1abc7aa0254668eefd5554ff4cfaa619070e2f7bc68bfdd8,b79248b7ea8329fbfffc6b0c97e73e5e930a79cb5ffa6d0e529117b9bae9b5da,True,True
ofo__ada_gad__Reddit__seed2,ADA-GAD,False,Reddit,Reddit,Social,2,full_graph,10984,10984,0.4070302311674062,0.02567012643384886,2.9464720617979765,0.17357041127979755,3.5754947159439325,185681920,234881024,1945232,3.814697265625e-06,0.0001908372505567968,61643cacc300bd59cc07ab258c65afe72c3be3bd5dd916740d0515f9a76cc9dd,5efb257101be481957e1a82aba8c8bca89b39d918b9199272775b1e3478abafe,533a739caa38939dff51f1902e6705fbb4e727badf1d408fc0d1b45467cf4fd3,True,True
ofo__ada_gad__questions__seed2,ADA-GAD,False,questions,Questions,Q&A,2,full_graph,48921,48921,0.45751940381908374,0.030971083101379575,3.7515137046575546,0.2041222434490919,4.843500643968582,548826624,662700032,1975144,1.1444091796875e-05,0.0003467033966444433,e392ab9f3ddd8c13c4b08459e36639c4a9db05ba81f5e7ac6f662172b41e1aa3,d122b32802f34f3c104ded843c63ba8e70111e1d274384cc3152f0d5e6acc829,549173adf44d795b539e219296bb68895e416e84868ac1abc0f512a2c29a5e97,True,True
ofo__ada_gad__YelpChi__seed2,ADA-GAD,False,YelpChi,YelpChi,E-commerce,2,full_graph,23831,23831,0.47318941466223285,0.04836853207885477,1.7879590019583702,0.035110559314489365,2.1121122278273106,151060992,190840832,1939932,7.62939453125e-06,0.00021257938351482153,236974b8dc247429069ba01604b6046448433c76b33684487e1ed5ee3853f245,24a757dec9a6ab427a54d7d30bbc3d42f2f359031b0fba0507bc5cdcf5b88bdd,61eae7fd894b54840eb7038d52bbf9e3802704ccd16a74526dd2fff3cbff72ca,True,True
ofo__ada_gad__Amazon__seed2,ADA-GAD,False,Amazon,Amazon,E-commerce,2,full_graph,10224,10224,0.4010450897451212,0.05146799509696912,4.67773799225688,0.2165334727615118,5.410744385793805,357025792,436207616,1959316,5.7220458984375e-06,0.00015424579032696784,cbe9001e71982d855a80d55ccdcd83e8434920599272d4b1378e50dbaaca8dc7,c287b1928c35dbd6923edbc14382b3c8f55c4e259a68aa1b37627e5cf46d12aa,6677b4f17f594c4169df3717fc9da9c6b06d1dfcc28e5f0d42beedf4c7843dd3,True,True
