run_id,stage,trial,dataset,AUROC,AUPRC,overrides,checkpoint
baseline,baseline,0,Facebook,0.5826515151515151,0.033234947917408636,"{""assignment_entropy_lower"": 0.45, ""assignment_entropy_upper"": 0.85, ""beta"": 0.02, ""cluster_init_gain"": 2.0, ""knn_k"": 20, ""lambda_E"": 0.1, ""lambda_H"": 0.35, ""lambda_bal"": 0.0, ""lambda_usage_entropy"": 0.5, ""num_clusters"": 28, ""num_hops"": 4, ""tau_c"": 0.3, ""tau_s"": 0.05, ""usage_entropy_lower"": 0.65, ""usage_entropy_upper"": 0.9}",/autodl-fs/data/recap/tuning_hyperparams/interaction_tuning/results/interaction_entropy_v1/checkpoints/baseline/recap/trial_0/model.pt
baseline,baseline,0,cora,0.8098384154287204,0.3299786719184031,"{""assignment_entropy_lower"": 0.45, ""assignment_entropy_upper"": 0.85, ""beta"": 0.02, ""cluster_init_gain"": 2.0, ""knn_k"": 20, ""lambda_E"": 0.1, ""lambda_H"": 0.35, ""lambda_bal"": 0.0, ""lambda_usage_entropy"": 0.5, ""num_clusters"": 28, ""num_hops"": 4, ""tau_c"": 0.3, ""tau_s"": 0.05, ""usage_entropy_lower"": 0.65, ""usage_entropy_upper"": 0.9}",/autodl-fs/data/recap/tuning_hyperparams/interaction_tuning/results/interaction_entropy_v1/checkpoints/baseline/recap/trial_0/model.pt
baseline,baseline,0,citeseer,0.8885300598048474,0.3325286092482563,"{""assignment_entropy_lower"": 0.45, ""assignment_entropy_upper"": 0.85, ""beta"": 0.02, ""cluster_init_gain"": 2.0, ""knn_k"": 20, ""lambda_E"": 0.1, ""lambda_H"": 0.35, ""lambda_bal"": 0.0, ""lambda_usage_entropy"": 0.5, ""num_clusters"": 28, ""num_hops"": 4, ""tau_c"": 0.3, ""tau_s"": 0.05, ""usage_entropy_lower"": 0.65, ""usage_entropy_upper"": 0.9}",/autodl-fs/data/recap/tuning_hyperparams/interaction_tuning/results/interaction_entropy_v1/checkpoints/baseline/recap/trial_0/model.pt
baseline,baseline,0,ACM,0.7814936498231492,0.3610018540170534,"{""assignment_entropy_lower"": 0.45, ""assignment_entropy_upper"": 0.85, ""beta"": 0.02, ""cluster_init_gain"": 2.0, ""knn_k"": 20, ""lambda_E"": 0.1, ""lambda_H"": 0.35, ""lambda_bal"": 0.0, ""lambda_usage_entropy"": 0.5, ""num_clusters"": 28, ""num_hops"": 4, ""tau_c"": 0.3, ""tau_s"": 0.05, ""usage_entropy_lower"": 0.65, ""usage_entropy_upper"": 0.9}",/autodl-fs/data/recap/tuning_hyperparams/interaction_tuning/results/interaction_entropy_v1/checkpoints/baseline/recap/trial_0/model.pt
baseline,baseline,0,BlogCatalog,0.7306638071895426,0.3176217063711111,"{""assignment_entropy_lower"": 0.45, ""assignment_entropy_upper"": 0.85, ""beta"": 0.02, ""cluster_init_gain"": 2.0, ""knn_k"": 20, ""lambda_E"": 0.1, ""lambda_H"": 0.35, ""lambda_bal"": 0.0, ""lambda_usage_entropy"": 0.5, ""num_clusters"": 28, ""num_hops"": 4, ""tau_c"": 0.3, ""tau_s"": 0.05, ""usage_entropy_lower"": 0.65, ""usage_entropy_upper"": 0.9}",/autodl-fs/data/recap/tuning_hyperparams/interaction_tuning/results/interaction_entropy_v1/checkpoints/baseline/recap/trial_0/model.pt
baseline,baseline,0,weibo,0.7125790034906138,0.3230869301552253,"{""assignment_entropy_lower"": 0.45, ""assignment_entropy_upper"": 0.85, ""beta"": 0.02, ""cluster_init_gain"": 2.0, ""knn_k"": 20, ""lambda_E"": 0.1, ""lambda_H"": 0.35, ""lambda_bal"": 0.0, ""lambda_usage_entropy"": 0.5, ""num_clusters"": 28, ""num_hops"": 4, ""tau_c"": 0.3, ""tau_s"": 0.05, ""usage_entropy_lower"": 0.65, ""usage_entropy_upper"": 0.9}",/autodl-fs/data/recap/tuning_hyperparams/interaction_tuning/results/interaction_entropy_v1/checkpoints/baseline/recap/trial_0/model.pt
baseline,baseline,0,Reddit,0.5821797607321108,0.04611768702055902,"{""assignment_entropy_lower"": 0.45, ""assignment_entropy_upper"": 0.85, ""beta"": 0.02, ""cluster_init_gain"": 2.0, ""knn_k"": 20, ""lambda_E"": 0.1, ""lambda_H"": 0.35, ""lambda_bal"": 0.0, ""lambda_usage_entropy"": 0.5, ""num_clusters"": 28, ""num_hops"": 4, ""tau_c"": 0.3, ""tau_s"": 0.05, ""usage_entropy_lower"": 0.65, ""usage_entropy_upper"": 0.9}",/autodl-fs/data/recap/tuning_hyperparams/interaction_tuning/results/interaction_entropy_v1/checkpoints/baseline/recap/trial_0/model.pt
baseline,baseline,0,Amazon,0.7360000775172322,0.13357874724940944,"{""assignment_entropy_lower"": 0.45, ""assignment_entropy_upper"": 0.85, ""beta"": 0.02, ""cluster_init_gain"": 2.0, ""knn_k"": 20, ""lambda_E"": 0.1, ""lambda_H"": 0.35, ""lambda_bal"": 0.0, ""lambda_usage_entropy"": 0.5, ""num_clusters"": 28, ""num_hops"": 4, ""tau_c"": 0.3, ""tau_s"": 0.05, ""usage_entropy_lower"": 0.65, ""usage_entropy_upper"": 0.9}",/autodl-fs/data/recap/tuning_hyperparams/interaction_tuning/results/interaction_entropy_v1/checkpoints/baseline/recap/trial_0/model.pt
baseline,baseline,1,Facebook,0.57375,0.034255139599665946,"{""assignment_entropy_lower"": 0.45, ""assignment_entropy_upper"": 0.85, ""beta"": 0.02, ""cluster_init_gain"": 2.0, ""knn_k"": 20, ""lambda_E"": 0.1, ""lambda_H"": 0.35, ""lambda_bal"": 0.0, ""lambda_usage_entropy"": 0.5, ""num_clusters"": 28, ""num_hops"": 4, ""tau_c"": 0.3, ""tau_s"": 0.05, ""usage_entropy_lower"": 0.65, ""usage_entropy_upper"": 0.9}",/autodl-fs/data/recap/tuning_hyperparams/interaction_tuning/results/interaction_entropy_v1/checkpoints/baseline/recap/trial_1/model.pt
baseline,baseline,1,cora,0.820054730258014,0.3219185593211285,"{""assignment_entropy_lower"": 0.45, ""assignment_entropy_upper"": 0.85, ""beta"": 0.02, ""cluster_init_gain"": 2.0, ""knn_k"": 20, ""lambda_E"": 0.1, ""lambda_H"": 0.35, ""lambda_bal"": 0.0, ""lambda_usage_entropy"": 0.5, ""num_clusters"": 28, ""num_hops"": 4, ""tau_c"": 0.3, ""tau_s"": 0.05, ""usage_entropy_lower"": 0.65, ""usage_entropy_upper"": 0.9}",/autodl-fs/data/recap/tuning_hyperparams/interaction_tuning/results/interaction_entropy_v1/checkpoints/baseline/recap/trial_1/model.pt
baseline,baseline,1,citeseer,0.880182562165565,0.34358647952553883,"{""assignment_entropy_lower"": 0.45, ""assignment_entropy_upper"": 0.85, ""beta"": 0.02, ""cluster_init_gain"": 2.0, ""knn_k"": 20, ""lambda_E"": 0.1, ""lambda_H"": 0.35, ""lambda_bal"": 0.0, ""lambda_usage_entropy"": 0.5, ""num_clusters"": 28, ""num_hops"": 4, ""tau_c"": 0.3, ""tau_s"": 0.05, ""usage_entropy_lower"": 0.65, ""usage_entropy_upper"": 0.9}",/autodl-fs/data/recap/tuning_hyperparams/interaction_tuning/results/interaction_entropy_v1/checkpoints/baseline/recap/trial_1/model.pt
baseline,baseline,1,ACM,0.7784029355564881,0.36134485742656236,"{""assignment_entropy_lower"": 0.45, ""assignment_entropy_upper"": 0.85, ""beta"": 0.02, ""cluster_init_gain"": 2.0, ""knn_k"": 20, ""lambda_E"": 0.1, ""lambda_H"": 0.35, ""lambda_bal"": 0.0, ""lambda_usage_entropy"": 0.5, ""num_clusters"": 28, ""num_hops"": 4, ""tau_c"": 0.3, ""tau_s"": 0.05, ""usage_entropy_lower"": 0.65, ""usage_entropy_upper"": 0.9}",/autodl-fs/data/recap/tuning_hyperparams/interaction_tuning/results/interaction_entropy_v1/checkpoints/baseline/recap/trial_1/model.pt
baseline,baseline,1,BlogCatalog,0.7266278594771243,0.31385077152021834,"{""assignment_entropy_lower"": 0.45, ""assignment_entropy_upper"": 0.85, ""beta"": 0.02, ""cluster_init_gain"": 2.0, ""knn_k"": 20, ""lambda_E"": 0.1, ""lambda_H"": 0.35, ""lambda_bal"": 0.0, ""lambda_usage_entropy"": 0.5, ""num_clusters"": 28, ""num_hops"": 4, ""tau_c"": 0.3, ""tau_s"": 0.05, ""usage_entropy_lower"": 0.65, ""usage_entropy_upper"": 0.9}",/autodl-fs/data/recap/tuning_hyperparams/interaction_tuning/results/interaction_entropy_v1/checkpoints/baseline/recap/trial_1/model.pt
baseline,baseline,1,weibo,0.7046236263618684,0.31371289736028024,"{""assignment_entropy_lower"": 0.45, ""assignment_entropy_upper"": 0.85, ""beta"": 0.02, ""cluster_init_gain"": 2.0, ""knn_k"": 20, ""lambda_E"": 0.1, ""lambda_H"": 0.35, ""lambda_bal"": 0.0, ""lambda_usage_entropy"": 0.5, ""num_clusters"": 28, ""num_hops"": 4, ""tau_c"": 0.3, ""tau_s"": 0.05, ""usage_entropy_lower"": 0.65, ""usage_entropy_upper"": 0.9}",/autodl-fs/data/recap/tuning_hyperparams/interaction_tuning/results/interaction_entropy_v1/checkpoints/baseline/recap/trial_1/model.pt
baseline,baseline,1,Reddit,0.5757399024442462,0.045499885400255395,"{""assignment_entropy_lower"": 0.45, ""assignment_entropy_upper"": 0.85, ""beta"": 0.02, ""cluster_init_gain"": 2.0, ""knn_k"": 20, ""lambda_E"": 0.1, ""lambda_H"": 0.35, ""lambda_bal"": 0.0, ""lambda_usage_entropy"": 0.5, ""num_clusters"": 28, ""num_hops"": 4, ""tau_c"": 0.3, ""tau_s"": 0.05, ""usage_entropy_lower"": 0.65, ""usage_entropy_upper"": 0.9}",/autodl-fs/data/recap/tuning_hyperparams/interaction_tuning/results/interaction_entropy_v1/checkpoints/baseline/recap/trial_1/model.pt
baseline,baseline,1,Amazon,0.7402200732386442,0.13866264974278236,"{""assignment_entropy_lower"": 0.45, ""assignment_entropy_upper"": 0.85, ""beta"": 0.02, ""cluster_init_gain"": 2.0, ""knn_k"": 20, ""lambda_E"": 0.1, ""lambda_H"": 0.35, ""lambda_bal"": 0.0, ""lambda_usage_entropy"": 0.5, ""num_clusters"": 28, ""num_hops"": 4, ""tau_c"": 0.3, ""tau_s"": 0.05, ""usage_entropy_lower"": 0.65, ""usage_entropy_upper"": 0.9}",/autodl-fs/data/recap/tuning_hyperparams/interaction_tuning/results/interaction_entropy_v1/checkpoints/baseline/recap/trial_1/model.pt
baseline,baseline,2,Facebook,0.5665909090909091,0.03630976565651307,"{""assignment_entropy_lower"": 0.45, ""assignment_entropy_upper"": 0.85, ""beta"": 0.02, ""cluster_init_gain"": 2.0, ""knn_k"": 20, ""lambda_E"": 0.1, ""lambda_H"": 0.35, ""lambda_bal"": 0.0, ""lambda_usage_entropy"": 0.5, ""num_clusters"": 28, ""num_hops"": 4, ""tau_c"": 0.3, ""tau_s"": 0.05, ""usage_entropy_lower"": 0.65, ""usage_entropy_upper"": 0.9}",/autodl-fs/data/recap/tuning_hyperparams/interaction_tuning/results/interaction_entropy_v1/checkpoints/baseline/recap/trial_2/model.pt
baseline,baseline,2,cora,0.8024837112327339,0.27142781378213965,"{""assignment_entropy_lower"": 0.45, ""assignment_entropy_upper"": 0.85, ""beta"": 0.02, ""cluster_init_gain"": 2.0, ""knn_k"": 20, ""lambda_E"": 0.1, ""lambda_H"": 0.35, ""lambda_bal"": 0.0, ""lambda_usage_entropy"": 0.5, ""num_clusters"": 28, ""num_hops"": 4, ""tau_c"": 0.3, ""tau_s"": 0.05, ""usage_entropy_lower"": 0.65, ""usage_entropy_upper"": 0.9}",/autodl-fs/data/recap/tuning_hyperparams/interaction_tuning/results/interaction_entropy_v1/checkpoints/baseline/recap/trial_2/model.pt
baseline,baseline,2,citeseer,0.8938138705277516,0.3976902675743596,"{""assignment_entropy_lower"": 0.45, ""assignment_entropy_upper"": 0.85, ""beta"": 0.02, ""cluster_init_gain"": 2.0, ""knn_k"": 20, ""lambda_E"": 0.1, ""lambda_H"": 0.35, ""lambda_bal"": 0.0, ""lambda_usage_entropy"": 0.5, ""num_clusters"": 28, ""num_hops"": 4, ""tau_c"": 0.3, ""tau_s"": 0.05, ""usage_entropy_lower"": 0.65, ""usage_entropy_upper"": 0.9}",/autodl-fs/data/recap/tuning_hyperparams/interaction_tuning/results/interaction_entropy_v1/checkpoints/baseline/recap/trial_2/model.pt
baseline,baseline,2,ACM,0.7689843966058867,0.3553496130308785,"{""assignment_entropy_lower"": 0.45, ""assignment_entropy_upper"": 0.85, ""beta"": 0.02, ""cluster_init_gain"": 2.0, ""knn_k"": 20, ""lambda_E"": 0.1, ""lambda_H"": 0.35, ""lambda_bal"": 0.0, ""lambda_usage_entropy"": 0.5, ""num_clusters"": 28, ""num_hops"": 4, ""tau_c"": 0.3, ""tau_s"": 0.05, ""usage_entropy_lower"": 0.65, ""usage_entropy_upper"": 0.9}",/autodl-fs/data/recap/tuning_hyperparams/interaction_tuning/results/interaction_entropy_v1/checkpoints/baseline/recap/trial_2/model.pt
baseline,baseline,2,BlogCatalog,0.7092578976034858,0.3084581004874608,"{""assignment_entropy_lower"": 0.45, ""assignment_entropy_upper"": 0.85, ""beta"": 0.02, ""cluster_init_gain"": 2.0, ""knn_k"": 20, ""lambda_E"": 0.1, ""lambda_H"": 0.35, ""lambda_bal"": 0.0, ""lambda_usage_entropy"": 0.5, ""num_clusters"": 28, ""num_hops"": 4, ""tau_c"": 0.3, ""tau_s"": 0.05, ""usage_entropy_lower"": 0.65, ""usage_entropy_upper"": 0.9}",/autodl-fs/data/recap/tuning_hyperparams/interaction_tuning/results/interaction_entropy_v1/checkpoints/baseline/recap/trial_2/model.pt
baseline,baseline,2,weibo,0.7245027449834275,0.30855142962527704,"{""assignment_entropy_lower"": 0.45, ""assignment_entropy_upper"": 0.85, ""beta"": 0.02, ""cluster_init_gain"": 2.0, ""knn_k"": 20, ""lambda_E"": 0.1, ""lambda_H"": 0.35, ""lambda_bal"": 0.0, ""lambda_usage_entropy"": 0.5, ""num_clusters"": 28, ""num_hops"": 4, ""tau_c"": 0.3, ""tau_s"": 0.05, ""usage_entropy_lower"": 0.65, ""usage_entropy_upper"": 0.9}",/autodl-fs/data/recap/tuning_hyperparams/interaction_tuning/results/interaction_entropy_v1/checkpoints/baseline/recap/trial_2/model.pt
baseline,baseline,2,Reddit,0.5889105210555949,0.04502568171741659,"{""assignment_entropy_lower"": 0.45, ""assignment_entropy_upper"": 0.85, ""beta"": 0.02, ""cluster_init_gain"": 2.0, ""knn_k"": 20, ""lambda_E"": 0.1, ""lambda_H"": 0.35, ""lambda_bal"": 0.0, ""lambda_usage_entropy"": 0.5, ""num_clusters"": 28, ""num_hops"": 4, ""tau_c"": 0.3, ""tau_s"": 0.05, ""usage_entropy_lower"": 0.65, ""usage_entropy_upper"": 0.9}",/autodl-fs/data/recap/tuning_hyperparams/interaction_tuning/results/interaction_entropy_v1/checkpoints/baseline/recap/trial_2/model.pt
baseline,baseline,2,Amazon,0.7319884093569962,0.13343622335286925,"{""assignment_entropy_lower"": 0.45, ""assignment_entropy_upper"": 0.85, ""beta"": 0.02, ""cluster_init_gain"": 2.0, ""knn_k"": 20, ""lambda_E"": 0.1, ""lambda_H"": 0.35, ""lambda_bal"": 0.0, ""lambda_usage_entropy"": 0.5, ""num_clusters"": 28, ""num_hops"": 4, ""tau_c"": 0.3, ""tau_s"": 0.05, ""usage_entropy_lower"": 0.65, ""usage_entropy_upper"": 0.9}",/autodl-fs/data/recap/tuning_hyperparams/interaction_tuning/results/interaction_entropy_v1/checkpoints/baseline/recap/trial_2/model.pt
graph__k24__C36__L3,graph_anchor,0,Facebook,0.5861363636363637,0.049315244729221094,"{""assignment_entropy_lower"": 0.45, ""assignment_entropy_upper"": 0.85, ""beta"": 0.02, ""cluster_init_gain"": 2.0, ""knn_k"": 24, ""lambda_E"": 0.1, ""lambda_H"": 0.35, ""lambda_bal"": 0.0, ""lambda_usage_entropy"": 0.5, ""num_clusters"": 36, ""num_hops"": 3, ""tau_c"": 0.3, ""tau_s"": 0.05, ""usage_entropy_lower"": 0.65, ""usage_entropy_upper"": 0.9}",/autodl-fs/data/recap/tuning_hyperparams/interaction_tuning/results/interaction_entropy_v1/checkpoints/graph__k24__C36__L3/recap/trial_0/model.pt
graph__k24__C36__L3,graph_anchor,0,cora,0.806278342455043,0.33161622983253897,"{""assignment_entropy_lower"": 0.45, ""assignment_entropy_upper"": 0.85, ""beta"": 0.02, ""cluster_init_gain"": 2.0, ""knn_k"": 24, ""lambda_E"": 0.1, ""lambda_H"": 0.35, ""lambda_bal"": 0.0, ""lambda_usage_entropy"": 0.5, ""num_clusters"": 36, ""num_hops"": 3, ""tau_c"": 0.3, ""tau_s"": 0.05, ""usage_entropy_lower"": 0.65, ""usage_entropy_upper"": 0.9}",/autodl-fs/data/recap/tuning_hyperparams/interaction_tuning/results/interaction_entropy_v1/checkpoints/graph__k24__C36__L3/recap/trial_0/model.pt
graph__k24__C36__L3,graph_anchor,0,citeseer,0.8910607491344036,0.39096176712536995,"{""assignment_entropy_lower"": 0.45, ""assignment_entropy_upper"": 0.85, ""beta"": 0.02, ""cluster_init_gain"": 2.0, ""knn_k"": 24, ""lambda_E"": 0.1, ""lambda_H"": 0.35, ""lambda_bal"": 0.0, ""lambda_usage_entropy"": 0.5, ""num_clusters"": 36, ""num_hops"": 3, ""tau_c"": 0.3, ""tau_s"": 0.05, ""usage_entropy_lower"": 0.65, ""usage_entropy_upper"": 0.9}",/autodl-fs/data/recap/tuning_hyperparams/interaction_tuning/results/interaction_entropy_v1/checkpoints/graph__k24__C36__L3/recap/trial_0/model.pt
graph__k24__C36__L3,graph_anchor,0,ACM,0.767649012777532,0.35057043576071634,"{""assignment_entropy_lower"": 0.45, ""assignment_entropy_upper"": 0.85, ""beta"": 0.02, ""cluster_init_gain"": 2.0, ""knn_k"": 24, ""lambda_E"": 0.1, ""lambda_H"": 0.35, ""lambda_bal"": 0.0, ""lambda_usage_entropy"": 0.5, ""num_clusters"": 36, ""num_hops"": 3, ""tau_c"": 0.3, ""tau_s"": 0.05, ""usage_entropy_lower"": 0.65, ""usage_entropy_upper"": 0.9}",/autodl-fs/data/recap/tuning_hyperparams/interaction_tuning/results/interaction_entropy_v1/checkpoints/graph__k24__C36__L3/recap/trial_0/model.pt
graph__k24__C36__L3,graph_anchor,0,BlogCatalog,0.712279411764706,0.31576150129098274,"{""assignment_entropy_lower"": 0.45, ""assignment_entropy_upper"": 0.85, ""beta"": 0.02, ""cluster_init_gain"": 2.0, ""knn_k"": 24, ""lambda_E"": 0.1, ""lambda_H"": 0.35, ""lambda_bal"": 0.0, ""lambda_usage_entropy"": 0.5, ""num_clusters"": 36, ""num_hops"": 3, ""tau_c"": 0.3, ""tau_s"": 0.05, ""usage_entropy_lower"": 0.65, ""usage_entropy_upper"": 0.9}",/autodl-fs/data/recap/tuning_hyperparams/interaction_tuning/results/interaction_entropy_v1/checkpoints/graph__k24__C36__L3/recap/trial_0/model.pt
graph__k24__C36__L3,graph_anchor,0,weibo,0.7014865679544661,0.2894751409536794,"{""assignment_entropy_lower"": 0.45, ""assignment_entropy_upper"": 0.85, ""beta"": 0.02, ""cluster_init_gain"": 2.0, ""knn_k"": 24, ""lambda_E"": 0.1, ""lambda_H"": 0.35, ""lambda_bal"": 0.0, ""lambda_usage_entropy"": 0.5, ""num_clusters"": 36, ""num_hops"": 3, ""tau_c"": 0.3, ""tau_s"": 0.05, ""usage_entropy_lower"": 0.65, ""usage_entropy_upper"": 0.9}",/autodl-fs/data/recap/tuning_hyperparams/interaction_tuning/results/interaction_entropy_v1/checkpoints/graph__k24__C36__L3/recap/trial_0/model.pt
graph__k24__C36__L3,graph_anchor,0,Reddit,0.5867715354995693,0.044081509028844744,"{""assignment_entropy_lower"": 0.45, ""assignment_entropy_upper"": 0.85, ""beta"": 0.02, ""cluster_init_gain"": 2.0, ""knn_k"": 24, ""lambda_E"": 0.1, ""lambda_H"": 0.35, ""lambda_bal"": 0.0, ""lambda_usage_entropy"": 0.5, ""num_clusters"": 36, ""num_hops"": 3, ""tau_c"": 0.3, ""tau_s"": 0.05, ""usage_entropy_lower"": 0.65, ""usage_entropy_upper"": 0.9}",/autodl-fs/data/recap/tuning_hyperparams/interaction_tuning/results/interaction_entropy_v1/checkpoints/graph__k24__C36__L3/recap/trial_0/model.pt
graph__k24__C36__L3,graph_anchor,0,Amazon,0.7102927441296973,0.12860468985150803,"{""assignment_entropy_lower"": 0.45, ""assignment_entropy_upper"": 0.85, ""beta"": 0.02, ""cluster_init_gain"": 2.0, ""knn_k"": 24, ""lambda_E"": 0.1, ""lambda_H"": 0.35, ""lambda_bal"": 0.0, ""lambda_usage_entropy"": 0.5, ""num_clusters"": 36, ""num_hops"": 3, ""tau_c"": 0.3, ""tau_s"": 0.05, ""usage_entropy_lower"": 0.65, ""usage_entropy_upper"": 0.9}",/autodl-fs/data/recap/tuning_hyperparams/interaction_tuning/results/interaction_entropy_v1/checkpoints/graph__k24__C36__L3/recap/trial_0/model.pt
graph__k24__C36__L3,graph_anchor,1,Facebook,0.6086742424242425,0.04220092233115151,"{""assignment_entropy_lower"": 0.45, ""assignment_entropy_upper"": 0.85, ""beta"": 0.02, ""cluster_init_gain"": 2.0, ""knn_k"": 24, ""lambda_E"": 0.1, ""lambda_H"": 0.35, ""lambda_bal"": 0.0, ""lambda_usage_entropy"": 0.5, ""num_clusters"": 36, ""num_hops"": 3, ""tau_c"": 0.3, ""tau_s"": 0.05, ""usage_entropy_lower"": 0.65, ""usage_entropy_upper"": 0.9}",/autodl-fs/data/recap/tuning_hyperparams/interaction_tuning/results/interaction_entropy_v1/checkpoints/graph__k24__C36__L3/recap/trial_1/model.pt
graph__k24__C36__L3,graph_anchor,1,cora,0.8236408652593171,0.3259513003128501,"{""assignment_entropy_lower"": 0.45, ""assignment_entropy_upper"": 0.85, ""beta"": 0.02, ""cluster_init_gain"": 2.0, ""knn_k"": 24, ""lambda_E"": 0.1, ""lambda_H"": 0.35, ""lambda_bal"": 0.0, ""lambda_usage_entropy"": 0.5, ""num_clusters"": 36, ""num_hops"": 3, ""tau_c"": 0.3, ""tau_s"": 0.05, ""usage_entropy_lower"": 0.65, ""usage_entropy_upper"": 0.9}",/autodl-fs/data/recap/tuning_hyperparams/interaction_tuning/results/interaction_entropy_v1/checkpoints/graph__k24__C36__L3/recap/trial_1/model.pt
graph__k24__C36__L3,graph_anchor,1,citeseer,0.8911216031895919,0.34491265448536995,"{""assignment_entropy_lower"": 0.45, ""assignment_entropy_upper"": 0.85, ""beta"": 0.02, ""cluster_init_gain"": 2.0, ""knn_k"": 24, ""lambda_E"": 0.1, ""lambda_H"": 0.35, ""lambda_bal"": 0.0, ""lambda_usage_entropy"": 0.5, ""num_clusters"": 36, ""num_hops"": 3, ""tau_c"": 0.3, ""tau_s"": 0.05, ""usage_entropy_lower"": 0.65, ""usage_entropy_upper"": 0.9}",/autodl-fs/data/recap/tuning_hyperparams/interaction_tuning/results/interaction_entropy_v1/checkpoints/graph__k24__C36__L3/recap/trial_1/model.pt
graph__k24__C36__L3,graph_anchor,1,ACM,0.7764491242009759,0.36072442315522474,"{""assignment_entropy_lower"": 0.45, ""assignment_entropy_upper"": 0.85, ""beta"": 0.02, ""cluster_init_gain"": 2.0, ""knn_k"": 24, ""lambda_E"": 0.1, ""lambda_H"": 0.35, ""lambda_bal"": 0.0, ""lambda_usage_entropy"": 0.5, ""num_clusters"": 36, ""num_hops"": 3, ""tau_c"": 0.3, ""tau_s"": 0.05, ""usage_entropy_lower"": 0.65, ""usage_entropy_upper"": 0.9}",/autodl-fs/data/recap/tuning_hyperparams/interaction_tuning/results/interaction_entropy_v1/checkpoints/graph__k24__C36__L3/recap/trial_1/model.pt
graph__k24__C36__L3,graph_anchor,1,BlogCatalog,0.7143402777777778,0.3081543256276656,"{""assignment_entropy_lower"": 0.45, ""assignment_entropy_upper"": 0.85, ""beta"": 0.02, ""cluster_init_gain"": 2.0, ""knn_k"": 24, ""lambda_E"": 0.1, ""lambda_H"": 0.35, ""lambda_bal"": 0.0, ""lambda_usage_entropy"": 0.5, ""num_clusters"": 36, ""num_hops"": 3, ""tau_c"": 0.3, ""tau_s"": 0.05, ""usage_entropy_lower"": 0.65, ""usage_entropy_upper"": 0.9}",/autodl-fs/data/recap/tuning_hyperparams/interaction_tuning/results/interaction_entropy_v1/checkpoints/graph__k24__C36__L3/recap/trial_1/model.pt
graph__k24__C36__L3,graph_anchor,1,weibo,0.7820760133265751,0.3002325058974638,"{""assignment_entropy_lower"": 0.45, ""assignment_entropy_upper"": 0.85, ""beta"": 0.02, ""cluster_init_gain"": 2.0, ""knn_k"": 24, ""lambda_E"": 0.1, ""lambda_H"": 0.35, ""lambda_bal"": 0.0, ""lambda_usage_entropy"": 0.5, ""num_clusters"": 36, ""num_hops"": 3, ""tau_c"": 0.3, ""tau_s"": 0.05, ""usage_entropy_lower"": 0.65, ""usage_entropy_upper"": 0.9}",/autodl-fs/data/recap/tuning_hyperparams/interaction_tuning/results/interaction_entropy_v1/checkpoints/graph__k24__C36__L3/recap/trial_1/model.pt
graph__k24__C36__L3,graph_anchor,1,Reddit,0.591919896824343,0.04768807639376603,"{""assignment_entropy_lower"": 0.45, ""assignment_entropy_upper"": 0.85, ""beta"": 0.02, ""cluster_init_gain"": 2.0, ""knn_k"": 24, ""lambda_E"": 0.1, ""lambda_H"": 0.35, ""lambda_bal"": 0.0, ""lambda_usage_entropy"": 0.5, ""num_clusters"": 36, ""num_hops"": 3, ""tau_c"": 0.3, ""tau_s"": 0.05, ""usage_entropy_lower"": 0.65, ""usage_entropy_upper"": 0.9}",/autodl-fs/data/recap/tuning_hyperparams/interaction_tuning/results/interaction_entropy_v1/checkpoints/graph__k24__C36__L3/recap/trial_1/model.pt
graph__k24__C36__L3,graph_anchor,1,Amazon,0.7294200454414493,0.13059096747315038,"{""assignment_entropy_lower"": 0.45, ""assignment_entropy_upper"": 0.85, ""beta"": 0.02, ""cluster_init_gain"": 2.0, ""knn_k"": 24, ""lambda_E"": 0.1, ""lambda_H"": 0.35, ""lambda_bal"": 0.0, ""lambda_usage_entropy"": 0.5, ""num_clusters"": 36, ""num_hops"": 3, ""tau_c"": 0.3, ""tau_s"": 0.05, ""usage_entropy_lower"": 0.65, ""usage_entropy_upper"": 0.9}",/autodl-fs/data/recap/tuning_hyperparams/interaction_tuning/results/interaction_entropy_v1/checkpoints/graph__k24__C36__L3/recap/trial_1/model.pt
graph__k24__C36__L3,graph_anchor,2,Facebook,0.6156060606060606,0.04252267402387691,"{""assignment_entropy_lower"": 0.45, ""assignment_entropy_upper"": 0.85, ""beta"": 0.02, ""cluster_init_gain"": 2.0, ""knn_k"": 24, ""lambda_E"": 0.1, ""lambda_H"": 0.35, ""lambda_bal"": 0.0, ""lambda_usage_entropy"": 0.5, ""num_clusters"": 36, ""num_hops"": 3, ""tau_c"": 0.3, ""tau_s"": 0.05, ""usage_entropy_lower"": 0.65, ""usage_entropy_upper"": 0.9}",/autodl-fs/data/recap/tuning_hyperparams/interaction_tuning/results/interaction_entropy_v1/checkpoints/graph__k24__C36__L3/recap/trial_2/model.pt
graph__k24__C36__L3,graph_anchor,2,cora,0.8094657284336721,0.2714398463575835,"{""assignment_entropy_lower"": 0.45, ""assignment_entropy_upper"": 0.85, ""beta"": 0.02, ""cluster_init_gain"": 2.0, ""knn_k"": 24, ""lambda_E"": 0.1, ""lambda_H"": 0.35, ""lambda_bal"": 0.0, ""lambda_usage_entropy"": 0.5, ""num_clusters"": 36, ""num_hops"": 3, ""tau_c"": 0.3, ""tau_s"": 0.05, ""usage_entropy_lower"": 0.65, ""usage_entropy_upper"": 0.9}",/autodl-fs/data/recap/tuning_hyperparams/interaction_tuning/results/interaction_entropy_v1/checkpoints/graph__k24__C36__L3/recap/trial_2/model.pt
graph__k24__C36__L3,graph_anchor,2,citeseer,0.8858220543489665,0.34887476093679115,"{""assignment_entropy_lower"": 0.45, ""assignment_entropy_upper"": 0.85, ""beta"": 0.02, ""cluster_init_gain"": 2.0, ""knn_k"": 24, ""lambda_E"": 0.1, ""lambda_H"": 0.35, ""lambda_bal"": 0.0, ""lambda_usage_entropy"": 0.5, ""num_clusters"": 36, ""num_hops"": 3, ""tau_c"": 0.3, ""tau_s"": 0.05, ""usage_entropy_lower"": 0.65, ""usage_entropy_upper"": 0.9}",/autodl-fs/data/recap/tuning_hyperparams/interaction_tuning/results/interaction_entropy_v1/checkpoints/graph__k24__C36__L3/recap/trial_2/model.pt
graph__k24__C36__L3,graph_anchor,2,ACM,0.768925985754289,0.3549164106883313,"{""assignment_entropy_lower"": 0.45, ""assignment_entropy_upper"": 0.85, ""beta"": 0.02, ""cluster_init_gain"": 2.0, ""knn_k"": 24, ""lambda_E"": 0.1, ""lambda_H"": 0.35, ""lambda_bal"": 0.0, ""lambda_usage_entropy"": 0.5, ""num_clusters"": 36, ""num_hops"": 3, ""tau_c"": 0.3, ""tau_s"": 0.05, ""usage_entropy_lower"": 0.65, ""usage_entropy_upper"": 0.9}",/autodl-fs/data/recap/tuning_hyperparams/interaction_tuning/results/interaction_entropy_v1/checkpoints/graph__k24__C36__L3/recap/trial_2/model.pt
graph__k24__C36__L3,graph_anchor,2,BlogCatalog,0.7031740196078431,0.30727825128605024,"{""assignment_entropy_lower"": 0.45, ""assignment_entropy_upper"": 0.85, ""beta"": 0.02, ""cluster_init_gain"": 2.0, ""knn_k"": 24, ""lambda_E"": 0.1, ""lambda_H"": 0.35, ""lambda_bal"": 0.0, ""lambda_usage_entropy"": 0.5, ""num_clusters"": 36, ""num_hops"": 3, ""tau_c"": 0.3, ""tau_s"": 0.05, ""usage_entropy_lower"": 0.65, ""usage_entropy_upper"": 0.9}",/autodl-fs/data/recap/tuning_hyperparams/interaction_tuning/results/interaction_entropy_v1/checkpoints/graph__k24__C36__L3/recap/trial_2/model.pt
graph__k24__C36__L3,graph_anchor,2,weibo,0.7220679822858538,0.2840325300815259,"{""assignment_entropy_lower"": 0.45, ""assignment_entropy_upper"": 0.85, ""beta"": 0.02, ""cluster_init_gain"": 2.0, ""knn_k"": 24, ""lambda_E"": 0.1, ""lambda_H"": 0.35, ""lambda_bal"": 0.0, ""lambda_usage_entropy"": 0.5, ""num_clusters"": 36, ""num_hops"": 3, ""tau_c"": 0.3, ""tau_s"": 0.05, ""usage_entropy_lower"": 0.65, ""usage_entropy_upper"": 0.9}",/autodl-fs/data/recap/tuning_hyperparams/interaction_tuning/results/interaction_entropy_v1/checkpoints/graph__k24__C36__L3/recap/trial_2/model.pt
graph__k24__C36__L3,graph_anchor,2,Reddit,0.5804705021990701,0.044843988477850365,"{""assignment_entropy_lower"": 0.45, ""assignment_entropy_upper"": 0.85, ""beta"": 0.02, ""cluster_init_gain"": 2.0, ""knn_k"": 24, ""lambda_E"": 0.1, ""lambda_H"": 0.35, ""lambda_bal"": 0.0, ""lambda_usage_entropy"": 0.5, ""num_clusters"": 36, ""num_hops"": 3, ""tau_c"": 0.3, ""tau_s"": 0.05, ""usage_entropy_lower"": 0.65, ""usage_entropy_upper"": 0.9}",/autodl-fs/data/recap/tuning_hyperparams/interaction_tuning/results/interaction_entropy_v1/checkpoints/graph__k24__C36__L3/recap/trial_2/model.pt
graph__k24__C36__L3,graph_anchor,2,Amazon,0.686901843653496,0.11212090730455847,"{""assignment_entropy_lower"": 0.45, ""assignment_entropy_upper"": 0.85, ""beta"": 0.02, ""cluster_init_gain"": 2.0, ""knn_k"": 24, ""lambda_E"": 0.1, ""lambda_H"": 0.35, ""lambda_bal"": 0.0, ""lambda_usage_entropy"": 0.5, ""num_clusters"": 36, ""num_hops"": 3, ""tau_c"": 0.3, ""tau_s"": 0.05, ""usage_entropy_lower"": 0.65, ""usage_entropy_upper"": 0.9}",/autodl-fs/data/recap/tuning_hyperparams/interaction_tuning/results/interaction_entropy_v1/checkpoints/graph__k24__C36__L3/recap/trial_2/model.pt
graph__k16__C28__L4,graph_anchor,0,Facebook,0.5798484848484848,0.032122051815457825,"{""assignment_entropy_lower"": 0.45, ""assignment_entropy_upper"": 0.85, ""beta"": 0.02, ""cluster_init_gain"": 2.0, ""knn_k"": 16, ""lambda_E"": 0.1, ""lambda_H"": 0.35, ""lambda_bal"": 0.0, ""lambda_usage_entropy"": 0.5, ""num_clusters"": 28, ""num_hops"": 4, ""tau_c"": 0.3, ""tau_s"": 0.05, ""usage_entropy_lower"": 0.65, ""usage_entropy_upper"": 0.9}",/autodl-fs/data/recap/tuning_hyperparams/interaction_tuning/results/interaction_entropy_v1/checkpoints/graph__k16__C28__L4/recap/trial_0/model.pt
graph__k16__C28__L4,graph_anchor,0,cora,0.8109330205890019,0.3460222072588888,"{""assignment_entropy_lower"": 0.45, ""assignment_entropy_upper"": 0.85, ""beta"": 0.02, ""cluster_init_gain"": 2.0, ""knn_k"": 16, ""lambda_E"": 0.1, ""lambda_H"": 0.35, ""lambda_bal"": 0.0, ""lambda_usage_entropy"": 0.5, ""num_clusters"": 28, ""num_hops"": 4, ""tau_c"": 0.3, ""tau_s"": 0.05, ""usage_entropy_lower"": 0.65, ""usage_entropy_upper"": 0.9}",/autodl-fs/data/recap/tuning_hyperparams/interaction_tuning/results/interaction_entropy_v1/checkpoints/graph__k16__C28__L4/recap/trial_0/model.pt
graph__k16__C28__L4,graph_anchor,0,citeseer,0.8828391564368903,0.3247254856275304,"{""assignment_entropy_lower"": 0.45, ""assignment_entropy_upper"": 0.85, ""beta"": 0.02, ""cluster_init_gain"": 2.0, ""knn_k"": 16, ""lambda_E"": 0.1, ""lambda_H"": 0.35, ""lambda_bal"": 0.0, ""lambda_usage_entropy"": 0.5, ""num_clusters"": 28, ""num_hops"": 4, ""tau_c"": 0.3, ""tau_s"": 0.05, ""usage_entropy_lower"": 0.65, ""usage_entropy_upper"": 0.9}",/autodl-fs/data/recap/tuning_hyperparams/interaction_tuning/results/interaction_entropy_v1/checkpoints/graph__k16__C28__L4/recap/trial_0/model.pt
graph__k16__C28__L4,graph_anchor,0,ACM,0.7819639942436843,0.3614206578233967,"{""assignment_entropy_lower"": 0.45, ""assignment_entropy_upper"": 0.85, ""beta"": 0.02, ""cluster_init_gain"": 2.0, ""knn_k"": 16, ""lambda_E"": 0.1, ""lambda_H"": 0.35, ""lambda_bal"": 0.0, ""lambda_usage_entropy"": 0.5, ""num_clusters"": 28, ""num_hops"": 4, ""tau_c"": 0.3, ""tau_s"": 0.05, ""usage_entropy_lower"": 0.65, ""usage_entropy_upper"": 0.9}",/autodl-fs/data/recap/tuning_hyperparams/interaction_tuning/results/interaction_entropy_v1/checkpoints/graph__k16__C28__L4/recap/trial_0/model.pt
graph__k16__C28__L4,graph_anchor,0,BlogCatalog,0.7344941448801743,0.31881471973807407,"{""assignment_entropy_lower"": 0.45, ""assignment_entropy_upper"": 0.85, ""beta"": 0.02, ""cluster_init_gain"": 2.0, ""knn_k"": 16, ""lambda_E"": 0.1, ""lambda_H"": 0.35, ""lambda_bal"": 0.0, ""lambda_usage_entropy"": 0.5, ""num_clusters"": 28, ""num_hops"": 4, ""tau_c"": 0.3, ""tau_s"": 0.05, ""usage_entropy_lower"": 0.65, ""usage_entropy_upper"": 0.9}",/autodl-fs/data/recap/tuning_hyperparams/interaction_tuning/results/interaction_entropy_v1/checkpoints/graph__k16__C28__L4/recap/trial_0/model.pt
graph__k16__C28__L4,graph_anchor,0,weibo,0.7137218294508995,0.3240383490848076,"{""assignment_entropy_lower"": 0.45, ""assignment_entropy_upper"": 0.85, ""beta"": 0.02, ""cluster_init_gain"": 2.0, ""knn_k"": 16, ""lambda_E"": 0.1, ""lambda_H"": 0.35, ""lambda_bal"": 0.0, ""lambda_usage_entropy"": 0.5, ""num_clusters"": 28, ""num_hops"": 4, ""tau_c"": 0.3, ""tau_s"": 0.05, ""usage_entropy_lower"": 0.65, ""usage_entropy_upper"": 0.9}",/autodl-fs/data/recap/tuning_hyperparams/interaction_tuning/results/interaction_entropy_v1/checkpoints/graph__k16__C28__L4/recap/trial_0/model.pt
graph__k16__C28__L4,graph_anchor,0,Reddit,0.5827490847071732,0.04578489439988741,"{""assignment_entropy_lower"": 0.45, ""assignment_entropy_upper"": 0.85, ""beta"": 0.02, ""cluster_init_gain"": 2.0, ""knn_k"": 16, ""lambda_E"": 0.1, ""lambda_H"": 0.35, ""lambda_bal"": 0.0, ""lambda_usage_entropy"": 0.5, ""num_clusters"": 28, ""num_hops"": 4, ""tau_c"": 0.3, ""tau_s"": 0.05, ""usage_entropy_lower"": 0.65, ""usage_entropy_upper"": 0.9}",/autodl-fs/data/recap/tuning_hyperparams/interaction_tuning/results/interaction_entropy_v1/checkpoints/graph__k16__C28__L4/recap/trial_0/model.pt
graph__k16__C28__L4,graph_anchor,0,Amazon,0.7379299840741451,0.13630690623567487,"{""assignment_entropy_lower"": 0.45, ""assignment_entropy_upper"": 0.85, ""beta"": 0.02, ""cluster_init_gain"": 2.0, ""knn_k"": 16, ""lambda_E"": 0.1, ""lambda_H"": 0.35, ""lambda_bal"": 0.0, ""lambda_usage_entropy"": 0.5, ""num_clusters"": 28, ""num_hops"": 4, ""tau_c"": 0.3, ""tau_s"": 0.05, ""usage_entropy_lower"": 0.65, ""usage_entropy_upper"": 0.9}",/autodl-fs/data/recap/tuning_hyperparams/interaction_tuning/results/interaction_entropy_v1/checkpoints/graph__k16__C28__L4/recap/trial_0/model.pt
graph__k16__C28__L4,graph_anchor,1,Facebook,0.5706818181818182,0.03572926449060318,"{""assignment_entropy_lower"": 0.45, ""assignment_entropy_upper"": 0.85, ""beta"": 0.02, ""cluster_init_gain"": 2.0, ""knn_k"": 16, ""lambda_E"": 0.1, ""lambda_H"": 0.35, ""lambda_bal"": 0.0, ""lambda_usage_entropy"": 0.5, ""num_clusters"": 28, ""num_hops"": 4, ""tau_c"": 0.3, ""tau_s"": 0.05, ""usage_entropy_lower"": 0.65, ""usage_entropy_upper"": 0.9}",/autodl-fs/data/recap/tuning_hyperparams/interaction_tuning/results/interaction_entropy_v1/checkpoints/graph__k16__C28__L4/recap/trial_1/model.pt
graph__k16__C28__L4,graph_anchor,1,cora,0.8206854313265572,0.32208739204346365,"{""assignment_entropy_lower"": 0.45, ""assignment_entropy_upper"": 0.85, ""beta"": 0.02, ""cluster_init_gain"": 2.0, ""knn_k"": 16, ""lambda_E"": 0.1, ""lambda_H"": 0.35, ""lambda_bal"": 0.0, ""lambda_usage_entropy"": 0.5, ""num_clusters"": 28, ""num_hops"": 4, ""tau_c"": 0.3, ""tau_s"": 0.05, ""usage_entropy_lower"": 0.65, ""usage_entropy_upper"": 0.9}",/autodl-fs/data/recap/tuning_hyperparams/interaction_tuning/results/interaction_entropy_v1/checkpoints/graph__k16__C28__L4/recap/trial_1/model.pt
graph__k16__C28__L4,graph_anchor,1,citeseer,0.8807050676739063,0.3495903800546412,"{""assignment_entropy_lower"": 0.45, ""assignment_entropy_upper"": 0.85, ""beta"": 0.02, ""cluster_init_gain"": 2.0, ""knn_k"": 16, ""lambda_E"": 0.1, ""lambda_H"": 0.35, ""lambda_bal"": 0.0, ""lambda_usage_entropy"": 0.5, ""num_clusters"": 28, ""num_hops"": 4, ""tau_c"": 0.3, ""tau_s"": 0.05, ""usage_entropy_lower"": 0.65, ""usage_entropy_upper"": 0.9}",/autodl-fs/data/recap/tuning_hyperparams/interaction_tuning/results/interaction_entropy_v1/checkpoints/graph__k16__C28__L4/recap/trial_1/model.pt
graph__k16__C28__L4,graph_anchor,1,ACM,0.7768042811569439,0.361045911662896,"{""assignment_entropy_lower"": 0.45, ""assignment_entropy_upper"": 0.85, ""beta"": 0.02, ""cluster_init_gain"": 2.0, ""knn_k"": 16, ""lambda_E"": 0.1, ""lambda_H"": 0.35, ""lambda_bal"": 0.0, ""lambda_usage_entropy"": 0.5, ""num_clusters"": 28, ""num_hops"": 4, ""tau_c"": 0.3, ""tau_s"": 0.05, ""usage_entropy_lower"": 0.65, ""usage_entropy_upper"": 0.9}",/autodl-fs/data/recap/tuning_hyperparams/interaction_tuning/results/interaction_entropy_v1/checkpoints/graph__k16__C28__L4/recap/trial_1/model.pt
graph__k16__C28__L4,graph_anchor,1,BlogCatalog,0.728771105664488,0.31493825371652656,"{""assignment_entropy_lower"": 0.45, ""assignment_entropy_upper"": 0.85, ""beta"": 0.02, ""cluster_init_gain"": 2.0, ""knn_k"": 16, ""lambda_E"": 0.1, ""lambda_H"": 0.35, ""lambda_bal"": 0.0, ""lambda_usage_entropy"": 0.5, ""num_clusters"": 28, ""num_hops"": 4, ""tau_c"": 0.3, ""tau_s"": 0.05, ""usage_entropy_lower"": 0.65, ""usage_entropy_upper"": 0.9}",/autodl-fs/data/recap/tuning_hyperparams/interaction_tuning/results/interaction_entropy_v1/checkpoints/graph__k16__C28__L4/recap/trial_1/model.pt
graph__k16__C28__L4,graph_anchor,1,weibo,0.7036550559482591,0.313475055246455,"{""assignment_entropy_lower"": 0.45, ""assignment_entropy_upper"": 0.85, ""beta"": 0.02, ""cluster_init_gain"": 2.0, ""knn_k"": 16, ""lambda_E"": 0.1, ""lambda_H"": 0.35, ""lambda_bal"": 0.0, ""lambda_usage_entropy"": 0.5, ""num_clusters"": 28, ""num_hops"": 4, ""tau_c"": 0.3, ""tau_s"": 0.05, ""usage_entropy_lower"": 0.65, ""usage_entropy_upper"": 0.9}",/autodl-fs/data/recap/tuning_hyperparams/interaction_tuning/results/interaction_entropy_v1/checkpoints/graph__k16__C28__L4/recap/trial_1/model.pt
graph__k16__C28__L4,graph_anchor,1,Reddit,0.5744628154891117,0.04509420497527391,"{""assignment_entropy_lower"": 0.45, ""assignment_entropy_upper"": 0.85, ""beta"": 0.02, ""cluster_init_gain"": 2.0, ""knn_k"": 16, ""lambda_E"": 0.1, ""lambda_H"": 0.35, ""lambda_bal"": 0.0, ""lambda_usage_entropy"": 0.5, ""num_clusters"": 28, ""num_hops"": 4, ""tau_c"": 0.3, ""tau_s"": 0.05, ""usage_entropy_lower"": 0.65, ""usage_entropy_upper"": 0.9}",/autodl-fs/data/recap/tuning_hyperparams/interaction_tuning/results/interaction_entropy_v1/checkpoints/graph__k16__C28__L4/recap/trial_1/model.pt
graph__k16__C28__L4,graph_anchor,1,Amazon,0.7396919113947757,0.13878656868833178,"{""assignment_entropy_lower"": 0.45, ""assignment_entropy_upper"": 0.85, ""beta"": 0.02, ""cluster_init_gain"": 2.0, ""knn_k"": 16, ""lambda_E"": 0.1, ""lambda_H"": 0.35, ""lambda_bal"": 0.0, ""lambda_usage_entropy"": 0.5, ""num_clusters"": 28, ""num_hops"": 4, ""tau_c"": 0.3, ""tau_s"": 0.05, ""usage_entropy_lower"": 0.65, ""usage_entropy_upper"": 0.9}",/autodl-fs/data/recap/tuning_hyperparams/interaction_tuning/results/interaction_entropy_v1/checkpoints/graph__k16__C28__L4/recap/trial_1/model.pt
graph__k16__C28__L4,graph_anchor,2,Facebook,0.569810606060606,0.03579353891351987,"{""assignment_entropy_lower"": 0.45, ""assignment_entropy_upper"": 0.85, ""beta"": 0.02, ""cluster_init_gain"": 2.0, ""knn_k"": 16, ""lambda_E"": 0.1, ""lambda_H"": 0.35, ""lambda_bal"": 0.0, ""lambda_usage_entropy"": 0.5, ""num_clusters"": 28, ""num_hops"": 4, ""tau_c"": 0.3, ""tau_s"": 0.05, ""usage_entropy_lower"": 0.65, ""usage_entropy_upper"": 0.9}",/autodl-fs/data/recap/tuning_hyperparams/interaction_tuning/results/interaction_entropy_v1/checkpoints/graph__k16__C28__L4/recap/trial_2/model.pt
graph__k16__C28__L4,graph_anchor,2,cora,0.8025697159238989,0.2745145549079319,"{""assignment_entropy_lower"": 0.45, ""assignment_entropy_upper"": 0.85, ""beta"": 0.02, ""cluster_init_gain"": 2.0, ""knn_k"": 16, ""lambda_E"": 0.1, ""lambda_H"": 0.35, ""lambda_bal"": 0.0, ""lambda_usage_entropy"": 0.5, ""num_clusters"": 28, ""num_hops"": 4, ""tau_c"": 0.3, ""tau_s"": 0.05, ""usage_entropy_lower"": 0.65, ""usage_entropy_upper"": 0.9}",/autodl-fs/data/recap/tuning_hyperparams/interaction_tuning/results/interaction_entropy_v1/checkpoints/graph__k16__C28__L4/recap/trial_2/model.pt
graph__k16__C28__L4,graph_anchor,2,citeseer,0.8942335536669813,0.4017159757910933,"{""assignment_entropy_lower"": 0.45, ""assignment_entropy_upper"": 0.85, ""beta"": 0.02, ""cluster_init_gain"": 2.0, ""knn_k"": 16, ""lambda_E"": 0.1, ""lambda_H"": 0.35, ""lambda_bal"": 0.0, ""lambda_usage_entropy"": 0.5, ""num_clusters"": 28, ""num_hops"": 4, ""tau_c"": 0.3, ""tau_s"": 0.05, ""usage_entropy_lower"": 0.65, ""usage_entropy_upper"": 0.9}",/autodl-fs/data/recap/tuning_hyperparams/interaction_tuning/results/interaction_entropy_v1/checkpoints/graph__k16__C28__L4/recap/trial_2/model.pt
graph__k16__C28__L4,graph_anchor,2,ACM,0.7700911978958598,0.3566379134094754,"{""assignment_entropy_lower"": 0.45, ""assignment_entropy_upper"": 0.85, ""beta"": 0.02, ""cluster_init_gain"": 2.0, ""knn_k"": 16, ""lambda_E"": 0.1, ""lambda_H"": 0.35, ""lambda_bal"": 0.0, ""lambda_usage_entropy"": 0.5, ""num_clusters"": 28, ""num_hops"": 4, ""tau_c"": 0.3, ""tau_s"": 0.05, ""usage_entropy_lower"": 0.65, ""usage_entropy_upper"": 0.9}",/autodl-fs/data/recap/tuning_hyperparams/interaction_tuning/results/interaction_entropy_v1/checkpoints/graph__k16__C28__L4/recap/trial_2/model.pt
graph__k16__C28__L4,graph_anchor,2,BlogCatalog,0.7097487745098039,0.31027646485472415,"{""assignment_entropy_lower"": 0.45, ""assignment_entropy_upper"": 0.85, ""beta"": 0.02, ""cluster_init_gain"": 2.0, ""knn_k"": 16, ""lambda_E"": 0.1, ""lambda_H"": 0.35, ""lambda_bal"": 0.0, ""lambda_usage_entropy"": 0.5, ""num_clusters"": 28, ""num_hops"": 4, ""tau_c"": 0.3, ""tau_s"": 0.05, ""usage_entropy_lower"": 0.65, ""usage_entropy_upper"": 0.9}",/autodl-fs/data/recap/tuning_hyperparams/interaction_tuning/results/interaction_entropy_v1/checkpoints/graph__k16__C28__L4/recap/trial_2/model.pt
graph__k16__C28__L4,graph_anchor,2,weibo,0.7305864799707006,0.3089967255368715,"{""assignment_entropy_lower"": 0.45, ""assignment_entropy_upper"": 0.85, ""beta"": 0.02, ""cluster_init_gain"": 2.0, ""knn_k"": 16, ""lambda_E"": 0.1, ""lambda_H"": 0.35, ""lambda_bal"": 0.0, ""lambda_usage_entropy"": 0.5, ""num_clusters"": 28, ""num_hops"": 4, ""tau_c"": 0.3, ""tau_s"": 0.05, ""usage_entropy_lower"": 0.65, ""usage_entropy_upper"": 0.9}",/autodl-fs/data/recap/tuning_hyperparams/interaction_tuning/results/interaction_entropy_v1/checkpoints/graph__k16__C28__L4/recap/trial_2/model.pt
graph__k16__C28__L4,graph_anchor,2,Reddit,0.5903838157083497,0.04526167218664628,"{""assignment_entropy_lower"": 0.45, ""assignment_entropy_upper"": 0.85, ""beta"": 0.02, ""cluster_init_gain"": 2.0, ""knn_k"": 16, ""lambda_E"": 0.1, ""lambda_H"": 0.35, ""lambda_bal"": 0.0, ""lambda_usage_entropy"": 0.5, ""num_clusters"": 28, ""num_hops"": 4, ""tau_c"": 0.3, ""tau_s"": 0.05, ""usage_entropy_lower"": 0.65, ""usage_entropy_upper"": 0.9}",/autodl-fs/data/recap/tuning_hyperparams/interaction_tuning/results/interaction_entropy_v1/checkpoints/graph__k16__C28__L4/recap/trial_2/model.pt
graph__k16__C28__L4,graph_anchor,2,Amazon,0.7314144487578544,0.13314884268555444,"{""assignment_entropy_lower"": 0.45, ""assignment_entropy_upper"": 0.85, ""beta"": 0.02, ""cluster_init_gain"": 2.0, ""knn_k"": 16, ""lambda_E"": 0.1, ""lambda_H"": 0.35, ""lambda_bal"": 0.0, ""lambda_usage_entropy"": 0.5, ""num_clusters"": 28, ""num_hops"": 4, ""tau_c"": 0.3, ""tau_s"": 0.05, ""usage_entropy_lower"": 0.65, ""usage_entropy_upper"": 0.9}",/autodl-fs/data/recap/tuning_hyperparams/interaction_tuning/results/interaction_entropy_v1/checkpoints/graph__k16__C28__L4/recap/trial_2/model.pt
graph__k20__C36__L3,graph_anchor,0,Facebook,0.5915151515151515,0.05185106040038224,"{""assignment_entropy_lower"": 0.45, ""assignment_entropy_upper"": 0.85, ""beta"": 0.02, ""cluster_init_gain"": 2.0, ""knn_k"": 20, ""lambda_E"": 0.1, ""lambda_H"": 0.35, ""lambda_bal"": 0.0, ""lambda_usage_entropy"": 0.5, ""num_clusters"": 36, ""num_hops"": 3, ""tau_c"": 0.3, ""tau_s"": 0.05, ""usage_entropy_lower"": 0.65, ""usage_entropy_upper"": 0.9}",/autodl-fs/data/recap/tuning_hyperparams/interaction_tuning/results/interaction_entropy_v1/checkpoints/graph__k20__C36__L3/recap/trial_0/model.pt
graph__k20__C36__L3,graph_anchor,0,cora,0.8090044305446964,0.33794731783967424,"{""assignment_entropy_lower"": 0.45, ""assignment_entropy_upper"": 0.85, ""beta"": 0.02, ""cluster_init_gain"": 2.0, ""knn_k"": 20, ""lambda_E"": 0.1, ""lambda_H"": 0.35, ""lambda_bal"": 0.0, ""lambda_usage_entropy"": 0.5, ""num_clusters"": 36, ""num_hops"": 3, ""tau_c"": 0.3, ""tau_s"": 0.05, ""usage_entropy_lower"": 0.65, ""usage_entropy_upper"": 0.9}",/autodl-fs/data/recap/tuning_hyperparams/interaction_tuning/results/interaction_entropy_v1/checkpoints/graph__k20__C36__L3/recap/trial_0/model.pt
graph__k20__C36__L3,graph_anchor,0,citeseer,0.8910040919106075,0.38559148278465144,"{""assignment_entropy_lower"": 0.45, ""assignment_entropy_upper"": 0.85, ""beta"": 0.02, ""cluster_init_gain"": 2.0, ""knn_k"": 20, ""lambda_E"": 0.1, ""lambda_H"": 0.35, ""lambda_bal"": 0.0, ""lambda_usage_entropy"": 0.5, ""num_clusters"": 36, ""num_hops"": 3, ""tau_c"": 0.3, ""tau_s"": 0.05, ""usage_entropy_lower"": 0.65, ""usage_entropy_upper"": 0.9}",/autodl-fs/data/recap/tuning_hyperparams/interaction_tuning/results/interaction_entropy_v1/checkpoints/graph__k20__C36__L3/recap/trial_0/model.pt
graph__k20__C36__L3,graph_anchor,0,ACM,0.764958317953039,0.35128825278106346,"{""assignment_entropy_lower"": 0.45, ""assignment_entropy_upper"": 0.85, ""beta"": 0.02, ""cluster_init_gain"": 2.0, ""knn_k"": 20, ""lambda_E"": 0.1, ""lambda_H"": 0.35, ""lambda_bal"": 0.0, ""lambda_usage_entropy"": 0.5, ""num_clusters"": 36, ""num_hops"": 3, ""tau_c"": 0.3, ""tau_s"": 0.05, ""usage_entropy_lower"": 0.65, ""usage_entropy_upper"": 0.9}",/autodl-fs/data/recap/tuning_hyperparams/interaction_tuning/results/interaction_entropy_v1/checkpoints/graph__k20__C36__L3/recap/trial_0/model.pt
graph__k20__C36__L3,graph_anchor,0,BlogCatalog,0.7068477668845315,0.3140671822811797,"{""assignment_entropy_lower"": 0.45, ""assignment_entropy_upper"": 0.85, ""beta"": 0.02, ""cluster_init_gain"": 2.0, ""knn_k"": 20, ""lambda_E"": 0.1, ""lambda_H"": 0.35, ""lambda_bal"": 0.0, ""lambda_usage_entropy"": 0.5, ""num_clusters"": 36, ""num_hops"": 3, ""tau_c"": 0.3, ""tau_s"": 0.05, ""usage_entropy_lower"": 0.65, ""usage_entropy_upper"": 0.9}",/autodl-fs/data/recap/tuning_hyperparams/interaction_tuning/results/interaction_entropy_v1/checkpoints/graph__k20__C36__L3/recap/trial_0/model.pt
graph__k20__C36__L3,graph_anchor,0,weibo,0.6990090820768082,0.2877059272470482,"{""assignment_entropy_lower"": 0.45, ""assignment_entropy_upper"": 0.85, ""beta"": 0.02, ""cluster_init_gain"": 2.0, ""knn_k"": 20, ""lambda_E"": 0.1, ""lambda_H"": 0.35, ""lambda_bal"": 0.0, ""lambda_usage_entropy"": 0.5, ""num_clusters"": 36, ""num_hops"": 3, ""tau_c"": 0.3, ""tau_s"": 0.05, ""usage_entropy_lower"": 0.65, ""usage_entropy_upper"": 0.9}",/autodl-fs/data/recap/tuning_hyperparams/interaction_tuning/results/interaction_entropy_v1/checkpoints/graph__k20__C36__L3/recap/trial_0/model.pt
graph__k20__C36__L3,graph_anchor,0,Reddit,0.5899030103535907,0.044947208309280576,"{""assignment_entropy_lower"": 0.45, ""assignment_entropy_upper"": 0.85, ""beta"": 0.02, ""cluster_init_gain"": 2.0, ""knn_k"": 20, ""lambda_E"": 0.1, ""lambda_H"": 0.35, ""lambda_bal"": 0.0, ""lambda_usage_entropy"": 0.5, ""num_clusters"": 36, ""num_hops"": 3, ""tau_c"": 0.3, ""tau_s"": 0.05, ""usage_entropy_lower"": 0.65, ""usage_entropy_upper"": 0.9}",/autodl-fs/data/recap/tuning_hyperparams/interaction_tuning/results/interaction_entropy_v1/checkpoints/graph__k20__C36__L3/recap/trial_0/model.pt
graph__k20__C36__L3,graph_anchor,0,Amazon,0.7048968937543064,0.12638966334147014,"{""assignment_entropy_lower"": 0.45, ""assignment_entropy_upper"": 0.85, ""beta"": 0.02, ""cluster_init_gain"": 2.0, ""knn_k"": 20, ""lambda_E"": 0.1, ""lambda_H"": 0.35, ""lambda_bal"": 0.0, ""lambda_usage_entropy"": 0.5, ""num_clusters"": 36, ""num_hops"": 3, ""tau_c"": 0.3, ""tau_s"": 0.05, ""usage_entropy_lower"": 0.65, ""usage_entropy_upper"": 0.9}",/autodl-fs/data/recap/tuning_hyperparams/interaction_tuning/results/interaction_entropy_v1/checkpoints/graph__k20__C36__L3/recap/trial_0/model.pt
graph__k20__C36__L3,graph_anchor,1,Facebook,0.5996969696969696,0.039162114002724256,"{""assignment_entropy_lower"": 0.45, ""assignment_entropy_upper"": 0.85, ""beta"": 0.02, ""cluster_init_gain"": 2.0, ""knn_k"": 20, ""lambda_E"": 0.1, ""lambda_H"": 0.35, ""lambda_bal"": 0.0, ""lambda_usage_entropy"": 0.5, ""num_clusters"": 36, ""num_hops"": 3, ""tau_c"": 0.3, ""tau_s"": 0.05, ""usage_entropy_lower"": 0.65, ""usage_entropy_upper"": 0.9}",/autodl-fs/data/recap/tuning_hyperparams/interaction_tuning/results/interaction_entropy_v1/checkpoints/graph__k20__C36__L3/recap/trial_1/model.pt
graph__k20__C36__L3,graph_anchor,1,cora,0.8260177221787856,0.3198445550816256,"{""assignment_entropy_lower"": 0.45, ""assignment_entropy_upper"": 0.85, ""beta"": 0.02, ""cluster_init_gain"": 2.0, ""knn_k"": 20, ""lambda_E"": 0.1, ""lambda_H"": 0.35, ""lambda_bal"": 0.0, ""lambda_usage_entropy"": 0.5, ""num_clusters"": 36, ""num_hops"": 3, ""tau_c"": 0.3, ""tau_s"": 0.05, ""usage_entropy_lower"": 0.65, ""usage_entropy_upper"": 0.9}",/autodl-fs/data/recap/tuning_hyperparams/interaction_tuning/results/interaction_entropy_v1/checkpoints/graph__k20__C36__L3/recap/trial_1/model.pt
graph__k20__C36__L3,graph_anchor,1,citeseer,0.8911132095268073,0.34881895636145144,"{""assignment_entropy_lower"": 0.45, ""assignment_entropy_upper"": 0.85, ""beta"": 0.02, ""cluster_init_gain"": 2.0, ""knn_k"": 20, ""lambda_E"": 0.1, ""lambda_H"": 0.35, ""lambda_bal"": 0.0, ""lambda_usage_entropy"": 0.5, ""num_clusters"": 36, ""num_hops"": 3, ""tau_c"": 0.3, ""tau_s"": 0.05, ""usage_entropy_lower"": 0.65, ""usage_entropy_upper"": 0.9}",/autodl-fs/data/recap/tuning_hyperparams/interaction_tuning/results/interaction_entropy_v1/checkpoints/graph__k20__C36__L3/recap/trial_1/model.pt
graph__k20__C36__L3,graph_anchor,1,ACM,0.77869140503297,0.3620001905242763,"{""assignment_entropy_lower"": 0.45, ""assignment_entropy_upper"": 0.85, ""beta"": 0.02, ""cluster_init_gain"": 2.0, ""knn_k"": 20, ""lambda_E"": 0.1, ""lambda_H"": 0.35, ""lambda_bal"": 0.0, ""lambda_usage_entropy"": 0.5, ""num_clusters"": 36, ""num_hops"": 3, ""tau_c"": 0.3, ""tau_s"": 0.05, ""usage_entropy_lower"": 0.65, ""usage_entropy_upper"": 0.9}",/autodl-fs/data/recap/tuning_hyperparams/interaction_tuning/results/interaction_entropy_v1/checkpoints/graph__k20__C36__L3/recap/trial_1/model.pt
graph__k20__C36__L3,graph_anchor,1,BlogCatalog,0.7069791666666667,0.3108060412643717,"{""assignment_entropy_lower"": 0.45, ""assignment_entropy_upper"": 0.85, ""beta"": 0.02, ""cluster_init_gain"": 2.0, ""knn_k"": 20, ""lambda_E"": 0.1, ""lambda_H"": 0.35, ""lambda_bal"": 0.0, ""lambda_usage_entropy"": 0.5, ""num_clusters"": 36, ""num_hops"": 3, ""tau_c"": 0.3, ""tau_s"": 0.05, ""usage_entropy_lower"": 0.65, ""usage_entropy_upper"": 0.9}",/autodl-fs/data/recap/tuning_hyperparams/interaction_tuning/results/interaction_entropy_v1/checkpoints/graph__k20__C36__L3/recap/trial_1/model.pt
graph__k20__C36__L3,graph_anchor,1,weibo,0.7737975755856362,0.3035316722479761,"{""assignment_entropy_lower"": 0.45, ""assignment_entropy_upper"": 0.85, ""beta"": 0.02, ""cluster_init_gain"": 2.0, ""knn_k"": 20, ""lambda_E"": 0.1, ""lambda_H"": 0.35, ""lambda_bal"": 0.0, ""lambda_usage_entropy"": 0.5, ""num_clusters"": 36, ""num_hops"": 3, ""tau_c"": 0.3, ""tau_s"": 0.05, ""usage_entropy_lower"": 0.65, ""usage_entropy_upper"": 0.9}",/autodl-fs/data/recap/tuning_hyperparams/interaction_tuning/results/interaction_entropy_v1/checkpoints/graph__k20__C36__L3/recap/trial_1/model.pt
graph__k20__C36__L3,graph_anchor,1,Reddit,0.5957912998547676,0.04880958320761594,"{""assignment_entropy_lower"": 0.45, ""assignment_entropy_upper"": 0.85, ""beta"": 0.02, ""cluster_init_gain"": 2.0, ""knn_k"": 20, ""lambda_E"": 0.1, ""lambda_H"": 0.35, ""lambda_bal"": 0.0, ""lambda_usage_entropy"": 0.5, ""num_clusters"": 36, ""num_hops"": 3, ""tau_c"": 0.3, ""tau_s"": 0.05, ""usage_entropy_lower"": 0.65, ""usage_entropy_upper"": 0.9}",/autodl-fs/data/recap/tuning_hyperparams/interaction_tuning/results/interaction_entropy_v1/checkpoints/graph__k20__C36__L3/recap/trial_1/model.pt
graph__k20__C36__L3,graph_anchor,1,Amazon,0.746098816605584,0.13935559160471328,"{""assignment_entropy_lower"": 0.45, ""assignment_entropy_upper"": 0.85, ""beta"": 0.02, ""cluster_init_gain"": 2.0, ""knn_k"": 20, ""lambda_E"": 0.1, ""lambda_H"": 0.35, ""lambda_bal"": 0.0, ""lambda_usage_entropy"": 0.5, ""num_clusters"": 36, ""num_hops"": 3, ""tau_c"": 0.3, ""tau_s"": 0.05, ""usage_entropy_lower"": 0.65, ""usage_entropy_upper"": 0.9}",/autodl-fs/data/recap/tuning_hyperparams/interaction_tuning/results/interaction_entropy_v1/checkpoints/graph__k20__C36__L3/recap/trial_1/model.pt
graph__k20__C36__L3,graph_anchor,2,Facebook,0.6090530303030303,0.03987373888858736,"{""assignment_entropy_lower"": 0.45, ""assignment_entropy_upper"": 0.85, ""beta"": 0.02, ""cluster_init_gain"": 2.0, ""knn_k"": 20, ""lambda_E"": 0.1, ""lambda_H"": 0.35, ""lambda_bal"": 0.0, ""lambda_usage_entropy"": 0.5, ""num_clusters"": 36, ""num_hops"": 3, ""tau_c"": 0.3, ""tau_s"": 0.05, ""usage_entropy_lower"": 0.65, ""usage_entropy_upper"": 0.9}",/autodl-fs/data/recap/tuning_hyperparams/interaction_tuning/results/interaction_entropy_v1/checkpoints/graph__k20__C36__L3/recap/trial_2/model.pt
graph__k20__C36__L3,graph_anchor,2,cora,0.8089809747198331,0.2655710771637222,"{""assignment_entropy_lower"": 0.45, ""assignment_entropy_upper"": 0.85, ""beta"": 0.02, ""cluster_init_gain"": 2.0, ""knn_k"": 20, ""lambda_E"": 0.1, ""lambda_H"": 0.35, ""lambda_bal"": 0.0, ""lambda_usage_entropy"": 0.5, ""num_clusters"": 36, ""num_hops"": 3, ""tau_c"": 0.3, ""tau_s"": 0.05, ""usage_entropy_lower"": 0.65, ""usage_entropy_upper"": 0.9}",/autodl-fs/data/recap/tuning_hyperparams/interaction_tuning/results/interaction_entropy_v1/checkpoints/graph__k20__C36__L3/recap/trial_2/model.pt
graph__k20__C36__L3,graph_anchor,2,citeseer,0.8853173853740426,0.34791571655488346,"{""assignment_entropy_lower"": 0.45, ""assignment_entropy_upper"": 0.85, ""beta"": 0.02, ""cluster_init_gain"": 2.0, ""knn_k"": 20, ""lambda_E"": 0.1, ""lambda_H"": 0.35, ""lambda_bal"": 0.0, ""lambda_usage_entropy"": 0.5, ""num_clusters"": 36, ""num_hops"": 3, ""tau_c"": 0.3, ""tau_s"": 0.05, ""usage_entropy_lower"": 0.65, ""usage_entropy_upper"": 0.9}",/autodl-fs/data/recap/tuning_hyperparams/interaction_tuning/results/interaction_entropy_v1/checkpoints/graph__k20__C36__L3/recap/trial_2/model.pt
graph__k20__C36__L3,graph_anchor,2,ACM,0.7751433675374205,0.35592527069285795,"{""assignment_entropy_lower"": 0.45, ""assignment_entropy_upper"": 0.85, ""beta"": 0.02, ""cluster_init_gain"": 2.0, ""knn_k"": 20, ""lambda_E"": 0.1, ""lambda_H"": 0.35, ""lambda_bal"": 0.0, ""lambda_usage_entropy"": 0.5, ""num_clusters"": 36, ""num_hops"": 3, ""tau_c"": 0.3, ""tau_s"": 0.05, ""usage_entropy_lower"": 0.65, ""usage_entropy_upper"": 0.9}",/autodl-fs/data/recap/tuning_hyperparams/interaction_tuning/results/interaction_entropy_v1/checkpoints/graph__k20__C36__L3/recap/trial_2/model.pt
graph__k20__C36__L3,graph_anchor,2,BlogCatalog,0.703162445533769,0.3074259926561385,"{""assignment_entropy_lower"": 0.45, ""assignment_entropy_upper"": 0.85, ""beta"": 0.02, ""cluster_init_gain"": 2.0, ""knn_k"": 20, ""lambda_E"": 0.1, ""lambda_H"": 0.35, ""lambda_bal"": 0.0, ""lambda_usage_entropy"": 0.5, ""num_clusters"": 36, ""num_hops"": 3, ""tau_c"": 0.3, ""tau_s"": 0.05, ""usage_entropy_lower"": 0.65, ""usage_entropy_upper"": 0.9}",/autodl-fs/data/recap/tuning_hyperparams/interaction_tuning/results/interaction_entropy_v1/checkpoints/graph__k20__C36__L3/recap/trial_2/model.pt
graph__k20__C36__L3,graph_anchor,2,weibo,0.7238122191657868,0.28764899581414716,"{""assignment_entropy_lower"": 0.45, ""assignment_entropy_upper"": 0.85, ""beta"": 0.02, ""cluster_init_gain"": 2.0, ""knn_k"": 20, ""lambda_E"": 0.1, ""lambda_H"": 0.35, ""lambda_bal"": 0.0, ""lambda_usage_entropy"": 0.5, ""num_clusters"": 36, ""num_hops"": 3, ""tau_c"": 0.3, ""tau_s"": 0.05, ""usage_entropy_lower"": 0.65, ""usage_entropy_upper"": 0.9}",/autodl-fs/data/recap/tuning_hyperparams/interaction_tuning/results/interaction_entropy_v1/checkpoints/graph__k20__C36__L3/recap/trial_2/model.pt
graph__k20__C36__L3,graph_anchor,2,Reddit,0.5817672742543593,0.04439262126900792,"{""assignment_entropy_lower"": 0.45, ""assignment_entropy_upper"": 0.85, ""beta"": 0.02, ""cluster_init_gain"": 2.0, ""knn_k"": 20, ""lambda_E"": 0.1, ""lambda_H"": 0.35, ""lambda_bal"": 0.0, ""lambda_usage_entropy"": 0.5, ""num_clusters"": 36, ""num_hops"": 3, ""tau_c"": 0.3, ""tau_s"": 0.05, ""usage_entropy_lower"": 0.65, ""usage_entropy_upper"": 0.9}",/autodl-fs/data/recap/tuning_hyperparams/interaction_tuning/results/interaction_entropy_v1/checkpoints/graph__k20__C36__L3/recap/trial_2/model.pt
graph__k20__C36__L3,graph_anchor,2,Amazon,0.6935140484086031,0.11523643051464083,"{""assignment_entropy_lower"": 0.45, ""assignment_entropy_upper"": 0.85, ""beta"": 0.02, ""cluster_init_gain"": 2.0, ""knn_k"": 20, ""lambda_E"": 0.1, ""lambda_H"": 0.35, ""lambda_bal"": 0.0, ""lambda_usage_entropy"": 0.5, ""num_clusters"": 36, ""num_hops"": 3, ""tau_c"": 0.3, ""tau_s"": 0.05, ""usage_entropy_lower"": 0.65, ""usage_entropy_upper"": 0.9}",/autodl-fs/data/recap/tuning_hyperparams/interaction_tuning/results/interaction_entropy_v1/checkpoints/graph__k20__C36__L3/recap/trial_2/model.pt
comm__soft_break,community_profile,0,Facebook,0.6062500000000001,0.07347053725203079,"{""assignment_entropy_lower"": 0.45, ""assignment_entropy_upper"": 0.85, ""beta"": 0.02, ""cluster_init_gain"": 1.5, ""knn_k"": 20, ""lambda_E"": 0.1, ""lambda_H"": 0.35, ""lambda_bal"": 0.0, ""lambda_usage_entropy"": 0.35, ""num_clusters"": 28, ""num_hops"": 4, ""tau_c"": 0.3, ""tau_s"": 0.05, ""usage_entropy_lower"": 0.65, ""usage_entropy_upper"": 0.9}",/autodl-fs/data/recap/tuning_hyperparams/interaction_tuning/results/interaction_entropy_v1/checkpoints/comm__soft_break/recap/trial_0/model.pt
comm__soft_break,community_profile,0,cora,0.8040839197289549,0.3129323897041846,"{""assignment_entropy_lower"": 0.45, ""assignment_entropy_upper"": 0.85, ""beta"": 0.02, ""cluster_init_gain"": 1.5, ""knn_k"": 20, ""lambda_E"": 0.1, ""lambda_H"": 0.35, ""lambda_bal"": 0.0, ""lambda_usage_entropy"": 0.35, ""num_clusters"": 28, ""num_hops"": 4, ""tau_c"": 0.3, ""tau_s"": 0.05, ""usage_entropy_lower"": 0.65, ""usage_entropy_upper"": 0.9}",/autodl-fs/data/recap/tuning_hyperparams/interaction_tuning/results/interaction_entropy_v1/checkpoints/comm__soft_break/recap/trial_0/model.pt
comm__soft_break,community_profile,0,citeseer,0.8808267757842829,0.29339763657213586,"{""assignment_entropy_lower"": 0.45, ""assignment_entropy_upper"": 0.85, ""beta"": 0.02, ""cluster_init_gain"": 1.5, ""knn_k"": 20, ""lambda_E"": 0.1, ""lambda_H"": 0.35, ""lambda_bal"": 0.0, ""lambda_usage_entropy"": 0.35, ""num_clusters"": 28, ""num_hops"": 4, ""tau_c"": 0.3, ""tau_s"": 0.05, ""usage_entropy_lower"": 0.65, ""usage_entropy_upper"": 0.9}",/autodl-fs/data/recap/tuning_hyperparams/interaction_tuning/results/interaction_entropy_v1/checkpoints/comm__soft_break/recap/trial_0/model.pt
comm__soft_break,community_profile,0,ACM,0.767327331354745,0.35444167478412125,"{""assignment_entropy_lower"": 0.45, ""assignment_entropy_upper"": 0.85, ""beta"": 0.02, ""cluster_init_gain"": 1.5, ""knn_k"": 20, ""lambda_E"": 0.1, ""lambda_H"": 0.35, ""lambda_bal"": 0.0, ""lambda_usage_entropy"": 0.35, ""num_clusters"": 28, ""num_hops"": 4, ""tau_c"": 0.3, ""tau_s"": 0.05, ""usage_entropy_lower"": 0.65, ""usage_entropy_upper"": 0.9}",/autodl-fs/data/recap/tuning_hyperparams/interaction_tuning/results/interaction_entropy_v1/checkpoints/comm__soft_break/recap/trial_0/model.pt
comm__soft_break,community_profile,0,BlogCatalog,0.7164950980392157,0.32088646314508057,"{""assignment_entropy_lower"": 0.45, ""assignment_entropy_upper"": 0.85, ""beta"": 0.02, ""cluster_init_gain"": 1.5, ""knn_k"": 20, ""lambda_E"": 0.1, ""lambda_H"": 0.35, ""lambda_bal"": 0.0, ""lambda_usage_entropy"": 0.35, ""num_clusters"": 28, ""num_hops"": 4, ""tau_c"": 0.3, ""tau_s"": 0.05, ""usage_entropy_lower"": 0.65, ""usage_entropy_upper"": 0.9}",/autodl-fs/data/recap/tuning_hyperparams/interaction_tuning/results/interaction_entropy_v1/checkpoints/comm__soft_break/recap/trial_0/model.pt
comm__soft_break,community_profile,0,weibo,0.7252708450904876,0.30893406467500806,"{""assignment_entropy_lower"": 0.45, ""assignment_entropy_upper"": 0.85, ""beta"": 0.02, ""cluster_init_gain"": 1.5, ""knn_k"": 20, ""lambda_E"": 0.1, ""lambda_H"": 0.35, ""lambda_bal"": 0.0, ""lambda_usage_entropy"": 0.35, ""num_clusters"": 28, ""num_hops"": 4, ""tau_c"": 0.3, ""tau_s"": 0.05, ""usage_entropy_lower"": 0.65, ""usage_entropy_upper"": 0.9}",/autodl-fs/data/recap/tuning_hyperparams/interaction_tuning/results/interaction_entropy_v1/checkpoints/comm__soft_break/recap/trial_0/model.pt
comm__soft_break,community_profile,0,Reddit,0.5797277434853898,0.045927792118160185,"{""assignment_entropy_lower"": 0.45, ""assignment_entropy_upper"": 0.85, ""beta"": 0.02, ""cluster_init_gain"": 1.5, ""knn_k"": 20, ""lambda_E"": 0.1, ""lambda_H"": 0.35, ""lambda_bal"": 0.0, ""lambda_usage_entropy"": 0.35, ""num_clusters"": 28, ""num_hops"": 4, ""tau_c"": 0.3, ""tau_s"": 0.05, ""usage_entropy_lower"": 0.65, ""usage_entropy_upper"": 0.9}",/autodl-fs/data/recap/tuning_hyperparams/interaction_tuning/results/interaction_entropy_v1/checkpoints/comm__soft_break/recap/trial_0/model.pt
comm__soft_break,community_profile,0,Amazon,0.7531580323522407,0.1608100602004112,"{""assignment_entropy_lower"": 0.45, ""assignment_entropy_upper"": 0.85, ""beta"": 0.02, ""cluster_init_gain"": 1.5, ""knn_k"": 20, ""lambda_E"": 0.1, ""lambda_H"": 0.35, ""lambda_bal"": 0.0, ""lambda_usage_entropy"": 0.35, ""num_clusters"": 28, ""num_hops"": 4, ""tau_c"": 0.3, ""tau_s"": 0.05, ""usage_entropy_lower"": 0.65, ""usage_entropy_upper"": 0.9}",/autodl-fs/data/recap/tuning_hyperparams/interaction_tuning/results/interaction_entropy_v1/checkpoints/comm__soft_break/recap/trial_0/model.pt
comm__soft_break,community_profile,1,Facebook,0.5503787878787879,0.02973035258264791,"{""assignment_entropy_lower"": 0.45, ""assignment_entropy_upper"": 0.85, ""beta"": 0.02, ""cluster_init_gain"": 1.5, ""knn_k"": 20, ""lambda_E"": 0.1, ""lambda_H"": 0.35, ""lambda_bal"": 0.0, ""lambda_usage_entropy"": 0.35, ""num_clusters"": 28, ""num_hops"": 4, ""tau_c"": 0.3, ""tau_s"": 0.05, ""usage_entropy_lower"": 0.65, ""usage_entropy_upper"": 0.9}",/autodl-fs/data/recap/tuning_hyperparams/interaction_tuning/results/interaction_entropy_v1/checkpoints/comm__soft_break/recap/trial_1/model.pt
comm__soft_break,community_profile,1,cora,0.8102554078707325,0.26351958777848483,"{""assignment_entropy_lower"": 0.45, ""assignment_entropy_upper"": 0.85, ""beta"": 0.02, ""cluster_init_gain"": 1.5, ""knn_k"": 20, ""lambda_E"": 0.1, ""lambda_H"": 0.35, ""lambda_bal"": 0.0, ""lambda_usage_entropy"": 0.35, ""num_clusters"": 28, ""num_hops"": 4, ""tau_c"": 0.3, ""tau_s"": 0.05, ""usage_entropy_lower"": 0.65, ""usage_entropy_upper"": 0.9}",/autodl-fs/data/recap/tuning_hyperparams/interaction_tuning/results/interaction_entropy_v1/checkpoints/comm__soft_break/recap/trial_1/model.pt
comm__soft_break,community_profile,1,citeseer,0.8711614730878187,0.29464194261030274,"{""assignment_entropy_lower"": 0.45, ""assignment_entropy_upper"": 0.85, ""beta"": 0.02, ""cluster_init_gain"": 1.5, ""knn_k"": 20, ""lambda_E"": 0.1, ""lambda_H"": 0.35, ""lambda_bal"": 0.0, ""lambda_usage_entropy"": 0.35, ""num_clusters"": 28, ""num_hops"": 4, ""tau_c"": 0.3, ""tau_s"": 0.05, ""usage_entropy_lower"": 0.65, ""usage_entropy_upper"": 0.9}",/autodl-fs/data/recap/tuning_hyperparams/interaction_tuning/results/interaction_entropy_v1/checkpoints/comm__soft_break/recap/trial_1/model.pt
comm__soft_break,community_profile,1,ACM,0.7735467691155047,0.35368568564206315,"{""assignment_entropy_lower"": 0.45, ""assignment_entropy_upper"": 0.85, ""beta"": 0.02, ""cluster_init_gain"": 1.5, ""knn_k"": 20, ""lambda_E"": 0.1, ""lambda_H"": 0.35, ""lambda_bal"": 0.0, ""lambda_usage_entropy"": 0.35, ""num_clusters"": 28, ""num_hops"": 4, ""tau_c"": 0.3, ""tau_s"": 0.05, ""usage_entropy_lower"": 0.65, ""usage_entropy_upper"": 0.9}",/autodl-fs/data/recap/tuning_hyperparams/interaction_tuning/results/interaction_entropy_v1/checkpoints/comm__soft_break/recap/trial_1/model.pt
comm__soft_break,community_profile,1,BlogCatalog,0.7135614106753811,0.30911632976012177,"{""assignment_entropy_lower"": 0.45, ""assignment_entropy_upper"": 0.85, ""beta"": 0.02, ""cluster_init_gain"": 1.5, ""knn_k"": 20, ""lambda_E"": 0.1, ""lambda_H"": 0.35, ""lambda_bal"": 0.0, ""lambda_usage_entropy"": 0.35, ""num_clusters"": 28, ""num_hops"": 4, ""tau_c"": 0.3, ""tau_s"": 0.05, ""usage_entropy_lower"": 0.65, ""usage_entropy_upper"": 0.9}",/autodl-fs/data/recap/tuning_hyperparams/interaction_tuning/results/interaction_entropy_v1/checkpoints/comm__soft_break/recap/trial_1/model.pt
comm__soft_break,community_profile,1,weibo,0.7000189999688173,0.3153501441493446,"{""assignment_entropy_lower"": 0.45, ""assignment_entropy_upper"": 0.85, ""beta"": 0.02, ""cluster_init_gain"": 1.5, ""knn_k"": 20, ""lambda_E"": 0.1, ""lambda_H"": 0.35, ""lambda_bal"": 0.0, ""lambda_usage_entropy"": 0.35, ""num_clusters"": 28, ""num_hops"": 4, ""tau_c"": 0.3, ""tau_s"": 0.05, ""usage_entropy_lower"": 0.65, ""usage_entropy_upper"": 0.9}",/autodl-fs/data/recap/tuning_hyperparams/interaction_tuning/results/interaction_entropy_v1/checkpoints/comm__soft_break/recap/trial_1/model.pt
comm__soft_break,community_profile,1,Reddit,0.5718051983074417,0.04568807999894963,"{""assignment_entropy_lower"": 0.45, ""assignment_entropy_upper"": 0.85, ""beta"": 0.02, ""cluster_init_gain"": 1.5, ""knn_k"": 20, ""lambda_E"": 0.1, ""lambda_H"": 0.35, ""lambda_bal"": 0.0, ""lambda_usage_entropy"": 0.35, ""num_clusters"": 28, ""num_hops"": 4, ""tau_c"": 0.3, ""tau_s"": 0.05, ""usage_entropy_lower"": 0.65, ""usage_entropy_upper"": 0.9}",/autodl-fs/data/recap/tuning_hyperparams/interaction_tuning/results/interaction_entropy_v1/checkpoints/comm__soft_break/recap/trial_1/model.pt
comm__soft_break,community_profile,1,Amazon,0.7417848009601236,0.13993395194504554,"{""assignment_entropy_lower"": 0.45, ""assignment_entropy_upper"": 0.85, ""beta"": 0.02, ""cluster_init_gain"": 1.5, ""knn_k"": 20, ""lambda_E"": 0.1, ""lambda_H"": 0.35, ""lambda_bal"": 0.0, ""lambda_usage_entropy"": 0.35, ""num_clusters"": 28, ""num_hops"": 4, ""tau_c"": 0.3, ""tau_s"": 0.05, ""usage_entropy_lower"": 0.65, ""usage_entropy_upper"": 0.9}",/autodl-fs/data/recap/tuning_hyperparams/interaction_tuning/results/interaction_entropy_v1/checkpoints/comm__soft_break/recap/trial_1/model.pt
comm__soft_break,community_profile,2,Facebook,0.600719696969697,0.055141863454568354,"{""assignment_entropy_lower"": 0.45, ""assignment_entropy_upper"": 0.85, ""beta"": 0.02, ""cluster_init_gain"": 1.5, ""knn_k"": 20, ""lambda_E"": 0.1, ""lambda_H"": 0.35, ""lambda_bal"": 0.0, ""lambda_usage_entropy"": 0.35, ""num_clusters"": 28, ""num_hops"": 4, ""tau_c"": 0.3, ""tau_s"": 0.05, ""usage_entropy_lower"": 0.65, ""usage_entropy_upper"": 0.9}",/autodl-fs/data/recap/tuning_hyperparams/interaction_tuning/results/interaction_entropy_v1/checkpoints/comm__soft_break/recap/trial_2/model.pt
comm__soft_break,community_profile,2,cora,0.8052462861610633,0.2922988099771214,"{""assignment_entropy_lower"": 0.45, ""assignment_entropy_upper"": 0.85, ""beta"": 0.02, ""cluster_init_gain"": 1.5, ""knn_k"": 20, ""lambda_E"": 0.1, ""lambda_H"": 0.35, ""lambda_bal"": 0.0, ""lambda_usage_entropy"": 0.35, ""num_clusters"": 28, ""num_hops"": 4, ""tau_c"": 0.3, ""tau_s"": 0.05, ""usage_entropy_lower"": 0.65, ""usage_entropy_upper"": 0.9}",/autodl-fs/data/recap/tuning_hyperparams/interaction_tuning/results/interaction_entropy_v1/checkpoints/comm__soft_break/recap/trial_2/model.pt
comm__soft_break,community_profile,2,citeseer,0.8808603504354211,0.33583807776314417,"{""assignment_entropy_lower"": 0.45, ""assignment_entropy_upper"": 0.85, ""beta"": 0.02, ""cluster_init_gain"": 1.5, ""knn_k"": 20, ""lambda_E"": 0.1, ""lambda_H"": 0.35, ""lambda_bal"": 0.0, ""lambda_usage_entropy"": 0.35, ""num_clusters"": 28, ""num_hops"": 4, ""tau_c"": 0.3, ""tau_s"": 0.05, ""usage_entropy_lower"": 0.65, ""usage_entropy_upper"": 0.9}",/autodl-fs/data/recap/tuning_hyperparams/interaction_tuning/results/interaction_entropy_v1/checkpoints/comm__soft_break/recap/trial_2/model.pt
comm__soft_break,community_profile,2,ACM,0.7679057991115857,0.3566261685738005,"{""assignment_entropy_lower"": 0.45, ""assignment_entropy_upper"": 0.85, ""beta"": 0.02, ""cluster_init_gain"": 1.5, ""knn_k"": 20, ""lambda_E"": 0.1, ""lambda_H"": 0.35, ""lambda_bal"": 0.0, ""lambda_usage_entropy"": 0.35, ""num_clusters"": 28, ""num_hops"": 4, ""tau_c"": 0.3, ""tau_s"": 0.05, ""usage_entropy_lower"": 0.65, ""usage_entropy_upper"": 0.9}",/autodl-fs/data/recap/tuning_hyperparams/interaction_tuning/results/interaction_entropy_v1/checkpoints/comm__soft_break/recap/trial_2/model.pt
comm__soft_break,community_profile,2,BlogCatalog,0.7240522875816993,0.31156353788701113,"{""assignment_entropy_lower"": 0.45, ""assignment_entropy_upper"": 0.85, ""beta"": 0.02, ""cluster_init_gain"": 1.5, ""knn_k"": 20, ""lambda_E"": 0.1, ""lambda_H"": 0.35, ""lambda_bal"": 0.0, ""lambda_usage_entropy"": 0.35, ""num_clusters"": 28, ""num_hops"": 4, ""tau_c"": 0.3, ""tau_s"": 0.05, ""usage_entropy_lower"": 0.65, ""usage_entropy_upper"": 0.9}",/autodl-fs/data/recap/tuning_hyperparams/interaction_tuning/results/interaction_entropy_v1/checkpoints/comm__soft_break/recap/trial_2/model.pt
comm__soft_break,community_profile,2,weibo,0.7026254196654416,0.31624294960681854,"{""assignment_entropy_lower"": 0.45, ""assignment_entropy_upper"": 0.85, ""beta"": 0.02, ""cluster_init_gain"": 1.5, ""knn_k"": 20, ""lambda_E"": 0.1, ""lambda_H"": 0.35, ""lambda_bal"": 0.0, ""lambda_usage_entropy"": 0.35, ""num_clusters"": 28, ""num_hops"": 4, ""tau_c"": 0.3, ""tau_s"": 0.05, ""usage_entropy_lower"": 0.65, ""usage_entropy_upper"": 0.9}",/autodl-fs/data/recap/tuning_hyperparams/interaction_tuning/results/interaction_entropy_v1/checkpoints/comm__soft_break/recap/trial_2/model.pt
comm__soft_break,community_profile,2,Reddit,0.5803024712134359,0.04423818000096024,"{""assignment_entropy_lower"": 0.45, ""assignment_entropy_upper"": 0.85, ""beta"": 0.02, ""cluster_init_gain"": 1.5, ""knn_k"": 20, ""lambda_E"": 0.1, ""lambda_H"": 0.35, ""lambda_bal"": 0.0, ""lambda_usage_entropy"": 0.35, ""num_clusters"": 28, ""num_hops"": 4, ""tau_c"": 0.3, ""tau_s"": 0.05, ""usage_entropy_lower"": 0.65, ""usage_entropy_upper"": 0.9}",/autodl-fs/data/recap/tuning_hyperparams/interaction_tuning/results/interaction_entropy_v1/checkpoints/comm__soft_break/recap/trial_2/model.pt
comm__soft_break,community_profile,2,Amazon,0.7211043540914489,0.12836482980213992,"{""assignment_entropy_lower"": 0.45, ""assignment_entropy_upper"": 0.85, ""beta"": 0.02, ""cluster_init_gain"": 1.5, ""knn_k"": 20, ""lambda_E"": 0.1, ""lambda_H"": 0.35, ""lambda_bal"": 0.0, ""lambda_usage_entropy"": 0.35, ""num_clusters"": 28, ""num_hops"": 4, ""tau_c"": 0.3, ""tau_s"": 0.05, ""usage_entropy_lower"": 0.65, ""usage_entropy_upper"": 0.9}",/autodl-fs/data/recap/tuning_hyperparams/interaction_tuning/results/interaction_entropy_v1/checkpoints/comm__soft_break/recap/trial_2/model.pt
comm__gain2_lH025,community_profile,0,Facebook,0.5778030303030303,0.03190213945282831,"{""assignment_entropy_lower"": 0.45, ""assignment_entropy_upper"": 0.85, ""beta"": 0.02, ""cluster_init_gain"": 2.0, ""knn_k"": 20, ""lambda_E"": 0.1, ""lambda_H"": 0.25, ""lambda_bal"": 0.0, ""lambda_usage_entropy"": 0.5, ""num_clusters"": 28, ""num_hops"": 4, ""tau_c"": 0.3, ""tau_s"": 0.05, ""usage_entropy_lower"": 0.65, ""usage_entropy_upper"": 0.9}",/autodl-fs/data/recap/tuning_hyperparams/interaction_tuning/results/interaction_entropy_v1/checkpoints/comm__gain2_lH025/recap/trial_0/model.pt
comm__gain2_lH025,community_profile,0,cora,0.8178029710711494,0.29647047249128833,"{""assignment_entropy_lower"": 0.45, ""assignment_entropy_upper"": 0.85, ""beta"": 0.02, ""cluster_init_gain"": 2.0, ""knn_k"": 20, ""lambda_E"": 0.1, ""lambda_H"": 0.25, ""lambda_bal"": 0.0, ""lambda_usage_entropy"": 0.5, ""num_clusters"": 28, ""num_hops"": 4, ""tau_c"": 0.3, ""tau_s"": 0.05, ""usage_entropy_lower"": 0.65, ""usage_entropy_upper"": 0.9}",/autodl-fs/data/recap/tuning_hyperparams/interaction_tuning/results/interaction_entropy_v1/checkpoints/comm__gain2_lH025/recap/trial_0/model.pt
comm__gain2_lH025,community_profile,0,citeseer,0.8722421571713356,0.2658679386581377,"{""assignment_entropy_lower"": 0.45, ""assignment_entropy_upper"": 0.85, ""beta"": 0.02, ""cluster_init_gain"": 2.0, ""knn_k"": 20, ""lambda_E"": 0.1, ""lambda_H"": 0.25, ""lambda_bal"": 0.0, ""lambda_usage_entropy"": 0.5, ""num_clusters"": 28, ""num_hops"": 4, ""tau_c"": 0.3, ""tau_s"": 0.05, ""usage_entropy_lower"": 0.65, ""usage_entropy_upper"": 0.9}",/autodl-fs/data/recap/tuning_hyperparams/interaction_tuning/results/interaction_entropy_v1/checkpoints/comm__gain2_lH025/recap/trial_0/model.pt
comm__gain2_lH025,community_profile,0,ACM,0.7710614084669798,0.3521300951149233,"{""assignment_entropy_lower"": 0.45, ""assignment_entropy_upper"": 0.85, ""beta"": 0.02, ""cluster_init_gain"": 2.0, ""knn_k"": 20, ""lambda_E"": 0.1, ""lambda_H"": 0.25, ""lambda_bal"": 0.0, ""lambda_usage_entropy"": 0.5, ""num_clusters"": 28, ""num_hops"": 4, ""tau_c"": 0.3, ""tau_s"": 0.05, ""usage_entropy_lower"": 0.65, ""usage_entropy_upper"": 0.9}",/autodl-fs/data/recap/tuning_hyperparams/interaction_tuning/results/interaction_entropy_v1/checkpoints/comm__gain2_lH025/recap/trial_0/model.pt
comm__gain2_lH025,community_profile,0,BlogCatalog,0.7055221949891068,0.30162719508398517,"{""assignment_entropy_lower"": 0.45, ""assignment_entropy_upper"": 0.85, ""beta"": 0.02, ""cluster_init_gain"": 2.0, ""knn_k"": 20, ""lambda_E"": 0.1, ""lambda_H"": 0.25, ""lambda_bal"": 0.0, ""lambda_usage_entropy"": 0.5, ""num_clusters"": 28, ""num_hops"": 4, ""tau_c"": 0.3, ""tau_s"": 0.05, ""usage_entropy_lower"": 0.65, ""usage_entropy_upper"": 0.9}",/autodl-fs/data/recap/tuning_hyperparams/interaction_tuning/results/interaction_entropy_v1/checkpoints/comm__gain2_lH025/recap/trial_0/model.pt
comm__gain2_lH025,community_profile,0,weibo,0.7495932508686792,0.3304405773199105,"{""assignment_entropy_lower"": 0.45, ""assignment_entropy_upper"": 0.85, ""beta"": 0.02, ""cluster_init_gain"": 2.0, ""knn_k"": 20, ""lambda_E"": 0.1, ""lambda_H"": 0.25, ""lambda_bal"": 0.0, ""lambda_usage_entropy"": 0.5, ""num_clusters"": 28, ""num_hops"": 4, ""tau_c"": 0.3, ""tau_s"": 0.05, ""usage_entropy_lower"": 0.65, ""usage_entropy_upper"": 0.9}",/autodl-fs/data/recap/tuning_hyperparams/interaction_tuning/results/interaction_entropy_v1/checkpoints/comm__gain2_lH025/recap/trial_0/model.pt
comm__gain2_lH025,community_profile,0,Reddit,0.5806674818614025,0.042054763861498465,"{""assignment_entropy_lower"": 0.45, ""assignment_entropy_upper"": 0.85, ""beta"": 0.02, ""cluster_init_gain"": 2.0, ""knn_k"": 20, ""lambda_E"": 0.1, ""lambda_H"": 0.25, ""lambda_bal"": 0.0, ""lambda_usage_entropy"": 0.5, ""num_clusters"": 28, ""num_hops"": 4, ""tau_c"": 0.3, ""tau_s"": 0.05, ""usage_entropy_lower"": 0.65, ""usage_entropy_upper"": 0.9}",/autodl-fs/data/recap/tuning_hyperparams/interaction_tuning/results/interaction_entropy_v1/checkpoints/comm__gain2_lH025/recap/trial_0/model.pt
comm__gain2_lH025,community_profile,0,Amazon,0.7467289469178043,0.144015099017201,"{""assignment_entropy_lower"": 0.45, ""assignment_entropy_upper"": 0.85, ""beta"": 0.02, ""cluster_init_gain"": 2.0, ""knn_k"": 20, ""lambda_E"": 0.1, ""lambda_H"": 0.25, ""lambda_bal"": 0.0, ""lambda_usage_entropy"": 0.5, ""num_clusters"": 28, ""num_hops"": 4, ""tau_c"": 0.3, ""tau_s"": 0.05, ""usage_entropy_lower"": 0.65, ""usage_entropy_upper"": 0.9}",/autodl-fs/data/recap/tuning_hyperparams/interaction_tuning/results/interaction_entropy_v1/checkpoints/comm__gain2_lH025/recap/trial_0/model.pt
comm__gain2_lH025,community_profile,1,Facebook,0.5749621212121212,0.03742775183015144,"{""assignment_entropy_lower"": 0.45, ""assignment_entropy_upper"": 0.85, ""beta"": 0.02, ""cluster_init_gain"": 2.0, ""knn_k"": 20, ""lambda_E"": 0.1, ""lambda_H"": 0.25, ""lambda_bal"": 0.0, ""lambda_usage_entropy"": 0.5, ""num_clusters"": 28, ""num_hops"": 4, ""tau_c"": 0.3, ""tau_s"": 0.05, ""usage_entropy_lower"": 0.65, ""usage_entropy_upper"": 0.9}",/autodl-fs/data/recap/tuning_hyperparams/interaction_tuning/results/interaction_entropy_v1/checkpoints/comm__gain2_lH025/recap/trial_1/model.pt
comm__gain2_lH025,community_profile,1,cora,0.8176935105551213,0.31113898162497566,"{""assignment_entropy_lower"": 0.45, ""assignment_entropy_upper"": 0.85, ""beta"": 0.02, ""cluster_init_gain"": 2.0, ""knn_k"": 20, ""lambda_E"": 0.1, ""lambda_H"": 0.25, ""lambda_bal"": 0.0, ""lambda_usage_entropy"": 0.5, ""num_clusters"": 28, ""num_hops"": 4, ""tau_c"": 0.3, ""tau_s"": 0.05, ""usage_entropy_lower"": 0.65, ""usage_entropy_upper"": 0.9}",/autodl-fs/data/recap/tuning_hyperparams/interaction_tuning/results/interaction_entropy_v1/checkpoints/comm__gain2_lH025/recap/trial_1/model.pt
comm__gain2_lH025,community_profile,1,citeseer,0.8801175112789843,0.3465167616139554,"{""assignment_entropy_lower"": 0.45, ""assignment_entropy_upper"": 0.85, ""beta"": 0.02, ""cluster_init_gain"": 2.0, ""knn_k"": 20, ""lambda_E"": 0.1, ""lambda_H"": 0.25, ""lambda_bal"": 0.0, ""lambda_usage_entropy"": 0.5, ""num_clusters"": 28, ""num_hops"": 4, ""tau_c"": 0.3, ""tau_s"": 0.05, ""usage_entropy_lower"": 0.65, ""usage_entropy_upper"": 0.9}",/autodl-fs/data/recap/tuning_hyperparams/interaction_tuning/results/interaction_entropy_v1/checkpoints/comm__gain2_lH025/recap/trial_1/model.pt
comm__gain2_lH025,community_profile,1,ACM,0.7747827279744435,0.361464637470549,"{""assignment_entropy_lower"": 0.45, ""assignment_entropy_upper"": 0.85, ""beta"": 0.02, ""cluster_init_gain"": 2.0, ""knn_k"": 20, ""lambda_E"": 0.1, ""lambda_H"": 0.25, ""lambda_bal"": 0.0, ""lambda_usage_entropy"": 0.5, ""num_clusters"": 28, ""num_hops"": 4, ""tau_c"": 0.3, ""tau_s"": 0.05, ""usage_entropy_lower"": 0.65, ""usage_entropy_upper"": 0.9}",/autodl-fs/data/recap/tuning_hyperparams/interaction_tuning/results/interaction_entropy_v1/checkpoints/comm__gain2_lH025/recap/trial_1/model.pt
comm__gain2_lH025,community_profile,1,BlogCatalog,0.726803172657952,0.31577098773733037,"{""assignment_entropy_lower"": 0.45, ""assignment_entropy_upper"": 0.85, ""beta"": 0.02, ""cluster_init_gain"": 2.0, ""knn_k"": 20, ""lambda_E"": 0.1, ""lambda_H"": 0.25, ""lambda_bal"": 0.0, ""lambda_usage_entropy"": 0.5, ""num_clusters"": 28, ""num_hops"": 4, ""tau_c"": 0.3, ""tau_s"": 0.05, ""usage_entropy_lower"": 0.65, ""usage_entropy_upper"": 0.9}",/autodl-fs/data/recap/tuning_hyperparams/interaction_tuning/results/interaction_entropy_v1/checkpoints/comm__gain2_lH025/recap/trial_1/model.pt
comm__gain2_lH025,community_profile,1,weibo,0.7024158544422019,0.31486072632036,"{""assignment_entropy_lower"": 0.45, ""assignment_entropy_upper"": 0.85, ""beta"": 0.02, ""cluster_init_gain"": 2.0, ""knn_k"": 20, ""lambda_E"": 0.1, ""lambda_H"": 0.25, ""lambda_bal"": 0.0, ""lambda_usage_entropy"": 0.5, ""num_clusters"": 28, ""num_hops"": 4, ""tau_c"": 0.3, ""tau_s"": 0.05, ""usage_entropy_lower"": 0.65, ""usage_entropy_upper"": 0.9}",/autodl-fs/data/recap/tuning_hyperparams/interaction_tuning/results/interaction_entropy_v1/checkpoints/comm__gain2_lH025/recap/trial_1/model.pt
comm__gain2_lH025,community_profile,1,Reddit,0.5765971692568655,0.04552174608946451,"{""assignment_entropy_lower"": 0.45, ""assignment_entropy_upper"": 0.85, ""beta"": 0.02, ""cluster_init_gain"": 2.0, ""knn_k"": 20, ""lambda_E"": 0.1, ""lambda_H"": 0.25, ""lambda_bal"": 0.0, ""lambda_usage_entropy"": 0.5, ""num_clusters"": 28, ""num_hops"": 4, ""tau_c"": 0.3, ""tau_s"": 0.05, ""usage_entropy_lower"": 0.65, ""usage_entropy_upper"": 0.9}",/autodl-fs/data/recap/tuning_hyperparams/interaction_tuning/results/interaction_entropy_v1/checkpoints/comm__gain2_lH025/recap/trial_1/model.pt
comm__gain2_lH025,community_profile,1,Amazon,0.7353154429012156,0.13662444925683603,"{""assignment_entropy_lower"": 0.45, ""assignment_entropy_upper"": 0.85, ""beta"": 0.02, ""cluster_init_gain"": 2.0, ""knn_k"": 20, ""lambda_E"": 0.1, ""lambda_H"": 0.25, ""lambda_bal"": 0.0, ""lambda_usage_entropy"": 0.5, ""num_clusters"": 28, ""num_hops"": 4, ""tau_c"": 0.3, ""tau_s"": 0.05, ""usage_entropy_lower"": 0.65, ""usage_entropy_upper"": 0.9}",/autodl-fs/data/recap/tuning_hyperparams/interaction_tuning/results/interaction_entropy_v1/checkpoints/comm__gain2_lH025/recap/trial_1/model.pt
comm__gain2_lH025,community_profile,2,Facebook,0.5733712121212121,0.038783001228548816,"{""assignment_entropy_lower"": 0.45, ""assignment_entropy_upper"": 0.85, ""beta"": 0.02, ""cluster_init_gain"": 2.0, ""knn_k"": 20, ""lambda_E"": 0.1, ""lambda_H"": 0.25, ""lambda_bal"": 0.0, ""lambda_usage_entropy"": 0.5, ""num_clusters"": 28, ""num_hops"": 4, ""tau_c"": 0.3, ""tau_s"": 0.05, ""usage_entropy_lower"": 0.65, ""usage_entropy_upper"": 0.9}",/autodl-fs/data/recap/tuning_hyperparams/interaction_tuning/results/interaction_entropy_v1/checkpoints/comm__gain2_lH025/recap/trial_2/model.pt
comm__gain2_lH025,community_profile,2,cora,0.802642689601251,0.27631770504600073,"{""assignment_entropy_lower"": 0.45, ""assignment_entropy_upper"": 0.85, ""beta"": 0.02, ""cluster_init_gain"": 2.0, ""knn_k"": 20, ""lambda_E"": 0.1, ""lambda_H"": 0.25, ""lambda_bal"": 0.0, ""lambda_usage_entropy"": 0.5, ""num_clusters"": 28, ""num_hops"": 4, ""tau_c"": 0.3, ""tau_s"": 0.05, ""usage_entropy_lower"": 0.65, ""usage_entropy_upper"": 0.9}",/autodl-fs/data/recap/tuning_hyperparams/interaction_tuning/results/interaction_entropy_v1/checkpoints/comm__gain2_lH025/recap/trial_2/model.pt
comm__gain2_lH025,community_profile,2,citeseer,0.891853950267548,0.3925637788806666,"{""assignment_entropy_lower"": 0.45, ""assignment_entropy_upper"": 0.85, ""beta"": 0.02, ""cluster_init_gain"": 2.0, ""knn_k"": 20, ""lambda_E"": 0.1, ""lambda_H"": 0.25, ""lambda_bal"": 0.0, ""lambda_usage_entropy"": 0.5, ""num_clusters"": 28, ""num_hops"": 4, ""tau_c"": 0.3, ""tau_s"": 0.05, ""usage_entropy_lower"": 0.65, ""usage_entropy_upper"": 0.9}",/autodl-fs/data/recap/tuning_hyperparams/interaction_tuning/results/interaction_entropy_v1/checkpoints/comm__gain2_lH025/recap/trial_2/model.pt
comm__gain2_lH025,community_profile,2,ACM,0.7682240539049923,0.3564888447360997,"{""assignment_entropy_lower"": 0.45, ""assignment_entropy_upper"": 0.85, ""beta"": 0.02, ""cluster_init_gain"": 2.0, ""knn_k"": 20, ""lambda_E"": 0.1, ""lambda_H"": 0.25, ""lambda_bal"": 0.0, ""lambda_usage_entropy"": 0.5, ""num_clusters"": 28, ""num_hops"": 4, ""tau_c"": 0.3, ""tau_s"": 0.05, ""usage_entropy_lower"": 0.65, ""usage_entropy_upper"": 0.9}",/autodl-fs/data/recap/tuning_hyperparams/interaction_tuning/results/interaction_entropy_v1/checkpoints/comm__gain2_lH025/recap/trial_2/model.pt
comm__gain2_lH025,community_profile,2,BlogCatalog,0.7104214324618737,0.30901062445148575,"{""assignment_entropy_lower"": 0.45, ""assignment_entropy_upper"": 0.85, ""beta"": 0.02, ""cluster_init_gain"": 2.0, ""knn_k"": 20, ""lambda_E"": 0.1, ""lambda_H"": 0.25, ""lambda_bal"": 0.0, ""lambda_usage_entropy"": 0.5, ""num_clusters"": 28, ""num_hops"": 4, ""tau_c"": 0.3, ""tau_s"": 0.05, ""usage_entropy_lower"": 0.65, ""usage_entropy_upper"": 0.9}",/autodl-fs/data/recap/tuning_hyperparams/interaction_tuning/results/interaction_entropy_v1/checkpoints/comm__gain2_lH025/recap/trial_2/model.pt
comm__gain2_lH025,community_profile,2,weibo,0.7229770153876819,0.30997869726003247,"{""assignment_entropy_lower"": 0.45, ""assignment_entropy_upper"": 0.85, ""beta"": 0.02, ""cluster_init_gain"": 2.0, ""knn_k"": 20, ""lambda_E"": 0.1, ""lambda_H"": 0.25, ""lambda_bal"": 0.0, ""lambda_usage_entropy"": 0.5, ""num_clusters"": 28, ""num_hops"": 4, ""tau_c"": 0.3, ""tau_s"": 0.05, ""usage_entropy_lower"": 0.65, ""usage_entropy_upper"": 0.9}",/autodl-fs/data/recap/tuning_hyperparams/interaction_tuning/results/interaction_entropy_v1/checkpoints/comm__gain2_lH025/recap/trial_2/model.pt
comm__gain2_lH025,community_profile,2,Reddit,0.5933444290394597,0.04559963177032679,"{""assignment_entropy_lower"": 0.45, ""assignment_entropy_upper"": 0.85, ""beta"": 0.02, ""cluster_init_gain"": 2.0, ""knn_k"": 20, ""lambda_E"": 0.1, ""lambda_H"": 0.25, ""lambda_bal"": 0.0, ""lambda_usage_entropy"": 0.5, ""num_clusters"": 28, ""num_hops"": 4, ""tau_c"": 0.3, ""tau_s"": 0.05, ""usage_entropy_lower"": 0.65, ""usage_entropy_upper"": 0.9}",/autodl-fs/data/recap/tuning_hyperparams/interaction_tuning/results/interaction_entropy_v1/checkpoints/comm__gain2_lH025/recap/trial_2/model.pt
comm__gain2_lH025,community_profile,2,Amazon,0.7251005036651873,0.13077896127555813,"{""assignment_entropy_lower"": 0.45, ""assignment_entropy_upper"": 0.85, ""beta"": 0.02, ""cluster_init_gain"": 2.0, ""knn_k"": 20, ""lambda_E"": 0.1, ""lambda_H"": 0.25, ""lambda_bal"": 0.0, ""lambda_usage_entropy"": 0.5, ""num_clusters"": 28, ""num_hops"": 4, ""tau_c"": 0.3, ""tau_s"": 0.05, ""usage_entropy_lower"": 0.65, ""usage_entropy_upper"": 0.9}",/autodl-fs/data/recap/tuning_hyperparams/interaction_tuning/results/interaction_entropy_v1/checkpoints/comm__gain2_lH025/recap/trial_2/model.pt
comm__gain2_lH05,community_profile,0,Facebook,0.6061363636363636,0.033885581617729615,"{""assignment_entropy_lower"": 0.45, ""assignment_entropy_upper"": 0.85, ""beta"": 0.02, ""cluster_init_gain"": 2.0, ""knn_k"": 20, ""lambda_E"": 0.1, ""lambda_H"": 0.5, ""lambda_bal"": 0.0, ""lambda_usage_entropy"": 0.5, ""num_clusters"": 28, ""num_hops"": 4, ""tau_c"": 0.3, ""tau_s"": 0.05, ""usage_entropy_lower"": 0.65, ""usage_entropy_upper"": 0.9}",/autodl-fs/data/recap/tuning_hyperparams/interaction_tuning/results/interaction_entropy_v1/checkpoints/comm__gain2_lH05/recap/trial_0/model.pt
comm__gain2_lH05,community_profile,0,cora,0.8153375032577536,0.3485203543249108,"{""assignment_entropy_lower"": 0.45, ""assignment_entropy_upper"": 0.85, ""beta"": 0.02, ""cluster_init_gain"": 2.0, ""knn_k"": 20, ""lambda_E"": 0.1, ""lambda_H"": 0.5, ""lambda_bal"": 0.0, ""lambda_usage_entropy"": 0.5, ""num_clusters"": 28, ""num_hops"": 4, ""tau_c"": 0.3, ""tau_s"": 0.05, ""usage_entropy_lower"": 0.65, ""usage_entropy_upper"": 0.9}",/autodl-fs/data/recap/tuning_hyperparams/interaction_tuning/results/interaction_entropy_v1/checkpoints/comm__gain2_lH05/recap/trial_0/model.pt
comm__gain2_lH05,community_profile,0,citeseer,0.8910334697303536,0.35399193164168125,"{""assignment_entropy_lower"": 0.45, ""assignment_entropy_upper"": 0.85, ""beta"": 0.02, ""cluster_init_gain"": 2.0, ""knn_k"": 20, ""lambda_E"": 0.1, ""lambda_H"": 0.5, ""lambda_bal"": 0.0, ""lambda_usage_entropy"": 0.5, ""num_clusters"": 28, ""num_hops"": 4, ""tau_c"": 0.3, ""tau_s"": 0.05, ""usage_entropy_lower"": 0.65, ""usage_entropy_upper"": 0.9}",/autodl-fs/data/recap/tuning_hyperparams/interaction_tuning/results/interaction_entropy_v1/checkpoints/comm__gain2_lH05/recap/trial_0/model.pt
comm__gain2_lH05,community_profile,0,ACM,0.7782221149599364,0.3606658259330499,"{""assignment_entropy_lower"": 0.45, ""assignment_entropy_upper"": 0.85, ""beta"": 0.02, ""cluster_init_gain"": 2.0, ""knn_k"": 20, ""lambda_E"": 0.1, ""lambda_H"": 0.5, ""lambda_bal"": 0.0, ""lambda_usage_entropy"": 0.5, ""num_clusters"": 28, ""num_hops"": 4, ""tau_c"": 0.3, ""tau_s"": 0.05, ""usage_entropy_lower"": 0.65, ""usage_entropy_upper"": 0.9}",/autodl-fs/data/recap/tuning_hyperparams/interaction_tuning/results/interaction_entropy_v1/checkpoints/comm__gain2_lH05/recap/trial_0/model.pt
comm__gain2_lH05,community_profile,0,BlogCatalog,0.7293484477124182,0.318867456372908,"{""assignment_entropy_lower"": 0.45, ""assignment_entropy_upper"": 0.85, ""beta"": 0.02, ""cluster_init_gain"": 2.0, ""knn_k"": 20, ""lambda_E"": 0.1, ""lambda_H"": 0.5, ""lambda_bal"": 0.0, ""lambda_usage_entropy"": 0.5, ""num_clusters"": 28, ""num_hops"": 4, ""tau_c"": 0.3, ""tau_s"": 0.05, ""usage_entropy_lower"": 0.65, ""usage_entropy_upper"": 0.9}",/autodl-fs/data/recap/tuning_hyperparams/interaction_tuning/results/interaction_entropy_v1/checkpoints/comm__gain2_lH05/recap/trial_0/model.pt
comm__gain2_lH05,community_profile,0,weibo,0.7125024227635218,0.3183973963630084,"{""assignment_entropy_lower"": 0.45, ""assignment_entropy_upper"": 0.85, ""beta"": 0.02, ""cluster_init_gain"": 2.0, ""knn_k"": 20, ""lambda_E"": 0.1, ""lambda_H"": 0.5, ""lambda_bal"": 0.0, ""lambda_usage_entropy"": 0.5, ""num_clusters"": 28, ""num_hops"": 4, ""tau_c"": 0.3, ""tau_s"": 0.05, ""usage_entropy_lower"": 0.65, ""usage_entropy_upper"": 0.9}",/autodl-fs/data/recap/tuning_hyperparams/interaction_tuning/results/interaction_entropy_v1/checkpoints/comm__gain2_lH05/recap/trial_0/model.pt
comm__gain2_lH05,community_profile,0,Reddit,0.5817491330836284,0.04558980157052694,"{""assignment_entropy_lower"": 0.45, ""assignment_entropy_upper"": 0.85, ""beta"": 0.02, ""cluster_init_gain"": 2.0, ""knn_k"": 20, ""lambda_E"": 0.1, ""lambda_H"": 0.5, ""lambda_bal"": 0.0, ""lambda_usage_entropy"": 0.5, ""num_clusters"": 28, ""num_hops"": 4, ""tau_c"": 0.3, ""tau_s"": 0.05, ""usage_entropy_lower"": 0.65, ""usage_entropy_upper"": 0.9}",/autodl-fs/data/recap/tuning_hyperparams/interaction_tuning/results/interaction_entropy_v1/checkpoints/comm__gain2_lH05/recap/trial_0/model.pt
comm__gain2_lH05,community_profile,0,Amazon,0.7251909656694044,0.12735485495012325,"{""assignment_entropy_lower"": 0.45, ""assignment_entropy_upper"": 0.85, ""beta"": 0.02, ""cluster_init_gain"": 2.0, ""knn_k"": 20, ""lambda_E"": 0.1, ""lambda_H"": 0.5, ""lambda_bal"": 0.0, ""lambda_usage_entropy"": 0.5, ""num_clusters"": 28, ""num_hops"": 4, ""tau_c"": 0.3, ""tau_s"": 0.05, ""usage_entropy_lower"": 0.65, ""usage_entropy_upper"": 0.9}",/autodl-fs/data/recap/tuning_hyperparams/interaction_tuning/results/interaction_entropy_v1/checkpoints/comm__gain2_lH05/recap/trial_0/model.pt
comm__gain2_lH05,community_profile,1,Facebook,0.5667424242424242,0.03878385172957597,"{""assignment_entropy_lower"": 0.45, ""assignment_entropy_upper"": 0.85, ""beta"": 0.02, ""cluster_init_gain"": 2.0, ""knn_k"": 20, ""lambda_E"": 0.1, ""lambda_H"": 0.5, ""lambda_bal"": 0.0, ""lambda_usage_entropy"": 0.5, ""num_clusters"": 28, ""num_hops"": 4, ""tau_c"": 0.3, ""tau_s"": 0.05, ""usage_entropy_lower"": 0.65, ""usage_entropy_upper"": 0.9}",/autodl-fs/data/recap/tuning_hyperparams/interaction_tuning/results/interaction_entropy_v1/checkpoints/comm__gain2_lH05/recap/trial_1/model.pt
comm__gain2_lH05,community_profile,1,cora,0.8221579358874119,0.3293462440916345,"{""assignment_entropy_lower"": 0.45, ""assignment_entropy_upper"": 0.85, ""beta"": 0.02, ""cluster_init_gain"": 2.0, ""knn_k"": 20, ""lambda_E"": 0.1, ""lambda_H"": 0.5, ""lambda_bal"": 0.0, ""lambda_usage_entropy"": 0.5, ""num_clusters"": 28, ""num_hops"": 4, ""tau_c"": 0.3, ""tau_s"": 0.05, ""usage_entropy_lower"": 0.65, ""usage_entropy_upper"": 0.9}",/autodl-fs/data/recap/tuning_hyperparams/interaction_tuning/results/interaction_entropy_v1/checkpoints/comm__gain2_lH05/recap/trial_1/model.pt
comm__gain2_lH05,community_profile,1,citeseer,0.8828475500996747,0.3554573719811458,"{""assignment_entropy_lower"": 0.45, ""assignment_entropy_upper"": 0.85, ""beta"": 0.02, ""cluster_init_gain"": 2.0, ""knn_k"": 20, ""lambda_E"": 0.1, ""lambda_H"": 0.5, ""lambda_bal"": 0.0, ""lambda_usage_entropy"": 0.5, ""num_clusters"": 28, ""num_hops"": 4, ""tau_c"": 0.3, ""tau_s"": 0.05, ""usage_entropy_lower"": 0.65, ""usage_entropy_upper"": 0.9}",/autodl-fs/data/recap/tuning_hyperparams/interaction_tuning/results/interaction_entropy_v1/checkpoints/comm__gain2_lH05/recap/trial_1/model.pt
comm__gain2_lH05,community_profile,1,ACM,0.7759614884814117,0.36179123855970285,"{""assignment_entropy_lower"": 0.45, ""assignment_entropy_upper"": 0.85, ""beta"": 0.02, ""cluster_init_gain"": 2.0, ""knn_k"": 20, ""lambda_E"": 0.1, ""lambda_H"": 0.5, ""lambda_bal"": 0.0, ""lambda_usage_entropy"": 0.5, ""num_clusters"": 28, ""num_hops"": 4, ""tau_c"": 0.3, ""tau_s"": 0.05, ""usage_entropy_lower"": 0.65, ""usage_entropy_upper"": 0.9}",/autodl-fs/data/recap/tuning_hyperparams/interaction_tuning/results/interaction_entropy_v1/checkpoints/comm__gain2_lH05/recap/trial_1/model.pt
comm__gain2_lH05,community_profile,1,BlogCatalog,0.7280722358387799,0.315385542838609,"{""assignment_entropy_lower"": 0.45, ""assignment_entropy_upper"": 0.85, ""beta"": 0.02, ""cluster_init_gain"": 2.0, ""knn_k"": 20, ""lambda_E"": 0.1, ""lambda_H"": 0.5, ""lambda_bal"": 0.0, ""lambda_usage_entropy"": 0.5, ""num_clusters"": 28, ""num_hops"": 4, ""tau_c"": 0.3, ""tau_s"": 0.05, ""usage_entropy_lower"": 0.65, ""usage_entropy_upper"": 0.9}",/autodl-fs/data/recap/tuning_hyperparams/interaction_tuning/results/interaction_entropy_v1/checkpoints/comm__gain2_lH05/recap/trial_1/model.pt
comm__gain2_lH05,community_profile,1,weibo,0.7010991550745967,0.3127058139797024,"{""assignment_entropy_lower"": 0.45, ""assignment_entropy_upper"": 0.85, ""beta"": 0.02, ""cluster_init_gain"": 2.0, ""knn_k"": 20, ""lambda_E"": 0.1, ""lambda_H"": 0.5, ""lambda_bal"": 0.0, ""lambda_usage_entropy"": 0.5, ""num_clusters"": 28, ""num_hops"": 4, ""tau_c"": 0.3, ""tau_s"": 0.05, ""usage_entropy_lower"": 0.65, ""usage_entropy_upper"": 0.9}",/autodl-fs/data/recap/tuning_hyperparams/interaction_tuning/results/interaction_entropy_v1/checkpoints/comm__gain2_lH05/recap/trial_1/model.pt
comm__gain2_lH05,community_profile,1,Reddit,0.5750161855267939,0.04544110970622272,"{""assignment_entropy_lower"": 0.45, ""assignment_entropy_upper"": 0.85, ""beta"": 0.02, ""cluster_init_gain"": 2.0, ""knn_k"": 20, ""lambda_E"": 0.1, ""lambda_H"": 0.5, ""lambda_bal"": 0.0, ""lambda_usage_entropy"": 0.5, ""num_clusters"": 28, ""num_hops"": 4, ""tau_c"": 0.3, ""tau_s"": 0.05, ""usage_entropy_lower"": 0.65, ""usage_entropy_upper"": 0.9}",/autodl-fs/data/recap/tuning_hyperparams/interaction_tuning/results/interaction_entropy_v1/checkpoints/comm__gain2_lH05/recap/trial_1/model.pt
comm__gain2_lH05,community_profile,1,Amazon,0.7445004778967638,0.14089730934403372,"{""assignment_entropy_lower"": 0.45, ""assignment_entropy_upper"": 0.85, ""beta"": 0.02, ""cluster_init_gain"": 2.0, ""knn_k"": 20, ""lambda_E"": 0.1, ""lambda_H"": 0.5, ""lambda_bal"": 0.0, ""lambda_usage_entropy"": 0.5, ""num_clusters"": 28, ""num_hops"": 4, ""tau_c"": 0.3, ""tau_s"": 0.05, ""usage_entropy_lower"": 0.65, ""usage_entropy_upper"": 0.9}",/autodl-fs/data/recap/tuning_hyperparams/interaction_tuning/results/interaction_entropy_v1/checkpoints/comm__gain2_lH05/recap/trial_1/model.pt
comm__gain2_lH05,community_profile,2,Facebook,0.5703787878787878,0.035446980362268066,"{""assignment_entropy_lower"": 0.45, ""assignment_entropy_upper"": 0.85, ""beta"": 0.02, ""cluster_init_gain"": 2.0, ""knn_k"": 20, ""lambda_E"": 0.1, ""lambda_H"": 0.5, ""lambda_bal"": 0.0, ""lambda_usage_entropy"": 0.5, ""num_clusters"": 28, ""num_hops"": 4, ""tau_c"": 0.3, ""tau_s"": 0.05, ""usage_entropy_lower"": 0.65, ""usage_entropy_upper"": 0.9}",/autodl-fs/data/recap/tuning_hyperparams/interaction_tuning/results/interaction_entropy_v1/checkpoints/comm__gain2_lH05/recap/trial_2/model.pt
comm__gain2_lH05,community_profile,2,cora,0.8022413343758144,0.2739661557884827,"{""assignment_entropy_lower"": 0.45, ""assignment_entropy_upper"": 0.85, ""beta"": 0.02, ""cluster_init_gain"": 2.0, ""knn_k"": 20, ""lambda_E"": 0.1, ""lambda_H"": 0.5, ""lambda_bal"": 0.0, ""lambda_usage_entropy"": 0.5, ""num_clusters"": 28, ""num_hops"": 4, ""tau_c"": 0.3, ""tau_s"": 0.05, ""usage_entropy_lower"": 0.65, ""usage_entropy_upper"": 0.9}",/autodl-fs/data/recap/tuning_hyperparams/interaction_tuning/results/interaction_entropy_v1/checkpoints/comm__gain2_lH05/recap/trial_2/model.pt
comm__gain2_lH05,community_profile,2,citeseer,0.8948672752072184,0.40342027274022846,"{""assignment_entropy_lower"": 0.45, ""assignment_entropy_upper"": 0.85, ""beta"": 0.02, ""cluster_init_gain"": 2.0, ""knn_k"": 20, ""lambda_E"": 0.1, ""lambda_H"": 0.5, ""lambda_bal"": 0.0, ""lambda_usage_entropy"": 0.5, ""num_clusters"": 28, ""num_hops"": 4, ""tau_c"": 0.3, ""tau_s"": 0.05, ""usage_entropy_lower"": 0.65, ""usage_entropy_upper"": 0.9}",/autodl-fs/data/recap/tuning_hyperparams/interaction_tuning/results/interaction_entropy_v1/checkpoints/comm__gain2_lH05/recap/trial_2/model.pt
comm__gain2_lH05,community_profile,2,ACM,0.7721531853050528,0.35741354967127903,"{""assignment_entropy_lower"": 0.45, ""assignment_entropy_upper"": 0.85, ""beta"": 0.02, ""cluster_init_gain"": 2.0, ""knn_k"": 20, ""lambda_E"": 0.1, ""lambda_H"": 0.5, ""lambda_bal"": 0.0, ""lambda_usage_entropy"": 0.5, ""num_clusters"": 28, ""num_hops"": 4, ""tau_c"": 0.3, ""tau_s"": 0.05, ""usage_entropy_lower"": 0.65, ""usage_entropy_upper"": 0.9}",/autodl-fs/data/recap/tuning_hyperparams/interaction_tuning/results/interaction_entropy_v1/checkpoints/comm__gain2_lH05/recap/trial_2/model.pt
comm__gain2_lH05,community_profile,2,BlogCatalog,0.7111928104575164,0.31080847060260186,"{""assignment_entropy_lower"": 0.45, ""assignment_entropy_upper"": 0.85, ""beta"": 0.02, ""cluster_init_gain"": 2.0, ""knn_k"": 20, ""lambda_E"": 0.1, ""lambda_H"": 0.5, ""lambda_bal"": 0.0, ""lambda_usage_entropy"": 0.5, ""num_clusters"": 28, ""num_hops"": 4, ""tau_c"": 0.3, ""tau_s"": 0.05, ""usage_entropy_lower"": 0.65, ""usage_entropy_upper"": 0.9}",/autodl-fs/data/recap/tuning_hyperparams/interaction_tuning/results/interaction_entropy_v1/checkpoints/comm__gain2_lH05/recap/trial_2/model.pt
comm__gain2_lH05,community_profile,2,weibo,0.7311118451583556,0.30904441922126263,"{""assignment_entropy_lower"": 0.45, ""assignment_entropy_upper"": 0.85, ""beta"": 0.02, ""cluster_init_gain"": 2.0, ""knn_k"": 20, ""lambda_E"": 0.1, ""lambda_H"": 0.5, ""lambda_bal"": 0.0, ""lambda_usage_entropy"": 0.5, ""num_clusters"": 28, ""num_hops"": 4, ""tau_c"": 0.3, ""tau_s"": 0.05, ""usage_entropy_lower"": 0.65, ""usage_entropy_upper"": 0.9}",/autodl-fs/data/recap/tuning_hyperparams/interaction_tuning/results/interaction_entropy_v1/checkpoints/comm__gain2_lH05/recap/trial_2/model.pt
comm__gain2_lH05,community_profile,2,Reddit,0.586906114681019,0.044593712432743744,"{""assignment_entropy_lower"": 0.45, ""assignment_entropy_upper"": 0.85, ""beta"": 0.02, ""cluster_init_gain"": 2.0, ""knn_k"": 20, ""lambda_E"": 0.1, ""lambda_H"": 0.5, ""lambda_bal"": 0.0, ""lambda_usage_entropy"": 0.5, ""num_clusters"": 28, ""num_hops"": 4, ""tau_c"": 0.3, ""tau_s"": 0.05, ""usage_entropy_lower"": 0.65, ""usage_entropy_upper"": 0.9}",/autodl-fs/data/recap/tuning_hyperparams/interaction_tuning/results/interaction_entropy_v1/checkpoints/comm__gain2_lH05/recap/trial_2/model.pt
comm__gain2_lH05,community_profile,2,Amazon,0.7380162825551557,0.13547023426788712,"{""assignment_entropy_lower"": 0.45, ""assignment_entropy_upper"": 0.85, ""beta"": 0.02, ""cluster_init_gain"": 2.0, ""knn_k"": 20, ""lambda_E"": 0.1, ""lambda_H"": 0.5, ""lambda_bal"": 0.0, ""lambda_usage_entropy"": 0.5, ""num_clusters"": 28, ""num_hops"": 4, ""tau_c"": 0.3, ""tau_s"": 0.05, ""usage_entropy_lower"": 0.65, ""usage_entropy_upper"": 0.9}",/autodl-fs/data/recap/tuning_hyperparams/interaction_tuning/results/interaction_entropy_v1/checkpoints/comm__gain2_lH05/recap/trial_2/model.pt
comm__gain25_lH035,community_profile,0,Facebook,0.6222348484848484,0.04113861767946589,"{""assignment_entropy_lower"": 0.45, ""assignment_entropy_upper"": 0.85, ""beta"": 0.02, ""cluster_init_gain"": 2.5, ""knn_k"": 20, ""lambda_E"": 0.1, ""lambda_H"": 0.35, ""lambda_bal"": 0.0, ""lambda_usage_entropy"": 0.5, ""num_clusters"": 28, ""num_hops"": 4, ""tau_c"": 0.3, ""tau_s"": 0.05, ""usage_entropy_lower"": 0.65, ""usage_entropy_upper"": 0.9}",/autodl-fs/data/recap/tuning_hyperparams/interaction_tuning/results/interaction_entropy_v1/checkpoints/comm__gain25_lH035/recap/trial_0/model.pt
comm__gain25_lH035,community_profile,0,cora,0.8135835287985406,0.32736237741146973,"{""assignment_entropy_lower"": 0.45, ""assignment_entropy_upper"": 0.85, ""beta"": 0.02, ""cluster_init_gain"": 2.5, ""knn_k"": 20, ""lambda_E"": 0.1, ""lambda_H"": 0.35, ""lambda_bal"": 0.0, ""lambda_usage_entropy"": 0.5, ""num_clusters"": 28, ""num_hops"": 4, ""tau_c"": 0.3, ""tau_s"": 0.05, ""usage_entropy_lower"": 0.65, ""usage_entropy_upper"": 0.9}",/autodl-fs/data/recap/tuning_hyperparams/interaction_tuning/results/interaction_entropy_v1/checkpoints/comm__gain25_lH035/recap/trial_0/model.pt
comm__gain25_lH035,community_profile,0,citeseer,0.8961494071975661,0.37335060635733586,"{""assignment_entropy_lower"": 0.45, ""assignment_entropy_upper"": 0.85, ""beta"": 0.02, ""cluster_init_gain"": 2.5, ""knn_k"": 20, ""lambda_E"": 0.1, ""lambda_H"": 0.35, ""lambda_bal"": 0.0, ""lambda_usage_entropy"": 0.5, ""num_clusters"": 28, ""num_hops"": 4, ""tau_c"": 0.3, ""tau_s"": 0.05, ""usage_entropy_lower"": 0.65, ""usage_entropy_upper"": 0.9}",/autodl-fs/data/recap/tuning_hyperparams/interaction_tuning/results/interaction_entropy_v1/checkpoints/comm__gain25_lH035/recap/trial_0/model.pt
comm__gain25_lH035,community_profile,0,ACM,0.7857153626549483,0.3631919624331932,"{""assignment_entropy_lower"": 0.45, ""assignment_entropy_upper"": 0.85, ""beta"": 0.02, ""cluster_init_gain"": 2.5, ""knn_k"": 20, ""lambda_E"": 0.1, ""lambda_H"": 0.35, ""lambda_bal"": 0.0, ""lambda_usage_entropy"": 0.5, ""num_clusters"": 28, ""num_hops"": 4, ""tau_c"": 0.3, ""tau_s"": 0.05, ""usage_entropy_lower"": 0.65, ""usage_entropy_upper"": 0.9}",/autodl-fs/data/recap/tuning_hyperparams/interaction_tuning/results/interaction_entropy_v1/checkpoints/comm__gain25_lH035/recap/trial_0/model.pt
comm__gain25_lH035,community_profile,0,BlogCatalog,0.718160403050109,0.3192602142292275,"{""assignment_entropy_lower"": 0.45, ""assignment_entropy_upper"": 0.85, ""beta"": 0.02, ""cluster_init_gain"": 2.5, ""knn_k"": 20, ""lambda_E"": 0.1, ""lambda_H"": 0.35, ""lambda_bal"": 0.0, ""lambda_usage_entropy"": 0.5, ""num_clusters"": 28, ""num_hops"": 4, ""tau_c"": 0.3, ""tau_s"": 0.05, ""usage_entropy_lower"": 0.65, ""usage_entropy_upper"": 0.9}",/autodl-fs/data/recap/tuning_hyperparams/interaction_tuning/results/interaction_entropy_v1/checkpoints/comm__gain25_lH035/recap/trial_0/model.pt
comm__gain25_lH035,community_profile,0,weibo,0.7097491086981642,0.3112674770948211,"{""assignment_entropy_lower"": 0.45, ""assignment_entropy_upper"": 0.85, ""beta"": 0.02, ""cluster_init_gain"": 2.5, ""knn_k"": 20, ""lambda_E"": 0.1, ""lambda_H"": 0.35, ""lambda_bal"": 0.0, ""lambda_usage_entropy"": 0.5, ""num_clusters"": 28, ""num_hops"": 4, ""tau_c"": 0.3, ""tau_s"": 0.05, ""usage_entropy_lower"": 0.65, ""usage_entropy_upper"": 0.9}",/autodl-fs/data/recap/tuning_hyperparams/interaction_tuning/results/interaction_entropy_v1/checkpoints/comm__gain25_lH035/recap/trial_0/model.pt
comm__gain25_lH035,community_profile,0,Reddit,0.5765033755443638,0.04541174763109896,"{""assignment_entropy_lower"": 0.45, ""assignment_entropy_upper"": 0.85, ""beta"": 0.02, ""cluster_init_gain"": 2.5, ""knn_k"": 20, ""lambda_E"": 0.1, ""lambda_H"": 0.35, ""lambda_bal"": 0.0, ""lambda_usage_entropy"": 0.5, ""num_clusters"": 28, ""num_hops"": 4, ""tau_c"": 0.3, ""tau_s"": 0.05, ""usage_entropy_lower"": 0.65, ""usage_entropy_upper"": 0.9}",/autodl-fs/data/recap/tuning_hyperparams/interaction_tuning/results/interaction_entropy_v1/checkpoints/comm__gain25_lH035/recap/trial_0/model.pt
comm__gain25_lH035,community_profile,0,Amazon,0.7210957242433478,0.12540567553517903,"{""assignment_entropy_lower"": 0.45, ""assignment_entropy_upper"": 0.85, ""beta"": 0.02, ""cluster_init_gain"": 2.5, ""knn_k"": 20, ""lambda_E"": 0.1, ""lambda_H"": 0.35, ""lambda_bal"": 0.0, ""lambda_usage_entropy"": 0.5, ""num_clusters"": 28, ""num_hops"": 4, ""tau_c"": 0.3, ""tau_s"": 0.05, ""usage_entropy_lower"": 0.65, ""usage_entropy_upper"": 0.9}",/autodl-fs/data/recap/tuning_hyperparams/interaction_tuning/results/interaction_entropy_v1/checkpoints/comm__gain25_lH035/recap/trial_0/model.pt
comm__gain25_lH035,community_profile,1,Facebook,0.5826515151515151,0.04455466814681738,"{""assignment_entropy_lower"": 0.45, ""assignment_entropy_upper"": 0.85, ""beta"": 0.02, ""cluster_init_gain"": 2.5, ""knn_k"": 20, ""lambda_E"": 0.1, ""lambda_H"": 0.35, ""lambda_bal"": 0.0, ""lambda_usage_entropy"": 0.5, ""num_clusters"": 28, ""num_hops"": 4, ""tau_c"": 0.3, ""tau_s"": 0.05, ""usage_entropy_lower"": 0.65, ""usage_entropy_upper"": 0.9}",/autodl-fs/data/recap/tuning_hyperparams/interaction_tuning/results/interaction_entropy_v1/checkpoints/comm__gain25_lH035/recap/trial_1/model.pt
comm__gain25_lH035,community_profile,1,cora,0.8189627313004952,0.3488651105632103,"{""assignment_entropy_lower"": 0.45, ""assignment_entropy_upper"": 0.85, ""beta"": 0.02, ""cluster_init_gain"": 2.5, ""knn_k"": 20, ""lambda_E"": 0.1, ""lambda_H"": 0.35, ""lambda_bal"": 0.0, ""lambda_usage_entropy"": 0.5, ""num_clusters"": 28, ""num_hops"": 4, ""tau_c"": 0.3, ""tau_s"": 0.05, ""usage_entropy_lower"": 0.65, ""usage_entropy_upper"": 0.9}",/autodl-fs/data/recap/tuning_hyperparams/interaction_tuning/results/interaction_entropy_v1/checkpoints/comm__gain25_lH035/recap/trial_1/model.pt
comm__gain25_lH035,community_profile,1,citeseer,0.887107333962858,0.38916269484772337,"{""assignment_entropy_lower"": 0.45, ""assignment_entropy_upper"": 0.85, ""beta"": 0.02, ""cluster_init_gain"": 2.5, ""knn_k"": 20, ""lambda_E"": 0.1, ""lambda_H"": 0.35, ""lambda_bal"": 0.0, ""lambda_usage_entropy"": 0.5, ""num_clusters"": 28, ""num_hops"": 4, ""tau_c"": 0.3, ""tau_s"": 0.05, ""usage_entropy_lower"": 0.65, ""usage_entropy_upper"": 0.9}",/autodl-fs/data/recap/tuning_hyperparams/interaction_tuning/results/interaction_entropy_v1/checkpoints/comm__gain25_lH035/recap/trial_1/model.pt
comm__gain25_lH035,community_profile,1,ACM,0.7781014976057349,0.3650487598343737,"{""assignment_entropy_lower"": 0.45, ""assignment_entropy_upper"": 0.85, ""beta"": 0.02, ""cluster_init_gain"": 2.5, ""knn_k"": 20, ""lambda_E"": 0.1, ""lambda_H"": 0.35, ""lambda_bal"": 0.0, ""lambda_usage_entropy"": 0.5, ""num_clusters"": 28, ""num_hops"": 4, ""tau_c"": 0.3, ""tau_s"": 0.05, ""usage_entropy_lower"": 0.65, ""usage_entropy_upper"": 0.9}",/autodl-fs/data/recap/tuning_hyperparams/interaction_tuning/results/interaction_entropy_v1/checkpoints/comm__gain25_lH035/recap/trial_1/model.pt
comm__gain25_lH035,community_profile,1,BlogCatalog,0.7280800653594771,0.31551181952786717,"{""assignment_entropy_lower"": 0.45, ""assignment_entropy_upper"": 0.85, ""beta"": 0.02, ""cluster_init_gain"": 2.5, ""knn_k"": 20, ""lambda_E"": 0.1, ""lambda_H"": 0.35, ""lambda_bal"": 0.0, ""lambda_usage_entropy"": 0.5, ""num_clusters"": 28, ""num_hops"": 4, ""tau_c"": 0.3, ""tau_s"": 0.05, ""usage_entropy_lower"": 0.65, ""usage_entropy_upper"": 0.9}",/autodl-fs/data/recap/tuning_hyperparams/interaction_tuning/results/interaction_entropy_v1/checkpoints/comm__gain25_lH035/recap/trial_1/model.pt
comm__gain25_lH035,community_profile,1,weibo,0.712660246317858,0.31798622782048824,"{""assignment_entropy_lower"": 0.45, ""assignment_entropy_upper"": 0.85, ""beta"": 0.02, ""cluster_init_gain"": 2.5, ""knn_k"": 20, ""lambda_E"": 0.1, ""lambda_H"": 0.35, ""lambda_bal"": 0.0, ""lambda_usage_entropy"": 0.5, ""num_clusters"": 28, ""num_hops"": 4, ""tau_c"": 0.3, ""tau_s"": 0.05, ""usage_entropy_lower"": 0.65, ""usage_entropy_upper"": 0.9}",/autodl-fs/data/recap/tuning_hyperparams/interaction_tuning/results/interaction_entropy_v1/checkpoints/comm__gain25_lH035/recap/trial_1/model.pt
comm__gain25_lH035,community_profile,1,Reddit,0.5797331472383735,0.045525746330680315,"{""assignment_entropy_lower"": 0.45, ""assignment_entropy_upper"": 0.85, ""beta"": 0.02, ""cluster_init_gain"": 2.5, ""knn_k"": 20, ""lambda_E"": 0.1, ""lambda_H"": 0.35, ""lambda_bal"": 0.0, ""lambda_usage_entropy"": 0.5, ""num_clusters"": 28, ""num_hops"": 4, ""tau_c"": 0.3, ""tau_s"": 0.05, ""usage_entropy_lower"": 0.65, ""usage_entropy_upper"": 0.9}",/autodl-fs/data/recap/tuning_hyperparams/interaction_tuning/results/interaction_entropy_v1/checkpoints/comm__gain25_lH035/recap/trial_1/model.pt
comm__gain25_lH035,community_profile,1,Amazon,0.727733591441492,0.13122373026602635,"{""assignment_entropy_lower"": 0.45, ""assignment_entropy_upper"": 0.85, ""beta"": 0.02, ""cluster_init_gain"": 2.5, ""knn_k"": 20, ""lambda_E"": 0.1, ""lambda_H"": 0.35, ""lambda_bal"": 0.0, ""lambda_usage_entropy"": 0.5, ""num_clusters"": 28, ""num_hops"": 4, ""tau_c"": 0.3, ""tau_s"": 0.05, ""usage_entropy_lower"": 0.65, ""usage_entropy_upper"": 0.9}",/autodl-fs/data/recap/tuning_hyperparams/interaction_tuning/results/interaction_entropy_v1/checkpoints/comm__gain25_lH035/recap/trial_1/model.pt
comm__gain25_lH035,community_profile,2,Facebook,0.6027272727272727,0.044096547232825314,"{""assignment_entropy_lower"": 0.45, ""assignment_entropy_upper"": 0.85, ""beta"": 0.02, ""cluster_init_gain"": 2.5, ""knn_k"": 20, ""lambda_E"": 0.1, ""lambda_H"": 0.35, ""lambda_bal"": 0.0, ""lambda_usage_entropy"": 0.5, ""num_clusters"": 28, ""num_hops"": 4, ""tau_c"": 0.3, ""tau_s"": 0.05, ""usage_entropy_lower"": 0.65, ""usage_entropy_upper"": 0.9}",/autodl-fs/data/recap/tuning_hyperparams/interaction_tuning/results/interaction_entropy_v1/checkpoints/comm__gain25_lH035/recap/trial_2/model.pt
comm__gain25_lH035,community_profile,2,cora,0.8078498827208757,0.3050710925800321,"{""assignment_entropy_lower"": 0.45, ""assignment_entropy_upper"": 0.85, ""beta"": 0.02, ""cluster_init_gain"": 2.5, ""knn_k"": 20, ""lambda_E"": 0.1, ""lambda_H"": 0.35, ""lambda_bal"": 0.0, ""lambda_usage_entropy"": 0.5, ""num_clusters"": 28, ""num_hops"": 4, ""tau_c"": 0.3, ""tau_s"": 0.05, ""usage_entropy_lower"": 0.65, ""usage_entropy_upper"": 0.9}",/autodl-fs/data/recap/tuning_hyperparams/interaction_tuning/results/interaction_entropy_v1/checkpoints/comm__gain25_lH035/recap/trial_2/model.pt
comm__gain25_lH035,community_profile,2,citeseer,0.8880474241947329,0.36215090761665625,"{""assignment_entropy_lower"": 0.45, ""assignment_entropy_upper"": 0.85, ""beta"": 0.02, ""cluster_init_gain"": 2.5, ""knn_k"": 20, ""lambda_E"": 0.1, ""lambda_H"": 0.35, ""lambda_bal"": 0.0, ""lambda_usage_entropy"": 0.5, ""num_clusters"": 28, ""num_hops"": 4, ""tau_c"": 0.3, ""tau_s"": 0.05, ""usage_entropy_lower"": 0.65, ""usage_entropy_upper"": 0.9}",/autodl-fs/data/recap/tuning_hyperparams/interaction_tuning/results/interaction_entropy_v1/checkpoints/comm__gain25_lH035/recap/trial_2/model.pt
comm__gain25_lH035,community_profile,2,ACM,0.7711092231261846,0.36067125026862407,"{""assignment_entropy_lower"": 0.45, ""assignment_entropy_upper"": 0.85, ""beta"": 0.02, ""cluster_init_gain"": 2.5, ""knn_k"": 20, ""lambda_E"": 0.1, ""lambda_H"": 0.35, ""lambda_bal"": 0.0, ""lambda_usage_entropy"": 0.5, ""num_clusters"": 28, ""num_hops"": 4, ""tau_c"": 0.3, ""tau_s"": 0.05, ""usage_entropy_lower"": 0.65, ""usage_entropy_upper"": 0.9}",/autodl-fs/data/recap/tuning_hyperparams/interaction_tuning/results/interaction_entropy_v1/checkpoints/comm__gain25_lH035/recap/trial_2/model.pt
comm__gain25_lH035,community_profile,2,BlogCatalog,0.7266738153594771,0.3142374931971573,"{""assignment_entropy_lower"": 0.45, ""assignment_entropy_upper"": 0.85, ""beta"": 0.02, ""cluster_init_gain"": 2.5, ""knn_k"": 20, ""lambda_E"": 0.1, ""lambda_H"": 0.35, ""lambda_bal"": 0.0, ""lambda_usage_entropy"": 0.5, ""num_clusters"": 28, ""num_hops"": 4, ""tau_c"": 0.3, ""tau_s"": 0.05, ""usage_entropy_lower"": 0.65, ""usage_entropy_upper"": 0.9}",/autodl-fs/data/recap/tuning_hyperparams/interaction_tuning/results/interaction_entropy_v1/checkpoints/comm__gain25_lH035/recap/trial_2/model.pt
comm__gain25_lH035,community_profile,2,weibo,0.6924228338354136,0.307704624082121,"{""assignment_entropy_lower"": 0.45, ""assignment_entropy_upper"": 0.85, ""beta"": 0.02, ""cluster_init_gain"": 2.5, ""knn_k"": 20, ""lambda_E"": 0.1, ""lambda_H"": 0.35, ""lambda_bal"": 0.0, ""lambda_usage_entropy"": 0.5, ""num_clusters"": 28, ""num_hops"": 4, ""tau_c"": 0.3, ""tau_s"": 0.05, ""usage_entropy_lower"": 0.65, ""usage_entropy_upper"": 0.9}",/autodl-fs/data/recap/tuning_hyperparams/interaction_tuning/results/interaction_entropy_v1/checkpoints/comm__gain25_lH035/recap/trial_2/model.pt
comm__gain25_lH035,community_profile,2,Reddit,0.5841303868984208,0.04428407036568643,"{""assignment_entropy_lower"": 0.45, ""assignment_entropy_upper"": 0.85, ""beta"": 0.02, ""cluster_init_gain"": 2.5, ""knn_k"": 20, ""lambda_E"": 0.1, ""lambda_H"": 0.35, ""lambda_bal"": 0.0, ""lambda_usage_entropy"": 0.5, ""num_clusters"": 28, ""num_hops"": 4, ""tau_c"": 0.3, ""tau_s"": 0.05, ""usage_entropy_lower"": 0.65, ""usage_entropy_upper"": 0.9}",/autodl-fs/data/recap/tuning_hyperparams/interaction_tuning/results/interaction_entropy_v1/checkpoints/comm__gain25_lH035/recap/trial_2/model.pt
comm__gain25_lH035,community_profile,2,Amazon,0.7226132149015372,0.1291674322025313,"{""assignment_entropy_lower"": 0.45, ""assignment_entropy_upper"": 0.85, ""beta"": 0.02, ""cluster_init_gain"": 2.5, ""knn_k"": 20, ""lambda_E"": 0.1, ""lambda_H"": 0.35, ""lambda_bal"": 0.0, ""lambda_usage_entropy"": 0.5, ""num_clusters"": 28, ""num_hops"": 4, ""tau_c"": 0.3, ""tau_s"": 0.05, ""usage_entropy_lower"": 0.65, ""usage_entropy_upper"": 0.9}",/autodl-fs/data/recap/tuning_hyperparams/interaction_tuning/results/interaction_entropy_v1/checkpoints/comm__gain25_lH035/recap/trial_2/model.pt
comm__gain2_loose_usage,community_profile,0,Facebook,0.5693181818181818,0.0350799823327724,"{""assignment_entropy_lower"": 0.45, ""assignment_entropy_upper"": 0.85, ""beta"": 0.02, ""cluster_init_gain"": 2.0, ""knn_k"": 20, ""lambda_E"": 0.1, ""lambda_H"": 0.35, ""lambda_bal"": 0.0, ""lambda_usage_entropy"": 0.25, ""num_clusters"": 28, ""num_hops"": 4, ""tau_c"": 0.3, ""tau_s"": 0.05, ""usage_entropy_lower"": 0.6, ""usage_entropy_upper"": 0.92}",/autodl-fs/data/recap/tuning_hyperparams/interaction_tuning/results/interaction_entropy_v1/checkpoints/comm__gain2_loose_usage/recap/trial_0/model.pt
comm__gain2_loose_usage,community_profile,0,cora,0.8118868908001042,0.30780051119779106,"{""assignment_entropy_lower"": 0.45, ""assignment_entropy_upper"": 0.85, ""beta"": 0.02, ""cluster_init_gain"": 2.0, ""knn_k"": 20, ""lambda_E"": 0.1, ""lambda_H"": 0.35, ""lambda_bal"": 0.0, ""lambda_usage_entropy"": 0.25, ""num_clusters"": 28, ""num_hops"": 4, ""tau_c"": 0.3, ""tau_s"": 0.05, ""usage_entropy_lower"": 0.6, ""usage_entropy_upper"": 0.92}",/autodl-fs/data/recap/tuning_hyperparams/interaction_tuning/results/interaction_entropy_v1/checkpoints/comm__gain2_loose_usage/recap/trial_0/model.pt
comm__gain2_loose_usage,community_profile,0,citeseer,0.8778291889623334,0.2808970952061183,"{""assignment_entropy_lower"": 0.45, ""assignment_entropy_upper"": 0.85, ""beta"": 0.02, ""cluster_init_gain"": 2.0, ""knn_k"": 20, ""lambda_E"": 0.1, ""lambda_H"": 0.35, ""lambda_bal"": 0.0, ""lambda_usage_entropy"": 0.25, ""num_clusters"": 28, ""num_hops"": 4, ""tau_c"": 0.3, ""tau_s"": 0.05, ""usage_entropy_lower"": 0.6, ""usage_entropy_upper"": 0.92}",/autodl-fs/data/recap/tuning_hyperparams/interaction_tuning/results/interaction_entropy_v1/checkpoints/comm__gain2_loose_usage/recap/trial_0/model.pt
comm__gain2_loose_usage,community_profile,0,ACM,0.7744215085203402,0.35738107919716133,"{""assignment_entropy_lower"": 0.45, ""assignment_entropy_upper"": 0.85, ""beta"": 0.02, ""cluster_init_gain"": 2.0, ""knn_k"": 20, ""lambda_E"": 0.1, ""lambda_H"": 0.35, ""lambda_bal"": 0.0, ""lambda_usage_entropy"": 0.25, ""num_clusters"": 28, ""num_hops"": 4, ""tau_c"": 0.3, ""tau_s"": 0.05, ""usage_entropy_lower"": 0.6, ""usage_entropy_upper"": 0.92}",/autodl-fs/data/recap/tuning_hyperparams/interaction_tuning/results/interaction_entropy_v1/checkpoints/comm__gain2_loose_usage/recap/trial_0/model.pt
comm__gain2_loose_usage,community_profile,0,BlogCatalog,0.7029261982570806,0.3005970861946755,"{""assignment_entropy_lower"": 0.45, ""assignment_entropy_upper"": 0.85, ""beta"": 0.02, ""cluster_init_gain"": 2.0, ""knn_k"": 20, ""lambda_E"": 0.1, ""lambda_H"": 0.35, ""lambda_bal"": 0.0, ""lambda_usage_entropy"": 0.25, ""num_clusters"": 28, ""num_hops"": 4, ""tau_c"": 0.3, ""tau_s"": 0.05, ""usage_entropy_lower"": 0.6, ""usage_entropy_upper"": 0.92}",/autodl-fs/data/recap/tuning_hyperparams/interaction_tuning/results/interaction_entropy_v1/checkpoints/comm__gain2_loose_usage/recap/trial_0/model.pt
comm__gain2_loose_usage,community_profile,0,weibo,0.7460998092971753,0.3297094220724081,"{""assignment_entropy_lower"": 0.45, ""assignment_entropy_upper"": 0.85, ""beta"": 0.02, ""cluster_init_gain"": 2.0, ""knn_k"": 20, ""lambda_E"": 0.1, ""lambda_H"": 0.35, ""lambda_bal"": 0.0, ""lambda_usage_entropy"": 0.25, ""num_clusters"": 28, ""num_hops"": 4, ""tau_c"": 0.3, ""tau_s"": 0.05, ""usage_entropy_lower"": 0.6, ""usage_entropy_upper"": 0.92}",/autodl-fs/data/recap/tuning_hyperparams/interaction_tuning/results/interaction_entropy_v1/checkpoints/comm__gain2_loose_usage/recap/trial_0/model.pt
comm__gain2_loose_usage,community_profile,0,Reddit,0.5797111462440828,0.04239755960869987,"{""assignment_entropy_lower"": 0.45, ""assignment_entropy_upper"": 0.85, ""beta"": 0.02, ""cluster_init_gain"": 2.0, ""knn_k"": 20, ""lambda_E"": 0.1, ""lambda_H"": 0.35, ""lambda_bal"": 0.0, ""lambda_usage_entropy"": 0.25, ""num_clusters"": 28, ""num_hops"": 4, ""tau_c"": 0.3, ""tau_s"": 0.05, ""usage_entropy_lower"": 0.6, ""usage_entropy_upper"": 0.92}",/autodl-fs/data/recap/tuning_hyperparams/interaction_tuning/results/interaction_entropy_v1/checkpoints/comm__gain2_loose_usage/recap/trial_0/model.pt
comm__gain2_loose_usage,community_profile,0,Amazon,0.7531760490526622,0.14733472721592478,"{""assignment_entropy_lower"": 0.45, ""assignment_entropy_upper"": 0.85, ""beta"": 0.02, ""cluster_init_gain"": 2.0, ""knn_k"": 20, ""lambda_E"": 0.1, ""lambda_H"": 0.35, ""lambda_bal"": 0.0, ""lambda_usage_entropy"": 0.25, ""num_clusters"": 28, ""num_hops"": 4, ""tau_c"": 0.3, ""tau_s"": 0.05, ""usage_entropy_lower"": 0.6, ""usage_entropy_upper"": 0.92}",/autodl-fs/data/recap/tuning_hyperparams/interaction_tuning/results/interaction_entropy_v1/checkpoints/comm__gain2_loose_usage/recap/trial_0/model.pt
comm__gain2_loose_usage,community_profile,1,Facebook,0.6006439393939393,0.05340399307428942,"{""assignment_entropy_lower"": 0.45, ""assignment_entropy_upper"": 0.85, ""beta"": 0.02, ""cluster_init_gain"": 2.0, ""knn_k"": 20, ""lambda_E"": 0.1, ""lambda_H"": 0.35, ""lambda_bal"": 0.0, ""lambda_usage_entropy"": 0.25, ""num_clusters"": 28, ""num_hops"": 4, ""tau_c"": 0.3, ""tau_s"": 0.05, ""usage_entropy_lower"": 0.6, ""usage_entropy_upper"": 0.92}",/autodl-fs/data/recap/tuning_hyperparams/interaction_tuning/results/interaction_entropy_v1/checkpoints/comm__gain2_loose_usage/recap/trial_1/model.pt
comm__gain2_loose_usage,community_profile,1,cora,0.8163356789158196,0.31704045977102663,"{""assignment_entropy_lower"": 0.45, ""assignment_entropy_upper"": 0.85, ""beta"": 0.02, ""cluster_init_gain"": 2.0, ""knn_k"": 20, ""lambda_E"": 0.1, ""lambda_H"": 0.35, ""lambda_bal"": 0.0, ""lambda_usage_entropy"": 0.25, ""num_clusters"": 28, ""num_hops"": 4, ""tau_c"": 0.3, ""tau_s"": 0.05, ""usage_entropy_lower"": 0.6, ""usage_entropy_upper"": 0.92}",/autodl-fs/data/recap/tuning_hyperparams/interaction_tuning/results/interaction_entropy_v1/checkpoints/comm__gain2_loose_usage/recap/trial_1/model.pt
comm__gain2_loose_usage,community_profile,1,citeseer,0.883931381806736,0.378225559746552,"{""assignment_entropy_lower"": 0.45, ""assignment_entropy_upper"": 0.85, ""beta"": 0.02, ""cluster_init_gain"": 2.0, ""knn_k"": 20, ""lambda_E"": 0.1, ""lambda_H"": 0.35, ""lambda_bal"": 0.0, ""lambda_usage_entropy"": 0.25, ""num_clusters"": 28, ""num_hops"": 4, ""tau_c"": 0.3, ""tau_s"": 0.05, ""usage_entropy_lower"": 0.6, ""usage_entropy_upper"": 0.92}",/autodl-fs/data/recap/tuning_hyperparams/interaction_tuning/results/interaction_entropy_v1/checkpoints/comm__gain2_loose_usage/recap/trial_1/model.pt
comm__gain2_loose_usage,community_profile,1,ACM,0.7791567413028719,0.36383510558220955,"{""assignment_entropy_lower"": 0.45, ""assignment_entropy_upper"": 0.85, ""beta"": 0.02, ""cluster_init_gain"": 2.0, ""knn_k"": 20, ""lambda_E"": 0.1, ""lambda_H"": 0.35, ""lambda_bal"": 0.0, ""lambda_usage_entropy"": 0.25, ""num_clusters"": 28, ""num_hops"": 4, ""tau_c"": 0.3, ""tau_s"": 0.05, ""usage_entropy_lower"": 0.6, ""usage_entropy_upper"": 0.92}",/autodl-fs/data/recap/tuning_hyperparams/interaction_tuning/results/interaction_entropy_v1/checkpoints/comm__gain2_loose_usage/recap/trial_1/model.pt
comm__gain2_loose_usage,community_profile,1,BlogCatalog,0.7237421704793028,0.3210946907523897,"{""assignment_entropy_lower"": 0.45, ""assignment_entropy_upper"": 0.85, ""beta"": 0.02, ""cluster_init_gain"": 2.0, ""knn_k"": 20, ""lambda_E"": 0.1, ""lambda_H"": 0.35, ""lambda_bal"": 0.0, ""lambda_usage_entropy"": 0.25, ""num_clusters"": 28, ""num_hops"": 4, ""tau_c"": 0.3, ""tau_s"": 0.05, ""usage_entropy_lower"": 0.6, ""usage_entropy_upper"": 0.92}",/autodl-fs/data/recap/tuning_hyperparams/interaction_tuning/results/interaction_entropy_v1/checkpoints/comm__gain2_loose_usage/recap/trial_1/model.pt
comm__gain2_loose_usage,community_profile,1,weibo,0.7219649575152749,0.31945341777802855,"{""assignment_entropy_lower"": 0.45, ""assignment_entropy_upper"": 0.85, ""beta"": 0.02, ""cluster_init_gain"": 2.0, ""knn_k"": 20, ""lambda_E"": 0.1, ""lambda_H"": 0.35, ""lambda_bal"": 0.0, ""lambda_usage_entropy"": 0.25, ""num_clusters"": 28, ""num_hops"": 4, ""tau_c"": 0.3, ""tau_s"": 0.05, ""usage_entropy_lower"": 0.6, ""usage_entropy_upper"": 0.92}",/autodl-fs/data/recap/tuning_hyperparams/interaction_tuning/results/interaction_entropy_v1/checkpoints/comm__gain2_loose_usage/recap/trial_1/model.pt
comm__gain2_loose_usage,community_profile,1,Reddit,0.5750713810036983,0.0441354740332074,"{""assignment_entropy_lower"": 0.45, ""assignment_entropy_upper"": 0.85, ""beta"": 0.02, ""cluster_init_gain"": 2.0, ""knn_k"": 20, ""lambda_E"": 0.1, ""lambda_H"": 0.35, ""lambda_bal"": 0.0, ""lambda_usage_entropy"": 0.25, ""num_clusters"": 28, ""num_hops"": 4, ""tau_c"": 0.3, ""tau_s"": 0.05, ""usage_entropy_lower"": 0.6, ""usage_entropy_upper"": 0.92}",/autodl-fs/data/recap/tuning_hyperparams/interaction_tuning/results/interaction_entropy_v1/checkpoints/comm__gain2_loose_usage/recap/trial_1/model.pt
comm__gain2_loose_usage,community_profile,1,Amazon,0.7246120088424148,0.12904509099078856,"{""assignment_entropy_lower"": 0.45, ""assignment_entropy_upper"": 0.85, ""beta"": 0.02, ""cluster_init_gain"": 2.0, ""knn_k"": 20, ""lambda_E"": 0.1, ""lambda_H"": 0.35, ""lambda_bal"": 0.0, ""lambda_usage_entropy"": 0.25, ""num_clusters"": 28, ""num_hops"": 4, ""tau_c"": 0.3, ""tau_s"": 0.05, ""usage_entropy_lower"": 0.6, ""usage_entropy_upper"": 0.92}",/autodl-fs/data/recap/tuning_hyperparams/interaction_tuning/results/interaction_entropy_v1/checkpoints/comm__gain2_loose_usage/recap/trial_1/model.pt
comm__gain2_loose_usage,community_profile,2,Facebook,0.5709090909090909,0.035976726281889235,"{""assignment_entropy_lower"": 0.45, ""assignment_entropy_upper"": 0.85, ""beta"": 0.02, ""cluster_init_gain"": 2.0, ""knn_k"": 20, ""lambda_E"": 0.1, ""lambda_H"": 0.35, ""lambda_bal"": 0.0, ""lambda_usage_entropy"": 0.25, ""num_clusters"": 28, ""num_hops"": 4, ""tau_c"": 0.3, ""tau_s"": 0.05, ""usage_entropy_lower"": 0.6, ""usage_entropy_upper"": 0.92}",/autodl-fs/data/recap/tuning_hyperparams/interaction_tuning/results/interaction_entropy_v1/checkpoints/comm__gain2_loose_usage/recap/trial_2/model.pt
comm__gain2_loose_usage,community_profile,2,cora,0.8006750065155068,0.2663322093115625,"{""assignment_entropy_lower"": 0.45, ""assignment_entropy_upper"": 0.85, ""beta"": 0.02, ""cluster_init_gain"": 2.0, ""knn_k"": 20, ""lambda_E"": 0.1, ""lambda_H"": 0.35, ""lambda_bal"": 0.0, ""lambda_usage_entropy"": 0.25, ""num_clusters"": 28, ""num_hops"": 4, ""tau_c"": 0.3, ""tau_s"": 0.05, ""usage_entropy_lower"": 0.6, ""usage_entropy_upper"": 0.92}",/autodl-fs/data/recap/tuning_hyperparams/interaction_tuning/results/interaction_entropy_v1/checkpoints/comm__gain2_loose_usage/recap/trial_2/model.pt
comm__gain2_loose_usage,community_profile,2,citeseer,0.8921729094533626,0.3876454279616202,"{""assignment_entropy_lower"": 0.45, ""assignment_entropy_upper"": 0.85, ""beta"": 0.02, ""cluster_init_gain"": 2.0, ""knn_k"": 20, ""lambda_E"": 0.1, ""lambda_H"": 0.35, ""lambda_bal"": 0.0, ""lambda_usage_entropy"": 0.25, ""num_clusters"": 28, ""num_hops"": 4, ""tau_c"": 0.3, ""tau_s"": 0.05, ""usage_entropy_lower"": 0.6, ""usage_entropy_upper"": 0.92}",/autodl-fs/data/recap/tuning_hyperparams/interaction_tuning/results/interaction_entropy_v1/checkpoints/comm__gain2_loose_usage/recap/trial_2/model.pt
comm__gain2_loose_usage,community_profile,2,ACM,0.769657808355261,0.35478126557549494,"{""assignment_entropy_lower"": 0.45, ""assignment_entropy_upper"": 0.85, ""beta"": 0.02, ""cluster_init_gain"": 2.0, ""knn_k"": 20, ""lambda_E"": 0.1, ""lambda_H"": 0.35, ""lambda_bal"": 0.0, ""lambda_usage_entropy"": 0.25, ""num_clusters"": 28, ""num_hops"": 4, ""tau_c"": 0.3, ""tau_s"": 0.05, ""usage_entropy_lower"": 0.6, ""usage_entropy_upper"": 0.92}",/autodl-fs/data/recap/tuning_hyperparams/interaction_tuning/results/interaction_entropy_v1/checkpoints/comm__gain2_loose_usage/recap/trial_2/model.pt
comm__gain2_loose_usage,community_profile,2,BlogCatalog,0.7098039215686275,0.3072636595745546,"{""assignment_entropy_lower"": 0.45, ""assignment_entropy_upper"": 0.85, ""beta"": 0.02, ""cluster_init_gain"": 2.0, ""knn_k"": 20, ""lambda_E"": 0.1, ""lambda_H"": 0.35, ""lambda_bal"": 0.0, ""lambda_usage_entropy"": 0.25, ""num_clusters"": 28, ""num_hops"": 4, ""tau_c"": 0.3, ""tau_s"": 0.05, ""usage_entropy_lower"": 0.6, ""usage_entropy_upper"": 0.92}",/autodl-fs/data/recap/tuning_hyperparams/interaction_tuning/results/interaction_entropy_v1/checkpoints/comm__gain2_loose_usage/recap/trial_2/model.pt
comm__gain2_loose_usage,community_profile,2,weibo,0.7320841605376609,0.31030415851338716,"{""assignment_entropy_lower"": 0.45, ""assignment_entropy_upper"": 0.85, ""beta"": 0.02, ""cluster_init_gain"": 2.0, ""knn_k"": 20, ""lambda_E"": 0.1, ""lambda_H"": 0.35, ""lambda_bal"": 0.0, ""lambda_usage_entropy"": 0.25, ""num_clusters"": 28, ""num_hops"": 4, ""tau_c"": 0.3, ""tau_s"": 0.05, ""usage_entropy_lower"": 0.6, ""usage_entropy_upper"": 0.92}",/autodl-fs/data/recap/tuning_hyperparams/interaction_tuning/results/interaction_entropy_v1/checkpoints/comm__gain2_loose_usage/recap/trial_2/model.pt
comm__gain2_loose_usage,community_profile,2,Reddit,0.593056614862688,0.04537907957510654,"{""assignment_entropy_lower"": 0.45, ""assignment_entropy_upper"": 0.85, ""beta"": 0.02, ""cluster_init_gain"": 2.0, ""knn_k"": 20, ""lambda_E"": 0.1, ""lambda_H"": 0.35, ""lambda_bal"": 0.0, ""lambda_usage_entropy"": 0.25, ""num_clusters"": 28, ""num_hops"": 4, ""tau_c"": 0.3, ""tau_s"": 0.05, ""usage_entropy_lower"": 0.6, ""usage_entropy_upper"": 0.92}",/autodl-fs/data/recap/tuning_hyperparams/interaction_tuning/results/interaction_entropy_v1/checkpoints/comm__gain2_loose_usage/recap/trial_2/model.pt
comm__gain2_loose_usage,community_profile,2,Amazon,0.7229478107665076,0.1298734966977791,"{""assignment_entropy_lower"": 0.45, ""assignment_entropy_upper"": 0.85, ""beta"": 0.02, ""cluster_init_gain"": 2.0, ""knn_k"": 20, ""lambda_E"": 0.1, ""lambda_H"": 0.35, ""lambda_bal"": 0.0, ""lambda_usage_entropy"": 0.25, ""num_clusters"": 28, ""num_hops"": 4, ""tau_c"": 0.3, ""tau_s"": 0.05, ""usage_entropy_lower"": 0.6, ""usage_entropy_upper"": 0.92}",/autodl-fs/data/recap/tuning_hyperparams/interaction_tuning/results/interaction_entropy_v1/checkpoints/comm__gain2_loose_usage/recap/trial_2/model.pt
comm__gain2_strict_usage,community_profile,0,Facebook,0.5790151515151515,0.03329600239807706,"{""assignment_entropy_lower"": 0.45, ""assignment_entropy_upper"": 0.85, ""beta"": 0.02, ""cluster_init_gain"": 2.0, ""knn_k"": 20, ""lambda_E"": 0.1, ""lambda_H"": 0.35, ""lambda_bal"": 0.0, ""lambda_usage_entropy"": 0.75, ""num_clusters"": 28, ""num_hops"": 4, ""tau_c"": 0.3, ""tau_s"": 0.05, ""usage_entropy_lower"": 0.72, ""usage_entropy_upper"": 0.92}",/autodl-fs/data/recap/tuning_hyperparams/interaction_tuning/results/interaction_entropy_v1/checkpoints/comm__gain2_strict_usage/recap/trial_0/model.pt
comm__gain2_strict_usage,community_profile,0,cora,0.8111727912431587,0.33284232378437356,"{""assignment_entropy_lower"": 0.45, ""assignment_entropy_upper"": 0.85, ""beta"": 0.02, ""cluster_init_gain"": 2.0, ""knn_k"": 20, ""lambda_E"": 0.1, ""lambda_H"": 0.35, ""lambda_bal"": 0.0, ""lambda_usage_entropy"": 0.75, ""num_clusters"": 28, ""num_hops"": 4, ""tau_c"": 0.3, ""tau_s"": 0.05, ""usage_entropy_lower"": 0.72, ""usage_entropy_upper"": 0.92}",/autodl-fs/data/recap/tuning_hyperparams/interaction_tuning/results/interaction_entropy_v1/checkpoints/comm__gain2_strict_usage/recap/trial_0/model.pt
comm__gain2_strict_usage,community_profile,0,citeseer,0.8916839785961599,0.3388925858720878,"{""assignment_entropy_lower"": 0.45, ""assignment_entropy_upper"": 0.85, ""beta"": 0.02, ""cluster_init_gain"": 2.0, ""knn_k"": 20, ""lambda_E"": 0.1, ""lambda_H"": 0.35, ""lambda_bal"": 0.0, ""lambda_usage_entropy"": 0.75, ""num_clusters"": 28, ""num_hops"": 4, ""tau_c"": 0.3, ""tau_s"": 0.05, ""usage_entropy_lower"": 0.72, ""usage_entropy_upper"": 0.92}",/autodl-fs/data/recap/tuning_hyperparams/interaction_tuning/results/interaction_entropy_v1/checkpoints/comm__gain2_strict_usage/recap/trial_0/model.pt
comm__gain2_strict_usage,community_profile,0,ACM,0.7814490509238244,0.36164929166620075,"{""assignment_entropy_lower"": 0.45, ""assignment_entropy_upper"": 0.85, ""beta"": 0.02, ""cluster_init_gain"": 2.0, ""knn_k"": 20, ""lambda_E"": 0.1, ""lambda_H"": 0.35, ""lambda_bal"": 0.0, ""lambda_usage_entropy"": 0.75, ""num_clusters"": 28, ""num_hops"": 4, ""tau_c"": 0.3, ""tau_s"": 0.05, ""usage_entropy_lower"": 0.72, ""usage_entropy_upper"": 0.92}",/autodl-fs/data/recap/tuning_hyperparams/interaction_tuning/results/interaction_entropy_v1/checkpoints/comm__gain2_strict_usage/recap/trial_0/model.pt
comm__gain2_strict_usage,community_profile,0,BlogCatalog,0.7328632216775599,0.3190096264079637,"{""assignment_entropy_lower"": 0.45, ""assignment_entropy_upper"": 0.85, ""beta"": 0.02, ""cluster_init_gain"": 2.0, ""knn_k"": 20, ""lambda_E"": 0.1, ""lambda_H"": 0.35, ""lambda_bal"": 0.0, ""lambda_usage_entropy"": 0.75, ""num_clusters"": 28, ""num_hops"": 4, ""tau_c"": 0.3, ""tau_s"": 0.05, ""usage_entropy_lower"": 0.72, ""usage_entropy_upper"": 0.92}",/autodl-fs/data/recap/tuning_hyperparams/interaction_tuning/results/interaction_entropy_v1/checkpoints/comm__gain2_strict_usage/recap/trial_0/model.pt
comm__gain2_strict_usage,community_profile,0,weibo,0.7082146663250851,0.3187306818566967,"{""assignment_entropy_lower"": 0.45, ""assignment_entropy_upper"": 0.85, ""beta"": 0.02, ""cluster_init_gain"": 2.0, ""knn_k"": 20, ""lambda_E"": 0.1, ""lambda_H"": 0.35, ""lambda_bal"": 0.0, ""lambda_usage_entropy"": 0.75, ""num_clusters"": 28, ""num_hops"": 4, ""tau_c"": 0.3, ""tau_s"": 0.05, ""usage_entropy_lower"": 0.72, ""usage_entropy_upper"": 0.92}",/autodl-fs/data/recap/tuning_hyperparams/interaction_tuning/results/interaction_entropy_v1/checkpoints/comm__gain2_strict_usage/recap/trial_0/model.pt
comm__gain2_strict_usage,community_profile,0,Reddit,0.5840332480055006,0.04653411547123335,"{""assignment_entropy_lower"": 0.45, ""assignment_entropy_upper"": 0.85, ""beta"": 0.02, ""cluster_init_gain"": 2.0, ""knn_k"": 20, ""lambda_E"": 0.1, ""lambda_H"": 0.35, ""lambda_bal"": 0.0, ""lambda_usage_entropy"": 0.75, ""num_clusters"": 28, ""num_hops"": 4, ""tau_c"": 0.3, ""tau_s"": 0.05, ""usage_entropy_lower"": 0.72, ""usage_entropy_upper"": 0.92}",/autodl-fs/data/recap/tuning_hyperparams/interaction_tuning/results/interaction_entropy_v1/checkpoints/comm__gain2_strict_usage/recap/trial_0/model.pt
comm__gain2_strict_usage,community_profile,0,Amazon,0.7391613271374052,0.1358147582999892,"{""assignment_entropy_lower"": 0.45, ""assignment_entropy_upper"": 0.85, ""beta"": 0.02, ""cluster_init_gain"": 2.0, ""knn_k"": 20, ""lambda_E"": 0.1, ""lambda_H"": 0.35, ""lambda_bal"": 0.0, ""lambda_usage_entropy"": 0.75, ""num_clusters"": 28, ""num_hops"": 4, ""tau_c"": 0.3, ""tau_s"": 0.05, ""usage_entropy_lower"": 0.72, ""usage_entropy_upper"": 0.92}",/autodl-fs/data/recap/tuning_hyperparams/interaction_tuning/results/interaction_entropy_v1/checkpoints/comm__gain2_strict_usage/recap/trial_0/model.pt
comm__gain2_strict_usage,community_profile,1,Facebook,0.5516666666666666,0.037348357756495996,"{""assignment_entropy_lower"": 0.45, ""assignment_entropy_upper"": 0.85, ""beta"": 0.02, ""cluster_init_gain"": 2.0, ""knn_k"": 20, ""lambda_E"": 0.1, ""lambda_H"": 0.35, ""lambda_bal"": 0.0, ""lambda_usage_entropy"": 0.75, ""num_clusters"": 28, ""num_hops"": 4, ""tau_c"": 0.3, ""tau_s"": 0.05, ""usage_entropy_lower"": 0.72, ""usage_entropy_upper"": 0.92}",/autodl-fs/data/recap/tuning_hyperparams/interaction_tuning/results/interaction_entropy_v1/checkpoints/comm__gain2_strict_usage/recap/trial_1/model.pt
comm__gain2_strict_usage,community_profile,1,cora,0.8128563982277822,0.29131354746609667,"{""assignment_entropy_lower"": 0.45, ""assignment_entropy_upper"": 0.85, ""beta"": 0.02, ""cluster_init_gain"": 2.0, ""knn_k"": 20, ""lambda_E"": 0.1, ""lambda_H"": 0.35, ""lambda_bal"": 0.0, ""lambda_usage_entropy"": 0.75, ""num_clusters"": 28, ""num_hops"": 4, ""tau_c"": 0.3, ""tau_s"": 0.05, ""usage_entropy_lower"": 0.72, ""usage_entropy_upper"": 0.92}",/autodl-fs/data/recap/tuning_hyperparams/interaction_tuning/results/interaction_entropy_v1/checkpoints/comm__gain2_strict_usage/recap/trial_1/model.pt
comm__gain2_strict_usage,community_profile,1,citeseer,0.878973874724583,0.3257574521993846,"{""assignment_entropy_lower"": 0.45, ""assignment_entropy_upper"": 0.85, ""beta"": 0.02, ""cluster_init_gain"": 2.0, ""knn_k"": 20, ""lambda_E"": 0.1, ""lambda_H"": 0.35, ""lambda_bal"": 0.0, ""lambda_usage_entropy"": 0.75, ""num_clusters"": 28, ""num_hops"": 4, ""tau_c"": 0.3, ""tau_s"": 0.05, ""usage_entropy_lower"": 0.72, ""usage_entropy_upper"": 0.92}",/autodl-fs/data/recap/tuning_hyperparams/interaction_tuning/results/interaction_entropy_v1/checkpoints/comm__gain2_strict_usage/recap/trial_1/model.pt
comm__gain2_strict_usage,community_profile,1,ACM,0.7739067233526058,0.3583742345921931,"{""assignment_entropy_lower"": 0.45, ""assignment_entropy_upper"": 0.85, ""beta"": 0.02, ""cluster_init_gain"": 2.0, ""knn_k"": 20, ""lambda_E"": 0.1, ""lambda_H"": 0.35, ""lambda_bal"": 0.0, ""lambda_usage_entropy"": 0.75, ""num_clusters"": 28, ""num_hops"": 4, ""tau_c"": 0.3, ""tau_s"": 0.05, ""usage_entropy_lower"": 0.72, ""usage_entropy_upper"": 0.92}",/autodl-fs/data/recap/tuning_hyperparams/interaction_tuning/results/interaction_entropy_v1/checkpoints/comm__gain2_strict_usage/recap/trial_1/model.pt
comm__gain2_strict_usage,community_profile,1,BlogCatalog,0.7217241966230936,0.31380132334131045,"{""assignment_entropy_lower"": 0.45, ""assignment_entropy_upper"": 0.85, ""beta"": 0.02, ""cluster_init_gain"": 2.0, ""knn_k"": 20, ""lambda_E"": 0.1, ""lambda_H"": 0.35, ""lambda_bal"": 0.0, ""lambda_usage_entropy"": 0.75, ""num_clusters"": 28, ""num_hops"": 4, ""tau_c"": 0.3, ""tau_s"": 0.05, ""usage_entropy_lower"": 0.72, ""usage_entropy_upper"": 0.92}",/autodl-fs/data/recap/tuning_hyperparams/interaction_tuning/results/interaction_entropy_v1/checkpoints/comm__gain2_strict_usage/recap/trial_1/model.pt
comm__gain2_strict_usage,community_profile,1,weibo,0.6959909454372255,0.3101214098836236,"{""assignment_entropy_lower"": 0.45, ""assignment_entropy_upper"": 0.85, ""beta"": 0.02, ""cluster_init_gain"": 2.0, ""knn_k"": 20, ""lambda_E"": 0.1, ""lambda_H"": 0.35, ""lambda_bal"": 0.0, ""lambda_usage_entropy"": 0.75, ""num_clusters"": 28, ""num_hops"": 4, ""tau_c"": 0.3, ""tau_s"": 0.05, ""usage_entropy_lower"": 0.72, ""usage_entropy_upper"": 0.92}",/autodl-fs/data/recap/tuning_hyperparams/interaction_tuning/results/interaction_entropy_v1/checkpoints/comm__gain2_strict_usage/recap/trial_1/model.pt
comm__gain2_strict_usage,community_profile,1,Reddit,0.573942511273258,0.045584598714873095,"{""assignment_entropy_lower"": 0.45, ""assignment_entropy_upper"": 0.85, ""beta"": 0.02, ""cluster_init_gain"": 2.0, ""knn_k"": 20, ""lambda_E"": 0.1, ""lambda_H"": 0.35, ""lambda_bal"": 0.0, ""lambda_usage_entropy"": 0.75, ""num_clusters"": 28, ""num_hops"": 4, ""tau_c"": 0.3, ""tau_s"": 0.05, ""usage_entropy_lower"": 0.72, ""usage_entropy_upper"": 0.92}",/autodl-fs/data/recap/tuning_hyperparams/interaction_tuning/results/interaction_entropy_v1/checkpoints/comm__gain2_strict_usage/recap/trial_1/model.pt
comm__gain2_strict_usage,community_profile,1,Amazon,0.7346798621586156,0.1352841465203152,"{""assignment_entropy_lower"": 0.45, ""assignment_entropy_upper"": 0.85, ""beta"": 0.02, ""cluster_init_gain"": 2.0, ""knn_k"": 20, ""lambda_E"": 0.1, ""lambda_H"": 0.35, ""lambda_bal"": 0.0, ""lambda_usage_entropy"": 0.75, ""num_clusters"": 28, ""num_hops"": 4, ""tau_c"": 0.3, ""tau_s"": 0.05, ""usage_entropy_lower"": 0.72, ""usage_entropy_upper"": 0.92}",/autodl-fs/data/recap/tuning_hyperparams/interaction_tuning/results/interaction_entropy_v1/checkpoints/comm__gain2_strict_usage/recap/trial_1/model.pt
comm__gain2_strict_usage,community_profile,2,Facebook,0.5690530303030303,0.040104491315293686,"{""assignment_entropy_lower"": 0.45, ""assignment_entropy_upper"": 0.85, ""beta"": 0.02, ""cluster_init_gain"": 2.0, ""knn_k"": 20, ""lambda_E"": 0.1, ""lambda_H"": 0.35, ""lambda_bal"": 0.0, ""lambda_usage_entropy"": 0.75, ""num_clusters"": 28, ""num_hops"": 4, ""tau_c"": 0.3, ""tau_s"": 0.05, ""usage_entropy_lower"": 0.72, ""usage_entropy_upper"": 0.92}",/autodl-fs/data/recap/tuning_hyperparams/interaction_tuning/results/interaction_entropy_v1/checkpoints/comm__gain2_strict_usage/recap/trial_2/model.pt
comm__gain2_strict_usage,community_profile,2,cora,0.800901746155851,0.27612926114801184,"{""assignment_entropy_lower"": 0.45, ""assignment_entropy_upper"": 0.85, ""beta"": 0.02, ""cluster_init_gain"": 2.0, ""knn_k"": 20, ""lambda_E"": 0.1, ""lambda_H"": 0.35, ""lambda_bal"": 0.0, ""lambda_usage_entropy"": 0.75, ""num_clusters"": 28, ""num_hops"": 4, ""tau_c"": 0.3, ""tau_s"": 0.05, ""usage_entropy_lower"": 0.72, ""usage_entropy_upper"": 0.92}",/autodl-fs/data/recap/tuning_hyperparams/interaction_tuning/results/interaction_entropy_v1/checkpoints/comm__gain2_strict_usage/recap/trial_2/model.pt
comm__gain2_strict_usage,community_profile,2,citeseer,0.8927520721854999,0.39810599944616815,"{""assignment_entropy_lower"": 0.45, ""assignment_entropy_upper"": 0.85, ""beta"": 0.02, ""cluster_init_gain"": 2.0, ""knn_k"": 20, ""lambda_E"": 0.1, ""lambda_H"": 0.35, ""lambda_bal"": 0.0, ""lambda_usage_entropy"": 0.75, ""num_clusters"": 28, ""num_hops"": 4, ""tau_c"": 0.3, ""tau_s"": 0.05, ""usage_entropy_lower"": 0.72, ""usage_entropy_upper"": 0.92}",/autodl-fs/data/recap/tuning_hyperparams/interaction_tuning/results/interaction_entropy_v1/checkpoints/comm__gain2_strict_usage/recap/trial_2/model.pt
comm__gain2_strict_usage,community_profile,2,ACM,0.7714530985638838,0.3578284475175003,"{""assignment_entropy_lower"": 0.45, ""assignment_entropy_upper"": 0.85, ""beta"": 0.02, ""cluster_init_gain"": 2.0, ""knn_k"": 20, ""lambda_E"": 0.1, ""lambda_H"": 0.35, ""lambda_bal"": 0.0, ""lambda_usage_entropy"": 0.75, ""num_clusters"": 28, ""num_hops"": 4, ""tau_c"": 0.3, ""tau_s"": 0.05, ""usage_entropy_lower"": 0.72, ""usage_entropy_upper"": 0.92}",/autodl-fs/data/recap/tuning_hyperparams/interaction_tuning/results/interaction_entropy_v1/checkpoints/comm__gain2_strict_usage/recap/trial_2/model.pt
comm__gain2_strict_usage,community_profile,2,BlogCatalog,0.7083786083877996,0.31068390337936636,"{""assignment_entropy_lower"": 0.45, ""assignment_entropy_upper"": 0.85, ""beta"": 0.02, ""cluster_init_gain"": 2.0, ""knn_k"": 20, ""lambda_E"": 0.1, ""lambda_H"": 0.35, ""lambda_bal"": 0.0, ""lambda_usage_entropy"": 0.75, ""num_clusters"": 28, ""num_hops"": 4, ""tau_c"": 0.3, ""tau_s"": 0.05, ""usage_entropy_lower"": 0.72, ""usage_entropy_upper"": 0.92}",/autodl-fs/data/recap/tuning_hyperparams/interaction_tuning/results/interaction_entropy_v1/checkpoints/comm__gain2_strict_usage/recap/trial_2/model.pt
comm__gain2_strict_usage,community_profile,2,weibo,0.7240558712196482,0.30672274994475685,"{""assignment_entropy_lower"": 0.45, ""assignment_entropy_upper"": 0.85, ""beta"": 0.02, ""cluster_init_gain"": 2.0, ""knn_k"": 20, ""lambda_E"": 0.1, ""lambda_H"": 0.35, ""lambda_bal"": 0.0, ""lambda_usage_entropy"": 0.75, ""num_clusters"": 28, ""num_hops"": 4, ""tau_c"": 0.3, ""tau_s"": 0.05, ""usage_entropy_lower"": 0.72, ""usage_entropy_upper"": 0.92}",/autodl-fs/data/recap/tuning_hyperparams/interaction_tuning/results/interaction_entropy_v1/checkpoints/comm__gain2_strict_usage/recap/trial_2/model.pt
comm__gain2_strict_usage,community_profile,2,Reddit,0.5902642898387829,0.04512516153232514,"{""assignment_entropy_lower"": 0.45, ""assignment_entropy_upper"": 0.85, ""beta"": 0.02, ""cluster_init_gain"": 2.0, ""knn_k"": 20, ""lambda_E"": 0.1, ""lambda_H"": 0.35, ""lambda_bal"": 0.0, ""lambda_usage_entropy"": 0.75, ""num_clusters"": 28, ""num_hops"": 4, ""tau_c"": 0.3, ""tau_s"": 0.05, ""usage_entropy_lower"": 0.72, ""usage_entropy_upper"": 0.92}",/autodl-fs/data/recap/tuning_hyperparams/interaction_tuning/results/interaction_entropy_v1/checkpoints/comm__gain2_strict_usage/recap/trial_2/model.pt
comm__gain2_strict_usage,community_profile,2,Amazon,0.7347242226058719,0.13347576190477325,"{""assignment_entropy_lower"": 0.45, ""assignment_entropy_upper"": 0.85, ""beta"": 0.02, ""cluster_init_gain"": 2.0, ""knn_k"": 20, ""lambda_E"": 0.1, ""lambda_H"": 0.35, ""lambda_bal"": 0.0, ""lambda_usage_entropy"": 0.75, ""num_clusters"": 28, ""num_hops"": 4, ""tau_c"": 0.3, ""tau_s"": 0.05, ""usage_entropy_lower"": 0.72, ""usage_entropy_upper"": 0.92}",/autodl-fs/data/recap/tuning_hyperparams/interaction_tuning/results/interaction_entropy_v1/checkpoints/comm__gain2_strict_usage/recap/trial_2/model.pt
comm__gain2_soft_assign,community_profile,0,Facebook,0.5953409090909091,0.03581981488342749,"{""assignment_entropy_lower"": 0.55, ""assignment_entropy_upper"": 0.9, ""beta"": 0.02, ""cluster_init_gain"": 2.0, ""knn_k"": 20, ""lambda_E"": 0.1, ""lambda_H"": 0.35, ""lambda_bal"": 0.0, ""lambda_usage_entropy"": 0.5, ""num_clusters"": 28, ""num_hops"": 4, ""tau_c"": 0.3, ""tau_s"": 0.05, ""usage_entropy_lower"": 0.65, ""usage_entropy_upper"": 0.9}",/autodl-fs/data/recap/tuning_hyperparams/interaction_tuning/results/interaction_entropy_v1/checkpoints/comm__gain2_soft_assign/recap/trial_0/model.pt
comm__gain2_soft_assign,community_profile,0,cora,0.8105446963773781,0.2983569679524065,"{""assignment_entropy_lower"": 0.55, ""assignment_entropy_upper"": 0.9, ""beta"": 0.02, ""cluster_init_gain"": 2.0, ""knn_k"": 20, ""lambda_E"": 0.1, ""lambda_H"": 0.35, ""lambda_bal"": 0.0, ""lambda_usage_entropy"": 0.5, ""num_clusters"": 28, ""num_hops"": 4, ""tau_c"": 0.3, ""tau_s"": 0.05, ""usage_entropy_lower"": 0.65, ""usage_entropy_upper"": 0.9}",/autodl-fs/data/recap/tuning_hyperparams/interaction_tuning/results/interaction_entropy_v1/checkpoints/comm__gain2_soft_assign/recap/trial_0/model.pt
comm__gain2_soft_assign,community_profile,0,citeseer,0.8791921099569826,0.2979810001913839,"{""assignment_entropy_lower"": 0.55, ""assignment_entropy_upper"": 0.9, ""beta"": 0.02, ""cluster_init_gain"": 2.0, ""knn_k"": 20, ""lambda_E"": 0.1, ""lambda_H"": 0.35, ""lambda_bal"": 0.0, ""lambda_usage_entropy"": 0.5, ""num_clusters"": 28, ""num_hops"": 4, ""tau_c"": 0.3, ""tau_s"": 0.05, ""usage_entropy_lower"": 0.65, ""usage_entropy_upper"": 0.9}",/autodl-fs/data/recap/tuning_hyperparams/interaction_tuning/results/interaction_entropy_v1/checkpoints/comm__gain2_soft_assign/recap/trial_0/model.pt
comm__gain2_soft_assign,community_profile,0,ACM,0.7742705259580882,0.36115054478641445,"{""assignment_entropy_lower"": 0.55, ""assignment_entropy_upper"": 0.9, ""beta"": 0.02, ""cluster_init_gain"": 2.0, ""knn_k"": 20, ""lambda_E"": 0.1, ""lambda_H"": 0.35, ""lambda_bal"": 0.0, ""lambda_usage_entropy"": 0.5, ""num_clusters"": 28, ""num_hops"": 4, ""tau_c"": 0.3, ""tau_s"": 0.05, ""usage_entropy_lower"": 0.65, ""usage_entropy_upper"": 0.9}",/autodl-fs/data/recap/tuning_hyperparams/interaction_tuning/results/interaction_entropy_v1/checkpoints/comm__gain2_soft_assign/recap/trial_0/model.pt
comm__gain2_soft_assign,community_profile,0,BlogCatalog,0.7041952614379084,0.30359312863589283,"{""assignment_entropy_lower"": 0.55, ""assignment_entropy_upper"": 0.9, ""beta"": 0.02, ""cluster_init_gain"": 2.0, ""knn_k"": 20, ""lambda_E"": 0.1, ""lambda_H"": 0.35, ""lambda_bal"": 0.0, ""lambda_usage_entropy"": 0.5, ""num_clusters"": 28, ""num_hops"": 4, ""tau_c"": 0.3, ""tau_s"": 0.05, ""usage_entropy_lower"": 0.65, ""usage_entropy_upper"": 0.9}",/autodl-fs/data/recap/tuning_hyperparams/interaction_tuning/results/interaction_entropy_v1/checkpoints/comm__gain2_soft_assign/recap/trial_0/model.pt
comm__gain2_soft_assign,community_profile,0,weibo,0.7202397511753077,0.3187416208775275,"{""assignment_entropy_lower"": 0.55, ""assignment_entropy_upper"": 0.9, ""beta"": 0.02, ""cluster_init_gain"": 2.0, ""knn_k"": 20, ""lambda_E"": 0.1, ""lambda_H"": 0.35, ""lambda_bal"": 0.0, ""lambda_usage_entropy"": 0.5, ""num_clusters"": 28, ""num_hops"": 4, ""tau_c"": 0.3, ""tau_s"": 0.05, ""usage_entropy_lower"": 0.65, ""usage_entropy_upper"": 0.9}",/autodl-fs/data/recap/tuning_hyperparams/interaction_tuning/results/interaction_entropy_v1/checkpoints/comm__gain2_soft_assign/recap/trial_0/model.pt
comm__gain2_soft_assign,community_profile,0,Reddit,0.5838595559453119,0.043162971700508854,"{""assignment_entropy_lower"": 0.55, ""assignment_entropy_upper"": 0.9, ""beta"": 0.02, ""cluster_init_gain"": 2.0, ""knn_k"": 20, ""lambda_E"": 0.1, ""lambda_H"": 0.35, ""lambda_bal"": 0.0, ""lambda_usage_entropy"": 0.5, ""num_clusters"": 28, ""num_hops"": 4, ""tau_c"": 0.3, ""tau_s"": 0.05, ""usage_entropy_lower"": 0.65, ""usage_entropy_upper"": 0.9}",/autodl-fs/data/recap/tuning_hyperparams/interaction_tuning/results/interaction_entropy_v1/checkpoints/comm__gain2_soft_assign/recap/trial_0/model.pt
comm__gain2_soft_assign,community_profile,0,Amazon,0.7340869764539893,0.1376406498025628,"{""assignment_entropy_lower"": 0.55, ""assignment_entropy_upper"": 0.9, ""beta"": 0.02, ""cluster_init_gain"": 2.0, ""knn_k"": 20, ""lambda_E"": 0.1, ""lambda_H"": 0.35, ""lambda_bal"": 0.0, ""lambda_usage_entropy"": 0.5, ""num_clusters"": 28, ""num_hops"": 4, ""tau_c"": 0.3, ""tau_s"": 0.05, ""usage_entropy_lower"": 0.65, ""usage_entropy_upper"": 0.9}",/autodl-fs/data/recap/tuning_hyperparams/interaction_tuning/results/interaction_entropy_v1/checkpoints/comm__gain2_soft_assign/recap/trial_0/model.pt
comm__gain2_soft_assign,community_profile,1,Facebook,0.5808333333333333,0.07482429127409576,"{""assignment_entropy_lower"": 0.55, ""assignment_entropy_upper"": 0.9, ""beta"": 0.02, ""cluster_init_gain"": 2.0, ""knn_k"": 20, ""lambda_E"": 0.1, ""lambda_H"": 0.35, ""lambda_bal"": 0.0, ""lambda_usage_entropy"": 0.5, ""num_clusters"": 28, ""num_hops"": 4, ""tau_c"": 0.3, ""tau_s"": 0.05, ""usage_entropy_lower"": 0.65, ""usage_entropy_upper"": 0.9}",/autodl-fs/data/recap/tuning_hyperparams/interaction_tuning/results/interaction_entropy_v1/checkpoints/comm__gain2_soft_assign/recap/trial_1/model.pt
comm__gain2_soft_assign,community_profile,1,cora,0.8120458691686214,0.29819839109875695,"{""assignment_entropy_lower"": 0.55, ""assignment_entropy_upper"": 0.9, ""beta"": 0.02, ""cluster_init_gain"": 2.0, ""knn_k"": 20, ""lambda_E"": 0.1, ""lambda_H"": 0.35, ""lambda_bal"": 0.0, ""lambda_usage_entropy"": 0.5, ""num_clusters"": 28, ""num_hops"": 4, ""tau_c"": 0.3, ""tau_s"": 0.05, ""usage_entropy_lower"": 0.65, ""usage_entropy_upper"": 0.9}",/autodl-fs/data/recap/tuning_hyperparams/interaction_tuning/results/interaction_entropy_v1/checkpoints/comm__gain2_soft_assign/recap/trial_1/model.pt
comm__gain2_soft_assign,community_profile,1,citeseer,0.8882824467527017,0.36132935346404954,"{""assignment_entropy_lower"": 0.55, ""assignment_entropy_upper"": 0.9, ""beta"": 0.02, ""cluster_init_gain"": 2.0, ""knn_k"": 20, ""lambda_E"": 0.1, ""lambda_H"": 0.35, ""lambda_bal"": 0.0, ""lambda_usage_entropy"": 0.5, ""num_clusters"": 28, ""num_hops"": 4, ""tau_c"": 0.3, ""tau_s"": 0.05, ""usage_entropy_lower"": 0.65, ""usage_entropy_upper"": 0.9}",/autodl-fs/data/recap/tuning_hyperparams/interaction_tuning/results/interaction_entropy_v1/checkpoints/comm__gain2_soft_assign/recap/trial_1/model.pt
comm__gain2_soft_assign,community_profile,1,ACM,0.7754885081921219,0.3620003878548329,"{""assignment_entropy_lower"": 0.55, ""assignment_entropy_upper"": 0.9, ""beta"": 0.02, ""cluster_init_gain"": 2.0, ""knn_k"": 20, ""lambda_E"": 0.1, ""lambda_H"": 0.35, ""lambda_bal"": 0.0, ""lambda_usage_entropy"": 0.5, ""num_clusters"": 28, ""num_hops"": 4, ""tau_c"": 0.3, ""tau_s"": 0.05, ""usage_entropy_lower"": 0.65, ""usage_entropy_upper"": 0.9}",/autodl-fs/data/recap/tuning_hyperparams/interaction_tuning/results/interaction_entropy_v1/checkpoints/comm__gain2_soft_assign/recap/trial_1/model.pt
comm__gain2_soft_assign,community_profile,1,BlogCatalog,0.7258289079520697,0.3204830590650903,"{""assignment_entropy_lower"": 0.55, ""assignment_entropy_upper"": 0.9, ""beta"": 0.02, ""cluster_init_gain"": 2.0, ""knn_k"": 20, ""lambda_E"": 0.1, ""lambda_H"": 0.35, ""lambda_bal"": 0.0, ""lambda_usage_entropy"": 0.5, ""num_clusters"": 28, ""num_hops"": 4, ""tau_c"": 0.3, ""tau_s"": 0.05, ""usage_entropy_lower"": 0.65, ""usage_entropy_upper"": 0.9}",/autodl-fs/data/recap/tuning_hyperparams/interaction_tuning/results/interaction_entropy_v1/checkpoints/comm__gain2_soft_assign/recap/trial_1/model.pt
comm__gain2_soft_assign,community_profile,1,weibo,0.7077040517166006,0.3161359647855882,"{""assignment_entropy_lower"": 0.55, ""assignment_entropy_upper"": 0.9, ""beta"": 0.02, ""cluster_init_gain"": 2.0, ""knn_k"": 20, ""lambda_E"": 0.1, ""lambda_H"": 0.35, ""lambda_bal"": 0.0, ""lambda_usage_entropy"": 0.5, ""num_clusters"": 28, ""num_hops"": 4, ""tau_c"": 0.3, ""tau_s"": 0.05, ""usage_entropy_lower"": 0.65, ""usage_entropy_upper"": 0.9}",/autodl-fs/data/recap/tuning_hyperparams/interaction_tuning/results/interaction_entropy_v1/checkpoints/comm__gain2_soft_assign/recap/trial_1/model.pt
comm__gain2_soft_assign,community_profile,1,Reddit,0.5732220108754389,0.04493598610880846,"{""assignment_entropy_lower"": 0.55, ""assignment_entropy_upper"": 0.9, ""beta"": 0.02, ""cluster_init_gain"": 2.0, ""knn_k"": 20, ""lambda_E"": 0.1, ""lambda_H"": 0.35, ""lambda_bal"": 0.0, ""lambda_usage_entropy"": 0.5, ""num_clusters"": 28, ""num_hops"": 4, ""tau_c"": 0.3, ""tau_s"": 0.05, ""usage_entropy_lower"": 0.65, ""usage_entropy_upper"": 0.9}",/autodl-fs/data/recap/tuning_hyperparams/interaction_tuning/results/interaction_entropy_v1/checkpoints/comm__gain2_soft_assign/recap/trial_1/model.pt
comm__gain2_soft_assign,community_profile,1,Amazon,0.7370609432302854,0.13576743351666526,"{""assignment_entropy_lower"": 0.55, ""assignment_entropy_upper"": 0.9, ""beta"": 0.02, ""cluster_init_gain"": 2.0, ""knn_k"": 20, ""lambda_E"": 0.1, ""lambda_H"": 0.35, ""lambda_bal"": 0.0, ""lambda_usage_entropy"": 0.5, ""num_clusters"": 28, ""num_hops"": 4, ""tau_c"": 0.3, ""tau_s"": 0.05, ""usage_entropy_lower"": 0.65, ""usage_entropy_upper"": 0.9}",/autodl-fs/data/recap/tuning_hyperparams/interaction_tuning/results/interaction_entropy_v1/checkpoints/comm__gain2_soft_assign/recap/trial_1/model.pt
comm__gain2_soft_assign,community_profile,2,Facebook,0.5859090909090909,0.05470187274262662,"{""assignment_entropy_lower"": 0.55, ""assignment_entropy_upper"": 0.9, ""beta"": 0.02, ""cluster_init_gain"": 2.0, ""knn_k"": 20, ""lambda_E"": 0.1, ""lambda_H"": 0.35, ""lambda_bal"": 0.0, ""lambda_usage_entropy"": 0.5, ""num_clusters"": 28, ""num_hops"": 4, ""tau_c"": 0.3, ""tau_s"": 0.05, ""usage_entropy_lower"": 0.65, ""usage_entropy_upper"": 0.9}",/autodl-fs/data/recap/tuning_hyperparams/interaction_tuning/results/interaction_entropy_v1/checkpoints/comm__gain2_soft_assign/recap/trial_2/model.pt
comm__gain2_soft_assign,community_profile,2,cora,0.8123221266614542,0.3021146297571861,"{""assignment_entropy_lower"": 0.55, ""assignment_entropy_upper"": 0.9, ""beta"": 0.02, ""cluster_init_gain"": 2.0, ""knn_k"": 20, ""lambda_E"": 0.1, ""lambda_H"": 0.35, ""lambda_bal"": 0.0, ""lambda_usage_entropy"": 0.5, ""num_clusters"": 28, ""num_hops"": 4, ""tau_c"": 0.3, ""tau_s"": 0.05, ""usage_entropy_lower"": 0.65, ""usage_entropy_upper"": 0.9}",/autodl-fs/data/recap/tuning_hyperparams/interaction_tuning/results/interaction_entropy_v1/checkpoints/comm__gain2_soft_assign/recap/trial_2/model.pt
comm__gain2_soft_assign,community_profile,2,citeseer,0.8866624698352743,0.3765798422467474,"{""assignment_entropy_lower"": 0.55, ""assignment_entropy_upper"": 0.9, ""beta"": 0.02, ""cluster_init_gain"": 2.0, ""knn_k"": 20, ""lambda_E"": 0.1, ""lambda_H"": 0.35, ""lambda_bal"": 0.0, ""lambda_usage_entropy"": 0.5, ""num_clusters"": 28, ""num_hops"": 4, ""tau_c"": 0.3, ""tau_s"": 0.05, ""usage_entropy_lower"": 0.65, ""usage_entropy_upper"": 0.9}",/autodl-fs/data/recap/tuning_hyperparams/interaction_tuning/results/interaction_entropy_v1/checkpoints/comm__gain2_soft_assign/recap/trial_2/model.pt
comm__gain2_soft_assign,community_profile,2,ACM,0.7753279310676039,0.35728183345589754,"{""assignment_entropy_lower"": 0.55, ""assignment_entropy_upper"": 0.9, ""beta"": 0.02, ""cluster_init_gain"": 2.0, ""knn_k"": 20, ""lambda_E"": 0.1, ""lambda_H"": 0.35, ""lambda_bal"": 0.0, ""lambda_usage_entropy"": 0.5, ""num_clusters"": 28, ""num_hops"": 4, ""tau_c"": 0.3, ""tau_s"": 0.05, ""usage_entropy_lower"": 0.65, ""usage_entropy_upper"": 0.9}",/autodl-fs/data/recap/tuning_hyperparams/interaction_tuning/results/interaction_entropy_v1/checkpoints/comm__gain2_soft_assign/recap/trial_2/model.pt
comm__gain2_soft_assign,community_profile,2,BlogCatalog,0.7177505446623093,0.3132345967389005,"{""assignment_entropy_lower"": 0.55, ""assignment_entropy_upper"": 0.9, ""beta"": 0.02, ""cluster_init_gain"": 2.0, ""knn_k"": 20, ""lambda_E"": 0.1, ""lambda_H"": 0.35, ""lambda_bal"": 0.0, ""lambda_usage_entropy"": 0.5, ""num_clusters"": 28, ""num_hops"": 4, ""tau_c"": 0.3, ""tau_s"": 0.05, ""usage_entropy_lower"": 0.65, ""usage_entropy_upper"": 0.9}",/autodl-fs/data/recap/tuning_hyperparams/interaction_tuning/results/interaction_entropy_v1/checkpoints/comm__gain2_soft_assign/recap/trial_2/model.pt
comm__gain2_soft_assign,community_profile,2,weibo,0.7119558106276318,0.32249885369863723,"{""assignment_entropy_lower"": 0.55, ""assignment_entropy_upper"": 0.9, ""beta"": 0.02, ""cluster_init_gain"": 2.0, ""knn_k"": 20, ""lambda_E"": 0.1, ""lambda_H"": 0.35, ""lambda_bal"": 0.0, ""lambda_usage_entropy"": 0.5, ""num_clusters"": 28, ""num_hops"": 4, ""tau_c"": 0.3, ""tau_s"": 0.05, ""usage_entropy_lower"": 0.65, ""usage_entropy_upper"": 0.9}",/autodl-fs/data/recap/tuning_hyperparams/interaction_tuning/results/interaction_entropy_v1/checkpoints/comm__gain2_soft_assign/recap/trial_2/model.pt
comm__gain2_soft_assign,community_profile,2,Reddit,0.5923168153470703,0.04557328911468435,"{""assignment_entropy_lower"": 0.55, ""assignment_entropy_upper"": 0.9, ""beta"": 0.02, ""cluster_init_gain"": 2.0, ""knn_k"": 20, ""lambda_E"": 0.1, ""lambda_H"": 0.35, ""lambda_bal"": 0.0, ""lambda_usage_entropy"": 0.5, ""num_clusters"": 28, ""num_hops"": 4, ""tau_c"": 0.3, ""tau_s"": 0.05, ""usage_entropy_lower"": 0.65, ""usage_entropy_upper"": 0.9}",/autodl-fs/data/recap/tuning_hyperparams/interaction_tuning/results/interaction_entropy_v1/checkpoints/comm__gain2_soft_assign/recap/trial_2/model.pt
comm__gain2_soft_assign,community_profile,2,Amazon,0.7226274465808619,0.12899864648832018,"{""assignment_entropy_lower"": 0.55, ""assignment_entropy_upper"": 0.9, ""beta"": 0.02, ""cluster_init_gain"": 2.0, ""knn_k"": 20, ""lambda_E"": 0.1, ""lambda_H"": 0.35, ""lambda_bal"": 0.0, ""lambda_usage_entropy"": 0.5, ""num_clusters"": 28, ""num_hops"": 4, ""tau_c"": 0.3, ""tau_s"": 0.05, ""usage_entropy_lower"": 0.65, ""usage_entropy_upper"": 0.9}",/autodl-fs/data/recap/tuning_hyperparams/interaction_tuning/results/interaction_entropy_v1/checkpoints/comm__gain2_soft_assign/recap/trial_2/model.pt
comm__gain2_hard_assign,community_profile,0,Facebook,0.5732575757575759,0.032620475755122384,"{""assignment_entropy_lower"": 0.35, ""assignment_entropy_upper"": 0.8, ""beta"": 0.02, ""cluster_init_gain"": 2.0, ""knn_k"": 20, ""lambda_E"": 0.1, ""lambda_H"": 0.35, ""lambda_bal"": 0.0, ""lambda_usage_entropy"": 0.5, ""num_clusters"": 28, ""num_hops"": 4, ""tau_c"": 0.3, ""tau_s"": 0.05, ""usage_entropy_lower"": 0.65, ""usage_entropy_upper"": 0.9}",/autodl-fs/data/recap/tuning_hyperparams/interaction_tuning/results/interaction_entropy_v1/checkpoints/comm__gain2_hard_assign/recap/trial_0/model.pt
comm__gain2_hard_assign,community_profile,0,cora,0.8132838154808444,0.32736657539855096,"{""assignment_entropy_lower"": 0.35, ""assignment_entropy_upper"": 0.8, ""beta"": 0.02, ""cluster_init_gain"": 2.0, ""knn_k"": 20, ""lambda_E"": 0.1, ""lambda_H"": 0.35, ""lambda_bal"": 0.0, ""lambda_usage_entropy"": 0.5, ""num_clusters"": 28, ""num_hops"": 4, ""tau_c"": 0.3, ""tau_s"": 0.05, ""usage_entropy_lower"": 0.65, ""usage_entropy_upper"": 0.9}",/autodl-fs/data/recap/tuning_hyperparams/interaction_tuning/results/interaction_entropy_v1/checkpoints/comm__gain2_hard_assign/recap/trial_0/model.pt
comm__gain2_hard_assign,community_profile,0,citeseer,0.8930080789004302,0.3375793314105078,"{""assignment_entropy_lower"": 0.35, ""assignment_entropy_upper"": 0.8, ""beta"": 0.02, ""cluster_init_gain"": 2.0, ""knn_k"": 20, ""lambda_E"": 0.1, ""lambda_H"": 0.35, ""lambda_bal"": 0.0, ""lambda_usage_entropy"": 0.5, ""num_clusters"": 28, ""num_hops"": 4, ""tau_c"": 0.3, ""tau_s"": 0.05, ""usage_entropy_lower"": 0.65, ""usage_entropy_upper"": 0.9}",/autodl-fs/data/recap/tuning_hyperparams/interaction_tuning/results/interaction_entropy_v1/checkpoints/comm__gain2_hard_assign/recap/trial_0/model.pt
comm__gain2_hard_assign,community_profile,0,ACM,0.7826360353413065,0.35944089186010414,"{""assignment_entropy_lower"": 0.35, ""assignment_entropy_upper"": 0.8, ""beta"": 0.02, ""cluster_init_gain"": 2.0, ""knn_k"": 20, ""lambda_E"": 0.1, ""lambda_H"": 0.35, ""lambda_bal"": 0.0, ""lambda_usage_entropy"": 0.5, ""num_clusters"": 28, ""num_hops"": 4, ""tau_c"": 0.3, ""tau_s"": 0.05, ""usage_entropy_lower"": 0.65, ""usage_entropy_upper"": 0.9}",/autodl-fs/data/recap/tuning_hyperparams/interaction_tuning/results/interaction_entropy_v1/checkpoints/comm__gain2_hard_assign/recap/trial_0/model.pt
comm__gain2_hard_assign,community_profile,0,BlogCatalog,0.7328189678649236,0.3152938599103769,"{""assignment_entropy_lower"": 0.35, ""assignment_entropy_upper"": 0.8, ""beta"": 0.02, ""cluster_init_gain"": 2.0, ""knn_k"": 20, ""lambda_E"": 0.1, ""lambda_H"": 0.35, ""lambda_bal"": 0.0, ""lambda_usage_entropy"": 0.5, ""num_clusters"": 28, ""num_hops"": 4, ""tau_c"": 0.3, ""tau_s"": 0.05, ""usage_entropy_lower"": 0.65, ""usage_entropy_upper"": 0.9}",/autodl-fs/data/recap/tuning_hyperparams/interaction_tuning/results/interaction_entropy_v1/checkpoints/comm__gain2_hard_assign/recap/trial_0/model.pt
comm__gain2_hard_assign,community_profile,0,weibo,0.719270645766599,0.3201351736128328,"{""assignment_entropy_lower"": 0.35, ""assignment_entropy_upper"": 0.8, ""beta"": 0.02, ""cluster_init_gain"": 2.0, ""knn_k"": 20, ""lambda_E"": 0.1, ""lambda_H"": 0.35, ""lambda_bal"": 0.0, ""lambda_usage_entropy"": 0.5, ""num_clusters"": 28, ""num_hops"": 4, ""tau_c"": 0.3, ""tau_s"": 0.05, ""usage_entropy_lower"": 0.65, ""usage_entropy_upper"": 0.9}",/autodl-fs/data/recap/tuning_hyperparams/interaction_tuning/results/interaction_entropy_v1/checkpoints/comm__gain2_hard_assign/recap/trial_0/model.pt
comm__gain2_hard_assign,community_profile,0,Reddit,0.5815919096039615,0.04624171864910801,"{""assignment_entropy_lower"": 0.35, ""assignment_entropy_upper"": 0.8, ""beta"": 0.02, ""cluster_init_gain"": 2.0, ""knn_k"": 20, ""lambda_E"": 0.1, ""lambda_H"": 0.35, ""lambda_bal"": 0.0, ""lambda_usage_entropy"": 0.5, ""num_clusters"": 28, ""num_hops"": 4, ""tau_c"": 0.3, ""tau_s"": 0.05, ""usage_entropy_lower"": 0.65, ""usage_entropy_upper"": 0.9}",/autodl-fs/data/recap/tuning_hyperparams/interaction_tuning/results/interaction_entropy_v1/checkpoints/comm__gain2_hard_assign/recap/trial_0/model.pt
comm__gain2_hard_assign,community_profile,0,Amazon,0.7500948904789007,0.1408865487212713,"{""assignment_entropy_lower"": 0.35, ""assignment_entropy_upper"": 0.8, ""beta"": 0.02, ""cluster_init_gain"": 2.0, ""knn_k"": 20, ""lambda_E"": 0.1, ""lambda_H"": 0.35, ""lambda_bal"": 0.0, ""lambda_usage_entropy"": 0.5, ""num_clusters"": 28, ""num_hops"": 4, ""tau_c"": 0.3, ""tau_s"": 0.05, ""usage_entropy_lower"": 0.65, ""usage_entropy_upper"": 0.9}",/autodl-fs/data/recap/tuning_hyperparams/interaction_tuning/results/interaction_entropy_v1/checkpoints/comm__gain2_hard_assign/recap/trial_0/model.pt
comm__gain2_hard_assign,community_profile,1,Facebook,0.5747348484848485,0.0344489346343351,"{""assignment_entropy_lower"": 0.35, ""assignment_entropy_upper"": 0.8, ""beta"": 0.02, ""cluster_init_gain"": 2.0, ""knn_k"": 20, ""lambda_E"": 0.1, ""lambda_H"": 0.35, ""lambda_bal"": 0.0, ""lambda_usage_entropy"": 0.5, ""num_clusters"": 28, ""num_hops"": 4, ""tau_c"": 0.3, ""tau_s"": 0.05, ""usage_entropy_lower"": 0.65, ""usage_entropy_upper"": 0.9}",/autodl-fs/data/recap/tuning_hyperparams/interaction_tuning/results/interaction_entropy_v1/checkpoints/comm__gain2_hard_assign/recap/trial_1/model.pt
comm__gain2_hard_assign,community_profile,1,cora,0.8179827990617671,0.30784564366551187,"{""assignment_entropy_lower"": 0.35, ""assignment_entropy_upper"": 0.8, ""beta"": 0.02, ""cluster_init_gain"": 2.0, ""knn_k"": 20, ""lambda_E"": 0.1, ""lambda_H"": 0.35, ""lambda_bal"": 0.0, ""lambda_usage_entropy"": 0.5, ""num_clusters"": 28, ""num_hops"": 4, ""tau_c"": 0.3, ""tau_s"": 0.05, ""usage_entropy_lower"": 0.65, ""usage_entropy_upper"": 0.9}",/autodl-fs/data/recap/tuning_hyperparams/interaction_tuning/results/interaction_entropy_v1/checkpoints/comm__gain2_hard_assign/recap/trial_1/model.pt
comm__gain2_hard_assign,community_profile,1,citeseer,0.8867652922043857,0.35784654549612666,"{""assignment_entropy_lower"": 0.35, ""assignment_entropy_upper"": 0.8, ""beta"": 0.02, ""cluster_init_gain"": 2.0, ""knn_k"": 20, ""lambda_E"": 0.1, ""lambda_H"": 0.35, ""lambda_bal"": 0.0, ""lambda_usage_entropy"": 0.5, ""num_clusters"": 28, ""num_hops"": 4, ""tau_c"": 0.3, ""tau_s"": 0.05, ""usage_entropy_lower"": 0.65, ""usage_entropy_upper"": 0.9}",/autodl-fs/data/recap/tuning_hyperparams/interaction_tuning/results/interaction_entropy_v1/checkpoints/comm__gain2_hard_assign/recap/trial_1/model.pt
comm__gain2_hard_assign,community_profile,1,ACM,0.7754905114523752,0.3613590767680366,"{""assignment_entropy_lower"": 0.35, ""assignment_entropy_upper"": 0.8, ""beta"": 0.02, ""cluster_init_gain"": 2.0, ""knn_k"": 20, ""lambda_E"": 0.1, ""lambda_H"": 0.35, ""lambda_bal"": 0.0, ""lambda_usage_entropy"": 0.5, ""num_clusters"": 28, ""num_hops"": 4, ""tau_c"": 0.3, ""tau_s"": 0.05, ""usage_entropy_lower"": 0.65, ""usage_entropy_upper"": 0.9}",/autodl-fs/data/recap/tuning_hyperparams/interaction_tuning/results/interaction_entropy_v1/checkpoints/comm__gain2_hard_assign/recap/trial_1/model.pt
comm__gain2_hard_assign,community_profile,1,BlogCatalog,0.7267265795206972,0.32167664705333177,"{""assignment_entropy_lower"": 0.35, ""assignment_entropy_upper"": 0.8, ""beta"": 0.02, ""cluster_init_gain"": 2.0, ""knn_k"": 20, ""lambda_E"": 0.1, ""lambda_H"": 0.35, ""lambda_bal"": 0.0, ""lambda_usage_entropy"": 0.5, ""num_clusters"": 28, ""num_hops"": 4, ""tau_c"": 0.3, ""tau_s"": 0.05, ""usage_entropy_lower"": 0.65, ""usage_entropy_upper"": 0.9}",/autodl-fs/data/recap/tuning_hyperparams/interaction_tuning/results/interaction_entropy_v1/checkpoints/comm__gain2_hard_assign/recap/trial_1/model.pt
comm__gain2_hard_assign,community_profile,1,weibo,0.7783909670815986,0.3260619230557387,"{""assignment_entropy_lower"": 0.35, ""assignment_entropy_upper"": 0.8, ""beta"": 0.02, ""cluster_init_gain"": 2.0, ""knn_k"": 20, ""lambda_E"": 0.1, ""lambda_H"": 0.35, ""lambda_bal"": 0.0, ""lambda_usage_entropy"": 0.5, ""num_clusters"": 28, ""num_hops"": 4, ""tau_c"": 0.3, ""tau_s"": 0.05, ""usage_entropy_lower"": 0.65, ""usage_entropy_upper"": 0.9}",/autodl-fs/data/recap/tuning_hyperparams/interaction_tuning/results/interaction_entropy_v1/checkpoints/comm__gain2_hard_assign/recap/trial_1/model.pt
comm__gain2_hard_assign,community_profile,1,Reddit,0.5735386450681234,0.045045247834622215,"{""assignment_entropy_lower"": 0.35, ""assignment_entropy_upper"": 0.8, ""beta"": 0.02, ""cluster_init_gain"": 2.0, ""knn_k"": 20, ""lambda_E"": 0.1, ""lambda_H"": 0.35, ""lambda_bal"": 0.0, ""lambda_usage_entropy"": 0.5, ""num_clusters"": 28, ""num_hops"": 4, ""tau_c"": 0.3, ""tau_s"": 0.05, ""usage_entropy_lower"": 0.65, ""usage_entropy_upper"": 0.9}",/autodl-fs/data/recap/tuning_hyperparams/interaction_tuning/results/interaction_entropy_v1/checkpoints/comm__gain2_hard_assign/recap/trial_1/model.pt
comm__gain2_hard_assign,community_profile,1,Amazon,0.7288996807410405,0.13294400845757492,"{""assignment_entropy_lower"": 0.35, ""assignment_entropy_upper"": 0.8, ""beta"": 0.02, ""cluster_init_gain"": 2.0, ""knn_k"": 20, ""lambda_E"": 0.1, ""lambda_H"": 0.35, ""lambda_bal"": 0.0, ""lambda_usage_entropy"": 0.5, ""num_clusters"": 28, ""num_hops"": 4, ""tau_c"": 0.3, ""tau_s"": 0.05, ""usage_entropy_lower"": 0.65, ""usage_entropy_upper"": 0.9}",/autodl-fs/data/recap/tuning_hyperparams/interaction_tuning/results/interaction_entropy_v1/checkpoints/comm__gain2_hard_assign/recap/trial_1/model.pt
comm__gain2_hard_assign,community_profile,2,Facebook,0.5762878787878788,0.03516960894859031,"{""assignment_entropy_lower"": 0.35, ""assignment_entropy_upper"": 0.8, ""beta"": 0.02, ""cluster_init_gain"": 2.0, ""knn_k"": 20, ""lambda_E"": 0.1, ""lambda_H"": 0.35, ""lambda_bal"": 0.0, ""lambda_usage_entropy"": 0.5, ""num_clusters"": 28, ""num_hops"": 4, ""tau_c"": 0.3, ""tau_s"": 0.05, ""usage_entropy_lower"": 0.65, ""usage_entropy_upper"": 0.9}",/autodl-fs/data/recap/tuning_hyperparams/interaction_tuning/results/interaction_entropy_v1/checkpoints/comm__gain2_hard_assign/recap/trial_2/model.pt
comm__gain2_hard_assign,community_profile,2,cora,0.805621579358874,0.2814912372810279,"{""assignment_entropy_lower"": 0.35, ""assignment_entropy_upper"": 0.8, ""beta"": 0.02, ""cluster_init_gain"": 2.0, ""knn_k"": 20, ""lambda_E"": 0.1, ""lambda_H"": 0.35, ""lambda_bal"": 0.0, ""lambda_usage_entropy"": 0.5, ""num_clusters"": 28, ""num_hops"": 4, ""tau_c"": 0.3, ""tau_s"": 0.05, ""usage_entropy_lower"": 0.65, ""usage_entropy_upper"": 0.9}",/autodl-fs/data/recap/tuning_hyperparams/interaction_tuning/results/interaction_entropy_v1/checkpoints/comm__gain2_hard_assign/recap/trial_2/model.pt
comm__gain2_hard_assign,community_profile,2,citeseer,0.8930825726576435,0.39502915396700383,"{""assignment_entropy_lower"": 0.35, ""assignment_entropy_upper"": 0.8, ""beta"": 0.02, ""cluster_init_gain"": 2.0, ""knn_k"": 20, ""lambda_E"": 0.1, ""lambda_H"": 0.35, ""lambda_bal"": 0.0, ""lambda_usage_entropy"": 0.5, ""num_clusters"": 28, ""num_hops"": 4, ""tau_c"": 0.3, ""tau_s"": 0.05, ""usage_entropy_lower"": 0.65, ""usage_entropy_upper"": 0.9}",/autodl-fs/data/recap/tuning_hyperparams/interaction_tuning/results/interaction_entropy_v1/checkpoints/comm__gain2_hard_assign/recap/trial_2/model.pt
comm__gain2_hard_assign,community_profile,2,ACM,0.7709054704714693,0.35675811596623064,"{""assignment_entropy_lower"": 0.35, ""assignment_entropy_upper"": 0.8, ""beta"": 0.02, ""cluster_init_gain"": 2.0, ""knn_k"": 20, ""lambda_E"": 0.1, ""lambda_H"": 0.35, ""lambda_bal"": 0.0, ""lambda_usage_entropy"": 0.5, ""num_clusters"": 28, ""num_hops"": 4, ""tau_c"": 0.3, ""tau_s"": 0.05, ""usage_entropy_lower"": 0.65, ""usage_entropy_upper"": 0.9}",/autodl-fs/data/recap/tuning_hyperparams/interaction_tuning/results/interaction_entropy_v1/checkpoints/comm__gain2_hard_assign/recap/trial_2/model.pt
comm__gain2_hard_assign,community_profile,2,BlogCatalog,0.7189566312636165,0.31127871938684526,"{""assignment_entropy_lower"": 0.35, ""assignment_entropy_upper"": 0.8, ""beta"": 0.02, ""cluster_init_gain"": 2.0, ""knn_k"": 20, ""lambda_E"": 0.1, ""lambda_H"": 0.35, ""lambda_bal"": 0.0, ""lambda_usage_entropy"": 0.5, ""num_clusters"": 28, ""num_hops"": 4, ""tau_c"": 0.3, ""tau_s"": 0.05, ""usage_entropy_lower"": 0.65, ""usage_entropy_upper"": 0.9}",/autodl-fs/data/recap/tuning_hyperparams/interaction_tuning/results/interaction_entropy_v1/checkpoints/comm__gain2_hard_assign/recap/trial_2/model.pt
comm__gain2_hard_assign,community_profile,2,weibo,0.7500045092444096,0.3106659531200678,"{""assignment_entropy_lower"": 0.35, ""assignment_entropy_upper"": 0.8, ""beta"": 0.02, ""cluster_init_gain"": 2.0, ""knn_k"": 20, ""lambda_E"": 0.1, ""lambda_H"": 0.35, ""lambda_bal"": 0.0, ""lambda_usage_entropy"": 0.5, ""num_clusters"": 28, ""num_hops"": 4, ""tau_c"": 0.3, ""tau_s"": 0.05, ""usage_entropy_lower"": 0.65, ""usage_entropy_upper"": 0.9}",/autodl-fs/data/recap/tuning_hyperparams/interaction_tuning/results/interaction_entropy_v1/checkpoints/comm__gain2_hard_assign/recap/trial_2/model.pt
comm__gain2_hard_assign,community_profile,2,Reddit,0.5886064956198722,0.04519491870548746,"{""assignment_entropy_lower"": 0.35, ""assignment_entropy_upper"": 0.8, ""beta"": 0.02, ""cluster_init_gain"": 2.0, ""knn_k"": 20, ""lambda_E"": 0.1, ""lambda_H"": 0.35, ""lambda_bal"": 0.0, ""lambda_usage_entropy"": 0.5, ""num_clusters"": 28, ""num_hops"": 4, ""tau_c"": 0.3, ""tau_s"": 0.05, ""usage_entropy_lower"": 0.65, ""usage_entropy_upper"": 0.9}",/autodl-fs/data/recap/tuning_hyperparams/interaction_tuning/results/interaction_entropy_v1/checkpoints/comm__gain2_hard_assign/recap/trial_2/model.pt
comm__gain2_hard_assign,community_profile,2,Amazon,0.7398258254411858,0.13667795385519443,"{""assignment_entropy_lower"": 0.35, ""assignment_entropy_upper"": 0.8, ""beta"": 0.02, ""cluster_init_gain"": 2.0, ""knn_k"": 20, ""lambda_E"": 0.1, ""lambda_H"": 0.35, ""lambda_bal"": 0.0, ""lambda_usage_entropy"": 0.5, ""num_clusters"": 28, ""num_hops"": 4, ""tau_c"": 0.3, ""tau_s"": 0.05, ""usage_entropy_lower"": 0.65, ""usage_entropy_upper"": 0.9}",/autodl-fs/data/recap/tuning_hyperparams/interaction_tuning/results/interaction_entropy_v1/checkpoints/comm__gain2_hard_assign/recap/trial_2/model.pt
beta_recal__b0,beta_recalibration,0,Facebook,0.5807575757575757,0.03338102000053798,"{""assignment_entropy_lower"": 0.45, ""assignment_entropy_upper"": 0.85, ""beta"": 0, ""cluster_init_gain"": 2.0, ""knn_k"": 20, ""lambda_E"": 0.1, ""lambda_H"": 0.35, ""lambda_bal"": 0.0, ""lambda_usage_entropy"": 0.5, ""num_clusters"": 28, ""num_hops"": 4, ""tau_c"": 0.3, ""tau_s"": 0.05, ""usage_entropy_lower"": 0.65, ""usage_entropy_upper"": 0.9}",/autodl-fs/data/recap/tuning_hyperparams/interaction_tuning/results/interaction_entropy_v1/checkpoints/beta_recal__b0/recap/trial_0/model.pt
beta_recal__b0,beta_recalibration,0,cora,0.809332812092781,0.3298537939429485,"{""assignment_entropy_lower"": 0.45, ""assignment_entropy_upper"": 0.85, ""beta"": 0, ""cluster_init_gain"": 2.0, ""knn_k"": 20, ""lambda_E"": 0.1, ""lambda_H"": 0.35, ""lambda_bal"": 0.0, ""lambda_usage_entropy"": 0.5, ""num_clusters"": 28, ""num_hops"": 4, ""tau_c"": 0.3, ""tau_s"": 0.05, ""usage_entropy_lower"": 0.65, ""usage_entropy_upper"": 0.9}",/autodl-fs/data/recap/tuning_hyperparams/interaction_tuning/results/interaction_entropy_v1/checkpoints/beta_recal__b0/recap/trial_0/model.pt
beta_recal__b0,beta_recalibration,0,citeseer,0.8883286118980169,0.33104899034630736,"{""assignment_entropy_lower"": 0.45, ""assignment_entropy_upper"": 0.85, ""beta"": 0, ""cluster_init_gain"": 2.0, ""knn_k"": 20, ""lambda_E"": 0.1, ""lambda_H"": 0.35, ""lambda_bal"": 0.0, ""lambda_usage_entropy"": 0.5, ""num_clusters"": 28, ""num_hops"": 4, ""tau_c"": 0.3, ""tau_s"": 0.05, ""usage_entropy_lower"": 0.65, ""usage_entropy_upper"": 0.9}",/autodl-fs/data/recap/tuning_hyperparams/interaction_tuning/results/interaction_entropy_v1/checkpoints/beta_recal__b0/recap/trial_0/model.pt
beta_recal__b0,beta_recalibration,0,ACM,0.7901536911809841,0.36106576849889993,"{""assignment_entropy_lower"": 0.45, ""assignment_entropy_upper"": 0.85, ""beta"": 0, ""cluster_init_gain"": 2.0, ""knn_k"": 20, ""lambda_E"": 0.1, ""lambda_H"": 0.35, ""lambda_bal"": 0.0, ""lambda_usage_entropy"": 0.5, ""num_clusters"": 28, ""num_hops"": 4, ""tau_c"": 0.3, ""tau_s"": 0.05, ""usage_entropy_lower"": 0.65, ""usage_entropy_upper"": 0.9}",/autodl-fs/data/recap/tuning_hyperparams/interaction_tuning/results/interaction_entropy_v1/checkpoints/beta_recal__b0/recap/trial_0/model.pt
beta_recal__b0,beta_recalibration,0,BlogCatalog,0.7365767973856209,0.3354509124053965,"{""assignment_entropy_lower"": 0.45, ""assignment_entropy_upper"": 0.85, ""beta"": 0, ""cluster_init_gain"": 2.0, ""knn_k"": 20, ""lambda_E"": 0.1, ""lambda_H"": 0.35, ""lambda_bal"": 0.0, ""lambda_usage_entropy"": 0.5, ""num_clusters"": 28, ""num_hops"": 4, ""tau_c"": 0.3, ""tau_s"": 0.05, ""usage_entropy_lower"": 0.65, ""usage_entropy_upper"": 0.9}",/autodl-fs/data/recap/tuning_hyperparams/interaction_tuning/results/interaction_entropy_v1/checkpoints/beta_recal__b0/recap/trial_0/model.pt
beta_recal__b0,beta_recalibration,0,weibo,0.6925420613147184,0.32703312634169773,"{""assignment_entropy_lower"": 0.45, ""assignment_entropy_upper"": 0.85, ""beta"": 0, ""cluster_init_gain"": 2.0, ""knn_k"": 20, ""lambda_E"": 0.1, ""lambda_H"": 0.35, ""lambda_bal"": 0.0, ""lambda_usage_entropy"": 0.5, ""num_clusters"": 28, ""num_hops"": 4, ""tau_c"": 0.3, ""tau_s"": 0.05, ""usage_entropy_lower"": 0.65, ""usage_entropy_upper"": 0.9}",/autodl-fs/data/recap/tuning_hyperparams/interaction_tuning/results/interaction_entropy_v1/checkpoints/beta_recal__b0/recap/trial_0/model.pt
beta_recal__b0,beta_recalibration,0,Reddit,0.5817466885287073,0.046056795502747105,"{""assignment_entropy_lower"": 0.45, ""assignment_entropy_upper"": 0.85, ""beta"": 0, ""cluster_init_gain"": 2.0, ""knn_k"": 20, ""lambda_E"": 0.1, ""lambda_H"": 0.35, ""lambda_bal"": 0.0, ""lambda_usage_entropy"": 0.5, ""num_clusters"": 28, ""num_hops"": 4, ""tau_c"": 0.3, ""tau_s"": 0.05, ""usage_entropy_lower"": 0.65, ""usage_entropy_upper"": 0.9}",/autodl-fs/data/recap/tuning_hyperparams/interaction_tuning/results/interaction_entropy_v1/checkpoints/beta_recal__b0/recap/trial_0/model.pt
beta_recal__b0,beta_recalibration,0,Amazon,0.7370482255593995,0.13345855251854527,"{""assignment_entropy_lower"": 0.45, ""assignment_entropy_upper"": 0.85, ""beta"": 0, ""cluster_init_gain"": 2.0, ""knn_k"": 20, ""lambda_E"": 0.1, ""lambda_H"": 0.35, ""lambda_bal"": 0.0, ""lambda_usage_entropy"": 0.5, ""num_clusters"": 28, ""num_hops"": 4, ""tau_c"": 0.3, ""tau_s"": 0.05, ""usage_entropy_lower"": 0.65, ""usage_entropy_upper"": 0.9}",/autodl-fs/data/recap/tuning_hyperparams/interaction_tuning/results/interaction_entropy_v1/checkpoints/beta_recal__b0/recap/trial_0/model.pt
beta_recal__b0,beta_recalibration,1,Facebook,0.5697727272727272,0.03458028594843109,"{""assignment_entropy_lower"": 0.45, ""assignment_entropy_upper"": 0.85, ""beta"": 0, ""cluster_init_gain"": 2.0, ""knn_k"": 20, ""lambda_E"": 0.1, ""lambda_H"": 0.35, ""lambda_bal"": 0.0, ""lambda_usage_entropy"": 0.5, ""num_clusters"": 28, ""num_hops"": 4, ""tau_c"": 0.3, ""tau_s"": 0.05, ""usage_entropy_lower"": 0.65, ""usage_entropy_upper"": 0.9}",/autodl-fs/data/recap/tuning_hyperparams/interaction_tuning/results/interaction_entropy_v1/checkpoints/beta_recal__b0/recap/trial_1/model.pt
beta_recal__b0,beta_recalibration,1,cora,0.8182538441490746,0.3120713140777683,"{""assignment_entropy_lower"": 0.45, ""assignment_entropy_upper"": 0.85, ""beta"": 0, ""cluster_init_gain"": 2.0, ""knn_k"": 20, ""lambda_E"": 0.1, ""lambda_H"": 0.35, ""lambda_bal"": 0.0, ""lambda_usage_entropy"": 0.5, ""num_clusters"": 28, ""num_hops"": 4, ""tau_c"": 0.3, ""tau_s"": 0.05, ""usage_entropy_lower"": 0.65, ""usage_entropy_upper"": 0.9}",/autodl-fs/data/recap/tuning_hyperparams/interaction_tuning/results/interaction_entropy_v1/checkpoints/beta_recal__b0/recap/trial_1/model.pt
beta_recal__b0,beta_recalibration,1,citeseer,0.8786381282131991,0.3404834416083723,"{""assignment_entropy_lower"": 0.45, ""assignment_entropy_upper"": 0.85, ""beta"": 0, ""cluster_init_gain"": 2.0, ""knn_k"": 20, ""lambda_E"": 0.1, ""lambda_H"": 0.35, ""lambda_bal"": 0.0, ""lambda_usage_entropy"": 0.5, ""num_clusters"": 28, ""num_hops"": 4, ""tau_c"": 0.3, ""tau_s"": 0.05, ""usage_entropy_lower"": 0.65, ""usage_entropy_upper"": 0.9}",/autodl-fs/data/recap/tuning_hyperparams/interaction_tuning/results/interaction_entropy_v1/checkpoints/beta_recal__b0/recap/trial_1/model.pt
beta_recal__b0,beta_recalibration,1,ACM,0.7813673917098133,0.3618535860783747,"{""assignment_entropy_lower"": 0.45, ""assignment_entropy_upper"": 0.85, ""beta"": 0, ""cluster_init_gain"": 2.0, ""knn_k"": 20, ""lambda_E"": 0.1, ""lambda_H"": 0.35, ""lambda_bal"": 0.0, ""lambda_usage_entropy"": 0.5, ""num_clusters"": 28, ""num_hops"": 4, ""tau_c"": 0.3, ""tau_s"": 0.05, ""usage_entropy_lower"": 0.65, ""usage_entropy_upper"": 0.9}",/autodl-fs/data/recap/tuning_hyperparams/interaction_tuning/results/interaction_entropy_v1/checkpoints/beta_recal__b0/recap/trial_1/model.pt
beta_recal__b0,beta_recalibration,1,BlogCatalog,0.7259766476034859,0.3357109708190759,"{""assignment_entropy_lower"": 0.45, ""assignment_entropy_upper"": 0.85, ""beta"": 0, ""cluster_init_gain"": 2.0, ""knn_k"": 20, ""lambda_E"": 0.1, ""lambda_H"": 0.35, ""lambda_bal"": 0.0, ""lambda_usage_entropy"": 0.5, ""num_clusters"": 28, ""num_hops"": 4, ""tau_c"": 0.3, ""tau_s"": 0.05, ""usage_entropy_lower"": 0.65, ""usage_entropy_upper"": 0.9}",/autodl-fs/data/recap/tuning_hyperparams/interaction_tuning/results/interaction_entropy_v1/checkpoints/beta_recal__b0/recap/trial_1/model.pt
beta_recal__b0,beta_recalibration,1,weibo,0.6794554697593256,0.3133419229367298,"{""assignment_entropy_lower"": 0.45, ""assignment_entropy_upper"": 0.85, ""beta"": 0, ""cluster_init_gain"": 2.0, ""knn_k"": 20, ""lambda_E"": 0.1, ""lambda_H"": 0.35, ""lambda_bal"": 0.0, ""lambda_usage_entropy"": 0.5, ""num_clusters"": 28, ""num_hops"": 4, ""tau_c"": 0.3, ""tau_s"": 0.05, ""usage_entropy_lower"": 0.65, ""usage_entropy_upper"": 0.9}",/autodl-fs/data/recap/tuning_hyperparams/interaction_tuning/results/interaction_entropy_v1/checkpoints/beta_recal__b0/recap/trial_1/model.pt
beta_recal__b0,beta_recalibration,1,Reddit,0.5762102862753938,0.04554245236309035,"{""assignment_entropy_lower"": 0.45, ""assignment_entropy_upper"": 0.85, ""beta"": 0, ""cluster_init_gain"": 2.0, ""knn_k"": 20, ""lambda_E"": 0.1, ""lambda_H"": 0.35, ""lambda_bal"": 0.0, ""lambda_usage_entropy"": 0.5, ""num_clusters"": 28, ""num_hops"": 4, ""tau_c"": 0.3, ""tau_s"": 0.05, ""usage_entropy_lower"": 0.65, ""usage_entropy_upper"": 0.9}",/autodl-fs/data/recap/tuning_hyperparams/interaction_tuning/results/interaction_entropy_v1/checkpoints/beta_recal__b0/recap/trial_1/model.pt
beta_recal__b0,beta_recalibration,1,Amazon,0.7390745744538632,0.13801068796318128,"{""assignment_entropy_lower"": 0.45, ""assignment_entropy_upper"": 0.85, ""beta"": 0, ""cluster_init_gain"": 2.0, ""knn_k"": 20, ""lambda_E"": 0.1, ""lambda_H"": 0.35, ""lambda_bal"": 0.0, ""lambda_usage_entropy"": 0.5, ""num_clusters"": 28, ""num_hops"": 4, ""tau_c"": 0.3, ""tau_s"": 0.05, ""usage_entropy_lower"": 0.65, ""usage_entropy_upper"": 0.9}",/autodl-fs/data/recap/tuning_hyperparams/interaction_tuning/results/interaction_entropy_v1/checkpoints/beta_recal__b0/recap/trial_1/model.pt
beta_recal__b0,beta_recalibration,2,Facebook,0.5721969696969696,0.036307237074018235,"{""assignment_entropy_lower"": 0.45, ""assignment_entropy_upper"": 0.85, ""beta"": 0, ""cluster_init_gain"": 2.0, ""knn_k"": 20, ""lambda_E"": 0.1, ""lambda_H"": 0.35, ""lambda_bal"": 0.0, ""lambda_usage_entropy"": 0.5, ""num_clusters"": 28, ""num_hops"": 4, ""tau_c"": 0.3, ""tau_s"": 0.05, ""usage_entropy_lower"": 0.65, ""usage_entropy_upper"": 0.9}",/autodl-fs/data/recap/tuning_hyperparams/interaction_tuning/results/interaction_entropy_v1/checkpoints/beta_recal__b0/recap/trial_2/model.pt
beta_recal__b0,beta_recalibration,2,cora,0.8043732082356008,0.2740125732435023,"{""assignment_entropy_lower"": 0.45, ""assignment_entropy_upper"": 0.85, ""beta"": 0, ""cluster_init_gain"": 2.0, ""knn_k"": 20, ""lambda_E"": 0.1, ""lambda_H"": 0.35, ""lambda_bal"": 0.0, ""lambda_usage_entropy"": 0.5, ""num_clusters"": 28, ""num_hops"": 4, ""tau_c"": 0.3, ""tau_s"": 0.05, ""usage_entropy_lower"": 0.65, ""usage_entropy_upper"": 0.9}",/autodl-fs/data/recap/tuning_hyperparams/interaction_tuning/results/interaction_entropy_v1/checkpoints/beta_recal__b0/recap/trial_2/model.pt
beta_recal__b0,beta_recalibration,2,citeseer,0.8944350015738117,0.3994489744446924,"{""assignment_entropy_lower"": 0.45, ""assignment_entropy_upper"": 0.85, ""beta"": 0, ""cluster_init_gain"": 2.0, ""knn_k"": 20, ""lambda_E"": 0.1, ""lambda_H"": 0.35, ""lambda_bal"": 0.0, ""lambda_usage_entropy"": 0.5, ""num_clusters"": 28, ""num_hops"": 4, ""tau_c"": 0.3, ""tau_s"": 0.05, ""usage_entropy_lower"": 0.65, ""usage_entropy_upper"": 0.9}",/autodl-fs/data/recap/tuning_hyperparams/interaction_tuning/results/interaction_entropy_v1/checkpoints/beta_recal__b0/recap/trial_2/model.pt
beta_recal__b0,beta_recalibration,2,ACM,0.7805412050074337,0.35831717486593206,"{""assignment_entropy_lower"": 0.45, ""assignment_entropy_upper"": 0.85, ""beta"": 0, ""cluster_init_gain"": 2.0, ""knn_k"": 20, ""lambda_E"": 0.1, ""lambda_H"": 0.35, ""lambda_bal"": 0.0, ""lambda_usage_entropy"": 0.5, ""num_clusters"": 28, ""num_hops"": 4, ""tau_c"": 0.3, ""tau_s"": 0.05, ""usage_entropy_lower"": 0.65, ""usage_entropy_upper"": 0.9}",/autodl-fs/data/recap/tuning_hyperparams/interaction_tuning/results/interaction_entropy_v1/checkpoints/beta_recal__b0/recap/trial_2/model.pt
beta_recal__b0,beta_recalibration,2,BlogCatalog,0.7304279003267974,0.3310219689467943,"{""assignment_entropy_lower"": 0.45, ""assignment_entropy_upper"": 0.85, ""beta"": 0, ""cluster_init_gain"": 2.0, ""knn_k"": 20, ""lambda_E"": 0.1, ""lambda_H"": 0.35, ""lambda_bal"": 0.0, ""lambda_usage_entropy"": 0.5, ""num_clusters"": 28, ""num_hops"": 4, ""tau_c"": 0.3, ""tau_s"": 0.05, ""usage_entropy_lower"": 0.65, ""usage_entropy_upper"": 0.9}",/autodl-fs/data/recap/tuning_hyperparams/interaction_tuning/results/interaction_entropy_v1/checkpoints/beta_recal__b0/recap/trial_2/model.pt
beta_recal__b0,beta_recalibration,2,weibo,0.6683240560087899,0.2970058077904757,"{""assignment_entropy_lower"": 0.45, ""assignment_entropy_upper"": 0.85, ""beta"": 0, ""cluster_init_gain"": 2.0, ""knn_k"": 20, ""lambda_E"": 0.1, ""lambda_H"": 0.35, ""lambda_bal"": 0.0, ""lambda_usage_entropy"": 0.5, ""num_clusters"": 28, ""num_hops"": 4, ""tau_c"": 0.3, ""tau_s"": 0.05, ""usage_entropy_lower"": 0.65, ""usage_entropy_upper"": 0.9}",/autodl-fs/data/recap/tuning_hyperparams/interaction_tuning/results/interaction_entropy_v1/checkpoints/beta_recal__b0/recap/trial_2/model.pt
beta_recal__b0,beta_recalibration,2,Reddit,0.5876702310850633,0.04471371291241835,"{""assignment_entropy_lower"": 0.45, ""assignment_entropy_upper"": 0.85, ""beta"": 0, ""cluster_init_gain"": 2.0, ""knn_k"": 20, ""lambda_E"": 0.1, ""lambda_H"": 0.35, ""lambda_bal"": 0.0, ""lambda_usage_entropy"": 0.5, ""num_clusters"": 28, ""num_hops"": 4, ""tau_c"": 0.3, ""tau_s"": 0.05, ""usage_entropy_lower"": 0.65, ""usage_entropy_upper"": 0.9}",/autodl-fs/data/recap/tuning_hyperparams/interaction_tuning/results/interaction_entropy_v1/checkpoints/beta_recal__b0/recap/trial_2/model.pt
beta_recal__b0,beta_recalibration,2,Amazon,0.7307724334793898,0.13241259725746163,"{""assignment_entropy_lower"": 0.45, ""assignment_entropy_upper"": 0.85, ""beta"": 0, ""cluster_init_gain"": 2.0, ""knn_k"": 20, ""lambda_E"": 0.1, ""lambda_H"": 0.35, ""lambda_bal"": 0.0, ""lambda_usage_entropy"": 0.5, ""num_clusters"": 28, ""num_hops"": 4, ""tau_c"": 0.3, ""tau_s"": 0.05, ""usage_entropy_lower"": 0.65, ""usage_entropy_upper"": 0.9}",/autodl-fs/data/recap/tuning_hyperparams/interaction_tuning/results/interaction_entropy_v1/checkpoints/beta_recal__b0/recap/trial_2/model.pt
beta_recal__b0p005,beta_recalibration,0,Facebook,0.5855303030303031,0.03355695300233023,"{""assignment_entropy_lower"": 0.45, ""assignment_entropy_upper"": 0.85, ""beta"": 0.005, ""cluster_init_gain"": 2.0, ""knn_k"": 20, ""lambda_E"": 0.1, ""lambda_H"": 0.35, ""lambda_bal"": 0.0, ""lambda_usage_entropy"": 0.5, ""num_clusters"": 28, ""num_hops"": 4, ""tau_c"": 0.3, ""tau_s"": 0.05, ""usage_entropy_lower"": 0.65, ""usage_entropy_upper"": 0.9}",/autodl-fs/data/recap/tuning_hyperparams/interaction_tuning/results/interaction_entropy_v1/checkpoints/beta_recal__b0p005/recap/trial_0/model.pt
beta_recal__b0p005,beta_recalibration,0,cora,0.8096064633828512,0.32832245727912657,"{""assignment_entropy_lower"": 0.45, ""assignment_entropy_upper"": 0.85, ""beta"": 0.005, ""cluster_init_gain"": 2.0, ""knn_k"": 20, ""lambda_E"": 0.1, ""lambda_H"": 0.35, ""lambda_bal"": 0.0, ""lambda_usage_entropy"": 0.5, ""num_clusters"": 28, ""num_hops"": 4, ""tau_c"": 0.3, ""tau_s"": 0.05, ""usage_entropy_lower"": 0.65, ""usage_entropy_upper"": 0.9}",/autodl-fs/data/recap/tuning_hyperparams/interaction_tuning/results/interaction_entropy_v1/checkpoints/beta_recal__b0p005/recap/trial_0/model.pt
beta_recal__b0p005,beta_recalibration,0,citeseer,0.888765082362816,0.33042003673234155,"{""assignment_entropy_lower"": 0.45, ""assignment_entropy_upper"": 0.85, ""beta"": 0.005, ""cluster_init_gain"": 2.0, ""knn_k"": 20, ""lambda_E"": 0.1, ""lambda_H"": 0.35, ""lambda_bal"": 0.0, ""lambda_usage_entropy"": 0.5, ""num_clusters"": 28, ""num_hops"": 4, ""tau_c"": 0.3, ""tau_s"": 0.05, ""usage_entropy_lower"": 0.65, ""usage_entropy_upper"": 0.9}",/autodl-fs/data/recap/tuning_hyperparams/interaction_tuning/results/interaction_entropy_v1/checkpoints/beta_recal__b0p005/recap/trial_0/model.pt
beta_recal__b0p005,beta_recalibration,0,ACM,0.7885606248231992,0.3615160842280618,"{""assignment_entropy_lower"": 0.45, ""assignment_entropy_upper"": 0.85, ""beta"": 0.005, ""cluster_init_gain"": 2.0, ""knn_k"": 20, ""lambda_E"": 0.1, ""lambda_H"": 0.35, ""lambda_bal"": 0.0, ""lambda_usage_entropy"": 0.5, ""num_clusters"": 28, ""num_hops"": 4, ""tau_c"": 0.3, ""tau_s"": 0.05, ""usage_entropy_lower"": 0.65, ""usage_entropy_upper"": 0.9}",/autodl-fs/data/recap/tuning_hyperparams/interaction_tuning/results/interaction_entropy_v1/checkpoints/beta_recal__b0p005/recap/trial_0/model.pt
beta_recal__b0p005,beta_recalibration,0,BlogCatalog,0.7399366830065359,0.3311599142184561,"{""assignment_entropy_lower"": 0.45, ""assignment_entropy_upper"": 0.85, ""beta"": 0.005, ""cluster_init_gain"": 2.0, ""knn_k"": 20, ""lambda_E"": 0.1, ""lambda_H"": 0.35, ""lambda_bal"": 0.0, ""lambda_usage_entropy"": 0.5, ""num_clusters"": 28, ""num_hops"": 4, ""tau_c"": 0.3, ""tau_s"": 0.05, ""usage_entropy_lower"": 0.65, ""usage_entropy_upper"": 0.9}",/autodl-fs/data/recap/tuning_hyperparams/interaction_tuning/results/interaction_entropy_v1/checkpoints/beta_recal__b0p005/recap/trial_0/model.pt
beta_recal__b0p005,beta_recalibration,0,weibo,0.7003564290208245,0.3263027271796261,"{""assignment_entropy_lower"": 0.45, ""assignment_entropy_upper"": 0.85, ""beta"": 0.005, ""cluster_init_gain"": 2.0, ""knn_k"": 20, ""lambda_E"": 0.1, ""lambda_H"": 0.35, ""lambda_bal"": 0.0, ""lambda_usage_entropy"": 0.5, ""num_clusters"": 28, ""num_hops"": 4, ""tau_c"": 0.3, ""tau_s"": 0.05, ""usage_entropy_lower"": 0.65, ""usage_entropy_upper"": 0.9}",/autodl-fs/data/recap/tuning_hyperparams/interaction_tuning/results/interaction_entropy_v1/checkpoints/beta_recal__b0p005/recap/trial_0/model.pt
beta_recal__b0p005,beta_recalibration,0,Reddit,0.5814667226598405,0.046253312403393934,"{""assignment_entropy_lower"": 0.45, ""assignment_entropy_upper"": 0.85, ""beta"": 0.005, ""cluster_init_gain"": 2.0, ""knn_k"": 20, ""lambda_E"": 0.1, ""lambda_H"": 0.35, ""lambda_bal"": 0.0, ""lambda_usage_entropy"": 0.5, ""num_clusters"": 28, ""num_hops"": 4, ""tau_c"": 0.3, ""tau_s"": 0.05, ""usage_entropy_lower"": 0.65, ""usage_entropy_upper"": 0.9}",/autodl-fs/data/recap/tuning_hyperparams/interaction_tuning/results/interaction_entropy_v1/checkpoints/beta_recal__b0p005/recap/trial_0/model.pt
beta_recal__b0p005,beta_recalibration,0,Amazon,0.7336665363105399,0.13212663404880998,"{""assignment_entropy_lower"": 0.45, ""assignment_entropy_upper"": 0.85, ""beta"": 0.005, ""cluster_init_gain"": 2.0, ""knn_k"": 20, ""lambda_E"": 0.1, ""lambda_H"": 0.35, ""lambda_bal"": 0.0, ""lambda_usage_entropy"": 0.5, ""num_clusters"": 28, ""num_hops"": 4, ""tau_c"": 0.3, ""tau_s"": 0.05, ""usage_entropy_lower"": 0.65, ""usage_entropy_upper"": 0.9}",/autodl-fs/data/recap/tuning_hyperparams/interaction_tuning/results/interaction_entropy_v1/checkpoints/beta_recal__b0p005/recap/trial_0/model.pt
beta_recal__b0p005,beta_recalibration,1,Facebook,0.5694318181818182,0.03612725668103649,"{""assignment_entropy_lower"": 0.45, ""assignment_entropy_upper"": 0.85, ""beta"": 0.005, ""cluster_init_gain"": 2.0, ""knn_k"": 20, ""lambda_E"": 0.1, ""lambda_H"": 0.35, ""lambda_bal"": 0.0, ""lambda_usage_entropy"": 0.5, ""num_clusters"": 28, ""num_hops"": 4, ""tau_c"": 0.3, ""tau_s"": 0.05, ""usage_entropy_lower"": 0.65, ""usage_entropy_upper"": 0.9}",/autodl-fs/data/recap/tuning_hyperparams/interaction_tuning/results/interaction_entropy_v1/checkpoints/beta_recal__b0p005/recap/trial_1/model.pt
beta_recal__b0p005,beta_recalibration,1,cora,0.8186343497524107,0.3166257825281638,"{""assignment_entropy_lower"": 0.45, ""assignment_entropy_upper"": 0.85, ""beta"": 0.005, ""cluster_init_gain"": 2.0, ""knn_k"": 20, ""lambda_E"": 0.1, ""lambda_H"": 0.35, ""lambda_bal"": 0.0, ""lambda_usage_entropy"": 0.5, ""num_clusters"": 28, ""num_hops"": 4, ""tau_c"": 0.3, ""tau_s"": 0.05, ""usage_entropy_lower"": 0.65, ""usage_entropy_upper"": 0.9}",/autodl-fs/data/recap/tuning_hyperparams/interaction_tuning/results/interaction_entropy_v1/checkpoints/beta_recal__b0p005/recap/trial_1/model.pt
beta_recal__b0p005,beta_recalibration,1,citeseer,0.8789759731402791,0.33799853319240564,"{""assignment_entropy_lower"": 0.45, ""assignment_entropy_upper"": 0.85, ""beta"": 0.005, ""cluster_init_gain"": 2.0, ""knn_k"": 20, ""lambda_E"": 0.1, ""lambda_H"": 0.35, ""lambda_bal"": 0.0, ""lambda_usage_entropy"": 0.5, ""num_clusters"": 28, ""num_hops"": 4, ""tau_c"": 0.3, ""tau_s"": 0.05, ""usage_entropy_lower"": 0.65, ""usage_entropy_upper"": 0.9}",/autodl-fs/data/recap/tuning_hyperparams/interaction_tuning/results/interaction_entropy_v1/checkpoints/beta_recal__b0p005/recap/trial_1/model.pt
beta_recal__b0p005,beta_recalibration,1,ACM,0.7823709723793639,0.3627571404601852,"{""assignment_entropy_lower"": 0.45, ""assignment_entropy_upper"": 0.85, ""beta"": 0.005, ""cluster_init_gain"": 2.0, ""knn_k"": 20, ""lambda_E"": 0.1, ""lambda_H"": 0.35, ""lambda_bal"": 0.0, ""lambda_usage_entropy"": 0.5, ""num_clusters"": 28, ""num_hops"": 4, ""tau_c"": 0.3, ""tau_s"": 0.05, ""usage_entropy_lower"": 0.65, ""usage_entropy_upper"": 0.9}",/autodl-fs/data/recap/tuning_hyperparams/interaction_tuning/results/interaction_entropy_v1/checkpoints/beta_recal__b0p005/recap/trial_1/model.pt
beta_recal__b0p005,beta_recalibration,1,BlogCatalog,0.7321966911764707,0.3292533476431739,"{""assignment_entropy_lower"": 0.45, ""assignment_entropy_upper"": 0.85, ""beta"": 0.005, ""cluster_init_gain"": 2.0, ""knn_k"": 20, ""lambda_E"": 0.1, ""lambda_H"": 0.35, ""lambda_bal"": 0.0, ""lambda_usage_entropy"": 0.5, ""num_clusters"": 28, ""num_hops"": 4, ""tau_c"": 0.3, ""tau_s"": 0.05, ""usage_entropy_lower"": 0.65, ""usage_entropy_upper"": 0.9}",/autodl-fs/data/recap/tuning_hyperparams/interaction_tuning/results/interaction_entropy_v1/checkpoints/beta_recal__b0p005/recap/trial_1/model.pt
beta_recal__b0p005,beta_recalibration,1,weibo,0.6874056497928194,0.3140647402076531,"{""assignment_entropy_lower"": 0.45, ""assignment_entropy_upper"": 0.85, ""beta"": 0.005, ""cluster_init_gain"": 2.0, ""knn_k"": 20, ""lambda_E"": 0.1, ""lambda_H"": 0.35, ""lambda_bal"": 0.0, ""lambda_usage_entropy"": 0.5, ""num_clusters"": 28, ""num_hops"": 4, ""tau_c"": 0.3, ""tau_s"": 0.05, ""usage_entropy_lower"": 0.65, ""usage_entropy_upper"": 0.9}",/autodl-fs/data/recap/tuning_hyperparams/interaction_tuning/results/interaction_entropy_v1/checkpoints/beta_recal__b0p005/recap/trial_1/model.pt
beta_recal__b0p005,beta_recalibration,1,Reddit,0.5779614882244503,0.04571101502887566,"{""assignment_entropy_lower"": 0.45, ""assignment_entropy_upper"": 0.85, ""beta"": 0.005, ""cluster_init_gain"": 2.0, ""knn_k"": 20, ""lambda_E"": 0.1, ""lambda_H"": 0.35, ""lambda_bal"": 0.0, ""lambda_usage_entropy"": 0.5, ""num_clusters"": 28, ""num_hops"": 4, ""tau_c"": 0.3, ""tau_s"": 0.05, ""usage_entropy_lower"": 0.65, ""usage_entropy_upper"": 0.9}",/autodl-fs/data/recap/tuning_hyperparams/interaction_tuning/results/interaction_entropy_v1/checkpoints/beta_recal__b0p005/recap/trial_1/model.pt
beta_recal__b0p005,beta_recalibration,1,Amazon,0.7422482389432343,0.1399646081730043,"{""assignment_entropy_lower"": 0.45, ""assignment_entropy_upper"": 0.85, ""beta"": 0.005, ""cluster_init_gain"": 2.0, ""knn_k"": 20, ""lambda_E"": 0.1, ""lambda_H"": 0.35, ""lambda_bal"": 0.0, ""lambda_usage_entropy"": 0.5, ""num_clusters"": 28, ""num_hops"": 4, ""tau_c"": 0.3, ""tau_s"": 0.05, ""usage_entropy_lower"": 0.65, ""usage_entropy_upper"": 0.9}",/autodl-fs/data/recap/tuning_hyperparams/interaction_tuning/results/interaction_entropy_v1/checkpoints/beta_recal__b0p005/recap/trial_1/model.pt
beta_recal__b0p005,beta_recalibration,2,Facebook,0.5713257575757575,0.03617217873503701,"{""assignment_entropy_lower"": 0.45, ""assignment_entropy_upper"": 0.85, ""beta"": 0.005, ""cluster_init_gain"": 2.0, ""knn_k"": 20, ""lambda_E"": 0.1, ""lambda_H"": 0.35, ""lambda_bal"": 0.0, ""lambda_usage_entropy"": 0.5, ""num_clusters"": 28, ""num_hops"": 4, ""tau_c"": 0.3, ""tau_s"": 0.05, ""usage_entropy_lower"": 0.65, ""usage_entropy_upper"": 0.9}",/autodl-fs/data/recap/tuning_hyperparams/interaction_tuning/results/interaction_entropy_v1/checkpoints/beta_recal__b0p005/recap/trial_2/model.pt
beta_recal__b0p005,beta_recalibration,2,cora,0.8037894188167839,0.2724918252303645,"{""assignment_entropy_lower"": 0.45, ""assignment_entropy_upper"": 0.85, ""beta"": 0.005, ""cluster_init_gain"": 2.0, ""knn_k"": 20, ""lambda_E"": 0.1, ""lambda_H"": 0.35, ""lambda_bal"": 0.0, ""lambda_usage_entropy"": 0.5, ""num_clusters"": 28, ""num_hops"": 4, ""tau_c"": 0.3, ""tau_s"": 0.05, ""usage_entropy_lower"": 0.65, ""usage_entropy_upper"": 0.9}",/autodl-fs/data/recap/tuning_hyperparams/interaction_tuning/results/interaction_entropy_v1/checkpoints/beta_recal__b0p005/recap/trial_2/model.pt
beta_recal__b0p005,beta_recalibration,2,citeseer,0.8939271849753436,0.3978337934674482,"{""assignment_entropy_lower"": 0.45, ""assignment_entropy_upper"": 0.85, ""beta"": 0.005, ""cluster_init_gain"": 2.0, ""knn_k"": 20, ""lambda_E"": 0.1, ""lambda_H"": 0.35, ""lambda_bal"": 0.0, ""lambda_usage_entropy"": 0.5, ""num_clusters"": 28, ""num_hops"": 4, ""tau_c"": 0.3, ""tau_s"": 0.05, ""usage_entropy_lower"": 0.65, ""usage_entropy_upper"": 0.9}",/autodl-fs/data/recap/tuning_hyperparams/interaction_tuning/results/interaction_entropy_v1/checkpoints/beta_recal__b0p005/recap/trial_2/model.pt
beta_recal__b0p005,beta_recalibration,2,ACM,0.7775216591971418,0.3583610621185761,"{""assignment_entropy_lower"": 0.45, ""assignment_entropy_upper"": 0.85, ""beta"": 0.005, ""cluster_init_gain"": 2.0, ""knn_k"": 20, ""lambda_E"": 0.1, ""lambda_H"": 0.35, ""lambda_bal"": 0.0, ""lambda_usage_entropy"": 0.5, ""num_clusters"": 28, ""num_hops"": 4, ""tau_c"": 0.3, ""tau_s"": 0.05, ""usage_entropy_lower"": 0.65, ""usage_entropy_upper"": 0.9}",/autodl-fs/data/recap/tuning_hyperparams/interaction_tuning/results/interaction_entropy_v1/checkpoints/beta_recal__b0p005/recap/trial_2/model.pt
beta_recal__b0p005,beta_recalibration,2,BlogCatalog,0.7235110294117647,0.32267115408690034,"{""assignment_entropy_lower"": 0.45, ""assignment_entropy_upper"": 0.85, ""beta"": 0.005, ""cluster_init_gain"": 2.0, ""knn_k"": 20, ""lambda_E"": 0.1, ""lambda_H"": 0.35, ""lambda_bal"": 0.0, ""lambda_usage_entropy"": 0.5, ""num_clusters"": 28, ""num_hops"": 4, ""tau_c"": 0.3, ""tau_s"": 0.05, ""usage_entropy_lower"": 0.65, ""usage_entropy_upper"": 0.9}",/autodl-fs/data/recap/tuning_hyperparams/interaction_tuning/results/interaction_entropy_v1/checkpoints/beta_recal__b0p005/recap/trial_2/model.pt
beta_recal__b0p005,beta_recalibration,2,weibo,0.6932378606554822,0.30517734914255756,"{""assignment_entropy_lower"": 0.45, ""assignment_entropy_upper"": 0.85, ""beta"": 0.005, ""cluster_init_gain"": 2.0, ""knn_k"": 20, ""lambda_E"": 0.1, ""lambda_H"": 0.35, ""lambda_bal"": 0.0, ""lambda_usage_entropy"": 0.5, ""num_clusters"": 28, ""num_hops"": 4, ""tau_c"": 0.3, ""tau_s"": 0.05, ""usage_entropy_lower"": 0.65, ""usage_entropy_upper"": 0.9}",/autodl-fs/data/recap/tuning_hyperparams/interaction_tuning/results/interaction_entropy_v1/checkpoints/beta_recal__b0p005/recap/trial_2/model.pt
beta_recal__b0p005,beta_recalibration,2,Reddit,0.587832472335358,0.04476944332853622,"{""assignment_entropy_lower"": 0.45, ""assignment_entropy_upper"": 0.85, ""beta"": 0.005, ""cluster_init_gain"": 2.0, ""knn_k"": 20, ""lambda_E"": 0.1, ""lambda_H"": 0.35, ""lambda_bal"": 0.0, ""lambda_usage_entropy"": 0.5, ""num_clusters"": 28, ""num_hops"": 4, ""tau_c"": 0.3, ""tau_s"": 0.05, ""usage_entropy_lower"": 0.65, ""usage_entropy_upper"": 0.9}",/autodl-fs/data/recap/tuning_hyperparams/interaction_tuning/results/interaction_entropy_v1/checkpoints/beta_recal__b0p005/recap/trial_2/model.pt
beta_recal__b0p005,beta_recalibration,2,Amazon,0.7308471497958434,0.13256391090412767,"{""assignment_entropy_lower"": 0.45, ""assignment_entropy_upper"": 0.85, ""beta"": 0.005, ""cluster_init_gain"": 2.0, ""knn_k"": 20, ""lambda_E"": 0.1, ""lambda_H"": 0.35, ""lambda_bal"": 0.0, ""lambda_usage_entropy"": 0.5, ""num_clusters"": 28, ""num_hops"": 4, ""tau_c"": 0.3, ""tau_s"": 0.05, ""usage_entropy_lower"": 0.65, ""usage_entropy_upper"": 0.9}",/autodl-fs/data/recap/tuning_hyperparams/interaction_tuning/results/interaction_entropy_v1/checkpoints/beta_recal__b0p005/recap/trial_2/model.pt
beta_recal__b0p01,beta_recalibration,0,Facebook,0.5799621212121212,0.0329285372891391,"{""assignment_entropy_lower"": 0.45, ""assignment_entropy_upper"": 0.85, ""beta"": 0.01, ""cluster_init_gain"": 2.0, ""knn_k"": 20, ""lambda_E"": 0.1, ""lambda_H"": 0.35, ""lambda_bal"": 0.0, ""lambda_usage_entropy"": 0.5, ""num_clusters"": 28, ""num_hops"": 4, ""tau_c"": 0.3, ""tau_s"": 0.05, ""usage_entropy_lower"": 0.65, ""usage_entropy_upper"": 0.9}",/autodl-fs/data/recap/tuning_hyperparams/interaction_tuning/results/interaction_entropy_v1/checkpoints/beta_recal__b0p01/recap/trial_0/model.pt
beta_recal__b0p01,beta_recalibration,0,cora,0.809913995308835,0.329938929348703,"{""assignment_entropy_lower"": 0.45, ""assignment_entropy_upper"": 0.85, ""beta"": 0.01, ""cluster_init_gain"": 2.0, ""knn_k"": 20, ""lambda_E"": 0.1, ""lambda_H"": 0.35, ""lambda_bal"": 0.0, ""lambda_usage_entropy"": 0.5, ""num_clusters"": 28, ""num_hops"": 4, ""tau_c"": 0.3, ""tau_s"": 0.05, ""usage_entropy_lower"": 0.65, ""usage_entropy_upper"": 0.9}",/autodl-fs/data/recap/tuning_hyperparams/interaction_tuning/results/interaction_entropy_v1/checkpoints/beta_recal__b0p01/recap/trial_0/model.pt
beta_recal__b0p01,beta_recalibration,0,citeseer,0.8878207952995489,0.3297498635003754,"{""assignment_entropy_lower"": 0.45, ""assignment_entropy_upper"": 0.85, ""beta"": 0.01, ""cluster_init_gain"": 2.0, ""knn_k"": 20, ""lambda_E"": 0.1, ""lambda_H"": 0.35, ""lambda_bal"": 0.0, ""lambda_usage_entropy"": 0.5, ""num_clusters"": 28, ""num_hops"": 4, ""tau_c"": 0.3, ""tau_s"": 0.05, ""usage_entropy_lower"": 0.65, ""usage_entropy_upper"": 0.9}",/autodl-fs/data/recap/tuning_hyperparams/interaction_tuning/results/interaction_entropy_v1/checkpoints/beta_recal__b0p01/recap/trial_0/model.pt
beta_recal__b0p01,beta_recalibration,0,ACM,0.786353559197764,0.3612300607765263,"{""assignment_entropy_lower"": 0.45, ""assignment_entropy_upper"": 0.85, ""beta"": 0.01, ""cluster_init_gain"": 2.0, ""knn_k"": 20, ""lambda_E"": 0.1, ""lambda_H"": 0.35, ""lambda_bal"": 0.0, ""lambda_usage_entropy"": 0.5, ""num_clusters"": 28, ""num_hops"": 4, ""tau_c"": 0.3, ""tau_s"": 0.05, ""usage_entropy_lower"": 0.65, ""usage_entropy_upper"": 0.9}",/autodl-fs/data/recap/tuning_hyperparams/interaction_tuning/results/interaction_entropy_v1/checkpoints/beta_recal__b0p01/recap/trial_0/model.pt
beta_recal__b0p01,beta_recalibration,0,BlogCatalog,0.7388786764705884,0.3258444646736123,"{""assignment_entropy_lower"": 0.45, ""assignment_entropy_upper"": 0.85, ""beta"": 0.01, ""cluster_init_gain"": 2.0, ""knn_k"": 20, ""lambda_E"": 0.1, ""lambda_H"": 0.35, ""lambda_bal"": 0.0, ""lambda_usage_entropy"": 0.5, ""num_clusters"": 28, ""num_hops"": 4, ""tau_c"": 0.3, ""tau_s"": 0.05, ""usage_entropy_lower"": 0.65, ""usage_entropy_upper"": 0.9}",/autodl-fs/data/recap/tuning_hyperparams/interaction_tuning/results/interaction_entropy_v1/checkpoints/beta_recal__b0p01/recap/trial_0/model.pt
beta_recal__b0p01,beta_recalibration,0,weibo,0.7053678045451961,0.32559374027973453,"{""assignment_entropy_lower"": 0.45, ""assignment_entropy_upper"": 0.85, ""beta"": 0.01, ""cluster_init_gain"": 2.0, ""knn_k"": 20, ""lambda_E"": 0.1, ""lambda_H"": 0.35, ""lambda_bal"": 0.0, ""lambda_usage_entropy"": 0.5, ""num_clusters"": 28, ""num_hops"": 4, ""tau_c"": 0.3, ""tau_s"": 0.05, ""usage_entropy_lower"": 0.65, ""usage_entropy_upper"": 0.9}",/autodl-fs/data/recap/tuning_hyperparams/interaction_tuning/results/interaction_entropy_v1/checkpoints/beta_recal__b0p01/recap/trial_0/model.pt
beta_recal__b0p01,beta_recalibration,0,Reddit,0.583414389628088,0.046255483406800336,"{""assignment_entropy_lower"": 0.45, ""assignment_entropy_upper"": 0.85, ""beta"": 0.01, ""cluster_init_gain"": 2.0, ""knn_k"": 20, ""lambda_E"": 0.1, ""lambda_H"": 0.35, ""lambda_bal"": 0.0, ""lambda_usage_entropy"": 0.5, ""num_clusters"": 28, ""num_hops"": 4, ""tau_c"": 0.3, ""tau_s"": 0.05, ""usage_entropy_lower"": 0.65, ""usage_entropy_upper"": 0.9}",/autodl-fs/data/recap/tuning_hyperparams/interaction_tuning/results/interaction_entropy_v1/checkpoints/beta_recal__b0p01/recap/trial_0/model.pt
beta_recal__b0p01,beta_recalibration,0,Amazon,0.7410885841795505,0.13602575365784625,"{""assignment_entropy_lower"": 0.45, ""assignment_entropy_upper"": 0.85, ""beta"": 0.01, ""cluster_init_gain"": 2.0, ""knn_k"": 20, ""lambda_E"": 0.1, ""lambda_H"": 0.35, ""lambda_bal"": 0.0, ""lambda_usage_entropy"": 0.5, ""num_clusters"": 28, ""num_hops"": 4, ""tau_c"": 0.3, ""tau_s"": 0.05, ""usage_entropy_lower"": 0.65, ""usage_entropy_upper"": 0.9}",/autodl-fs/data/recap/tuning_hyperparams/interaction_tuning/results/interaction_entropy_v1/checkpoints/beta_recal__b0p01/recap/trial_0/model.pt
beta_recal__b0p01,beta_recalibration,1,Facebook,0.5699242424242424,0.034562847960349176,"{""assignment_entropy_lower"": 0.45, ""assignment_entropy_upper"": 0.85, ""beta"": 0.01, ""cluster_init_gain"": 2.0, ""knn_k"": 20, ""lambda_E"": 0.1, ""lambda_H"": 0.35, ""lambda_bal"": 0.0, ""lambda_usage_entropy"": 0.5, ""num_clusters"": 28, ""num_hops"": 4, ""tau_c"": 0.3, ""tau_s"": 0.05, ""usage_entropy_lower"": 0.65, ""usage_entropy_upper"": 0.9}",/autodl-fs/data/recap/tuning_hyperparams/interaction_tuning/results/interaction_entropy_v1/checkpoints/beta_recal__b0p01/recap/trial_1/model.pt
beta_recal__b0p01,beta_recalibration,1,cora,0.8195934323690383,0.315613474955428,"{""assignment_entropy_lower"": 0.45, ""assignment_entropy_upper"": 0.85, ""beta"": 0.01, ""cluster_init_gain"": 2.0, ""knn_k"": 20, ""lambda_E"": 0.1, ""lambda_H"": 0.35, ""lambda_bal"": 0.0, ""lambda_usage_entropy"": 0.5, ""num_clusters"": 28, ""num_hops"": 4, ""tau_c"": 0.3, ""tau_s"": 0.05, ""usage_entropy_lower"": 0.65, ""usage_entropy_upper"": 0.9}",/autodl-fs/data/recap/tuning_hyperparams/interaction_tuning/results/interaction_entropy_v1/checkpoints/beta_recal__b0p01/recap/trial_1/model.pt
beta_recal__b0p01,beta_recalibration,1,citeseer,0.8794900849858358,0.34209055326075644,"{""assignment_entropy_lower"": 0.45, ""assignment_entropy_upper"": 0.85, ""beta"": 0.01, ""cluster_init_gain"": 2.0, ""knn_k"": 20, ""lambda_E"": 0.1, ""lambda_H"": 0.35, ""lambda_bal"": 0.0, ""lambda_usage_entropy"": 0.5, ""num_clusters"": 28, ""num_hops"": 4, ""tau_c"": 0.3, ""tau_s"": 0.05, ""usage_entropy_lower"": 0.65, ""usage_entropy_upper"": 0.9}",/autodl-fs/data/recap/tuning_hyperparams/interaction_tuning/results/interaction_entropy_v1/checkpoints/beta_recal__b0p01/recap/trial_1/model.pt
beta_recal__b0p01,beta_recalibration,1,ACM,0.7803411952863497,0.36183260065350253,"{""assignment_entropy_lower"": 0.45, ""assignment_entropy_upper"": 0.85, ""beta"": 0.01, ""cluster_init_gain"": 2.0, ""knn_k"": 20, ""lambda_E"": 0.1, ""lambda_H"": 0.35, ""lambda_bal"": 0.0, ""lambda_usage_entropy"": 0.5, ""num_clusters"": 28, ""num_hops"": 4, ""tau_c"": 0.3, ""tau_s"": 0.05, ""usage_entropy_lower"": 0.65, ""usage_entropy_upper"": 0.9}",/autodl-fs/data/recap/tuning_hyperparams/interaction_tuning/results/interaction_entropy_v1/checkpoints/beta_recal__b0p01/recap/trial_1/model.pt
beta_recal__b0p01,beta_recalibration,1,BlogCatalog,0.7309388616557734,0.3219152070448077,"{""assignment_entropy_lower"": 0.45, ""assignment_entropy_upper"": 0.85, ""beta"": 0.01, ""cluster_init_gain"": 2.0, ""knn_k"": 20, ""lambda_E"": 0.1, ""lambda_H"": 0.35, ""lambda_bal"": 0.0, ""lambda_usage_entropy"": 0.5, ""num_clusters"": 28, ""num_hops"": 4, ""tau_c"": 0.3, ""tau_s"": 0.05, ""usage_entropy_lower"": 0.65, ""usage_entropy_upper"": 0.9}",/autodl-fs/data/recap/tuning_hyperparams/interaction_tuning/results/interaction_entropy_v1/checkpoints/beta_recal__b0p01/recap/trial_1/model.pt
beta_recal__b0p01,beta_recalibration,1,weibo,0.6940250677303796,0.31357536655450496,"{""assignment_entropy_lower"": 0.45, ""assignment_entropy_upper"": 0.85, ""beta"": 0.01, ""cluster_init_gain"": 2.0, ""knn_k"": 20, ""lambda_E"": 0.1, ""lambda_H"": 0.35, ""lambda_bal"": 0.0, ""lambda_usage_entropy"": 0.5, ""num_clusters"": 28, ""num_hops"": 4, ""tau_c"": 0.3, ""tau_s"": 0.05, ""usage_entropy_lower"": 0.65, ""usage_entropy_upper"": 0.9}",/autodl-fs/data/recap/tuning_hyperparams/interaction_tuning/results/interaction_entropy_v1/checkpoints/beta_recal__b0p01/recap/trial_1/model.pt
beta_recal__b0p01,beta_recalibration,1,Reddit,0.5759125652181522,0.04544035502078329,"{""assignment_entropy_lower"": 0.45, ""assignment_entropy_upper"": 0.85, ""beta"": 0.01, ""cluster_init_gain"": 2.0, ""knn_k"": 20, ""lambda_E"": 0.1, ""lambda_H"": 0.35, ""lambda_bal"": 0.0, ""lambda_usage_entropy"": 0.5, ""num_clusters"": 28, ""num_hops"": 4, ""tau_c"": 0.3, ""tau_s"": 0.05, ""usage_entropy_lower"": 0.65, ""usage_entropy_upper"": 0.9}",/autodl-fs/data/recap/tuning_hyperparams/interaction_tuning/results/interaction_entropy_v1/checkpoints/beta_recal__b0p01/recap/trial_1/model.pt
beta_recal__b0p01,beta_recalibration,1,Amazon,0.7431838961584003,0.14013331047336403,"{""assignment_entropy_lower"": 0.45, ""assignment_entropy_upper"": 0.85, ""beta"": 0.01, ""cluster_init_gain"": 2.0, ""knn_k"": 20, ""lambda_E"": 0.1, ""lambda_H"": 0.35, ""lambda_bal"": 0.0, ""lambda_usage_entropy"": 0.5, ""num_clusters"": 28, ""num_hops"": 4, ""tau_c"": 0.3, ""tau_s"": 0.05, ""usage_entropy_lower"": 0.65, ""usage_entropy_upper"": 0.9}",/autodl-fs/data/recap/tuning_hyperparams/interaction_tuning/results/interaction_entropy_v1/checkpoints/beta_recal__b0p01/recap/trial_1/model.pt
beta_recal__b0p01,beta_recalibration,2,Facebook,0.5720454545454545,0.03636112572546464,"{""assignment_entropy_lower"": 0.45, ""assignment_entropy_upper"": 0.85, ""beta"": 0.01, ""cluster_init_gain"": 2.0, ""knn_k"": 20, ""lambda_E"": 0.1, ""lambda_H"": 0.35, ""lambda_bal"": 0.0, ""lambda_usage_entropy"": 0.5, ""num_clusters"": 28, ""num_hops"": 4, ""tau_c"": 0.3, ""tau_s"": 0.05, ""usage_entropy_lower"": 0.65, ""usage_entropy_upper"": 0.9}",/autodl-fs/data/recap/tuning_hyperparams/interaction_tuning/results/interaction_entropy_v1/checkpoints/beta_recal__b0p01/recap/trial_2/model.pt
beta_recal__b0p01,beta_recalibration,2,cora,0.8021709669012248,0.2724610467916433,"{""assignment_entropy_lower"": 0.45, ""assignment_entropy_upper"": 0.85, ""beta"": 0.01, ""cluster_init_gain"": 2.0, ""knn_k"": 20, ""lambda_E"": 0.1, ""lambda_H"": 0.35, ""lambda_bal"": 0.0, ""lambda_usage_entropy"": 0.5, ""num_clusters"": 28, ""num_hops"": 4, ""tau_c"": 0.3, ""tau_s"": 0.05, ""usage_entropy_lower"": 0.65, ""usage_entropy_upper"": 0.9}",/autodl-fs/data/recap/tuning_hyperparams/interaction_tuning/results/interaction_entropy_v1/checkpoints/beta_recal__b0p01/recap/trial_2/model.pt
beta_recal__b0p01,beta_recalibration,2,citeseer,0.8939817437834436,0.4013481346118153,"{""assignment_entropy_lower"": 0.45, ""assignment_entropy_upper"": 0.85, ""beta"": 0.01, ""cluster_init_gain"": 2.0, ""knn_k"": 20, ""lambda_E"": 0.1, ""lambda_H"": 0.35, ""lambda_bal"": 0.0, ""lambda_usage_entropy"": 0.5, ""num_clusters"": 28, ""num_hops"": 4, ""tau_c"": 0.3, ""tau_s"": 0.05, ""usage_entropy_lower"": 0.65, ""usage_entropy_upper"": 0.9}",/autodl-fs/data/recap/tuning_hyperparams/interaction_tuning/results/interaction_entropy_v1/checkpoints/beta_recal__b0p01/recap/trial_2/model.pt
beta_recal__b0p01,beta_recalibration,2,ACM,0.7749908561712909,0.3574416922749681,"{""assignment_entropy_lower"": 0.45, ""assignment_entropy_upper"": 0.85, ""beta"": 0.01, ""cluster_init_gain"": 2.0, ""knn_k"": 20, ""lambda_E"": 0.1, ""lambda_H"": 0.35, ""lambda_bal"": 0.0, ""lambda_usage_entropy"": 0.5, ""num_clusters"": 28, ""num_hops"": 4, ""tau_c"": 0.3, ""tau_s"": 0.05, ""usage_entropy_lower"": 0.65, ""usage_entropy_upper"": 0.9}",/autodl-fs/data/recap/tuning_hyperparams/interaction_tuning/results/interaction_entropy_v1/checkpoints/beta_recal__b0p01/recap/trial_2/model.pt
beta_recal__b0p01,beta_recalibration,2,BlogCatalog,0.7179922385620916,0.31547049371427177,"{""assignment_entropy_lower"": 0.45, ""assignment_entropy_upper"": 0.85, ""beta"": 0.01, ""cluster_init_gain"": 2.0, ""knn_k"": 20, ""lambda_E"": 0.1, ""lambda_H"": 0.35, ""lambda_bal"": 0.0, ""lambda_usage_entropy"": 0.5, ""num_clusters"": 28, ""num_hops"": 4, ""tau_c"": 0.3, ""tau_s"": 0.05, ""usage_entropy_lower"": 0.65, ""usage_entropy_upper"": 0.9}",/autodl-fs/data/recap/tuning_hyperparams/interaction_tuning/results/interaction_entropy_v1/checkpoints/beta_recal__b0p01/recap/trial_2/model.pt
beta_recal__b0p01,beta_recalibration,2,weibo,0.7131546582176165,0.3069213974526125,"{""assignment_entropy_lower"": 0.45, ""assignment_entropy_upper"": 0.85, ""beta"": 0.01, ""cluster_init_gain"": 2.0, ""knn_k"": 20, ""lambda_E"": 0.1, ""lambda_H"": 0.35, ""lambda_bal"": 0.0, ""lambda_usage_entropy"": 0.5, ""num_clusters"": 28, ""num_hops"": 4, ""tau_c"": 0.3, ""tau_s"": 0.05, ""usage_entropy_lower"": 0.65, ""usage_entropy_upper"": 0.9}",/autodl-fs/data/recap/tuning_hyperparams/interaction_tuning/results/interaction_entropy_v1/checkpoints/beta_recal__b0p01/recap/trial_2/model.pt
beta_recal__b0p01,beta_recalibration,2,Reddit,0.590125722172988,0.045004240141309215,"{""assignment_entropy_lower"": 0.45, ""assignment_entropy_upper"": 0.85, ""beta"": 0.01, ""cluster_init_gain"": 2.0, ""knn_k"": 20, ""lambda_E"": 0.1, ""lambda_H"": 0.35, ""lambda_bal"": 0.0, ""lambda_usage_entropy"": 0.5, ""num_clusters"": 28, ""num_hops"": 4, ""tau_c"": 0.3, ""tau_s"": 0.05, ""usage_entropy_lower"": 0.65, ""usage_entropy_upper"": 0.9}",/autodl-fs/data/recap/tuning_hyperparams/interaction_tuning/results/interaction_entropy_v1/checkpoints/beta_recal__b0p01/recap/trial_2/model.pt
beta_recal__b0p01,beta_recalibration,2,Amazon,0.7311683466861307,0.13307267197818232,"{""assignment_entropy_lower"": 0.45, ""assignment_entropy_upper"": 0.85, ""beta"": 0.01, ""cluster_init_gain"": 2.0, ""knn_k"": 20, ""lambda_E"": 0.1, ""lambda_H"": 0.35, ""lambda_bal"": 0.0, ""lambda_usage_entropy"": 0.5, ""num_clusters"": 28, ""num_hops"": 4, ""tau_c"": 0.3, ""tau_s"": 0.05, ""usage_entropy_lower"": 0.65, ""usage_entropy_upper"": 0.9}",/autodl-fs/data/recap/tuning_hyperparams/interaction_tuning/results/interaction_entropy_v1/checkpoints/beta_recal__b0p01/recap/trial_2/model.pt
beta_recal__b0p05,beta_recalibration,0,Facebook,0.5864393939393939,0.0338104893984054,"{""assignment_entropy_lower"": 0.45, ""assignment_entropy_upper"": 0.85, ""beta"": 0.05, ""cluster_init_gain"": 2.0, ""knn_k"": 20, ""lambda_E"": 0.1, ""lambda_H"": 0.35, ""lambda_bal"": 0.0, ""lambda_usage_entropy"": 0.5, ""num_clusters"": 28, ""num_hops"": 4, ""tau_c"": 0.3, ""tau_s"": 0.05, ""usage_entropy_lower"": 0.65, ""usage_entropy_upper"": 0.9}",/autodl-fs/data/recap/tuning_hyperparams/interaction_tuning/results/interaction_entropy_v1/checkpoints/beta_recal__b0p05/recap/trial_0/model.pt
beta_recal__b0p05,beta_recalibration,0,cora,0.8092911128485797,0.3297113519060108,"{""assignment_entropy_lower"": 0.45, ""assignment_entropy_upper"": 0.85, ""beta"": 0.05, ""cluster_init_gain"": 2.0, ""knn_k"": 20, ""lambda_E"": 0.1, ""lambda_H"": 0.35, ""lambda_bal"": 0.0, ""lambda_usage_entropy"": 0.5, ""num_clusters"": 28, ""num_hops"": 4, ""tau_c"": 0.3, ""tau_s"": 0.05, ""usage_entropy_lower"": 0.65, ""usage_entropy_upper"": 0.9}",/autodl-fs/data/recap/tuning_hyperparams/interaction_tuning/results/interaction_entropy_v1/checkpoints/beta_recal__b0p05/recap/trial_0/model.pt
beta_recal__b0p05,beta_recalibration,0,citeseer,0.888609799601301,0.33338868759549295,"{""assignment_entropy_lower"": 0.45, ""assignment_entropy_upper"": 0.85, ""beta"": 0.05, ""cluster_init_gain"": 2.0, ""knn_k"": 20, ""lambda_E"": 0.1, ""lambda_H"": 0.35, ""lambda_bal"": 0.0, ""lambda_usage_entropy"": 0.5, ""num_clusters"": 28, ""num_hops"": 4, ""tau_c"": 0.3, ""tau_s"": 0.05, ""usage_entropy_lower"": 0.65, ""usage_entropy_upper"": 0.9}",/autodl-fs/data/recap/tuning_hyperparams/interaction_tuning/results/interaction_entropy_v1/checkpoints/beta_recal__b0p05/recap/trial_0/model.pt
beta_recal__b0p05,beta_recalibration,0,ACM,0.7695635496886039,0.3521887650903067,"{""assignment_entropy_lower"": 0.45, ""assignment_entropy_upper"": 0.85, ""beta"": 0.05, ""cluster_init_gain"": 2.0, ""knn_k"": 20, ""lambda_E"": 0.1, ""lambda_H"": 0.35, ""lambda_bal"": 0.0, ""lambda_usage_entropy"": 0.5, ""num_clusters"": 28, ""num_hops"": 4, ""tau_c"": 0.3, ""tau_s"": 0.05, ""usage_entropy_lower"": 0.65, ""usage_entropy_upper"": 0.9}",/autodl-fs/data/recap/tuning_hyperparams/interaction_tuning/results/interaction_entropy_v1/checkpoints/beta_recal__b0p05/recap/trial_0/model.pt
beta_recal__b0p05,beta_recalibration,0,BlogCatalog,0.7181631263616557,0.3036242428820187,"{""assignment_entropy_lower"": 0.45, ""assignment_entropy_upper"": 0.85, ""beta"": 0.05, ""cluster_init_gain"": 2.0, ""knn_k"": 20, ""lambda_E"": 0.1, ""lambda_H"": 0.35, ""lambda_bal"": 0.0, ""lambda_usage_entropy"": 0.5, ""num_clusters"": 28, ""num_hops"": 4, ""tau_c"": 0.3, ""tau_s"": 0.05, ""usage_entropy_lower"": 0.65, ""usage_entropy_upper"": 0.9}",/autodl-fs/data/recap/tuning_hyperparams/interaction_tuning/results/interaction_entropy_v1/checkpoints/beta_recal__b0p05/recap/trial_0/model.pt
beta_recal__b0p05,beta_recalibration,0,weibo,0.7272572818947264,0.31961574480303967,"{""assignment_entropy_lower"": 0.45, ""assignment_entropy_upper"": 0.85, ""beta"": 0.05, ""cluster_init_gain"": 2.0, ""knn_k"": 20, ""lambda_E"": 0.1, ""lambda_H"": 0.35, ""lambda_bal"": 0.0, ""lambda_usage_entropy"": 0.5, ""num_clusters"": 28, ""num_hops"": 4, ""tau_c"": 0.3, ""tau_s"": 0.05, ""usage_entropy_lower"": 0.65, ""usage_entropy_upper"": 0.9}",/autodl-fs/data/recap/tuning_hyperparams/interaction_tuning/results/interaction_entropy_v1/checkpoints/beta_recal__b0p05/recap/trial_0/model.pt
beta_recal__b0p05,beta_recalibration,0,Reddit,0.581660614463325,0.046167206050192415,"{""assignment_entropy_lower"": 0.45, ""assignment_entropy_upper"": 0.85, ""beta"": 0.05, ""cluster_init_gain"": 2.0, ""knn_k"": 20, ""lambda_E"": 0.1, ""lambda_H"": 0.35, ""lambda_bal"": 0.0, ""lambda_usage_entropy"": 0.5, ""num_clusters"": 28, ""num_hops"": 4, ""tau_c"": 0.3, ""tau_s"": 0.05, ""usage_entropy_lower"": 0.65, ""usage_entropy_upper"": 0.9}",/autodl-fs/data/recap/tuning_hyperparams/interaction_tuning/results/interaction_entropy_v1/checkpoints/beta_recal__b0p05/recap/trial_0/model.pt
beta_recal__b0p05,beta_recalibration,0,Amazon,0.7352106735172521,0.1339836858474136,"{""assignment_entropy_lower"": 0.45, ""assignment_entropy_upper"": 0.85, ""beta"": 0.05, ""cluster_init_gain"": 2.0, ""knn_k"": 20, ""lambda_E"": 0.1, ""lambda_H"": 0.35, ""lambda_bal"": 0.0, ""lambda_usage_entropy"": 0.5, ""num_clusters"": 28, ""num_hops"": 4, ""tau_c"": 0.3, ""tau_s"": 0.05, ""usage_entropy_lower"": 0.65, ""usage_entropy_upper"": 0.9}",/autodl-fs/data/recap/tuning_hyperparams/interaction_tuning/results/interaction_entropy_v1/checkpoints/beta_recal__b0p05/recap/trial_0/model.pt
beta_recal__b0p05,beta_recalibration,1,Facebook,0.5759090909090908,0.035231326105688056,"{""assignment_entropy_lower"": 0.45, ""assignment_entropy_upper"": 0.85, ""beta"": 0.05, ""cluster_init_gain"": 2.0, ""knn_k"": 20, ""lambda_E"": 0.1, ""lambda_H"": 0.35, ""lambda_bal"": 0.0, ""lambda_usage_entropy"": 0.5, ""num_clusters"": 28, ""num_hops"": 4, ""tau_c"": 0.3, ""tau_s"": 0.05, ""usage_entropy_lower"": 0.65, ""usage_entropy_upper"": 0.9}",/autodl-fs/data/recap/tuning_hyperparams/interaction_tuning/results/interaction_entropy_v1/checkpoints/beta_recal__b0p05/recap/trial_1/model.pt
beta_recal__b0p05,beta_recalibration,1,cora,0.8215194162105812,0.32339519985672166,"{""assignment_entropy_lower"": 0.45, ""assignment_entropy_upper"": 0.85, ""beta"": 0.05, ""cluster_init_gain"": 2.0, ""knn_k"": 20, ""lambda_E"": 0.1, ""lambda_H"": 0.35, ""lambda_bal"": 0.0, ""lambda_usage_entropy"": 0.5, ""num_clusters"": 28, ""num_hops"": 4, ""tau_c"": 0.3, ""tau_s"": 0.05, ""usage_entropy_lower"": 0.65, ""usage_entropy_upper"": 0.9}",/autodl-fs/data/recap/tuning_hyperparams/interaction_tuning/results/interaction_entropy_v1/checkpoints/beta_recal__b0p05/recap/trial_1/model.pt
beta_recal__b0p05,beta_recalibration,1,citeseer,0.8799003252544328,0.3459066708617989,"{""assignment_entropy_lower"": 0.45, ""assignment_entropy_upper"": 0.85, ""beta"": 0.05, ""cluster_init_gain"": 2.0, ""knn_k"": 20, ""lambda_E"": 0.1, ""lambda_H"": 0.35, ""lambda_bal"": 0.0, ""lambda_usage_entropy"": 0.5, ""num_clusters"": 28, ""num_hops"": 4, ""tau_c"": 0.3, ""tau_s"": 0.05, ""usage_entropy_lower"": 0.65, ""usage_entropy_upper"": 0.9}",/autodl-fs/data/recap/tuning_hyperparams/interaction_tuning/results/interaction_entropy_v1/checkpoints/beta_recal__b0p05/recap/trial_1/model.pt
beta_recal__b0p05,beta_recalibration,1,ACM,0.7708613987458959,0.35303113271177916,"{""assignment_entropy_lower"": 0.45, ""assignment_entropy_upper"": 0.85, ""beta"": 0.05, ""cluster_init_gain"": 2.0, ""knn_k"": 20, ""lambda_E"": 0.1, ""lambda_H"": 0.35, ""lambda_bal"": 0.0, ""lambda_usage_entropy"": 0.5, ""num_clusters"": 28, ""num_hops"": 4, ""tau_c"": 0.3, ""tau_s"": 0.05, ""usage_entropy_lower"": 0.65, ""usage_entropy_upper"": 0.9}",/autodl-fs/data/recap/tuning_hyperparams/interaction_tuning/results/interaction_entropy_v1/checkpoints/beta_recal__b0p05/recap/trial_1/model.pt
beta_recal__b0p05,beta_recalibration,1,BlogCatalog,0.7147869008714597,0.30077691521254923,"{""assignment_entropy_lower"": 0.45, ""assignment_entropy_upper"": 0.85, ""beta"": 0.05, ""cluster_init_gain"": 2.0, ""knn_k"": 20, ""lambda_E"": 0.1, ""lambda_H"": 0.35, ""lambda_bal"": 0.0, ""lambda_usage_entropy"": 0.5, ""num_clusters"": 28, ""num_hops"": 4, ""tau_c"": 0.3, ""tau_s"": 0.05, ""usage_entropy_lower"": 0.65, ""usage_entropy_upper"": 0.9}",/autodl-fs/data/recap/tuning_hyperparams/interaction_tuning/results/interaction_entropy_v1/checkpoints/beta_recal__b0p05/recap/trial_1/model.pt
beta_recal__b0p05,beta_recalibration,1,weibo,0.7195283605487888,0.3126911878243053,"{""assignment_entropy_lower"": 0.45, ""assignment_entropy_upper"": 0.85, ""beta"": 0.05, ""cluster_init_gain"": 2.0, ""knn_k"": 20, ""lambda_E"": 0.1, ""lambda_H"": 0.35, ""lambda_bal"": 0.0, ""lambda_usage_entropy"": 0.5, ""num_clusters"": 28, ""num_hops"": 4, ""tau_c"": 0.3, ""tau_s"": 0.05, ""usage_entropy_lower"": 0.65, ""usage_entropy_upper"": 0.9}",/autodl-fs/data/recap/tuning_hyperparams/interaction_tuning/results/interaction_entropy_v1/checkpoints/beta_recal__b0p05/recap/trial_1/model.pt
beta_recal__b0p05,beta_recalibration,1,Reddit,0.571555467723126,0.04498670691273947,"{""assignment_entropy_lower"": 0.45, ""assignment_entropy_upper"": 0.85, ""beta"": 0.05, ""cluster_init_gain"": 2.0, ""knn_k"": 20, ""lambda_E"": 0.1, ""lambda_H"": 0.35, ""lambda_bal"": 0.0, ""lambda_usage_entropy"": 0.5, ""num_clusters"": 28, ""num_hops"": 4, ""tau_c"": 0.3, ""tau_s"": 0.05, ""usage_entropy_lower"": 0.65, ""usage_entropy_upper"": 0.9}",/autodl-fs/data/recap/tuning_hyperparams/interaction_tuning/results/interaction_entropy_v1/checkpoints/beta_recal__b0p05/recap/trial_1/model.pt
beta_recal__b0p05,beta_recalibration,1,Amazon,0.7365744923189051,0.13720926314677692,"{""assignment_entropy_lower"": 0.45, ""assignment_entropy_upper"": 0.85, ""beta"": 0.05, ""cluster_init_gain"": 2.0, ""knn_k"": 20, ""lambda_E"": 0.1, ""lambda_H"": 0.35, ""lambda_bal"": 0.0, ""lambda_usage_entropy"": 0.5, ""num_clusters"": 28, ""num_hops"": 4, ""tau_c"": 0.3, ""tau_s"": 0.05, ""usage_entropy_lower"": 0.65, ""usage_entropy_upper"": 0.9}",/autodl-fs/data/recap/tuning_hyperparams/interaction_tuning/results/interaction_entropy_v1/checkpoints/beta_recal__b0p05/recap/trial_1/model.pt
beta_recal__b0p05,beta_recalibration,2,Facebook,0.5631818181818182,0.03624821307662033,"{""assignment_entropy_lower"": 0.45, ""assignment_entropy_upper"": 0.85, ""beta"": 0.05, ""cluster_init_gain"": 2.0, ""knn_k"": 20, ""lambda_E"": 0.1, ""lambda_H"": 0.35, ""lambda_bal"": 0.0, ""lambda_usage_entropy"": 0.5, ""num_clusters"": 28, ""num_hops"": 4, ""tau_c"": 0.3, ""tau_s"": 0.05, ""usage_entropy_lower"": 0.65, ""usage_entropy_upper"": 0.9}",/autodl-fs/data/recap/tuning_hyperparams/interaction_tuning/results/interaction_entropy_v1/checkpoints/beta_recal__b0p05/recap/trial_2/model.pt
beta_recal__b0p05,beta_recalibration,2,cora,0.8003388063591348,0.27136339490672456,"{""assignment_entropy_lower"": 0.45, ""assignment_entropy_upper"": 0.85, ""beta"": 0.05, ""cluster_init_gain"": 2.0, ""knn_k"": 20, ""lambda_E"": 0.1, ""lambda_H"": 0.35, ""lambda_bal"": 0.0, ""lambda_usage_entropy"": 0.5, ""num_clusters"": 28, ""num_hops"": 4, ""tau_c"": 0.3, ""tau_s"": 0.05, ""usage_entropy_lower"": 0.65, ""usage_entropy_upper"": 0.9}",/autodl-fs/data/recap/tuning_hyperparams/interaction_tuning/results/interaction_entropy_v1/checkpoints/beta_recal__b0p05/recap/trial_2/model.pt
beta_recal__b0p05,beta_recalibration,2,citeseer,0.8930080789004303,0.39885810997695914,"{""assignment_entropy_lower"": 0.45, ""assignment_entropy_upper"": 0.85, ""beta"": 0.05, ""cluster_init_gain"": 2.0, ""knn_k"": 20, ""lambda_E"": 0.1, ""lambda_H"": 0.35, ""lambda_bal"": 0.0, ""lambda_usage_entropy"": 0.5, ""num_clusters"": 28, ""num_hops"": 4, ""tau_c"": 0.3, ""tau_s"": 0.05, ""usage_entropy_lower"": 0.65, ""usage_entropy_upper"": 0.9}",/autodl-fs/data/recap/tuning_hyperparams/interaction_tuning/results/interaction_entropy_v1/checkpoints/beta_recal__b0p05/recap/trial_2/model.pt
beta_recal__b0p05,beta_recalibration,2,ACM,0.7585815715450166,0.3439718957537473,"{""assignment_entropy_lower"": 0.45, ""assignment_entropy_upper"": 0.85, ""beta"": 0.05, ""cluster_init_gain"": 2.0, ""knn_k"": 20, ""lambda_E"": 0.1, ""lambda_H"": 0.35, ""lambda_bal"": 0.0, ""lambda_usage_entropy"": 0.5, ""num_clusters"": 28, ""num_hops"": 4, ""tau_c"": 0.3, ""tau_s"": 0.05, ""usage_entropy_lower"": 0.65, ""usage_entropy_upper"": 0.9}",/autodl-fs/data/recap/tuning_hyperparams/interaction_tuning/results/interaction_entropy_v1/checkpoints/beta_recal__b0p05/recap/trial_2/model.pt
beta_recal__b0p05,beta_recalibration,2,BlogCatalog,0.693327205882353,0.29423623199860205,"{""assignment_entropy_lower"": 0.45, ""assignment_entropy_upper"": 0.85, ""beta"": 0.05, ""cluster_init_gain"": 2.0, ""knn_k"": 20, ""lambda_E"": 0.1, ""lambda_H"": 0.35, ""lambda_bal"": 0.0, ""lambda_usage_entropy"": 0.5, ""num_clusters"": 28, ""num_hops"": 4, ""tau_c"": 0.3, ""tau_s"": 0.05, ""usage_entropy_lower"": 0.65, ""usage_entropy_upper"": 0.9}",/autodl-fs/data/recap/tuning_hyperparams/interaction_tuning/results/interaction_entropy_v1/checkpoints/beta_recal__b0p05/recap/trial_2/model.pt
beta_recal__b0p05,beta_recalibration,2,weibo,0.7461066878055969,0.3073187383836569,"{""assignment_entropy_lower"": 0.45, ""assignment_entropy_upper"": 0.85, ""beta"": 0.05, ""cluster_init_gain"": 2.0, ""knn_k"": 20, ""lambda_E"": 0.1, ""lambda_H"": 0.35, ""lambda_bal"": 0.0, ""lambda_usage_entropy"": 0.5, ""num_clusters"": 28, ""num_hops"": 4, ""tau_c"": 0.3, ""tau_s"": 0.05, ""usage_entropy_lower"": 0.65, ""usage_entropy_upper"": 0.9}",/autodl-fs/data/recap/tuning_hyperparams/interaction_tuning/results/interaction_entropy_v1/checkpoints/beta_recal__b0p05/recap/trial_2/model.pt
beta_recal__b0p05,beta_recalibration,2,Reddit,0.5902070357893134,0.045305764463012085,"{""assignment_entropy_lower"": 0.45, ""assignment_entropy_upper"": 0.85, ""beta"": 0.05, ""cluster_init_gain"": 2.0, ""knn_k"": 20, ""lambda_E"": 0.1, ""lambda_H"": 0.35, ""lambda_bal"": 0.0, ""lambda_usage_entropy"": 0.5, ""num_clusters"": 28, ""num_hops"": 4, ""tau_c"": 0.3, ""tau_s"": 0.05, ""usage_entropy_lower"": 0.65, ""usage_entropy_upper"": 0.9}",/autodl-fs/data/recap/tuning_hyperparams/interaction_tuning/results/interaction_entropy_v1/checkpoints/beta_recal__b0p05/recap/trial_2/model.pt
beta_recal__b0p05,beta_recalibration,2,Amazon,0.7290586516271124,0.13237009018844903,"{""assignment_entropy_lower"": 0.45, ""assignment_entropy_upper"": 0.85, ""beta"": 0.05, ""cluster_init_gain"": 2.0, ""knn_k"": 20, ""lambda_E"": 0.1, ""lambda_H"": 0.35, ""lambda_bal"": 0.0, ""lambda_usage_entropy"": 0.5, ""num_clusters"": 28, ""num_hops"": 4, ""tau_c"": 0.3, ""tau_s"": 0.05, ""usage_entropy_lower"": 0.65, ""usage_entropy_upper"": 0.9}",/autodl-fs/data/recap/tuning_hyperparams/interaction_tuning/results/interaction_entropy_v1/checkpoints/beta_recal__b0p05/recap/trial_2/model.pt
ctrl__tau0p03,controls,0,Facebook,0.5879166666666666,0.034360603687837075,"{""assignment_entropy_lower"": 0.45, ""assignment_entropy_upper"": 0.85, ""beta"": 0.02, ""cluster_init_gain"": 2.0, ""knn_k"": 20, ""lambda_E"": 0.1, ""lambda_H"": 0.35, ""lambda_bal"": 0.0, ""lambda_usage_entropy"": 0.5, ""num_clusters"": 28, ""num_hops"": 4, ""tau_c"": 0.3, ""tau_s"": 0.03, ""usage_entropy_lower"": 0.65, ""usage_entropy_upper"": 0.9}",/autodl-fs/data/recap/tuning_hyperparams/interaction_tuning/results/interaction_entropy_v1/checkpoints/ctrl__tau0p03/recap/trial_0/model.pt
ctrl__tau0p03,controls,0,cora,0.814610372686995,0.3302143747677135,"{""assignment_entropy_lower"": 0.45, ""assignment_entropy_upper"": 0.85, ""beta"": 0.02, ""cluster_init_gain"": 2.0, ""knn_k"": 20, ""lambda_E"": 0.1, ""lambda_H"": 0.35, ""lambda_bal"": 0.0, ""lambda_usage_entropy"": 0.5, ""num_clusters"": 28, ""num_hops"": 4, ""tau_c"": 0.3, ""tau_s"": 0.03, ""usage_entropy_lower"": 0.65, ""usage_entropy_upper"": 0.9}",/autodl-fs/data/recap/tuning_hyperparams/interaction_tuning/results/interaction_entropy_v1/checkpoints/ctrl__tau0p03/recap/trial_0/model.pt
ctrl__tau0p03,controls,0,citeseer,0.8963949218340153,0.3566416455144694,"{""assignment_entropy_lower"": 0.45, ""assignment_entropy_upper"": 0.85, ""beta"": 0.02, ""cluster_init_gain"": 2.0, ""knn_k"": 20, ""lambda_E"": 0.1, ""lambda_H"": 0.35, ""lambda_bal"": 0.0, ""lambda_usage_entropy"": 0.5, ""num_clusters"": 28, ""num_hops"": 4, ""tau_c"": 0.3, ""tau_s"": 0.03, ""usage_entropy_lower"": 0.65, ""usage_entropy_upper"": 0.9}",/autodl-fs/data/recap/tuning_hyperparams/interaction_tuning/results/interaction_entropy_v1/checkpoints/ctrl__tau0p03/recap/trial_0/model.pt
ctrl__tau0p03,controls,0,ACM,0.7827995646388295,0.3614254139651077,"{""assignment_entropy_lower"": 0.45, ""assignment_entropy_upper"": 0.85, ""beta"": 0.02, ""cluster_init_gain"": 2.0, ""knn_k"": 20, ""lambda_E"": 0.1, ""lambda_H"": 0.35, ""lambda_bal"": 0.0, ""lambda_usage_entropy"": 0.5, ""num_clusters"": 28, ""num_hops"": 4, ""tau_c"": 0.3, ""tau_s"": 0.03, ""usage_entropy_lower"": 0.65, ""usage_entropy_upper"": 0.9}",/autodl-fs/data/recap/tuning_hyperparams/interaction_tuning/results/interaction_entropy_v1/checkpoints/ctrl__tau0p03/recap/trial_0/model.pt
ctrl__tau0p03,controls,0,BlogCatalog,0.7297086056644879,0.3177654693193945,"{""assignment_entropy_lower"": 0.45, ""assignment_entropy_upper"": 0.85, ""beta"": 0.02, ""cluster_init_gain"": 2.0, ""knn_k"": 20, ""lambda_E"": 0.1, ""lambda_H"": 0.35, ""lambda_bal"": 0.0, ""lambda_usage_entropy"": 0.5, ""num_clusters"": 28, ""num_hops"": 4, ""tau_c"": 0.3, ""tau_s"": 0.03, ""usage_entropy_lower"": 0.65, ""usage_entropy_upper"": 0.9}",/autodl-fs/data/recap/tuning_hyperparams/interaction_tuning/results/interaction_entropy_v1/checkpoints/ctrl__tau0p03/recap/trial_0/model.pt
ctrl__tau0p03,controls,0,weibo,0.7072312689044339,0.31735240032256223,"{""assignment_entropy_lower"": 0.45, ""assignment_entropy_upper"": 0.85, ""beta"": 0.02, ""cluster_init_gain"": 2.0, ""knn_k"": 20, ""lambda_E"": 0.1, ""lambda_H"": 0.35, ""lambda_bal"": 0.0, ""lambda_usage_entropy"": 0.5, ""num_clusters"": 28, ""num_hops"": 4, ""tau_c"": 0.3, ""tau_s"": 0.03, ""usage_entropy_lower"": 0.65, ""usage_entropy_upper"": 0.9}",/autodl-fs/data/recap/tuning_hyperparams/interaction_tuning/results/interaction_entropy_v1/checkpoints/ctrl__tau0p03/recap/trial_0/model.pt
ctrl__tau0p03,controls,0,Reddit,0.5839521917107459,0.04687842769202692,"{""assignment_entropy_lower"": 0.45, ""assignment_entropy_upper"": 0.85, ""beta"": 0.02, ""cluster_init_gain"": 2.0, ""knn_k"": 20, ""lambda_E"": 0.1, ""lambda_H"": 0.35, ""lambda_bal"": 0.0, ""lambda_usage_entropy"": 0.5, ""num_clusters"": 28, ""num_hops"": 4, ""tau_c"": 0.3, ""tau_s"": 0.03, ""usage_entropy_lower"": 0.65, ""usage_entropy_upper"": 0.9}",/autodl-fs/data/recap/tuning_hyperparams/interaction_tuning/results/interaction_entropy_v1/checkpoints/ctrl__tau0p03/recap/trial_0/model.pt
ctrl__tau0p03,controls,0,Amazon,0.740617500453824,0.13479499981626997,"{""assignment_entropy_lower"": 0.45, ""assignment_entropy_upper"": 0.85, ""beta"": 0.02, ""cluster_init_gain"": 2.0, ""knn_k"": 20, ""lambda_E"": 0.1, ""lambda_H"": 0.35, ""lambda_bal"": 0.0, ""lambda_usage_entropy"": 0.5, ""num_clusters"": 28, ""num_hops"": 4, ""tau_c"": 0.3, ""tau_s"": 0.03, ""usage_entropy_lower"": 0.65, ""usage_entropy_upper"": 0.9}",/autodl-fs/data/recap/tuning_hyperparams/interaction_tuning/results/interaction_entropy_v1/checkpoints/ctrl__tau0p03/recap/trial_0/model.pt
ctrl__tau0p03,controls,1,Facebook,0.5538257575757576,0.03125145399001067,"{""assignment_entropy_lower"": 0.45, ""assignment_entropy_upper"": 0.85, ""beta"": 0.02, ""cluster_init_gain"": 2.0, ""knn_k"": 20, ""lambda_E"": 0.1, ""lambda_H"": 0.35, ""lambda_bal"": 0.0, ""lambda_usage_entropy"": 0.5, ""num_clusters"": 28, ""num_hops"": 4, ""tau_c"": 0.3, ""tau_s"": 0.03, ""usage_entropy_lower"": 0.65, ""usage_entropy_upper"": 0.9}",/autodl-fs/data/recap/tuning_hyperparams/interaction_tuning/results/interaction_entropy_v1/checkpoints/ctrl__tau0p03/recap/trial_1/model.pt
ctrl__tau0p03,controls,1,cora,0.8120589001824342,0.2922551285865229,"{""assignment_entropy_lower"": 0.45, ""assignment_entropy_upper"": 0.85, ""beta"": 0.02, ""cluster_init_gain"": 2.0, ""knn_k"": 20, ""lambda_E"": 0.1, ""lambda_H"": 0.35, ""lambda_bal"": 0.0, ""lambda_usage_entropy"": 0.5, ""num_clusters"": 28, ""num_hops"": 4, ""tau_c"": 0.3, ""tau_s"": 0.03, ""usage_entropy_lower"": 0.65, ""usage_entropy_upper"": 0.9}",/autodl-fs/data/recap/tuning_hyperparams/interaction_tuning/results/interaction_entropy_v1/checkpoints/ctrl__tau0p03/recap/trial_1/model.pt
ctrl__tau0p03,controls,1,citeseer,0.8785856678207955,0.32475350437188943,"{""assignment_entropy_lower"": 0.45, ""assignment_entropy_upper"": 0.85, ""beta"": 0.02, ""cluster_init_gain"": 2.0, ""knn_k"": 20, ""lambda_E"": 0.1, ""lambda_H"": 0.35, ""lambda_bal"": 0.0, ""lambda_usage_entropy"": 0.5, ""num_clusters"": 28, ""num_hops"": 4, ""tau_c"": 0.3, ""tau_s"": 0.03, ""usage_entropy_lower"": 0.65, ""usage_entropy_upper"": 0.9}",/autodl-fs/data/recap/tuning_hyperparams/interaction_tuning/results/interaction_entropy_v1/checkpoints/ctrl__tau0p03/recap/trial_1/model.pt
ctrl__tau0p03,controls,1,ACM,0.7736468794107969,0.3564440705843453,"{""assignment_entropy_lower"": 0.45, ""assignment_entropy_upper"": 0.85, ""beta"": 0.02, ""cluster_init_gain"": 2.0, ""knn_k"": 20, ""lambda_E"": 0.1, ""lambda_H"": 0.35, ""lambda_bal"": 0.0, ""lambda_usage_entropy"": 0.5, ""num_clusters"": 28, ""num_hops"": 4, ""tau_c"": 0.3, ""tau_s"": 0.03, ""usage_entropy_lower"": 0.65, ""usage_entropy_upper"": 0.9}",/autodl-fs/data/recap/tuning_hyperparams/interaction_tuning/results/interaction_entropy_v1/checkpoints/ctrl__tau0p03/recap/trial_1/model.pt
ctrl__tau0p03,controls,1,BlogCatalog,0.7218106617647059,0.3099152446904314,"{""assignment_entropy_lower"": 0.45, ""assignment_entropy_upper"": 0.85, ""beta"": 0.02, ""cluster_init_gain"": 2.0, ""knn_k"": 20, ""lambda_E"": 0.1, ""lambda_H"": 0.35, ""lambda_bal"": 0.0, ""lambda_usage_entropy"": 0.5, ""num_clusters"": 28, ""num_hops"": 4, ""tau_c"": 0.3, ""tau_s"": 0.03, ""usage_entropy_lower"": 0.65, ""usage_entropy_upper"": 0.9}",/autodl-fs/data/recap/tuning_hyperparams/interaction_tuning/results/interaction_entropy_v1/checkpoints/ctrl__tau0p03/recap/trial_1/model.pt
ctrl__tau0p03,controls,1,weibo,0.6876360798249374,0.3095879487278152,"{""assignment_entropy_lower"": 0.45, ""assignment_entropy_upper"": 0.85, ""beta"": 0.02, ""cluster_init_gain"": 2.0, ""knn_k"": 20, ""lambda_E"": 0.1, ""lambda_H"": 0.35, ""lambda_bal"": 0.0, ""lambda_usage_entropy"": 0.5, ""num_clusters"": 28, ""num_hops"": 4, ""tau_c"": 0.3, ""tau_s"": 0.03, ""usage_entropy_lower"": 0.65, ""usage_entropy_upper"": 0.9}",/autodl-fs/data/recap/tuning_hyperparams/interaction_tuning/results/interaction_entropy_v1/checkpoints/ctrl__tau0p03/recap/trial_1/model.pt
ctrl__tau0p03,controls,1,Reddit,0.5753657568805215,0.046056639007259786,"{""assignment_entropy_lower"": 0.45, ""assignment_entropy_upper"": 0.85, ""beta"": 0.02, ""cluster_init_gain"": 2.0, ""knn_k"": 20, ""lambda_E"": 0.1, ""lambda_H"": 0.35, ""lambda_bal"": 0.0, ""lambda_usage_entropy"": 0.5, ""num_clusters"": 28, ""num_hops"": 4, ""tau_c"": 0.3, ""tau_s"": 0.03, ""usage_entropy_lower"": 0.65, ""usage_entropy_upper"": 0.9}",/autodl-fs/data/recap/tuning_hyperparams/interaction_tuning/results/interaction_entropy_v1/checkpoints/ctrl__tau0p03/recap/trial_1/model.pt
ctrl__tau0p03,controls,1,Amazon,0.7367016690277629,0.13667456700958464,"{""assignment_entropy_lower"": 0.45, ""assignment_entropy_upper"": 0.85, ""beta"": 0.02, ""cluster_init_gain"": 2.0, ""knn_k"": 20, ""lambda_E"": 0.1, ""lambda_H"": 0.35, ""lambda_bal"": 0.0, ""lambda_usage_entropy"": 0.5, ""num_clusters"": 28, ""num_hops"": 4, ""tau_c"": 0.3, ""tau_s"": 0.03, ""usage_entropy_lower"": 0.65, ""usage_entropy_upper"": 0.9}",/autodl-fs/data/recap/tuning_hyperparams/interaction_tuning/results/interaction_entropy_v1/checkpoints/ctrl__tau0p03/recap/trial_1/model.pt
ctrl__tau0p03,controls,2,Facebook,0.5692424242424243,0.03937459653578168,"{""assignment_entropy_lower"": 0.45, ""assignment_entropy_upper"": 0.85, ""beta"": 0.02, ""cluster_init_gain"": 2.0, ""knn_k"": 20, ""lambda_E"": 0.1, ""lambda_H"": 0.35, ""lambda_bal"": 0.0, ""lambda_usage_entropy"": 0.5, ""num_clusters"": 28, ""num_hops"": 4, ""tau_c"": 0.3, ""tau_s"": 0.03, ""usage_entropy_lower"": 0.65, ""usage_entropy_upper"": 0.9}",/autodl-fs/data/recap/tuning_hyperparams/interaction_tuning/results/interaction_entropy_v1/checkpoints/ctrl__tau0p03/recap/trial_2/model.pt
ctrl__tau0p03,controls,2,cora,0.8087959343236903,0.2852019990132189,"{""assignment_entropy_lower"": 0.45, ""assignment_entropy_upper"": 0.85, ""beta"": 0.02, ""cluster_init_gain"": 2.0, ""knn_k"": 20, ""lambda_E"": 0.1, ""lambda_H"": 0.35, ""lambda_bal"": 0.0, ""lambda_usage_entropy"": 0.5, ""num_clusters"": 28, ""num_hops"": 4, ""tau_c"": 0.3, ""tau_s"": 0.03, ""usage_entropy_lower"": 0.65, ""usage_entropy_upper"": 0.9}",/autodl-fs/data/recap/tuning_hyperparams/interaction_tuning/results/interaction_entropy_v1/checkpoints/ctrl__tau0p03/recap/trial_2/model.pt
ctrl__tau0p03,controls,2,citeseer,0.8946406463120344,0.4099848822917653,"{""assignment_entropy_lower"": 0.45, ""assignment_entropy_upper"": 0.85, ""beta"": 0.02, ""cluster_init_gain"": 2.0, ""knn_k"": 20, ""lambda_E"": 0.1, ""lambda_H"": 0.35, ""lambda_bal"": 0.0, ""lambda_usage_entropy"": 0.5, ""num_clusters"": 28, ""num_hops"": 4, ""tau_c"": 0.3, ""tau_s"": 0.03, ""usage_entropy_lower"": 0.65, ""usage_entropy_upper"": 0.9}",/autodl-fs/data/recap/tuning_hyperparams/interaction_tuning/results/interaction_entropy_v1/checkpoints/ctrl__tau0p03/recap/trial_2/model.pt
ctrl__tau0p03,controls,2,ACM,0.7687328292919666,0.35662931393473585,"{""assignment_entropy_lower"": 0.45, ""assignment_entropy_upper"": 0.85, ""beta"": 0.02, ""cluster_init_gain"": 2.0, ""knn_k"": 20, ""lambda_E"": 0.1, ""lambda_H"": 0.35, ""lambda_bal"": 0.0, ""lambda_usage_entropy"": 0.5, ""num_clusters"": 28, ""num_hops"": 4, ""tau_c"": 0.3, ""tau_s"": 0.03, ""usage_entropy_lower"": 0.65, ""usage_entropy_upper"": 0.9}",/autodl-fs/data/recap/tuning_hyperparams/interaction_tuning/results/interaction_entropy_v1/checkpoints/ctrl__tau0p03/recap/trial_2/model.pt
ctrl__tau0p03,controls,2,BlogCatalog,0.7120404411764706,0.3096303585123744,"{""assignment_entropy_lower"": 0.45, ""assignment_entropy_upper"": 0.85, ""beta"": 0.02, ""cluster_init_gain"": 2.0, ""knn_k"": 20, ""lambda_E"": 0.1, ""lambda_H"": 0.35, ""lambda_bal"": 0.0, ""lambda_usage_entropy"": 0.5, ""num_clusters"": 28, ""num_hops"": 4, ""tau_c"": 0.3, ""tau_s"": 0.03, ""usage_entropy_lower"": 0.65, ""usage_entropy_upper"": 0.9}",/autodl-fs/data/recap/tuning_hyperparams/interaction_tuning/results/interaction_entropy_v1/checkpoints/ctrl__tau0p03/recap/trial_2/model.pt
ctrl__tau0p03,controls,2,weibo,0.7236132774166646,0.3065430150159528,"{""assignment_entropy_lower"": 0.45, ""assignment_entropy_upper"": 0.85, ""beta"": 0.02, ""cluster_init_gain"": 2.0, ""knn_k"": 20, ""lambda_E"": 0.1, ""lambda_H"": 0.35, ""lambda_bal"": 0.0, ""lambda_usage_entropy"": 0.5, ""num_clusters"": 28, ""num_hops"": 4, ""tau_c"": 0.3, ""tau_s"": 0.03, ""usage_entropy_lower"": 0.65, ""usage_entropy_upper"": 0.9}",/autodl-fs/data/recap/tuning_hyperparams/interaction_tuning/results/interaction_entropy_v1/checkpoints/ctrl__tau0p03/recap/trial_2/model.pt
ctrl__tau0p03,controls,2,Reddit,0.5892995912704172,0.04527466135352707,"{""assignment_entropy_lower"": 0.45, ""assignment_entropy_upper"": 0.85, ""beta"": 0.02, ""cluster_init_gain"": 2.0, ""knn_k"": 20, ""lambda_E"": 0.1, ""lambda_H"": 0.35, ""lambda_bal"": 0.0, ""lambda_usage_entropy"": 0.5, ""num_clusters"": 28, ""num_hops"": 4, ""tau_c"": 0.3, ""tau_s"": 0.03, ""usage_entropy_lower"": 0.65, ""usage_entropy_upper"": 0.9}",/autodl-fs/data/recap/tuning_hyperparams/interaction_tuning/results/interaction_entropy_v1/checkpoints/ctrl__tau0p03/recap/trial_2/model.pt
ctrl__tau0p03,controls,2,Amazon,0.7310815183021667,0.1326180051518238,"{""assignment_entropy_lower"": 0.45, ""assignment_entropy_upper"": 0.85, ""beta"": 0.02, ""cluster_init_gain"": 2.0, ""knn_k"": 20, ""lambda_E"": 0.1, ""lambda_H"": 0.35, ""lambda_bal"": 0.0, ""lambda_usage_entropy"": 0.5, ""num_clusters"": 28, ""num_hops"": 4, ""tau_c"": 0.3, ""tau_s"": 0.03, ""usage_entropy_lower"": 0.65, ""usage_entropy_upper"": 0.9}",/autodl-fs/data/recap/tuning_hyperparams/interaction_tuning/results/interaction_entropy_v1/checkpoints/ctrl__tau0p03/recap/trial_2/model.pt
ctrl__tau0p08,controls,0,Facebook,0.5803030303030303,0.033924155075161375,"{""assignment_entropy_lower"": 0.45, ""assignment_entropy_upper"": 0.85, ""beta"": 0.02, ""cluster_init_gain"": 2.0, ""knn_k"": 20, ""lambda_E"": 0.1, ""lambda_H"": 0.35, ""lambda_bal"": 0.0, ""lambda_usage_entropy"": 0.5, ""num_clusters"": 28, ""num_hops"": 4, ""tau_c"": 0.3, ""tau_s"": 0.08, ""usage_entropy_lower"": 0.65, ""usage_entropy_upper"": 0.9}",/autodl-fs/data/recap/tuning_hyperparams/interaction_tuning/results/interaction_entropy_v1/checkpoints/ctrl__tau0p08/recap/trial_0/model.pt
ctrl__tau0p08,controls,0,cora,0.8048631743549648,0.35540016779869477,"{""assignment_entropy_lower"": 0.45, ""assignment_entropy_upper"": 0.85, ""beta"": 0.02, ""cluster_init_gain"": 2.0, ""knn_k"": 20, ""lambda_E"": 0.1, ""lambda_H"": 0.35, ""lambda_bal"": 0.0, ""lambda_usage_entropy"": 0.5, ""num_clusters"": 28, ""num_hops"": 4, ""tau_c"": 0.3, ""tau_s"": 0.08, ""usage_entropy_lower"": 0.65, ""usage_entropy_upper"": 0.9}",/autodl-fs/data/recap/tuning_hyperparams/interaction_tuning/results/interaction_entropy_v1/checkpoints/ctrl__tau0p08/recap/trial_0/model.pt
ctrl__tau0p08,controls,0,citeseer,0.8824047843877872,0.32234740890717484,"{""assignment_entropy_lower"": 0.45, ""assignment_entropy_upper"": 0.85, ""beta"": 0.02, ""cluster_init_gain"": 2.0, ""knn_k"": 20, ""lambda_E"": 0.1, ""lambda_H"": 0.35, ""lambda_bal"": 0.0, ""lambda_usage_entropy"": 0.5, ""num_clusters"": 28, ""num_hops"": 4, ""tau_c"": 0.3, ""tau_s"": 0.08, ""usage_entropy_lower"": 0.65, ""usage_entropy_upper"": 0.9}",/autodl-fs/data/recap/tuning_hyperparams/interaction_tuning/results/interaction_entropy_v1/checkpoints/ctrl__tau0p08/recap/trial_0/model.pt
ctrl__tau0p08,controls,0,ACM,0.7852201356333712,0.3628059893096586,"{""assignment_entropy_lower"": 0.45, ""assignment_entropy_upper"": 0.85, ""beta"": 0.02, ""cluster_init_gain"": 2.0, ""knn_k"": 20, ""lambda_E"": 0.1, ""lambda_H"": 0.35, ""lambda_bal"": 0.0, ""lambda_usage_entropy"": 0.5, ""num_clusters"": 28, ""num_hops"": 4, ""tau_c"": 0.3, ""tau_s"": 0.08, ""usage_entropy_lower"": 0.65, ""usage_entropy_upper"": 0.9}",/autodl-fs/data/recap/tuning_hyperparams/interaction_tuning/results/interaction_entropy_v1/checkpoints/ctrl__tau0p08/recap/trial_0/model.pt
ctrl__tau0p08,controls,0,BlogCatalog,0.7408997140522876,0.3234217989355963,"{""assignment_entropy_lower"": 0.45, ""assignment_entropy_upper"": 0.85, ""beta"": 0.02, ""cluster_init_gain"": 2.0, ""knn_k"": 20, ""lambda_E"": 0.1, ""lambda_H"": 0.35, ""lambda_bal"": 0.0, ""lambda_usage_entropy"": 0.5, ""num_clusters"": 28, ""num_hops"": 4, ""tau_c"": 0.3, ""tau_s"": 0.08, ""usage_entropy_lower"": 0.65, ""usage_entropy_upper"": 0.9}",/autodl-fs/data/recap/tuning_hyperparams/interaction_tuning/results/interaction_entropy_v1/checkpoints/ctrl__tau0p08/recap/trial_0/model.pt
ctrl__tau0p08,controls,0,weibo,0.7311877380346052,0.329570823049717,"{""assignment_entropy_lower"": 0.45, ""assignment_entropy_upper"": 0.85, ""beta"": 0.02, ""cluster_init_gain"": 2.0, ""knn_k"": 20, ""lambda_E"": 0.1, ""lambda_H"": 0.35, ""lambda_bal"": 0.0, ""lambda_usage_entropy"": 0.5, ""num_clusters"": 28, ""num_hops"": 4, ""tau_c"": 0.3, ""tau_s"": 0.08, ""usage_entropy_lower"": 0.65, ""usage_entropy_upper"": 0.9}",/autodl-fs/data/recap/tuning_hyperparams/interaction_tuning/results/interaction_entropy_v1/checkpoints/ctrl__tau0p08/recap/trial_0/model.pt
ctrl__tau0p08,controls,0,Reddit,0.5786970419341524,0.04436080025406209,"{""assignment_entropy_lower"": 0.45, ""assignment_entropy_upper"": 0.85, ""beta"": 0.02, ""cluster_init_gain"": 2.0, ""knn_k"": 20, ""lambda_E"": 0.1, ""lambda_H"": 0.35, ""lambda_bal"": 0.0, ""lambda_usage_entropy"": 0.5, ""num_clusters"": 28, ""num_hops"": 4, ""tau_c"": 0.3, ""tau_s"": 0.08, ""usage_entropy_lower"": 0.65, ""usage_entropy_upper"": 0.9}",/autodl-fs/data/recap/tuning_hyperparams/interaction_tuning/results/interaction_entropy_v1/checkpoints/ctrl__tau0p08/recap/trial_0/model.pt
ctrl__tau0p08,controls,0,Amazon,0.7534036045210109,0.1470250306134372,"{""assignment_entropy_lower"": 0.45, ""assignment_entropy_upper"": 0.85, ""beta"": 0.02, ""cluster_init_gain"": 2.0, ""knn_k"": 20, ""lambda_E"": 0.1, ""lambda_H"": 0.35, ""lambda_bal"": 0.0, ""lambda_usage_entropy"": 0.5, ""num_clusters"": 28, ""num_hops"": 4, ""tau_c"": 0.3, ""tau_s"": 0.08, ""usage_entropy_lower"": 0.65, ""usage_entropy_upper"": 0.9}",/autodl-fs/data/recap/tuning_hyperparams/interaction_tuning/results/interaction_entropy_v1/checkpoints/ctrl__tau0p08/recap/trial_0/model.pt
ctrl__tau0p08,controls,1,Facebook,0.5785606060606061,0.04173888102200214,"{""assignment_entropy_lower"": 0.45, ""assignment_entropy_upper"": 0.85, ""beta"": 0.02, ""cluster_init_gain"": 2.0, ""knn_k"": 20, ""lambda_E"": 0.1, ""lambda_H"": 0.35, ""lambda_bal"": 0.0, ""lambda_usage_entropy"": 0.5, ""num_clusters"": 28, ""num_hops"": 4, ""tau_c"": 0.3, ""tau_s"": 0.08, ""usage_entropy_lower"": 0.65, ""usage_entropy_upper"": 0.9}",/autodl-fs/data/recap/tuning_hyperparams/interaction_tuning/results/interaction_entropy_v1/checkpoints/ctrl__tau0p08/recap/trial_1/model.pt
ctrl__tau0p08,controls,1,cora,0.8156346103726869,0.3223758839567831,"{""assignment_entropy_lower"": 0.45, ""assignment_entropy_upper"": 0.85, ""beta"": 0.02, ""cluster_init_gain"": 2.0, ""knn_k"": 20, ""lambda_E"": 0.1, ""lambda_H"": 0.35, ""lambda_bal"": 0.0, ""lambda_usage_entropy"": 0.5, ""num_clusters"": 28, ""num_hops"": 4, ""tau_c"": 0.3, ""tau_s"": 0.08, ""usage_entropy_lower"": 0.65, ""usage_entropy_upper"": 0.9}",/autodl-fs/data/recap/tuning_hyperparams/interaction_tuning/results/interaction_entropy_v1/checkpoints/ctrl__tau0p08/recap/trial_1/model.pt
ctrl__tau0p08,controls,1,citeseer,0.8846039240373518,0.3704593577584118,"{""assignment_entropy_lower"": 0.45, ""assignment_entropy_upper"": 0.85, ""beta"": 0.02, ""cluster_init_gain"": 2.0, ""knn_k"": 20, ""lambda_E"": 0.1, ""lambda_H"": 0.35, ""lambda_bal"": 0.0, ""lambda_usage_entropy"": 0.5, ""num_clusters"": 28, ""num_hops"": 4, ""tau_c"": 0.3, ""tau_s"": 0.08, ""usage_entropy_lower"": 0.65, ""usage_entropy_upper"": 0.9}",/autodl-fs/data/recap/tuning_hyperparams/interaction_tuning/results/interaction_entropy_v1/checkpoints/ctrl__tau0p08/recap/trial_1/model.pt
ctrl__tau0p08,controls,1,ACM,0.7752096332779064,0.36327158199910203,"{""assignment_entropy_lower"": 0.45, ""assignment_entropy_upper"": 0.85, ""beta"": 0.02, ""cluster_init_gain"": 2.0, ""knn_k"": 20, ""lambda_E"": 0.1, ""lambda_H"": 0.35, ""lambda_bal"": 0.0, ""lambda_usage_entropy"": 0.5, ""num_clusters"": 28, ""num_hops"": 4, ""tau_c"": 0.3, ""tau_s"": 0.08, ""usage_entropy_lower"": 0.65, ""usage_entropy_upper"": 0.9}",/autodl-fs/data/recap/tuning_hyperparams/interaction_tuning/results/interaction_entropy_v1/checkpoints/ctrl__tau0p08/recap/trial_1/model.pt
ctrl__tau0p08,controls,1,BlogCatalog,0.7255470452069717,0.3175292919316678,"{""assignment_entropy_lower"": 0.45, ""assignment_entropy_upper"": 0.85, ""beta"": 0.02, ""cluster_init_gain"": 2.0, ""knn_k"": 20, ""lambda_E"": 0.1, ""lambda_H"": 0.35, ""lambda_bal"": 0.0, ""lambda_usage_entropy"": 0.5, ""num_clusters"": 28, ""num_hops"": 4, ""tau_c"": 0.3, ""tau_s"": 0.08, ""usage_entropy_lower"": 0.65, ""usage_entropy_upper"": 0.9}",/autodl-fs/data/recap/tuning_hyperparams/interaction_tuning/results/interaction_entropy_v1/checkpoints/ctrl__tau0p08/recap/trial_1/model.pt
ctrl__tau0p08,controls,1,weibo,0.7235692549627674,0.32126169724876685,"{""assignment_entropy_lower"": 0.45, ""assignment_entropy_upper"": 0.85, ""beta"": 0.02, ""cluster_init_gain"": 2.0, ""knn_k"": 20, ""lambda_E"": 0.1, ""lambda_H"": 0.35, ""lambda_bal"": 0.0, ""lambda_usage_entropy"": 0.5, ""num_clusters"": 28, ""num_hops"": 4, ""tau_c"": 0.3, ""tau_s"": 0.08, ""usage_entropy_lower"": 0.65, ""usage_entropy_upper"": 0.9}",/autodl-fs/data/recap/tuning_hyperparams/interaction_tuning/results/interaction_entropy_v1/checkpoints/ctrl__tau0p08/recap/trial_1/model.pt
ctrl__tau0p08,controls,1,Reddit,0.5790087870169945,0.0457530670757997,"{""assignment_entropy_lower"": 0.45, ""assignment_entropy_upper"": 0.85, ""beta"": 0.02, ""cluster_init_gain"": 2.0, ""knn_k"": 20, ""lambda_E"": 0.1, ""lambda_H"": 0.35, ""lambda_bal"": 0.0, ""lambda_usage_entropy"": 0.5, ""num_clusters"": 28, ""num_hops"": 4, ""tau_c"": 0.3, ""tau_s"": 0.08, ""usage_entropy_lower"": 0.65, ""usage_entropy_upper"": 0.9}",/autodl-fs/data/recap/tuning_hyperparams/interaction_tuning/results/interaction_entropy_v1/checkpoints/ctrl__tau0p08/recap/trial_1/model.pt
ctrl__tau0p08,controls,1,Amazon,0.738888427116315,0.13775003735848657,"{""assignment_entropy_lower"": 0.45, ""assignment_entropy_upper"": 0.85, ""beta"": 0.02, ""cluster_init_gain"": 2.0, ""knn_k"": 20, ""lambda_E"": 0.1, ""lambda_H"": 0.35, ""lambda_bal"": 0.0, ""lambda_usage_entropy"": 0.5, ""num_clusters"": 28, ""num_hops"": 4, ""tau_c"": 0.3, ""tau_s"": 0.08, ""usage_entropy_lower"": 0.65, ""usage_entropy_upper"": 0.9}",/autodl-fs/data/recap/tuning_hyperparams/interaction_tuning/results/interaction_entropy_v1/checkpoints/ctrl__tau0p08/recap/trial_1/model.pt
ctrl__tau0p08,controls,2,Facebook,0.56625,0.03498342958383631,"{""assignment_entropy_lower"": 0.45, ""assignment_entropy_upper"": 0.85, ""beta"": 0.02, ""cluster_init_gain"": 2.0, ""knn_k"": 20, ""lambda_E"": 0.1, ""lambda_H"": 0.35, ""lambda_bal"": 0.0, ""lambda_usage_entropy"": 0.5, ""num_clusters"": 28, ""num_hops"": 4, ""tau_c"": 0.3, ""tau_s"": 0.08, ""usage_entropy_lower"": 0.65, ""usage_entropy_upper"": 0.9}",/autodl-fs/data/recap/tuning_hyperparams/interaction_tuning/results/interaction_entropy_v1/checkpoints/ctrl__tau0p08/recap/trial_2/model.pt
ctrl__tau0p08,controls,2,cora,0.8032316914255929,0.27197411089658163,"{""assignment_entropy_lower"": 0.45, ""assignment_entropy_upper"": 0.85, ""beta"": 0.02, ""cluster_init_gain"": 2.0, ""knn_k"": 20, ""lambda_E"": 0.1, ""lambda_H"": 0.35, ""lambda_bal"": 0.0, ""lambda_usage_entropy"": 0.5, ""num_clusters"": 28, ""num_hops"": 4, ""tau_c"": 0.3, ""tau_s"": 0.08, ""usage_entropy_lower"": 0.65, ""usage_entropy_upper"": 0.9}",/autodl-fs/data/recap/tuning_hyperparams/interaction_tuning/results/interaction_entropy_v1/checkpoints/ctrl__tau0p08/recap/trial_2/model.pt
ctrl__tau0p08,controls,2,citeseer,0.8918980169971671,0.3879339073284172,"{""assignment_entropy_lower"": 0.45, ""assignment_entropy_upper"": 0.85, ""beta"": 0.02, ""cluster_init_gain"": 2.0, ""knn_k"": 20, ""lambda_E"": 0.1, ""lambda_H"": 0.35, ""lambda_bal"": 0.0, ""lambda_usage_entropy"": 0.5, ""num_clusters"": 28, ""num_hops"": 4, ""tau_c"": 0.3, ""tau_s"": 0.08, ""usage_entropy_lower"": 0.65, ""usage_entropy_upper"": 0.9}",/autodl-fs/data/recap/tuning_hyperparams/interaction_tuning/results/interaction_entropy_v1/checkpoints/ctrl__tau0p08/recap/trial_2/model.pt
ctrl__tau0p08,controls,2,ACM,0.770711154226895,0.35682131727918015,"{""assignment_entropy_lower"": 0.45, ""assignment_entropy_upper"": 0.85, ""beta"": 0.02, ""cluster_init_gain"": 2.0, ""knn_k"": 20, ""lambda_E"": 0.1, ""lambda_H"": 0.35, ""lambda_bal"": 0.0, ""lambda_usage_entropy"": 0.5, ""num_clusters"": 28, ""num_hops"": 4, ""tau_c"": 0.3, ""tau_s"": 0.08, ""usage_entropy_lower"": 0.65, ""usage_entropy_upper"": 0.9}",/autodl-fs/data/recap/tuning_hyperparams/interaction_tuning/results/interaction_entropy_v1/checkpoints/ctrl__tau0p08/recap/trial_2/model.pt
ctrl__tau0p08,controls,2,BlogCatalog,0.7070867374727668,0.307640982458096,"{""assignment_entropy_lower"": 0.45, ""assignment_entropy_upper"": 0.85, ""beta"": 0.02, ""cluster_init_gain"": 2.0, ""knn_k"": 20, ""lambda_E"": 0.1, ""lambda_H"": 0.35, ""lambda_bal"": 0.0, ""lambda_usage_entropy"": 0.5, ""num_clusters"": 28, ""num_hops"": 4, ""tau_c"": 0.3, ""tau_s"": 0.08, ""usage_entropy_lower"": 0.65, ""usage_entropy_upper"": 0.9}",/autodl-fs/data/recap/tuning_hyperparams/interaction_tuning/results/interaction_entropy_v1/checkpoints/ctrl__tau0p08/recap/trial_2/model.pt
ctrl__tau0p08,controls,2,weibo,0.7314443828265962,0.3154836732580756,"{""assignment_entropy_lower"": 0.45, ""assignment_entropy_upper"": 0.85, ""beta"": 0.02, ""cluster_init_gain"": 2.0, ""knn_k"": 20, ""lambda_E"": 0.1, ""lambda_H"": 0.35, ""lambda_bal"": 0.0, ""lambda_usage_entropy"": 0.5, ""num_clusters"": 28, ""num_hops"": 4, ""tau_c"": 0.3, ""tau_s"": 0.08, ""usage_entropy_lower"": 0.65, ""usage_entropy_upper"": 0.9}",/autodl-fs/data/recap/tuning_hyperparams/interaction_tuning/results/interaction_entropy_v1/checkpoints/ctrl__tau0p08/recap/trial_2/model.pt
ctrl__tau0p08,controls,2,Reddit,0.5866158559493262,0.04440170389119638,"{""assignment_entropy_lower"": 0.45, ""assignment_entropy_upper"": 0.85, ""beta"": 0.02, ""cluster_init_gain"": 2.0, ""knn_k"": 20, ""lambda_E"": 0.1, ""lambda_H"": 0.35, ""lambda_bal"": 0.0, ""lambda_usage_entropy"": 0.5, ""num_clusters"": 28, ""num_hops"": 4, ""tau_c"": 0.3, ""tau_s"": 0.08, ""usage_entropy_lower"": 0.65, ""usage_entropy_upper"": 0.9}",/autodl-fs/data/recap/tuning_hyperparams/interaction_tuning/results/interaction_entropy_v1/checkpoints/ctrl__tau0p08/recap/trial_2/model.pt
ctrl__tau0p08,controls,2,Amazon,0.7319766000911736,0.13421107174243552,"{""assignment_entropy_lower"": 0.45, ""assignment_entropy_upper"": 0.85, ""beta"": 0.02, ""cluster_init_gain"": 2.0, ""knn_k"": 20, ""lambda_E"": 0.1, ""lambda_H"": 0.35, ""lambda_bal"": 0.0, ""lambda_usage_entropy"": 0.5, ""num_clusters"": 28, ""num_hops"": 4, ""tau_c"": 0.3, ""tau_s"": 0.08, ""usage_entropy_lower"": 0.65, ""usage_entropy_upper"": 0.9}",/autodl-fs/data/recap/tuning_hyperparams/interaction_tuning/results/interaction_entropy_v1/checkpoints/ctrl__tau0p08/recap/trial_2/model.pt
ctrl__lE0p05,controls,0,Facebook,0.5821969696969698,0.03346029736934759,"{""assignment_entropy_lower"": 0.45, ""assignment_entropy_upper"": 0.85, ""beta"": 0.02, ""cluster_init_gain"": 2.0, ""knn_k"": 20, ""lambda_E"": 0.05, ""lambda_H"": 0.35, ""lambda_bal"": 0.0, ""lambda_usage_entropy"": 0.5, ""num_clusters"": 28, ""num_hops"": 4, ""tau_c"": 0.3, ""tau_s"": 0.05, ""usage_entropy_lower"": 0.65, ""usage_entropy_upper"": 0.9}",/autodl-fs/data/recap/tuning_hyperparams/interaction_tuning/results/interaction_entropy_v1/checkpoints/ctrl__lE0p05/recap/trial_0/model.pt
ctrl__lE0p05,controls,0,cora,0.8097993223872817,0.328065147546817,"{""assignment_entropy_lower"": 0.45, ""assignment_entropy_upper"": 0.85, ""beta"": 0.02, ""cluster_init_gain"": 2.0, ""knn_k"": 20, ""lambda_E"": 0.05, ""lambda_H"": 0.35, ""lambda_bal"": 0.0, ""lambda_usage_entropy"": 0.5, ""num_clusters"": 28, ""num_hops"": 4, ""tau_c"": 0.3, ""tau_s"": 0.05, ""usage_entropy_lower"": 0.65, ""usage_entropy_upper"": 0.9}",/autodl-fs/data/recap/tuning_hyperparams/interaction_tuning/results/interaction_entropy_v1/checkpoints/ctrl__lE0p05/recap/trial_0/model.pt
ctrl__lE0p05,controls,0,citeseer,0.8881208687440982,0.3304289171153515,"{""assignment_entropy_lower"": 0.45, ""assignment_entropy_upper"": 0.85, ""beta"": 0.02, ""cluster_init_gain"": 2.0, ""knn_k"": 20, ""lambda_E"": 0.05, ""lambda_H"": 0.35, ""lambda_bal"": 0.0, ""lambda_usage_entropy"": 0.5, ""num_clusters"": 28, ""num_hops"": 4, ""tau_c"": 0.3, ""tau_s"": 0.05, ""usage_entropy_lower"": 0.65, ""usage_entropy_upper"": 0.9}",/autodl-fs/data/recap/tuning_hyperparams/interaction_tuning/results/interaction_entropy_v1/checkpoints/ctrl__lE0p05/recap/trial_0/model.pt
ctrl__lE0p05,controls,0,ACM,0.7807898201483489,0.36052135217741976,"{""assignment_entropy_lower"": 0.45, ""assignment_entropy_upper"": 0.85, ""beta"": 0.02, ""cluster_init_gain"": 2.0, ""knn_k"": 20, ""lambda_E"": 0.05, ""lambda_H"": 0.35, ""lambda_bal"": 0.0, ""lambda_usage_entropy"": 0.5, ""num_clusters"": 28, ""num_hops"": 4, ""tau_c"": 0.3, ""tau_s"": 0.05, ""usage_entropy_lower"": 0.65, ""usage_entropy_upper"": 0.9}",/autodl-fs/data/recap/tuning_hyperparams/interaction_tuning/results/interaction_entropy_v1/checkpoints/ctrl__lE0p05/recap/trial_0/model.pt
ctrl__lE0p05,controls,0,BlogCatalog,0.7321248638344227,0.3196900185144332,"{""assignment_entropy_lower"": 0.45, ""assignment_entropy_upper"": 0.85, ""beta"": 0.02, ""cluster_init_gain"": 2.0, ""knn_k"": 20, ""lambda_E"": 0.05, ""lambda_H"": 0.35, ""lambda_bal"": 0.0, ""lambda_usage_entropy"": 0.5, ""num_clusters"": 28, ""num_hops"": 4, ""tau_c"": 0.3, ""tau_s"": 0.05, ""usage_entropy_lower"": 0.65, ""usage_entropy_upper"": 0.9}",/autodl-fs/data/recap/tuning_hyperparams/interaction_tuning/results/interaction_entropy_v1/checkpoints/ctrl__lE0p05/recap/trial_0/model.pt
ctrl__lE0p05,controls,0,weibo,0.712228275988992,0.32308918958606525,"{""assignment_entropy_lower"": 0.45, ""assignment_entropy_upper"": 0.85, ""beta"": 0.02, ""cluster_init_gain"": 2.0, ""knn_k"": 20, ""lambda_E"": 0.05, ""lambda_H"": 0.35, ""lambda_bal"": 0.0, ""lambda_usage_entropy"": 0.5, ""num_clusters"": 28, ""num_hops"": 4, ""tau_c"": 0.3, ""tau_s"": 0.05, ""usage_entropy_lower"": 0.65, ""usage_entropy_upper"": 0.9}",/autodl-fs/data/recap/tuning_hyperparams/interaction_tuning/results/interaction_entropy_v1/checkpoints/ctrl__lE0p05/recap/trial_0/model.pt
ctrl__lE0p05,controls,0,Reddit,0.5832210124677448,0.046287283434476856,"{""assignment_entropy_lower"": 0.45, ""assignment_entropy_upper"": 0.85, ""beta"": 0.02, ""cluster_init_gain"": 2.0, ""knn_k"": 20, ""lambda_E"": 0.05, ""lambda_H"": 0.35, ""lambda_bal"": 0.0, ""lambda_usage_entropy"": 0.5, ""num_clusters"": 28, ""num_hops"": 4, ""tau_c"": 0.3, ""tau_s"": 0.05, ""usage_entropy_lower"": 0.65, ""usage_entropy_upper"": 0.9}",/autodl-fs/data/recap/tuning_hyperparams/interaction_tuning/results/interaction_entropy_v1/checkpoints/ctrl__lE0p05/recap/trial_0/model.pt
ctrl__lE0p05,controls,0,Amazon,0.7403343808757723,0.13576829941662255,"{""assignment_entropy_lower"": 0.45, ""assignment_entropy_upper"": 0.85, ""beta"": 0.02, ""cluster_init_gain"": 2.0, ""knn_k"": 20, ""lambda_E"": 0.05, ""lambda_H"": 0.35, ""lambda_bal"": 0.0, ""lambda_usage_entropy"": 0.5, ""num_clusters"": 28, ""num_hops"": 4, ""tau_c"": 0.3, ""tau_s"": 0.05, ""usage_entropy_lower"": 0.65, ""usage_entropy_upper"": 0.9}",/autodl-fs/data/recap/tuning_hyperparams/interaction_tuning/results/interaction_entropy_v1/checkpoints/ctrl__lE0p05/recap/trial_0/model.pt
ctrl__lE0p05,controls,1,Facebook,0.5711363636363637,0.03470068561160027,"{""assignment_entropy_lower"": 0.45, ""assignment_entropy_upper"": 0.85, ""beta"": 0.02, ""cluster_init_gain"": 2.0, ""knn_k"": 20, ""lambda_E"": 0.05, ""lambda_H"": 0.35, ""lambda_bal"": 0.0, ""lambda_usage_entropy"": 0.5, ""num_clusters"": 28, ""num_hops"": 4, ""tau_c"": 0.3, ""tau_s"": 0.05, ""usage_entropy_lower"": 0.65, ""usage_entropy_upper"": 0.9}",/autodl-fs/data/recap/tuning_hyperparams/interaction_tuning/results/interaction_entropy_v1/checkpoints/ctrl__lE0p05/recap/trial_1/model.pt
ctrl__lE0p05,controls,1,cora,0.82060724524368,0.3173542474383135,"{""assignment_entropy_lower"": 0.45, ""assignment_entropy_upper"": 0.85, ""beta"": 0.02, ""cluster_init_gain"": 2.0, ""knn_k"": 20, ""lambda_E"": 0.05, ""lambda_H"": 0.35, ""lambda_bal"": 0.0, ""lambda_usage_entropy"": 0.5, ""num_clusters"": 28, ""num_hops"": 4, ""tau_c"": 0.3, ""tau_s"": 0.05, ""usage_entropy_lower"": 0.65, ""usage_entropy_upper"": 0.9}",/autodl-fs/data/recap/tuning_hyperparams/interaction_tuning/results/interaction_entropy_v1/checkpoints/ctrl__lE0p05/recap/trial_1/model.pt
ctrl__lE0p05,controls,1,citeseer,0.8796999265554506,0.34441922616892495,"{""assignment_entropy_lower"": 0.45, ""assignment_entropy_upper"": 0.85, ""beta"": 0.02, ""cluster_init_gain"": 2.0, ""knn_k"": 20, ""lambda_E"": 0.05, ""lambda_H"": 0.35, ""lambda_bal"": 0.0, ""lambda_usage_entropy"": 0.5, ""num_clusters"": 28, ""num_hops"": 4, ""tau_c"": 0.3, ""tau_s"": 0.05, ""usage_entropy_lower"": 0.65, ""usage_entropy_upper"": 0.9}",/autodl-fs/data/recap/tuning_hyperparams/interaction_tuning/results/interaction_entropy_v1/checkpoints/ctrl__lE0p05/recap/trial_1/model.pt
ctrl__lE0p05,controls,1,ACM,0.7778096542172476,0.3606869520806302,"{""assignment_entropy_lower"": 0.45, ""assignment_entropy_upper"": 0.85, ""beta"": 0.02, ""cluster_init_gain"": 2.0, ""knn_k"": 20, ""lambda_E"": 0.05, ""lambda_H"": 0.35, ""lambda_bal"": 0.0, ""lambda_usage_entropy"": 0.5, ""num_clusters"": 28, ""num_hops"": 4, ""tau_c"": 0.3, ""tau_s"": 0.05, ""usage_entropy_lower"": 0.65, ""usage_entropy_upper"": 0.9}",/autodl-fs/data/recap/tuning_hyperparams/interaction_tuning/results/interaction_entropy_v1/checkpoints/ctrl__lE0p05/recap/trial_1/model.pt
ctrl__lE0p05,controls,1,BlogCatalog,0.7250653594771241,0.31336116501864825,"{""assignment_entropy_lower"": 0.45, ""assignment_entropy_upper"": 0.85, ""beta"": 0.02, ""cluster_init_gain"": 2.0, ""knn_k"": 20, ""lambda_E"": 0.05, ""lambda_H"": 0.35, ""lambda_bal"": 0.0, ""lambda_usage_entropy"": 0.5, ""num_clusters"": 28, ""num_hops"": 4, ""tau_c"": 0.3, ""tau_s"": 0.05, ""usage_entropy_lower"": 0.65, ""usage_entropy_upper"": 0.9}",/autodl-fs/data/recap/tuning_hyperparams/interaction_tuning/results/interaction_entropy_v1/checkpoints/ctrl__lE0p05/recap/trial_1/model.pt
ctrl__lE0p05,controls,1,weibo,0.7047444588264714,0.3128780710113271,"{""assignment_entropy_lower"": 0.45, ""assignment_entropy_upper"": 0.85, ""beta"": 0.02, ""cluster_init_gain"": 2.0, ""knn_k"": 20, ""lambda_E"": 0.05, ""lambda_H"": 0.35, ""lambda_bal"": 0.0, ""lambda_usage_entropy"": 0.5, ""num_clusters"": 28, ""num_hops"": 4, ""tau_c"": 0.3, ""tau_s"": 0.05, ""usage_entropy_lower"": 0.65, ""usage_entropy_upper"": 0.9}",/autodl-fs/data/recap/tuning_hyperparams/interaction_tuning/results/interaction_entropy_v1/checkpoints/ctrl__lE0p05/recap/trial_1/model.pt
ctrl__lE0p05,controls,1,Reddit,0.5747474131462502,0.04526867447254072,"{""assignment_entropy_lower"": 0.45, ""assignment_entropy_upper"": 0.85, ""beta"": 0.02, ""cluster_init_gain"": 2.0, ""knn_k"": 20, ""lambda_E"": 0.05, ""lambda_H"": 0.35, ""lambda_bal"": 0.0, ""lambda_usage_entropy"": 0.5, ""num_clusters"": 28, ""num_hops"": 4, ""tau_c"": 0.3, ""tau_s"": 0.05, ""usage_entropy_lower"": 0.65, ""usage_entropy_upper"": 0.9}",/autodl-fs/data/recap/tuning_hyperparams/interaction_tuning/results/interaction_entropy_v1/checkpoints/ctrl__lE0p05/recap/trial_1/model.pt
ctrl__lE0p05,controls,1,Amazon,0.7420310544326912,0.13957808145005057,"{""assignment_entropy_lower"": 0.45, ""assignment_entropy_upper"": 0.85, ""beta"": 0.02, ""cluster_init_gain"": 2.0, ""knn_k"": 20, ""lambda_E"": 0.05, ""lambda_H"": 0.35, ""lambda_bal"": 0.0, ""lambda_usage_entropy"": 0.5, ""num_clusters"": 28, ""num_hops"": 4, ""tau_c"": 0.3, ""tau_s"": 0.05, ""usage_entropy_lower"": 0.65, ""usage_entropy_upper"": 0.9}",/autodl-fs/data/recap/tuning_hyperparams/interaction_tuning/results/interaction_entropy_v1/checkpoints/ctrl__lE0p05/recap/trial_1/model.pt
ctrl__lE0p05,controls,2,Facebook,0.5698484848484848,0.03679943124140927,"{""assignment_entropy_lower"": 0.45, ""assignment_entropy_upper"": 0.85, ""beta"": 0.02, ""cluster_init_gain"": 2.0, ""knn_k"": 20, ""lambda_E"": 0.05, ""lambda_H"": 0.35, ""lambda_bal"": 0.0, ""lambda_usage_entropy"": 0.5, ""num_clusters"": 28, ""num_hops"": 4, ""tau_c"": 0.3, ""tau_s"": 0.05, ""usage_entropy_lower"": 0.65, ""usage_entropy_upper"": 0.9}",/autodl-fs/data/recap/tuning_hyperparams/interaction_tuning/results/interaction_entropy_v1/checkpoints/ctrl__lE0p05/recap/trial_2/model.pt
ctrl__lE0p05,controls,2,cora,0.8019676830857442,0.2728427750202997,"{""assignment_entropy_lower"": 0.45, ""assignment_entropy_upper"": 0.85, ""beta"": 0.02, ""cluster_init_gain"": 2.0, ""knn_k"": 20, ""lambda_E"": 0.05, ""lambda_H"": 0.35, ""lambda_bal"": 0.0, ""lambda_usage_entropy"": 0.5, ""num_clusters"": 28, ""num_hops"": 4, ""tau_c"": 0.3, ""tau_s"": 0.05, ""usage_entropy_lower"": 0.65, ""usage_entropy_upper"": 0.9}",/autodl-fs/data/recap/tuning_hyperparams/interaction_tuning/results/interaction_entropy_v1/checkpoints/ctrl__lE0p05/recap/trial_2/model.pt
ctrl__lE0p05,controls,2,citeseer,0.8932284125485259,0.39746001290888905,"{""assignment_entropy_lower"": 0.45, ""assignment_entropy_upper"": 0.85, ""beta"": 0.02, ""cluster_init_gain"": 2.0, ""knn_k"": 20, ""lambda_E"": 0.05, ""lambda_H"": 0.35, ""lambda_bal"": 0.0, ""lambda_usage_entropy"": 0.5, ""num_clusters"": 28, ""num_hops"": 4, ""tau_c"": 0.3, ""tau_s"": 0.05, ""usage_entropy_lower"": 0.65, ""usage_entropy_upper"": 0.9}",/autodl-fs/data/recap/tuning_hyperparams/interaction_tuning/results/interaction_entropy_v1/checkpoints/ctrl__lE0p05/recap/trial_2/model.pt
ctrl__lE0p05,controls,2,ACM,0.7694881111248527,0.3559971684494083,"{""assignment_entropy_lower"": 0.45, ""assignment_entropy_upper"": 0.85, ""beta"": 0.02, ""cluster_init_gain"": 2.0, ""knn_k"": 20, ""lambda_E"": 0.05, ""lambda_H"": 0.35, ""lambda_bal"": 0.0, ""lambda_usage_entropy"": 0.5, ""num_clusters"": 28, ""num_hops"": 4, ""tau_c"": 0.3, ""tau_s"": 0.05, ""usage_entropy_lower"": 0.65, ""usage_entropy_upper"": 0.9}",/autodl-fs/data/recap/tuning_hyperparams/interaction_tuning/results/interaction_entropy_v1/checkpoints/ctrl__lE0p05/recap/trial_2/model.pt
ctrl__lE0p05,controls,2,BlogCatalog,0.7089113562091502,0.307415833730379,"{""assignment_entropy_lower"": 0.45, ""assignment_entropy_upper"": 0.85, ""beta"": 0.02, ""cluster_init_gain"": 2.0, ""knn_k"": 20, ""lambda_E"": 0.05, ""lambda_H"": 0.35, ""lambda_bal"": 0.0, ""lambda_usage_entropy"": 0.5, ""num_clusters"": 28, ""num_hops"": 4, ""tau_c"": 0.3, ""tau_s"": 0.05, ""usage_entropy_lower"": 0.65, ""usage_entropy_upper"": 0.9}",/autodl-fs/data/recap/tuning_hyperparams/interaction_tuning/results/interaction_entropy_v1/checkpoints/ctrl__lE0p05/recap/trial_2/model.pt
ctrl__lE0p05,controls,2,weibo,0.7291458910236381,0.30874098409818534,"{""assignment_entropy_lower"": 0.45, ""assignment_entropy_upper"": 0.85, ""beta"": 0.02, ""cluster_init_gain"": 2.0, ""knn_k"": 20, ""lambda_E"": 0.05, ""lambda_H"": 0.35, ""lambda_bal"": 0.0, ""lambda_usage_entropy"": 0.5, ""num_clusters"": 28, ""num_hops"": 4, ""tau_c"": 0.3, ""tau_s"": 0.05, ""usage_entropy_lower"": 0.65, ""usage_entropy_upper"": 0.9}",/autodl-fs/data/recap/tuning_hyperparams/interaction_tuning/results/interaction_entropy_v1/checkpoints/ctrl__lE0p05/recap/trial_2/model.pt
ctrl__lE0p05,controls,2,Reddit,0.5913112026489712,0.04531038085119851,"{""assignment_entropy_lower"": 0.45, ""assignment_entropy_upper"": 0.85, ""beta"": 0.02, ""cluster_init_gain"": 2.0, ""knn_k"": 20, ""lambda_E"": 0.05, ""lambda_H"": 0.35, ""lambda_bal"": 0.0, ""lambda_usage_entropy"": 0.5, ""num_clusters"": 28, ""num_hops"": 4, ""tau_c"": 0.3, ""tau_s"": 0.05, ""usage_entropy_lower"": 0.65, ""usage_entropy_upper"": 0.9}",/autodl-fs/data/recap/tuning_hyperparams/interaction_tuning/results/interaction_entropy_v1/checkpoints/ctrl__lE0p05/recap/trial_2/model.pt
ctrl__lE0p05,controls,2,Amazon,0.7292981677621274,0.1324749763125748,"{""assignment_entropy_lower"": 0.45, ""assignment_entropy_upper"": 0.85, ""beta"": 0.02, ""cluster_init_gain"": 2.0, ""knn_k"": 20, ""lambda_E"": 0.05, ""lambda_H"": 0.35, ""lambda_bal"": 0.0, ""lambda_usage_entropy"": 0.5, ""num_clusters"": 28, ""num_hops"": 4, ""tau_c"": 0.3, ""tau_s"": 0.05, ""usage_entropy_lower"": 0.65, ""usage_entropy_upper"": 0.9}",/autodl-fs/data/recap/tuning_hyperparams/interaction_tuning/results/interaction_entropy_v1/checkpoints/ctrl__lE0p05/recap/trial_2/model.pt
ctrl__lE0p2,controls,0,Facebook,0.5826893939393939,0.03365524252094511,"{""assignment_entropy_lower"": 0.45, ""assignment_entropy_upper"": 0.85, ""beta"": 0.02, ""cluster_init_gain"": 2.0, ""knn_k"": 20, ""lambda_E"": 0.2, ""lambda_H"": 0.35, ""lambda_bal"": 0.0, ""lambda_usage_entropy"": 0.5, ""num_clusters"": 28, ""num_hops"": 4, ""tau_c"": 0.3, ""tau_s"": 0.05, ""usage_entropy_lower"": 0.65, ""usage_entropy_upper"": 0.9}",/autodl-fs/data/recap/tuning_hyperparams/interaction_tuning/results/interaction_entropy_v1/checkpoints/ctrl__lE0p2/recap/trial_0/model.pt
ctrl__lE0p2,controls,0,cora,0.8097028928850665,0.3304778075832079,"{""assignment_entropy_lower"": 0.45, ""assignment_entropy_upper"": 0.85, ""beta"": 0.02, ""cluster_init_gain"": 2.0, ""knn_k"": 20, ""lambda_E"": 0.2, ""lambda_H"": 0.35, ""lambda_bal"": 0.0, ""lambda_usage_entropy"": 0.5, ""num_clusters"": 28, ""num_hops"": 4, ""tau_c"": 0.3, ""tau_s"": 0.05, ""usage_entropy_lower"": 0.65, ""usage_entropy_upper"": 0.9}",/autodl-fs/data/recap/tuning_hyperparams/interaction_tuning/results/interaction_entropy_v1/checkpoints/ctrl__lE0p2/recap/trial_0/model.pt
ctrl__lE0p2,controls,0,citeseer,0.8885699297030742,0.3330475191152918,"{""assignment_entropy_lower"": 0.45, ""assignment_entropy_upper"": 0.85, ""beta"": 0.02, ""cluster_init_gain"": 2.0, ""knn_k"": 20, ""lambda_E"": 0.2, ""lambda_H"": 0.35, ""lambda_bal"": 0.0, ""lambda_usage_entropy"": 0.5, ""num_clusters"": 28, ""num_hops"": 4, ""tau_c"": 0.3, ""tau_s"": 0.05, ""usage_entropy_lower"": 0.65, ""usage_entropy_upper"": 0.9}",/autodl-fs/data/recap/tuning_hyperparams/interaction_tuning/results/interaction_entropy_v1/checkpoints/ctrl__lE0p2/recap/trial_0/model.pt
ctrl__lE0p2,controls,0,ACM,0.7805808484734998,0.3608403003258437,"{""assignment_entropy_lower"": 0.45, ""assignment_entropy_upper"": 0.85, ""beta"": 0.02, ""cluster_init_gain"": 2.0, ""knn_k"": 20, ""lambda_E"": 0.2, ""lambda_H"": 0.35, ""lambda_bal"": 0.0, ""lambda_usage_entropy"": 0.5, ""num_clusters"": 28, ""num_hops"": 4, ""tau_c"": 0.3, ""tau_s"": 0.05, ""usage_entropy_lower"": 0.65, ""usage_entropy_upper"": 0.9}",/autodl-fs/data/recap/tuning_hyperparams/interaction_tuning/results/interaction_entropy_v1/checkpoints/ctrl__lE0p2/recap/trial_0/model.pt
ctrl__lE0p2,controls,0,BlogCatalog,0.7323366013071895,0.31874722851797266,"{""assignment_entropy_lower"": 0.45, ""assignment_entropy_upper"": 0.85, ""beta"": 0.02, ""cluster_init_gain"": 2.0, ""knn_k"": 20, ""lambda_E"": 0.2, ""lambda_H"": 0.35, ""lambda_bal"": 0.0, ""lambda_usage_entropy"": 0.5, ""num_clusters"": 28, ""num_hops"": 4, ""tau_c"": 0.3, ""tau_s"": 0.05, ""usage_entropy_lower"": 0.65, ""usage_entropy_upper"": 0.9}",/autodl-fs/data/recap/tuning_hyperparams/interaction_tuning/results/interaction_entropy_v1/checkpoints/ctrl__lE0p2/recap/trial_0/model.pt
ctrl__lE0p2,controls,0,weibo,0.7126902824712983,0.3235162166308258,"{""assignment_entropy_lower"": 0.45, ""assignment_entropy_upper"": 0.85, ""beta"": 0.02, ""cluster_init_gain"": 2.0, ""knn_k"": 20, ""lambda_E"": 0.2, ""lambda_H"": 0.35, ""lambda_bal"": 0.0, ""lambda_usage_entropy"": 0.5, ""num_clusters"": 28, ""num_hops"": 4, ""tau_c"": 0.3, ""tau_s"": 0.05, ""usage_entropy_lower"": 0.65, ""usage_entropy_upper"": 0.9}",/autodl-fs/data/recap/tuning_hyperparams/interaction_tuning/results/interaction_entropy_v1/checkpoints/ctrl__lE0p2/recap/trial_0/model.pt
ctrl__lE0p2,controls,0,Reddit,0.5829234200712884,0.04618120709803883,"{""assignment_entropy_lower"": 0.45, ""assignment_entropy_upper"": 0.85, ""beta"": 0.02, ""cluster_init_gain"": 2.0, ""knn_k"": 20, ""lambda_E"": 0.2, ""lambda_H"": 0.35, ""lambda_bal"": 0.0, ""lambda_usage_entropy"": 0.5, ""num_clusters"": 28, ""num_hops"": 4, ""tau_c"": 0.3, ""tau_s"": 0.05, ""usage_entropy_lower"": 0.65, ""usage_entropy_upper"": 0.9}",/autodl-fs/data/recap/tuning_hyperparams/interaction_tuning/results/interaction_entropy_v1/checkpoints/ctrl__lE0p2/recap/trial_0/model.pt
ctrl__lE0p2,controls,0,Amazon,0.7388804028715894,0.13501188217103743,"{""assignment_entropy_lower"": 0.45, ""assignment_entropy_upper"": 0.85, ""beta"": 0.02, ""cluster_init_gain"": 2.0, ""knn_k"": 20, ""lambda_E"": 0.2, ""lambda_H"": 0.35, ""lambda_bal"": 0.0, ""lambda_usage_entropy"": 0.5, ""num_clusters"": 28, ""num_hops"": 4, ""tau_c"": 0.3, ""tau_s"": 0.05, ""usage_entropy_lower"": 0.65, ""usage_entropy_upper"": 0.9}",/autodl-fs/data/recap/tuning_hyperparams/interaction_tuning/results/interaction_entropy_v1/checkpoints/ctrl__lE0p2/recap/trial_0/model.pt
ctrl__lE0p2,controls,1,Facebook,0.5691666666666667,0.03562646824987561,"{""assignment_entropy_lower"": 0.45, ""assignment_entropy_upper"": 0.85, ""beta"": 0.02, ""cluster_init_gain"": 2.0, ""knn_k"": 20, ""lambda_E"": 0.2, ""lambda_H"": 0.35, ""lambda_bal"": 0.0, ""lambda_usage_entropy"": 0.5, ""num_clusters"": 28, ""num_hops"": 4, ""tau_c"": 0.3, ""tau_s"": 0.05, ""usage_entropy_lower"": 0.65, ""usage_entropy_upper"": 0.9}",/autodl-fs/data/recap/tuning_hyperparams/interaction_tuning/results/interaction_entropy_v1/checkpoints/ctrl__lE0p2/recap/trial_1/model.pt
ctrl__lE0p2,controls,1,cora,0.8197888975762312,0.3192088760087698,"{""assignment_entropy_lower"": 0.45, ""assignment_entropy_upper"": 0.85, ""beta"": 0.02, ""cluster_init_gain"": 2.0, ""knn_k"": 20, ""lambda_E"": 0.2, ""lambda_H"": 0.35, ""lambda_bal"": 0.0, ""lambda_usage_entropy"": 0.5, ""num_clusters"": 28, ""num_hops"": 4, ""tau_c"": 0.3, ""tau_s"": 0.05, ""usage_entropy_lower"": 0.65, ""usage_entropy_upper"": 0.9}",/autodl-fs/data/recap/tuning_hyperparams/interaction_tuning/results/interaction_entropy_v1/checkpoints/ctrl__lE0p2/recap/trial_1/model.pt
ctrl__lE0p2,controls,1,citeseer,0.8790651558073656,0.3428105622935688,"{""assignment_entropy_lower"": 0.45, ""assignment_entropy_upper"": 0.85, ""beta"": 0.02, ""cluster_init_gain"": 2.0, ""knn_k"": 20, ""lambda_E"": 0.2, ""lambda_H"": 0.35, ""lambda_bal"": 0.0, ""lambda_usage_entropy"": 0.5, ""num_clusters"": 28, ""num_hops"": 4, ""tau_c"": 0.3, ""tau_s"": 0.05, ""usage_entropy_lower"": 0.65, ""usage_entropy_upper"": 0.9}",/autodl-fs/data/recap/tuning_hyperparams/interaction_tuning/results/interaction_entropy_v1/checkpoints/ctrl__lE0p2/recap/trial_1/model.pt
ctrl__lE0p2,controls,1,ACM,0.7781120410807526,0.3606988721134245,"{""assignment_entropy_lower"": 0.45, ""assignment_entropy_upper"": 0.85, ""beta"": 0.02, ""cluster_init_gain"": 2.0, ""knn_k"": 20, ""lambda_E"": 0.2, ""lambda_H"": 0.35, ""lambda_bal"": 0.0, ""lambda_usage_entropy"": 0.5, ""num_clusters"": 28, ""num_hops"": 4, ""tau_c"": 0.3, ""tau_s"": 0.05, ""usage_entropy_lower"": 0.65, ""usage_entropy_upper"": 0.9}",/autodl-fs/data/recap/tuning_hyperparams/interaction_tuning/results/interaction_entropy_v1/checkpoints/ctrl__lE0p2/recap/trial_1/model.pt
ctrl__lE0p2,controls,1,BlogCatalog,0.7257737608932462,0.31430357582345647,"{""assignment_entropy_lower"": 0.45, ""assignment_entropy_upper"": 0.85, ""beta"": 0.02, ""cluster_init_gain"": 2.0, ""knn_k"": 20, ""lambda_E"": 0.2, ""lambda_H"": 0.35, ""lambda_bal"": 0.0, ""lambda_usage_entropy"": 0.5, ""num_clusters"": 28, ""num_hops"": 4, ""tau_c"": 0.3, ""tau_s"": 0.05, ""usage_entropy_lower"": 0.65, ""usage_entropy_upper"": 0.9}",/autodl-fs/data/recap/tuning_hyperparams/interaction_tuning/results/interaction_entropy_v1/checkpoints/ctrl__lE0p2/recap/trial_1/model.pt
ctrl__lE0p2,controls,1,weibo,0.7044362252213199,0.31323904447701134,"{""assignment_entropy_lower"": 0.45, ""assignment_entropy_upper"": 0.85, ""beta"": 0.02, ""cluster_init_gain"": 2.0, ""knn_k"": 20, ""lambda_E"": 0.2, ""lambda_H"": 0.35, ""lambda_bal"": 0.0, ""lambda_usage_entropy"": 0.5, ""num_clusters"": 28, ""num_hops"": 4, ""tau_c"": 0.3, ""tau_s"": 0.05, ""usage_entropy_lower"": 0.65, ""usage_entropy_upper"": 0.9}",/autodl-fs/data/recap/tuning_hyperparams/interaction_tuning/results/interaction_entropy_v1/checkpoints/ctrl__lE0p2/recap/trial_1/model.pt
ctrl__lE0p2,controls,1,Reddit,0.5759083194122363,0.04540079781512447,"{""assignment_entropy_lower"": 0.45, ""assignment_entropy_upper"": 0.85, ""beta"": 0.02, ""cluster_init_gain"": 2.0, ""knn_k"": 20, ""lambda_E"": 0.2, ""lambda_H"": 0.35, ""lambda_bal"": 0.0, ""lambda_usage_entropy"": 0.5, ""num_clusters"": 28, ""num_hops"": 4, ""tau_c"": 0.3, ""tau_s"": 0.05, ""usage_entropy_lower"": 0.65, ""usage_entropy_upper"": 0.9}",/autodl-fs/data/recap/tuning_hyperparams/interaction_tuning/results/interaction_entropy_v1/checkpoints/ctrl__lE0p2/recap/trial_1/model.pt
ctrl__lE0p2,controls,1,Amazon,0.7459569540148704,0.14227714046020773,"{""assignment_entropy_lower"": 0.45, ""assignment_entropy_upper"": 0.85, ""beta"": 0.02, ""cluster_init_gain"": 2.0, ""knn_k"": 20, ""lambda_E"": 0.2, ""lambda_H"": 0.35, ""lambda_bal"": 0.0, ""lambda_usage_entropy"": 0.5, ""num_clusters"": 28, ""num_hops"": 4, ""tau_c"": 0.3, ""tau_s"": 0.05, ""usage_entropy_lower"": 0.65, ""usage_entropy_upper"": 0.9}",/autodl-fs/data/recap/tuning_hyperparams/interaction_tuning/results/interaction_entropy_v1/checkpoints/ctrl__lE0p2/recap/trial_1/model.pt
ctrl__lE0p2,controls,2,Facebook,0.5700757575757576,0.03686844025561715,"{""assignment_entropy_lower"": 0.45, ""assignment_entropy_upper"": 0.85, ""beta"": 0.02, ""cluster_init_gain"": 2.0, ""knn_k"": 20, ""lambda_E"": 0.2, ""lambda_H"": 0.35, ""lambda_bal"": 0.0, ""lambda_usage_entropy"": 0.5, ""num_clusters"": 28, ""num_hops"": 4, ""tau_c"": 0.3, ""tau_s"": 0.05, ""usage_entropy_lower"": 0.65, ""usage_entropy_upper"": 0.9}",/autodl-fs/data/recap/tuning_hyperparams/interaction_tuning/results/interaction_entropy_v1/checkpoints/ctrl__lE0p2/recap/trial_2/model.pt
ctrl__lE0p2,controls,2,cora,0.803992702632265,0.2751406815940018,"{""assignment_entropy_lower"": 0.45, ""assignment_entropy_upper"": 0.85, ""beta"": 0.02, ""cluster_init_gain"": 2.0, ""knn_k"": 20, ""lambda_E"": 0.2, ""lambda_H"": 0.35, ""lambda_bal"": 0.0, ""lambda_usage_entropy"": 0.5, ""num_clusters"": 28, ""num_hops"": 4, ""tau_c"": 0.3, ""tau_s"": 0.05, ""usage_entropy_lower"": 0.65, ""usage_entropy_upper"": 0.9}",/autodl-fs/data/recap/tuning_hyperparams/interaction_tuning/results/interaction_entropy_v1/checkpoints/ctrl__lE0p2/recap/trial_2/model.pt
ctrl__lE0p2,controls,2,citeseer,0.8932368062113105,0.3992087048616554,"{""assignment_entropy_lower"": 0.45, ""assignment_entropy_upper"": 0.85, ""beta"": 0.02, ""cluster_init_gain"": 2.0, ""knn_k"": 20, ""lambda_E"": 0.2, ""lambda_H"": 0.35, ""lambda_bal"": 0.0, ""lambda_usage_entropy"": 0.5, ""num_clusters"": 28, ""num_hops"": 4, ""tau_c"": 0.3, ""tau_s"": 0.05, ""usage_entropy_lower"": 0.65, ""usage_entropy_upper"": 0.9}",/autodl-fs/data/recap/tuning_hyperparams/interaction_tuning/results/interaction_entropy_v1/checkpoints/ctrl__lE0p2/recap/trial_2/model.pt
ctrl__lE0p2,controls,2,ACM,0.7694459372247823,0.35637732185543114,"{""assignment_entropy_lower"": 0.45, ""assignment_entropy_upper"": 0.85, ""beta"": 0.02, ""cluster_init_gain"": 2.0, ""knn_k"": 20, ""lambda_E"": 0.2, ""lambda_H"": 0.35, ""lambda_bal"": 0.0, ""lambda_usage_entropy"": 0.5, ""num_clusters"": 28, ""num_hops"": 4, ""tau_c"": 0.3, ""tau_s"": 0.05, ""usage_entropy_lower"": 0.65, ""usage_entropy_upper"": 0.9}",/autodl-fs/data/recap/tuning_hyperparams/interaction_tuning/results/interaction_entropy_v1/checkpoints/ctrl__lE0p2/recap/trial_2/model.pt
ctrl__lE0p2,controls,2,BlogCatalog,0.7072433278867102,0.3080915066630444,"{""assignment_entropy_lower"": 0.45, ""assignment_entropy_upper"": 0.85, ""beta"": 0.02, ""cluster_init_gain"": 2.0, ""knn_k"": 20, ""lambda_E"": 0.2, ""lambda_H"": 0.35, ""lambda_bal"": 0.0, ""lambda_usage_entropy"": 0.5, ""num_clusters"": 28, ""num_hops"": 4, ""tau_c"": 0.3, ""tau_s"": 0.05, ""usage_entropy_lower"": 0.65, ""usage_entropy_upper"": 0.9}",/autodl-fs/data/recap/tuning_hyperparams/interaction_tuning/results/interaction_entropy_v1/checkpoints/ctrl__lE0p2/recap/trial_2/model.pt
ctrl__lE0p2,controls,2,weibo,0.7215300064994261,0.3083367805551019,"{""assignment_entropy_lower"": 0.45, ""assignment_entropy_upper"": 0.85, ""beta"": 0.02, ""cluster_init_gain"": 2.0, ""knn_k"": 20, ""lambda_E"": 0.2, ""lambda_H"": 0.35, ""lambda_bal"": 0.0, ""lambda_usage_entropy"": 0.5, ""num_clusters"": 28, ""num_hops"": 4, ""tau_c"": 0.3, ""tau_s"": 0.05, ""usage_entropy_lower"": 0.65, ""usage_entropy_upper"": 0.9}",/autodl-fs/data/recap/tuning_hyperparams/interaction_tuning/results/interaction_entropy_v1/checkpoints/ctrl__lE0p2/recap/trial_2/model.pt
ctrl__lE0p2,controls,2,Reddit,0.5897176101619376,0.045091161634806136,"{""assignment_entropy_lower"": 0.45, ""assignment_entropy_upper"": 0.85, ""beta"": 0.02, ""cluster_init_gain"": 2.0, ""knn_k"": 20, ""lambda_E"": 0.2, ""lambda_H"": 0.35, ""lambda_bal"": 0.0, ""lambda_usage_entropy"": 0.5, ""num_clusters"": 28, ""num_hops"": 4, ""tau_c"": 0.3, ""tau_s"": 0.05, ""usage_entropy_lower"": 0.65, ""usage_entropy_upper"": 0.9}",/autodl-fs/data/recap/tuning_hyperparams/interaction_tuning/results/interaction_entropy_v1/checkpoints/ctrl__lE0p2/recap/trial_2/model.pt
ctrl__lE0p2,controls,2,Amazon,0.7289732615511653,0.13232183334419245,"{""assignment_entropy_lower"": 0.45, ""assignment_entropy_upper"": 0.85, ""beta"": 0.02, ""cluster_init_gain"": 2.0, ""knn_k"": 20, ""lambda_E"": 0.2, ""lambda_H"": 0.35, ""lambda_bal"": 0.0, ""lambda_usage_entropy"": 0.5, ""num_clusters"": 28, ""num_hops"": 4, ""tau_c"": 0.3, ""tau_s"": 0.05, ""usage_entropy_lower"": 0.65, ""usage_entropy_upper"": 0.9}",/autodl-fs/data/recap/tuning_hyperparams/interaction_tuning/results/interaction_entropy_v1/checkpoints/ctrl__lE0p2/recap/trial_2/model.pt
