run_id,kind,param,value,trial,dataset,AUROC,AUPRC,checkpoint
baseline,baseline,baseline,baseline,0,Facebook,0.5824621212121213,0.049529603159217936,/autodl-fs/data/recap/tuning_hyperparams/sensitivity_results/sensitivity_paper_final/checkpoints/baseline/recap/trial_0/model.pt
baseline,baseline,baseline,baseline,0,cora,0.831759186864738,0.4290914905758806,/autodl-fs/data/recap/tuning_hyperparams/sensitivity_results/sensitivity_paper_final/checkpoints/baseline/recap/trial_0/model.pt
baseline,baseline,baseline,baseline,0,citeseer,0.9039785961598994,0.4391107144619279,/autodl-fs/data/recap/tuning_hyperparams/sensitivity_results/sensitivity_paper_final/checkpoints/baseline/recap/trial_0/model.pt
baseline,baseline,baseline,baseline,0,ACM,0.796743837523363,0.3730005817839899,/autodl-fs/data/recap/tuning_hyperparams/sensitivity_results/sensitivity_paper_final/checkpoints/baseline/recap/trial_0/model.pt
baseline,baseline,baseline,baseline,0,BlogCatalog,0.7260117102396515,0.33451810519803915,/autodl-fs/data/recap/tuning_hyperparams/sensitivity_results/sensitivity_paper_final/checkpoints/baseline/recap/trial_0/model.pt
baseline,baseline,baseline,baseline,0,weibo,0.7567776236312533,0.3095164745209393,/autodl-fs/data/recap/tuning_hyperparams/sensitivity_results/sensitivity_paper_final/checkpoints/baseline/recap/trial_0/model.pt
baseline,baseline,baseline,baseline,0,Reddit,0.5975315656370717,0.04780366239898057,/autodl-fs/data/recap/tuning_hyperparams/sensitivity_results/sensitivity_paper_final/checkpoints/baseline/recap/trial_0/model.pt
baseline,baseline,baseline,baseline,0,Amazon,0.7259637155765579,0.1306233008067274,/autodl-fs/data/recap/tuning_hyperparams/sensitivity_results/sensitivity_paper_final/checkpoints/baseline/recap/trial_0/model.pt
baseline,baseline,baseline,baseline,1,Facebook,0.5775378787878788,0.04544449089471897,/autodl-fs/data/recap/tuning_hyperparams/sensitivity_results/sensitivity_paper_final/checkpoints/baseline/recap/trial_1/model.pt
baseline,baseline,baseline,baseline,1,cora,0.8322960646338285,0.42163302653765666,/autodl-fs/data/recap/tuning_hyperparams/sensitivity_results/sensitivity_paper_final/checkpoints/baseline/recap/trial_1/model.pt
baseline,baseline,baseline,baseline,1,citeseer,0.9004553562060645,0.45853834181401854,/autodl-fs/data/recap/tuning_hyperparams/sensitivity_results/sensitivity_paper_final/checkpoints/baseline/recap/trial_1/model.pt
baseline,baseline,baseline,baseline,1,ACM,0.7929413332582638,0.37167017586118856,/autodl-fs/data/recap/tuning_hyperparams/sensitivity_results/sensitivity_paper_final/checkpoints/baseline/recap/trial_1/model.pt
baseline,baseline,baseline,baseline,1,BlogCatalog,0.7236444716775599,0.33573246674333496,/autodl-fs/data/recap/tuning_hyperparams/sensitivity_results/sensitivity_paper_final/checkpoints/baseline/recap/trial_1/model.pt
baseline,baseline,baseline,baseline,1,weibo,0.7493314854093078,0.3038165797437301,/autodl-fs/data/recap/tuning_hyperparams/sensitivity_results/sensitivity_paper_final/checkpoints/baseline/recap/trial_1/model.pt
baseline,baseline,baseline,baseline,1,Reddit,0.5962378814406303,0.04617818812747834,/autodl-fs/data/recap/tuning_hyperparams/sensitivity_results/sensitivity_paper_final/checkpoints/baseline/recap/trial_1/model.pt
baseline,baseline,baseline,baseline,1,Amazon,0.7434695895507982,0.1384286176403896,/autodl-fs/data/recap/tuning_hyperparams/sensitivity_results/sensitivity_paper_final/checkpoints/baseline/recap/trial_1/model.pt
baseline,baseline,baseline,baseline,2,Facebook,0.57875,0.03653224403819973,/autodl-fs/data/recap/tuning_hyperparams/sensitivity_results/sensitivity_paper_final/checkpoints/baseline/recap/trial_2/model.pt
baseline,baseline,baseline,baseline,2,cora,0.8248423247328642,0.40772710004881674,/autodl-fs/data/recap/tuning_hyperparams/sensitivity_results/sensitivity_paper_final/checkpoints/baseline/recap/trial_2/model.pt
baseline,baseline,baseline,baseline,2,citeseer,0.9018917217500787,0.44033861548138253,/autodl-fs/data/recap/tuning_hyperparams/sensitivity_results/sensitivity_paper_final/checkpoints/baseline/recap/trial_2/model.pt
baseline,baseline,baseline,baseline,2,ACM,0.7958562877963811,0.37554027858124117,/autodl-fs/data/recap/tuning_hyperparams/sensitivity_results/sensitivity_paper_final/checkpoints/baseline/recap/trial_2/model.pt
baseline,baseline,baseline,baseline,2,BlogCatalog,0.7290019063180828,0.33718607720238947,/autodl-fs/data/recap/tuning_hyperparams/sensitivity_results/sensitivity_paper_final/checkpoints/baseline/recap/trial_2/model.pt
baseline,baseline,baseline,baseline,2,weibo,0.743430107323074,0.29923936465393586,/autodl-fs/data/recap/tuning_hyperparams/sensitivity_results/sensitivity_paper_final/checkpoints/baseline/recap/trial_2/model.pt
baseline,baseline,baseline,baseline,2,Reddit,0.5916392876515495,0.04505012799570248,/autodl-fs/data/recap/tuning_hyperparams/sensitivity_results/sensitivity_paper_final/checkpoints/baseline/recap/trial_2/model.pt
baseline,baseline,baseline,baseline,2,Amazon,0.7287900665300727,0.13223564998242998,/autodl-fs/data/recap/tuning_hyperparams/sensitivity_results/sensitivity_paper_final/checkpoints/baseline/recap/trial_2/model.pt
knn_k__8,sensitivity,knn_k,8,0,Facebook,0.5808333333333333,0.049113476718010814,/autodl-fs/data/recap/tuning_hyperparams/sensitivity_results/sensitivity_paper_final/checkpoints/knn_k__8/recap/trial_0/model.pt
knn_k__8,sensitivity,knn_k,8,0,cora,0.8315220224133437,0.4288058011591985,/autodl-fs/data/recap/tuning_hyperparams/sensitivity_results/sensitivity_paper_final/checkpoints/knn_k__8/recap/trial_0/model.pt
knn_k__8,sensitivity,knn_k,8,0,citeseer,0.9035284859930751,0.43691366510122737,/autodl-fs/data/recap/tuning_hyperparams/sensitivity_results/sensitivity_paper_final/checkpoints/knn_k__8/recap/trial_0/model.pt
knn_k__8,sensitivity,knn_k,8,0,ACM,0.796629335384672,0.37315545792853705,/autodl-fs/data/recap/tuning_hyperparams/sensitivity_results/sensitivity_paper_final/checkpoints/knn_k__8/recap/trial_0/model.pt
knn_k__8,sensitivity,knn_k,8,0,BlogCatalog,0.7252842456427016,0.3343873436015478,/autodl-fs/data/recap/tuning_hyperparams/sensitivity_results/sensitivity_paper_final/checkpoints/knn_k__8/recap/trial_0/model.pt
knn_k__8,sensitivity,knn_k,8,0,weibo,0.7598287006833875,0.3105701378366686,/autodl-fs/data/recap/tuning_hyperparams/sensitivity_results/sensitivity_paper_final/checkpoints/knn_k__8/recap/trial_0/model.pt
knn_k__8,sensitivity,knn_k,8,0,Reddit,0.5978138474000744,0.047779721090839354,/autodl-fs/data/recap/tuning_hyperparams/sensitivity_results/sensitivity_paper_final/checkpoints/knn_k__8/recap/trial_0/model.pt
knn_k__8,sensitivity,knn_k,8,0,Amazon,0.7257497861841583,0.1303502823545863,/autodl-fs/data/recap/tuning_hyperparams/sensitivity_results/sensitivity_paper_final/checkpoints/knn_k__8/recap/trial_0/model.pt
knn_k__8,sensitivity,knn_k,8,1,Facebook,0.5776515151515151,0.04343907230688112,/autodl-fs/data/recap/tuning_hyperparams/sensitivity_results/sensitivity_paper_final/checkpoints/knn_k__8/recap/trial_1/model.pt
knn_k__8,sensitivity,knn_k,8,1,cora,0.8323351576752671,0.4221588043109848,/autodl-fs/data/recap/tuning_hyperparams/sensitivity_results/sensitivity_paper_final/checkpoints/knn_k__8/recap/trial_1/model.pt
knn_k__8,sensitivity,knn_k,8,1,citeseer,0.9001322001888573,0.45791814565418026,/autodl-fs/data/recap/tuning_hyperparams/sensitivity_results/sensitivity_paper_final/checkpoints/knn_k__8/recap/trial_1/model.pt
knn_k__8,sensitivity,knn_k,8,1,ACM,0.7931247897235701,0.37112209142907837,/autodl-fs/data/recap/tuning_hyperparams/sensitivity_results/sensitivity_paper_final/checkpoints/knn_k__8/recap/trial_1/model.pt
knn_k__8,sensitivity,knn_k,8,1,BlogCatalog,0.7243899782135077,0.33636669112260353,/autodl-fs/data/recap/tuning_hyperparams/sensitivity_results/sensitivity_paper_final/checkpoints/knn_k__8/recap/trial_1/model.pt
knn_k__8,sensitivity,knn_k,8,1,weibo,0.7540891204008,0.30523000907699366,/autodl-fs/data/recap/tuning_hyperparams/sensitivity_results/sensitivity_paper_final/checkpoints/knn_k__8/recap/trial_1/model.pt
knn_k__8,sensitivity,knn_k,8,1,Reddit,0.5960617448255205,0.046120628584222084,/autodl-fs/data/recap/tuning_hyperparams/sensitivity_results/sensitivity_paper_final/checkpoints/knn_k__8/recap/trial_1/model.pt
knn_k__8,sensitivity,knn_k,8,1,Amazon,0.7423345374242446,0.13775845383373636,/autodl-fs/data/recap/tuning_hyperparams/sensitivity_results/sensitivity_paper_final/checkpoints/knn_k__8/recap/trial_1/model.pt
knn_k__8,sensitivity,knn_k,8,2,Facebook,0.5771969696969698,0.03618714267548709,/autodl-fs/data/recap/tuning_hyperparams/sensitivity_results/sensitivity_paper_final/checkpoints/knn_k__8/recap/trial_2/model.pt
knn_k__8,sensitivity,knn_k,8,2,cora,0.8251055512118843,0.4077271341887113,/autodl-fs/data/recap/tuning_hyperparams/sensitivity_results/sensitivity_paper_final/checkpoints/knn_k__8/recap/trial_2/model.pt
knn_k__8,sensitivity,knn_k,8,2,citeseer,0.9014363655440143,0.439302314470344,/autodl-fs/data/recap/tuning_hyperparams/sensitivity_results/sensitivity_paper_final/checkpoints/knn_k__8/recap/trial_2/model.pt
knn_k__8,sensitivity,knn_k,8,2,ACM,0.7960004698172467,0.37573629893544147,/autodl-fs/data/recap/tuning_hyperparams/sensitivity_results/sensitivity_paper_final/checkpoints/knn_k__8/recap/trial_2/model.pt
knn_k__8,sensitivity,knn_k,8,2,BlogCatalog,0.7304878131808279,0.3372851161589499,/autodl-fs/data/recap/tuning_hyperparams/sensitivity_results/sensitivity_paper_final/checkpoints/knn_k__8/recap/trial_2/model.pt
knn_k__8,sensitivity,knn_k,8,2,weibo,0.7457790415211225,0.2996265246948744,/autodl-fs/data/recap/tuning_hyperparams/sensitivity_results/sensitivity_paper_final/checkpoints/knn_k__8/recap/trial_2/model.pt
knn_k__8,sensitivity,knn_k,8,2,Reddit,0.5915484531371101,0.04503381226794636,/autodl-fs/data/recap/tuning_hyperparams/sensitivity_results/sensitivity_paper_final/checkpoints/knn_k__8/recap/trial_2/model.pt
knn_k__8,sensitivity,knn_k,8,2,Amazon,0.7285657661798676,0.13211148593583144,/autodl-fs/data/recap/tuning_hyperparams/sensitivity_results/sensitivity_paper_final/checkpoints/knn_k__8/recap/trial_2/model.pt
knn_k__12,sensitivity,knn_k,12,0,Facebook,0.5814015151515153,0.04917289534483375,/autodl-fs/data/recap/tuning_hyperparams/sensitivity_results/sensitivity_paper_final/checkpoints/knn_k__12/recap/trial_0/model.pt
knn_k__12,sensitivity,knn_k,12,0,cora,0.8317122752150117,0.42914865860753604,/autodl-fs/data/recap/tuning_hyperparams/sensitivity_results/sensitivity_paper_final/checkpoints/knn_k__12/recap/trial_0/model.pt
knn_k__12,sensitivity,knn_k,12,0,citeseer,0.9037540656804114,0.437940899472232,/autodl-fs/data/recap/tuning_hyperparams/sensitivity_results/sensitivity_paper_final/checkpoints/knn_k__12/recap/trial_0/model.pt
knn_k__12,sensitivity,knn_k,12,0,ACM,0.7964905832534401,0.3733926199048788,/autodl-fs/data/recap/tuning_hyperparams/sensitivity_results/sensitivity_paper_final/checkpoints/knn_k__12/recap/trial_0/model.pt
knn_k__12,sensitivity,knn_k,12,0,BlogCatalog,0.7251787173202614,0.3343456273610821,/autodl-fs/data/recap/tuning_hyperparams/sensitivity_results/sensitivity_paper_final/checkpoints/knn_k__12/recap/trial_0/model.pt
knn_k__12,sensitivity,knn_k,12,0,weibo,0.7570085122305994,0.3096498647458015,/autodl-fs/data/recap/tuning_hyperparams/sensitivity_results/sensitivity_paper_final/checkpoints/knn_k__12/recap/trial_0/model.pt
knn_k__12,sensitivity,knn_k,12,0,Reddit,0.5976990819795646,0.04776072544609096,/autodl-fs/data/recap/tuning_hyperparams/sensitivity_results/sensitivity_paper_final/checkpoints/knn_k__12/recap/trial_0/model.pt
knn_k__12,sensitivity,knn_k,12,0,Amazon,0.7259560698339421,0.1305323702963279,/autodl-fs/data/recap/tuning_hyperparams/sensitivity_results/sensitivity_paper_final/checkpoints/knn_k__12/recap/trial_0/model.pt
knn_k__12,sensitivity,knn_k,12,1,Facebook,0.5776515151515151,0.04343108670261994,/autodl-fs/data/recap/tuning_hyperparams/sensitivity_results/sensitivity_paper_final/checkpoints/knn_k__12/recap/trial_1/model.pt
knn_k__12,sensitivity,knn_k,12,1,cora,0.8322595777951525,0.4228620940267623,/autodl-fs/data/recap/tuning_hyperparams/sensitivity_results/sensitivity_paper_final/checkpoints/knn_k__12/recap/trial_1/model.pt
knn_k__12,sensitivity,knn_k,12,1,citeseer,0.9002360717658169,0.4578590792941607,/autodl-fs/data/recap/tuning_hyperparams/sensitivity_results/sensitivity_paper_final/checkpoints/knn_k__12/recap/trial_1/model.pt
knn_k__12,sensitivity,knn_k,12,1,ACM,0.7928440697012265,0.37139757068998897,/autodl-fs/data/recap/tuning_hyperparams/sensitivity_results/sensitivity_paper_final/checkpoints/knn_k__12/recap/trial_1/model.pt
knn_k__12,sensitivity,knn_k,12,1,BlogCatalog,0.7240897331154684,0.335876458278177,/autodl-fs/data/recap/tuning_hyperparams/sensitivity_results/sensitivity_paper_final/checkpoints/knn_k__12/recap/trial_1/model.pt
knn_k__12,sensitivity,knn_k,12,1,weibo,0.7511678943020883,0.30456066217549455,/autodl-fs/data/recap/tuning_hyperparams/sensitivity_results/sensitivity_paper_final/checkpoints/knn_k__12/recap/trial_1/model.pt
knn_k__12,sensitivity,knn_k,12,1,Reddit,0.5960402584743713,0.046127121901053905,/autodl-fs/data/recap/tuning_hyperparams/sensitivity_results/sensitivity_paper_final/checkpoints/knn_k__12/recap/trial_1/model.pt
knn_k__12,sensitivity,knn_k,12,1,Amazon,0.7429028961921629,0.13814983647475587,/autodl-fs/data/recap/tuning_hyperparams/sensitivity_results/sensitivity_paper_final/checkpoints/knn_k__12/recap/trial_1/model.pt
knn_k__12,sensitivity,knn_k,12,2,Facebook,0.5774242424242424,0.03631444416559711,/autodl-fs/data/recap/tuning_hyperparams/sensitivity_results/sensitivity_paper_final/checkpoints/knn_k__12/recap/trial_2/model.pt
knn_k__12,sensitivity,knn_k,12,2,cora,0.8249830596820432,0.4074762247369814,/autodl-fs/data/recap/tuning_hyperparams/sensitivity_results/sensitivity_paper_final/checkpoints/knn_k__12/recap/trial_2/model.pt
knn_k__12,sensitivity,knn_k,12,2,citeseer,0.9015549260308467,0.43974965684020945,/autodl-fs/data/recap/tuning_hyperparams/sensitivity_results/sensitivity_paper_final/checkpoints/knn_k__12/recap/trial_2/model.pt
knn_k__12,sensitivity,knn_k,12,2,ACM,0.7958513323631227,0.3756346052934286,/autodl-fs/data/recap/tuning_hyperparams/sensitivity_results/sensitivity_paper_final/checkpoints/knn_k__12/recap/trial_2/model.pt
knn_k__12,sensitivity,knn_k,12,2,BlogCatalog,0.729651075708061,0.33727012731062034,/autodl-fs/data/recap/tuning_hyperparams/sensitivity_results/sensitivity_paper_final/checkpoints/knn_k__12/recap/trial_2/model.pt
knn_k__12,sensitivity,knn_k,12,2,weibo,0.7453895650887267,0.29953910253667154,/autodl-fs/data/recap/tuning_hyperparams/sensitivity_results/sensitivity_paper_final/checkpoints/knn_k__12/recap/trial_2/model.pt
knn_k__12,sensitivity,knn_k,12,2,Reddit,0.5915976015571043,0.04505271566892373,/autodl-fs/data/recap/tuning_hyperparams/sensitivity_results/sensitivity_paper_final/checkpoints/knn_k__12/recap/trial_2/model.pt
knn_k__12,sensitivity,knn_k,12,2,Amazon,0.7288356381840801,0.13224995216872576,/autodl-fs/data/recap/tuning_hyperparams/sensitivity_results/sensitivity_paper_final/checkpoints/knn_k__12/recap/trial_2/model.pt
knn_k__16,sensitivity,knn_k,16,0,Facebook,0.5820454545454545,0.04948628014135648,/autodl-fs/data/recap/tuning_hyperparams/sensitivity_results/sensitivity_paper_final/checkpoints/knn_k__16/recap/trial_0/model.pt
knn_k__16,sensitivity,knn_k,16,0,cora,0.8317878550951264,0.4290922131191288,/autodl-fs/data/recap/tuning_hyperparams/sensitivity_results/sensitivity_paper_final/checkpoints/knn_k__16/recap/trial_0/model.pt
knn_k__16,sensitivity,knn_k,16,0,citeseer,0.9038841674535725,0.43888626273432035,/autodl-fs/data/recap/tuning_hyperparams/sensitivity_results/sensitivity_paper_final/checkpoints/knn_k__16/recap/trial_0/model.pt
knn_k__16,sensitivity,knn_k,16,0,ACM,0.796578515835087,0.3731642367365693,/autodl-fs/data/recap/tuning_hyperparams/sensitivity_results/sensitivity_paper_final/checkpoints/knn_k__16/recap/trial_0/model.pt
knn_k__16,sensitivity,knn_k,16,0,BlogCatalog,0.7252314814814814,0.3344393788962263,/autodl-fs/data/recap/tuning_hyperparams/sensitivity_results/sensitivity_paper_final/checkpoints/knn_k__16/recap/trial_0/model.pt
knn_k__16,sensitivity,knn_k,16,0,weibo,0.7575065926681825,0.3098190948504715,/autodl-fs/data/recap/tuning_hyperparams/sensitivity_results/sensitivity_paper_final/checkpoints/knn_k__16/recap/trial_0/model.pt
knn_k__16,sensitivity,knn_k,16,0,Reddit,0.5976512201674237,0.04782263027936,/autodl-fs/data/recap/tuning_hyperparams/sensitivity_results/sensitivity_paper_final/checkpoints/knn_k__16/recap/trial_0/model.pt
knn_k__16,sensitivity,knn_k,16,0,Amazon,0.7260748437959643,0.13069289998278447,/autodl-fs/data/recap/tuning_hyperparams/sensitivity_results/sensitivity_paper_final/checkpoints/knn_k__16/recap/trial_0/model.pt
knn_k__16,sensitivity,knn_k,16,1,Facebook,0.5774621212121211,0.0454324071911341,/autodl-fs/data/recap/tuning_hyperparams/sensitivity_results/sensitivity_paper_final/checkpoints/knn_k__16/recap/trial_1/model.pt
knn_k__16,sensitivity,knn_k,16,1,cora,0.8323534010946052,0.42214066629325564,/autodl-fs/data/recap/tuning_hyperparams/sensitivity_results/sensitivity_paper_final/checkpoints/knn_k__16/recap/trial_1/model.pt
knn_k__16,sensitivity,knn_k,16,1,citeseer,0.9003724687860667,0.45850437411894585,/autodl-fs/data/recap/tuning_hyperparams/sensitivity_results/sensitivity_paper_final/checkpoints/knn_k__16/recap/trial_1/model.pt
knn_k__16,sensitivity,knn_k,16,1,ACM,0.792926572393239,0.37156420256039546,/autodl-fs/data/recap/tuning_hyperparams/sensitivity_results/sensitivity_paper_final/checkpoints/knn_k__16/recap/trial_1/model.pt
knn_k__16,sensitivity,knn_k,16,1,BlogCatalog,0.7224499591503268,0.33578387278594285,/autodl-fs/data/recap/tuning_hyperparams/sensitivity_results/sensitivity_paper_final/checkpoints/knn_k__16/recap/trial_1/model.pt
knn_k__16,sensitivity,knn_k,16,1,weibo,0.7505696933530375,0.30436965967265905,/autodl-fs/data/recap/tuning_hyperparams/sensitivity_results/sensitivity_paper_final/checkpoints/knn_k__16/recap/trial_1/model.pt
knn_k__16,sensitivity,knn_k,16,1,Reddit,0.5962418699249753,0.046165568052502395,/autodl-fs/data/recap/tuning_hyperparams/sensitivity_results/sensitivity_paper_final/checkpoints/knn_k__16/recap/trial_1/model.pt
knn_k__16,sensitivity,knn_k,16,1,Amazon,0.7436194763862374,0.1385357357432016,/autodl-fs/data/recap/tuning_hyperparams/sensitivity_results/sensitivity_paper_final/checkpoints/knn_k__16/recap/trial_1/model.pt
knn_k__16,sensitivity,knn_k,16,2,Facebook,0.5775757575757576,0.03643821339062466,/autodl-fs/data/recap/tuning_hyperparams/sensitivity_results/sensitivity_paper_final/checkpoints/knn_k__16/recap/trial_2/model.pt
knn_k__16,sensitivity,knn_k,16,2,cora,0.8248631743549648,0.40802584872207237,/autodl-fs/data/recap/tuning_hyperparams/sensitivity_results/sensitivity_paper_final/checkpoints/knn_k__16/recap/trial_2/model.pt
knn_k__16,sensitivity,knn_k,16,2,citeseer,0.9017049627531214,0.4402521733741094,/autodl-fs/data/recap/tuning_hyperparams/sensitivity_results/sensitivity_paper_final/checkpoints/knn_k__16/recap/trial_2/model.pt
knn_k__16,sensitivity,knn_k,16,2,ACM,0.7958761622467893,0.3755833693375331,/autodl-fs/data/recap/tuning_hyperparams/sensitivity_results/sensitivity_paper_final/checkpoints/knn_k__16/recap/trial_2/model.pt
knn_k__16,sensitivity,knn_k,16,2,BlogCatalog,0.729066244553377,0.33700937987427365,/autodl-fs/data/recap/tuning_hyperparams/sensitivity_results/sensitivity_paper_final/checkpoints/knn_k__16/recap/trial_2/model.pt
knn_k__16,sensitivity,knn_k,16,2,weibo,0.7447399281822578,0.2995521245895918,/autodl-fs/data/recap/tuning_hyperparams/sensitivity_results/sensitivity_paper_final/checkpoints/knn_k__16/recap/trial_2/model.pt
knn_k__16,sensitivity,knn_k,16,2,Reddit,0.5917414443150975,0.04508842299808537,/autodl-fs/data/recap/tuning_hyperparams/sensitivity_results/sensitivity_paper_final/checkpoints/knn_k__16/recap/trial_2/model.pt
knn_k__16,sensitivity,knn_k,16,2,Amazon,0.7288586511123496,0.13240714730665668,/autodl-fs/data/recap/tuning_hyperparams/sensitivity_results/sensitivity_paper_final/checkpoints/knn_k__16/recap/trial_2/model.pt
knn_k__24,sensitivity,knn_k,24,0,Facebook,0.5825378787878788,0.049533849332181,/autodl-fs/data/recap/tuning_hyperparams/sensitivity_results/sensitivity_paper_final/checkpoints/knn_k__24/recap/trial_0/model.pt
knn_k__24,sensitivity,knn_k,24,0,cora,0.8318243419338025,0.4298942559161362,/autodl-fs/data/recap/tuning_hyperparams/sensitivity_results/sensitivity_paper_final/checkpoints/knn_k__24/recap/trial_0/model.pt
knn_k__24,sensitivity,knn_k,24,0,citeseer,0.9041653551568565,0.43942284098265344,/autodl-fs/data/recap/tuning_hyperparams/sensitivity_results/sensitivity_paper_final/checkpoints/knn_k__24/recap/trial_0/model.pt
knn_k__24,sensitivity,knn_k,24,0,ACM,0.7967999815278317,0.3733877885820913,/autodl-fs/data/recap/tuning_hyperparams/sensitivity_results/sensitivity_paper_final/checkpoints/knn_k__24/recap/trial_0/model.pt
knn_k__24,sensitivity,knn_k,24,0,BlogCatalog,0.7257598039215687,0.33467187425494144,/autodl-fs/data/recap/tuning_hyperparams/sensitivity_results/sensitivity_paper_final/checkpoints/knn_k__24/recap/trial_0/model.pt
knn_k__24,sensitivity,knn_k,24,0,weibo,0.7549946378205461,0.30902358639200034,/autodl-fs/data/recap/tuning_hyperparams/sensitivity_results/sensitivity_paper_final/checkpoints/knn_k__24/recap/trial_0/model.pt
knn_k__24,sensitivity,knn_k,24,0,Reddit,0.5974485794305371,0.04780125476929501,/autodl-fs/data/recap/tuning_hyperparams/sensitivity_results/sensitivity_paper_final/checkpoints/knn_k__24/recap/trial_0/model.pt
knn_k__24,sensitivity,knn_k,24,0,Amazon,0.7261170846314063,0.13072606617668492,/autodl-fs/data/recap/tuning_hyperparams/sensitivity_results/sensitivity_paper_final/checkpoints/knn_k__24/recap/trial_0/model.pt
knn_k__24,sensitivity,knn_k,24,1,Facebook,0.5779924242424243,0.04548175266646186,/autodl-fs/data/recap/tuning_hyperparams/sensitivity_results/sensitivity_paper_final/checkpoints/knn_k__24/recap/trial_1/model.pt
knn_k__24,sensitivity,knn_k,24,1,cora,0.8323586135001302,0.4220244570408045,/autodl-fs/data/recap/tuning_hyperparams/sensitivity_results/sensitivity_paper_final/checkpoints/knn_k__24/recap/trial_1/model.pt
knn_k__24,sensitivity,knn_k,24,1,citeseer,0.9005949008498584,0.45898568679799195,/autodl-fs/data/recap/tuning_hyperparams/sensitivity_results/sensitivity_paper_final/checkpoints/knn_k__24/recap/trial_1/model.pt
knn_k__24,sensitivity,knn_k,24,1,ACM,0.7930486131165679,0.371897257186649,/autodl-fs/data/recap/tuning_hyperparams/sensitivity_results/sensitivity_paper_final/checkpoints/knn_k__24/recap/trial_1/model.pt
knn_k__24,sensitivity,knn_k,24,1,BlogCatalog,0.7235117102396514,0.33554743449259594,/autodl-fs/data/recap/tuning_hyperparams/sensitivity_results/sensitivity_paper_final/checkpoints/knn_k__24/recap/trial_1/model.pt
knn_k__24,sensitivity,knn_k,24,1,weibo,0.7507974484096583,0.30405493225418545,/autodl-fs/data/recap/tuning_hyperparams/sensitivity_results/sensitivity_paper_final/checkpoints/knn_k__24/recap/trial_1/model.pt
knn_k__24,sensitivity,knn_k,24,1,Reddit,0.5962624556506273,0.04617089304876501,/autodl-fs/data/recap/tuning_hyperparams/sensitivity_results/sensitivity_paper_final/checkpoints/knn_k__24/recap/trial_1/model.pt
knn_k__24,sensitivity,knn_k,24,1,Amazon,0.7432910879558661,0.13834119122215077,/autodl-fs/data/recap/tuning_hyperparams/sensitivity_results/sensitivity_paper_final/checkpoints/knn_k__24/recap/trial_1/model.pt
knn_k__24,sensitivity,knn_k,24,2,Facebook,0.578939393939394,0.03655831067021792,/autodl-fs/data/recap/tuning_hyperparams/sensitivity_results/sensitivity_paper_final/checkpoints/knn_k__24/recap/trial_2/model.pt
knn_k__24,sensitivity,knn_k,24,2,cora,0.8249283294240293,0.4070373815147696,/autodl-fs/data/recap/tuning_hyperparams/sensitivity_results/sensitivity_paper_final/checkpoints/knn_k__24/recap/trial_2/model.pt
knn_k__24,sensitivity,knn_k,24,2,citeseer,0.9020092330290631,0.44029579145941333,/autodl-fs/data/recap/tuning_hyperparams/sensitivity_results/sensitivity_paper_final/checkpoints/knn_k__24/recap/trial_2/model.pt
knn_k__24,sensitivity,knn_k,24,2,ACM,0.7958173296561909,0.37538343749703484,/autodl-fs/data/recap/tuning_hyperparams/sensitivity_results/sensitivity_paper_final/checkpoints/knn_k__24/recap/trial_2/model.pt
knn_k__24,sensitivity,knn_k,24,2,BlogCatalog,0.7295155909586056,0.3371561710465385,/autodl-fs/data/recap/tuning_hyperparams/sensitivity_results/sensitivity_paper_final/checkpoints/knn_k__24/recap/trial_2/model.pt
knn_k__24,sensitivity,knn_k,24,2,weibo,0.7436803321738716,0.2991803681910069,/autodl-fs/data/recap/tuning_hyperparams/sensitivity_results/sensitivity_paper_final/checkpoints/knn_k__24/recap/trial_2/model.pt
knn_k__24,sensitivity,knn_k,24,2,Reddit,0.591501234628896,0.04504930436440044,/autodl-fs/data/recap/tuning_hyperparams/sensitivity_results/sensitivity_paper_final/checkpoints/knn_k__24/recap/trial_2/model.pt
knn_k__24,sensitivity,knn_k,24,2,Amazon,0.7287575153486391,0.13219685585970942,/autodl-fs/data/recap/tuning_hyperparams/sensitivity_results/sensitivity_paper_final/checkpoints/knn_k__24/recap/trial_2/model.pt
knn_k__28,sensitivity,knn_k,28,0,Facebook,0.5825757575757575,0.049506846215559376,/autodl-fs/data/recap/tuning_hyperparams/sensitivity_results/sensitivity_paper_final/checkpoints/knn_k__28/recap/trial_0/model.pt
knn_k__28,sensitivity,knn_k,28,0,cora,0.8318764659890538,0.4290662054190328,/autodl-fs/data/recap/tuning_hyperparams/sensitivity_results/sensitivity_paper_final/checkpoints/knn_k__28/recap/trial_0/model.pt
knn_k__28,sensitivity,knn_k,28,0,citeseer,0.9041275836743259,0.4397470757139783,/autodl-fs/data/recap/tuning_hyperparams/sensitivity_results/sensitivity_paper_final/checkpoints/knn_k__28/recap/trial_0/model.pt
knn_k__28,sensitivity,knn_k,28,0,ACM,0.796675515805249,0.3737489780739848,/autodl-fs/data/recap/tuning_hyperparams/sensitivity_results/sensitivity_paper_final/checkpoints/knn_k__28/recap/trial_0/model.pt
knn_k__28,sensitivity,knn_k,28,0,BlogCatalog,0.7256971677559912,0.3344972753743036,/autodl-fs/data/recap/tuning_hyperparams/sensitivity_results/sensitivity_paper_final/checkpoints/knn_k__28/recap/trial_0/model.pt
knn_k__28,sensitivity,knn_k,28,0,weibo,0.7555440013598047,0.3093908596596058,/autodl-fs/data/recap/tuning_hyperparams/sensitivity_results/sensitivity_paper_final/checkpoints/knn_k__28/recap/trial_0/model.pt
knn_k__28,sensitivity,knn_k,28,0,Reddit,0.5976465883791521,0.047832174174639266,/autodl-fs/data/recap/tuning_hyperparams/sensitivity_results/sensitivity_paper_final/checkpoints/knn_k__28/recap/trial_0/model.pt
knn_k__28,sensitivity,knn_k,28,0,Amazon,0.7262795377368875,0.1308087884720799,/autodl-fs/data/recap/tuning_hyperparams/sensitivity_results/sensitivity_paper_final/checkpoints/knn_k__28/recap/trial_0/model.pt
knn_k__28,sensitivity,knn_k,28,1,Facebook,0.5777651515151516,0.045466454548890575,/autodl-fs/data/recap/tuning_hyperparams/sensitivity_results/sensitivity_paper_final/checkpoints/knn_k__28/recap/trial_1/model.pt
knn_k__28,sensitivity,knn_k,28,1,cora,0.8324081313526193,0.4217795458773932,/autodl-fs/data/recap/tuning_hyperparams/sensitivity_results/sensitivity_paper_final/checkpoints/knn_k__28/recap/trial_1/model.pt
knn_k__28,sensitivity,knn_k,28,1,citeseer,0.9005277515475815,0.4593212396974685,/autodl-fs/data/recap/tuning_hyperparams/sensitivity_results/sensitivity_paper_final/checkpoints/knn_k__28/recap/trial_1/model.pt
knn_k__28,sensitivity,knn_k,28,1,ACM,0.7929939451986017,0.37194105594708116,/autodl-fs/data/recap/tuning_hyperparams/sensitivity_results/sensitivity_paper_final/checkpoints/knn_k__28/recap/trial_1/model.pt
knn_k__28,sensitivity,knn_k,28,1,BlogCatalog,0.7233295887799565,0.33551344903769864,/autodl-fs/data/recap/tuning_hyperparams/sensitivity_results/sensitivity_paper_final/checkpoints/knn_k__28/recap/trial_1/model.pt
knn_k__28,sensitivity,knn_k,28,1,weibo,0.7510320055468293,0.30406851366838733,/autodl-fs/data/recap/tuning_hyperparams/sensitivity_results/sensitivity_paper_final/checkpoints/knn_k__28/recap/trial_1/model.pt
knn_k__28,sensitivity,knn_k,28,1,Reddit,0.596287673164551,0.04619232776234579,/autodl-fs/data/recap/tuning_hyperparams/sensitivity_results/sensitivity_paper_final/checkpoints/knn_k__28/recap/trial_1/model.pt
knn_k__28,sensitivity,knn_k,28,1,Amazon,0.743535600318729,0.13849004132116643,/autodl-fs/data/recap/tuning_hyperparams/sensitivity_results/sensitivity_paper_final/checkpoints/knn_k__28/recap/trial_1/model.pt
knn_k__28,sensitivity,knn_k,28,2,Facebook,0.5792803030303031,0.036582148949215305,/autodl-fs/data/recap/tuning_hyperparams/sensitivity_results/sensitivity_paper_final/checkpoints/knn_k__28/recap/trial_2/model.pt
knn_k__28,sensitivity,knn_k,28,2,cora,0.8249413604378422,0.40723572579413464,/autodl-fs/data/recap/tuning_hyperparams/sensitivity_results/sensitivity_paper_final/checkpoints/knn_k__28/recap/trial_2/model.pt
knn_k__28,sensitivity,knn_k,28,2,citeseer,0.9020564473822262,0.4411595031922135,/autodl-fs/data/recap/tuning_hyperparams/sensitivity_results/sensitivity_paper_final/checkpoints/knn_k__28/recap/trial_2/model.pt
knn_k__28,sensitivity,knn_k,28,2,ACM,0.7960415893698154,0.375585620521712,/autodl-fs/data/recap/tuning_hyperparams/sensitivity_results/sensitivity_paper_final/checkpoints/knn_k__28/recap/trial_2/model.pt
knn_k__28,sensitivity,knn_k,28,2,BlogCatalog,0.7292218137254902,0.33705168661070606,/autodl-fs/data/recap/tuning_hyperparams/sensitivity_results/sensitivity_paper_final/checkpoints/knn_k__28/recap/trial_2/model.pt
knn_k__28,sensitivity,knn_k,28,2,weibo,0.7444264974818545,0.29933583254100793,/autodl-fs/data/recap/tuning_hyperparams/sensitivity_results/sensitivity_paper_final/checkpoints/knn_k__28/recap/trial_2/model.pt
knn_k__28,sensitivity,knn_k,28,2,Reddit,0.5917424736013801,0.045083293203597045,/autodl-fs/data/recap/tuning_hyperparams/sensitivity_results/sensitivity_paper_final/checkpoints/knn_k__28/recap/trial_2/model.pt
knn_k__28,sensitivity,knn_k,28,2,Amazon,0.7289796203866081,0.13237342547944717,/autodl-fs/data/recap/tuning_hyperparams/sensitivity_results/sensitivity_paper_final/checkpoints/knn_k__28/recap/trial_2/model.pt
knn_k__32,sensitivity,knn_k,32,0,Facebook,0.5829545454545455,0.049537560895178995,/autodl-fs/data/recap/tuning_hyperparams/sensitivity_results/sensitivity_paper_final/checkpoints/knn_k__32/recap/trial_0/model.pt
knn_k__32,sensitivity,knn_k,32,0,cora,0.8318712535835286,0.4285626787142783,/autodl-fs/data/recap/tuning_hyperparams/sensitivity_results/sensitivity_paper_final/checkpoints/knn_k__32/recap/trial_0/model.pt
knn_k__32,sensitivity,knn_k,32,0,citeseer,0.9041768964431853,0.4397242948583886,/autodl-fs/data/recap/tuning_hyperparams/sensitivity_results/sensitivity_paper_final/checkpoints/knn_k__32/recap/trial_0/model.pt
knn_k__32,sensitivity,knn_k,32,0,ACM,0.7968113157634757,0.37340240235120176,/autodl-fs/data/recap/tuning_hyperparams/sensitivity_results/sensitivity_paper_final/checkpoints/knn_k__32/recap/trial_0/model.pt
knn_k__32,sensitivity,knn_k,32,0,BlogCatalog,0.7248199210239651,0.3345178620026974,/autodl-fs/data/recap/tuning_hyperparams/sensitivity_results/sensitivity_paper_final/checkpoints/knn_k__32/recap/trial_0/model.pt
knn_k__32,sensitivity,knn_k,32,0,weibo,0.7543134362032101,0.30913539725753253,/autodl-fs/data/recap/tuning_hyperparams/sensitivity_results/sensitivity_paper_final/checkpoints/knn_k__32/recap/trial_0/model.pt
knn_k__32,sensitivity,knn_k,32,0,Reddit,0.5976187976495219,0.04784118375140689,/autodl-fs/data/recap/tuning_hyperparams/sensitivity_results/sensitivity_paper_final/checkpoints/knn_k__32/recap/trial_0/model.pt
knn_k__32,sensitivity,knn_k,32,0,Amazon,0.7262992198465915,0.13082847067274608,/autodl-fs/data/recap/tuning_hyperparams/sensitivity_results/sensitivity_paper_final/checkpoints/knn_k__32/recap/trial_0/model.pt
knn_k__32,sensitivity,knn_k,32,1,Facebook,0.5780681818181819,0.045489681066991236,/autodl-fs/data/recap/tuning_hyperparams/sensitivity_results/sensitivity_paper_final/checkpoints/knn_k__32/recap/trial_1/model.pt
knn_k__32,sensitivity,knn_k,32,1,cora,0.8323951003388064,0.4219041636380758,/autodl-fs/data/recap/tuning_hyperparams/sensitivity_results/sensitivity_paper_final/checkpoints/knn_k__32/recap/trial_1/model.pt
knn_k__32,sensitivity,knn_k,32,1,citeseer,0.9004868324415066,0.45913367328326693,/autodl-fs/data/recap/tuning_hyperparams/sensitivity_results/sensitivity_paper_final/checkpoints/knn_k__32/recap/trial_1/model.pt
knn_k__32,sensitivity,knn_k,32,1,ACM,0.7929246218503609,0.37173618094384936,/autodl-fs/data/recap/tuning_hyperparams/sensitivity_results/sensitivity_paper_final/checkpoints/knn_k__32/recap/trial_1/model.pt
knn_k__32,sensitivity,knn_k,32,1,BlogCatalog,0.7230123229847494,0.3353087205126416,/autodl-fs/data/recap/tuning_hyperparams/sensitivity_results/sensitivity_paper_final/checkpoints/knn_k__32/recap/trial_1/model.pt
knn_k__32,sensitivity,knn_k,32,1,weibo,0.7529401802108064,0.3044925514985738,/autodl-fs/data/recap/tuning_hyperparams/sensitivity_results/sensitivity_paper_final/checkpoints/knn_k__32/recap/trial_1/model.pt
knn_k__32,sensitivity,knn_k,32,1,Reddit,0.5962915329881107,0.04616665419534591,/autodl-fs/data/recap/tuning_hyperparams/sensitivity_results/sensitivity_paper_final/checkpoints/knn_k__32/recap/trial_1/model.pt
knn_k__32,sensitivity,knn_k,32,1,Amazon,0.7434094834157786,0.13844097142293094,/autodl-fs/data/recap/tuning_hyperparams/sensitivity_results/sensitivity_paper_final/checkpoints/knn_k__32/recap/trial_1/model.pt
knn_k__32,sensitivity,knn_k,32,2,Facebook,0.5793181818181818,0.036589980217779206,/autodl-fs/data/recap/tuning_hyperparams/sensitivity_results/sensitivity_paper_final/checkpoints/knn_k__32/recap/trial_2/model.pt
knn_k__32,sensitivity,knn_k,32,2,cora,0.8248970549908783,0.4072556613126857,/autodl-fs/data/recap/tuning_hyperparams/sensitivity_results/sensitivity_paper_final/checkpoints/knn_k__32/recap/trial_2/model.pt
knn_k__32,sensitivity,knn_k,32,2,citeseer,0.9022127793515896,0.44125575378259474,/autodl-fs/data/recap/tuning_hyperparams/sensitivity_results/sensitivity_paper_final/checkpoints/knn_k__32/recap/trial_2/model.pt
knn_k__32,sensitivity,knn_k,32,2,ACM,0.7960187627464024,0.3756429094316327,/autodl-fs/data/recap/tuning_hyperparams/sensitivity_results/sensitivity_paper_final/checkpoints/knn_k__32/recap/trial_2/model.pt
knn_k__32,sensitivity,knn_k,32,2,BlogCatalog,0.7293310866013072,0.3370754608189188,/autodl-fs/data/recap/tuning_hyperparams/sensitivity_results/sensitivity_paper_final/checkpoints/knn_k__32/recap/trial_2/model.pt
knn_k__32,sensitivity,knn_k,32,2,weibo,0.7430666163669368,0.2991162684625957,/autodl-fs/data/recap/tuning_hyperparams/sensitivity_results/sensitivity_paper_final/checkpoints/knn_k__32/recap/trial_2/model.pt
knn_k__32,sensitivity,knn_k,32,2,Reddit,0.5919069020850253,0.04509768722069543,/autodl-fs/data/recap/tuning_hyperparams/sensitivity_results/sensitivity_paper_final/checkpoints/knn_k__32/recap/trial_2/model.pt
knn_k__32,sensitivity,knn_k,32,2,Amazon,0.7290012707072827,0.1323454053574858,/autodl-fs/data/recap/tuning_hyperparams/sensitivity_results/sensitivity_paper_final/checkpoints/knn_k__32/recap/trial_2/model.pt
knn_k__40,sensitivity,knn_k,40,0,Facebook,0.5831060606060606,0.04955699797316284,/autodl-fs/data/recap/tuning_hyperparams/sensitivity_results/sensitivity_paper_final/checkpoints/knn_k__40/recap/trial_0/model.pt
knn_k__40,sensitivity,knn_k,40,0,cora,0.8319755016940319,0.42893423152290394,/autodl-fs/data/recap/tuning_hyperparams/sensitivity_results/sensitivity_paper_final/checkpoints/knn_k__40/recap/trial_0/model.pt
knn_k__40,sensitivity,knn_k,40,0,citeseer,0.9043458189067254,0.4399428939568541,/autodl-fs/data/recap/tuning_hyperparams/sensitivity_results/sensitivity_paper_final/checkpoints/knn_k__40/recap/trial_0/model.pt
knn_k__40,sensitivity,knn_k,40,0,ACM,0.7967655570818993,0.3733470858348714,/autodl-fs/data/recap/tuning_hyperparams/sensitivity_results/sensitivity_paper_final/checkpoints/knn_k__40/recap/trial_0/model.pt
knn_k__40,sensitivity,knn_k,40,0,BlogCatalog,0.7250408496732027,0.33454399999054824,/autodl-fs/data/recap/tuning_hyperparams/sensitivity_results/sensitivity_paper_final/checkpoints/knn_k__40/recap/trial_0/model.pt
knn_k__40,sensitivity,knn_k,40,0,weibo,0.7555033417322469,0.30926345302917274,/autodl-fs/data/recap/tuning_hyperparams/sensitivity_results/sensitivity_paper_final/checkpoints/knn_k__40/recap/trial_0/model.pt
knn_k__40,sensitivity,knn_k,40,0,Reddit,0.5976846719716081,0.0478725141396238,/autodl-fs/data/recap/tuning_hyperparams/sensitivity_results/sensitivity_paper_final/checkpoints/knn_k__40/recap/trial_0/model.pt
knn_k__40,sensitivity,knn_k,40,0,Amazon,0.7263714380491214,0.13090380387537856,/autodl-fs/data/recap/tuning_hyperparams/sensitivity_results/sensitivity_paper_final/checkpoints/knn_k__40/recap/trial_0/model.pt
knn_k__40,sensitivity,knn_k,40,1,Facebook,0.57875,0.04554039103376546,/autodl-fs/data/recap/tuning_hyperparams/sensitivity_results/sensitivity_paper_final/checkpoints/knn_k__40/recap/trial_1/model.pt
knn_k__40,sensitivity,knn_k,40,1,cora,0.8324732864216836,0.4219707999643507,/autodl-fs/data/recap/tuning_hyperparams/sensitivity_results/sensitivity_paper_final/checkpoints/knn_k__40/recap/trial_1/model.pt
knn_k__40,sensitivity,knn_k,40,1,citeseer,0.9005036197670758,0.45924292130814337,/autodl-fs/data/recap/tuning_hyperparams/sensitivity_results/sensitivity_paper_final/checkpoints/knn_k__40/recap/trial_1/model.pt
knn_k__40,sensitivity,knn_k,40,1,ACM,0.7928922006646817,0.3716246445127599,/autodl-fs/data/recap/tuning_hyperparams/sensitivity_results/sensitivity_paper_final/checkpoints/knn_k__40/recap/trial_1/model.pt
knn_k__40,sensitivity,knn_k,40,1,BlogCatalog,0.7235620915032681,0.33544686889328335,/autodl-fs/data/recap/tuning_hyperparams/sensitivity_results/sensitivity_paper_final/checkpoints/knn_k__40/recap/trial_1/model.pt
knn_k__40,sensitivity,knn_k,40,1,weibo,0.7489389518620582,0.30349078471358387,/autodl-fs/data/recap/tuning_hyperparams/sensitivity_results/sensitivity_paper_final/checkpoints/knn_k__40/recap/trial_1/model.pt
knn_k__40,sensitivity,knn_k,40,1,Reddit,0.5963575359709824,0.04616624336537074,/autodl-fs/data/recap/tuning_hyperparams/sensitivity_results/sensitivity_paper_final/checkpoints/knn_k__40/recap/trial_1/model.pt
knn_k__40,sensitivity,knn_k,40,1,Amazon,0.7433393848250629,0.1384389445034414,/autodl-fs/data/recap/tuning_hyperparams/sensitivity_results/sensitivity_paper_final/checkpoints/knn_k__40/recap/trial_1/model.pt
knn_k__40,sensitivity,knn_k,40,2,Facebook,0.5797348484848485,0.03673407317829011,/autodl-fs/data/recap/tuning_hyperparams/sensitivity_results/sensitivity_paper_final/checkpoints/knn_k__40/recap/trial_2/model.pt
knn_k__40,sensitivity,knn_k,40,2,cora,0.8250377899400573,0.4074093401222303,/autodl-fs/data/recap/tuning_hyperparams/sensitivity_results/sensitivity_paper_final/checkpoints/knn_k__40/recap/trial_2/model.pt
knn_k__40,sensitivity,knn_k,40,2,citeseer,0.9023544224110797,0.44127572216370115,/autodl-fs/data/recap/tuning_hyperparams/sensitivity_results/sensitivity_paper_final/checkpoints/knn_k__40/recap/trial_2/model.pt
knn_k__40,sensitivity,knn_k,40,2,ACM,0.7959697355875704,0.3755543941075531,/autodl-fs/data/recap/tuning_hyperparams/sensitivity_results/sensitivity_paper_final/checkpoints/knn_k__40/recap/trial_2/model.pt
knn_k__40,sensitivity,knn_k,40,2,BlogCatalog,0.729474741285403,0.33696342342607893,/autodl-fs/data/recap/tuning_hyperparams/sensitivity_results/sensitivity_paper_final/checkpoints/knn_k__40/recap/trial_2/model.pt
knn_k__40,sensitivity,knn_k,40,2,weibo,0.7439533325303311,0.2991143029250629,/autodl-fs/data/recap/tuning_hyperparams/sensitivity_results/sensitivity_paper_final/checkpoints/knn_k__40/recap/trial_2/model.pt
knn_k__40,sensitivity,knn_k,40,2,Reddit,0.5919617115795736,0.04511172862855914,/autodl-fs/data/recap/tuning_hyperparams/sensitivity_results/sensitivity_paper_final/checkpoints/knn_k__40/recap/trial_2/model.pt
knn_k__40,sensitivity,knn_k,40,2,Amazon,0.7290233752304888,0.1323578341267712,/autodl-fs/data/recap/tuning_hyperparams/sensitivity_results/sensitivity_paper_final/checkpoints/knn_k__40/recap/trial_2/model.pt
num_clusters__12,sensitivity,num_clusters,12,0,Facebook,0.581780303030303,0.04934908839604462,/autodl-fs/data/recap/tuning_hyperparams/sensitivity_results/sensitivity_paper_final/checkpoints/num_clusters__12/recap/trial_0/model.pt
num_clusters__12,sensitivity,num_clusters,12,0,cora,0.8320641125879594,0.4288284387455282,/autodl-fs/data/recap/tuning_hyperparams/sensitivity_results/sensitivity_paper_final/checkpoints/num_clusters__12/recap/trial_0/model.pt
num_clusters__12,sensitivity,num_clusters,12,0,citeseer,0.9038694785436996,0.4377829316702315,/autodl-fs/data/recap/tuning_hyperparams/sensitivity_results/sensitivity_paper_final/checkpoints/num_clusters__12/recap/trial_0/model.pt
num_clusters__12,sensitivity,num_clusters,12,0,ACM,0.7968394668417728,0.3730055571198524,/autodl-fs/data/recap/tuning_hyperparams/sensitivity_results/sensitivity_paper_final/checkpoints/num_clusters__12/recap/trial_0/model.pt
num_clusters__12,sensitivity,num_clusters,12,0,BlogCatalog,0.7235260076252723,0.3343762397789828,/autodl-fs/data/recap/tuning_hyperparams/sensitivity_results/sensitivity_paper_final/checkpoints/num_clusters__12/recap/trial_0/model.pt
num_clusters__12,sensitivity,num_clusters,12,0,weibo,0.7603447416707377,0.30961449208966696,/autodl-fs/data/recap/tuning_hyperparams/sensitivity_results/sensitivity_paper_final/checkpoints/num_clusters__12/recap/trial_0/model.pt
num_clusters__12,sensitivity,num_clusters,12,0,Reddit,0.5973172167687204,0.047720696448719194,/autodl-fs/data/recap/tuning_hyperparams/sensitivity_results/sensitivity_paper_final/checkpoints/num_clusters__12/recap/trial_0/model.pt
num_clusters__12,sensitivity,num_clusters,12,0,Amazon,0.7240919469436939,0.12976981023664158,/autodl-fs/data/recap/tuning_hyperparams/sensitivity_results/sensitivity_paper_final/checkpoints/num_clusters__12/recap/trial_0/model.pt
num_clusters__12,sensitivity,num_clusters,12,1,Facebook,0.5800757575757576,0.043520103481838456,/autodl-fs/data/recap/tuning_hyperparams/sensitivity_results/sensitivity_paper_final/checkpoints/num_clusters__12/recap/trial_1/model.pt
num_clusters__12,sensitivity,num_clusters,12,1,cora,0.8319676830857441,0.4256850644568483,/autodl-fs/data/recap/tuning_hyperparams/sensitivity_results/sensitivity_paper_final/checkpoints/num_clusters__12/recap/trial_1/model.pt
num_clusters__12,sensitivity,num_clusters,12,1,citeseer,0.8998898331759521,0.45822213037099335,/autodl-fs/data/recap/tuning_hyperparams/sensitivity_results/sensitivity_paper_final/checkpoints/num_clusters__12/recap/trial_1/model.pt
num_clusters__12,sensitivity,num_clusters,12,1,ACM,0.792428235046532,0.3719827998534492,/autodl-fs/data/recap/tuning_hyperparams/sensitivity_results/sensitivity_paper_final/checkpoints/num_clusters__12/recap/trial_1/model.pt
num_clusters__12,sensitivity,num_clusters,12,1,BlogCatalog,0.7234858387799564,0.33623748624195626,/autodl-fs/data/recap/tuning_hyperparams/sensitivity_results/sensitivity_paper_final/checkpoints/num_clusters__12/recap/trial_1/model.pt
num_clusters__12,sensitivity,num_clusters,12,1,weibo,0.7574745693900874,0.3054648921218586,/autodl-fs/data/recap/tuning_hyperparams/sensitivity_results/sensitivity_paper_final/checkpoints/num_clusters__12/recap/trial_1/model.pt
num_clusters__12,sensitivity,num_clusters,12,1,Reddit,0.5956747331832635,0.045979051256266903,/autodl-fs/data/recap/tuning_hyperparams/sensitivity_results/sensitivity_paper_final/checkpoints/num_clusters__12/recap/trial_1/model.pt
num_clusters__12,sensitivity,num_clusters,12,1,Amazon,0.744188440757531,0.13887027564633092,/autodl-fs/data/recap/tuning_hyperparams/sensitivity_results/sensitivity_paper_final/checkpoints/num_clusters__12/recap/trial_1/model.pt
num_clusters__12,sensitivity,num_clusters,12,2,Facebook,0.5784848484848485,0.03631167141095992,/autodl-fs/data/recap/tuning_hyperparams/sensitivity_results/sensitivity_paper_final/checkpoints/num_clusters__12/recap/trial_2/model.pt
num_clusters__12,sensitivity,num_clusters,12,2,cora,0.8254834506124576,0.40764776365456423,/autodl-fs/data/recap/tuning_hyperparams/sensitivity_results/sensitivity_paper_final/checkpoints/num_clusters__12/recap/trial_2/model.pt
num_clusters__12,sensitivity,num_clusters,12,2,citeseer,0.9014993180148988,0.4386843814461801,/autodl-fs/data/recap/tuning_hyperparams/sensitivity_results/sensitivity_paper_final/checkpoints/num_clusters__12/recap/trial_2/model.pt
num_clusters__12,sensitivity,num_clusters,12,2,ACM,0.7956019791789565,0.3746024785925277,/autodl-fs/data/recap/tuning_hyperparams/sensitivity_results/sensitivity_paper_final/checkpoints/num_clusters__12/recap/trial_2/model.pt
num_clusters__12,sensitivity,num_clusters,12,2,BlogCatalog,0.7312275326797385,0.3375384429207729,/autodl-fs/data/recap/tuning_hyperparams/sensitivity_results/sensitivity_paper_final/checkpoints/num_clusters__12/recap/trial_2/model.pt
num_clusters__12,sensitivity,num_clusters,12,2,weibo,0.7443132313765148,0.2975239854349231,/autodl-fs/data/recap/tuning_hyperparams/sensitivity_results/sensitivity_paper_final/checkpoints/num_clusters__12/recap/trial_2/model.pt
num_clusters__12,sensitivity,num_clusters,12,2,Reddit,0.5914396061127254,0.04504188775635262,/autodl-fs/data/recap/tuning_hyperparams/sensitivity_results/sensitivity_paper_final/checkpoints/num_clusters__12/recap/trial_2/model.pt
num_clusters__12,sensitivity,num_clusters,12,2,Amazon,0.7257631094584195,0.13059424886647003,/autodl-fs/data/recap/tuning_hyperparams/sensitivity_results/sensitivity_paper_final/checkpoints/num_clusters__12/recap/trial_2/model.pt
num_clusters__16,sensitivity,num_clusters,16,0,Facebook,0.582689393939394,0.04964305210140691,/autodl-fs/data/recap/tuning_hyperparams/sensitivity_results/sensitivity_paper_final/checkpoints/num_clusters__16/recap/trial_0/model.pt
num_clusters__16,sensitivity,num_clusters,16,0,cora,0.8320354443575709,0.4286505221645901,/autodl-fs/data/recap/tuning_hyperparams/sensitivity_results/sensitivity_paper_final/checkpoints/num_clusters__16/recap/trial_0/model.pt
num_clusters__16,sensitivity,num_clusters,16,0,citeseer,0.9041412233763507,0.4397106812856147,/autodl-fs/data/recap/tuning_hyperparams/sensitivity_results/sensitivity_paper_final/checkpoints/num_clusters__16/recap/trial_0/model.pt
num_clusters__16,sensitivity,num_clusters,16,0,ACM,0.7967788418604214,0.37293992140480153,/autodl-fs/data/recap/tuning_hyperparams/sensitivity_results/sensitivity_paper_final/checkpoints/num_clusters__16/recap/trial_0/model.pt
num_clusters__16,sensitivity,num_clusters,16,0,BlogCatalog,0.7247668164488018,0.3346552637454625,/autodl-fs/data/recap/tuning_hyperparams/sensitivity_results/sensitivity_paper_final/checkpoints/num_clusters__16/recap/trial_0/model.pt
num_clusters__16,sensitivity,num_clusters,16,0,weibo,0.7532959519519373,0.30895715686578407,/autodl-fs/data/recap/tuning_hyperparams/sensitivity_results/sensitivity_paper_final/checkpoints/num_clusters__16/recap/trial_0/model.pt
num_clusters__16,sensitivity,num_clusters,16,0,Reddit,0.5974129403930021,0.04774077345176778,/autodl-fs/data/recap/tuning_hyperparams/sensitivity_results/sensitivity_paper_final/checkpoints/num_clusters__16/recap/trial_0/model.pt
num_clusters__16,sensitivity,num_clusters,16,0,Amazon,0.7255826396525169,0.13039833761245495,/autodl-fs/data/recap/tuning_hyperparams/sensitivity_results/sensitivity_paper_final/checkpoints/num_clusters__16/recap/trial_0/model.pt
num_clusters__16,sensitivity,num_clusters,16,1,Facebook,0.5798863636363636,0.04359124151807287,/autodl-fs/data/recap/tuning_hyperparams/sensitivity_results/sensitivity_paper_final/checkpoints/num_clusters__16/recap/trial_1/model.pt
num_clusters__16,sensitivity,num_clusters,16,1,cora,0.8319416210581183,0.42333768103144626,/autodl-fs/data/recap/tuning_hyperparams/sensitivity_results/sensitivity_paper_final/checkpoints/num_clusters__16/recap/trial_1/model.pt
num_clusters__16,sensitivity,num_clusters,16,1,citeseer,0.8999087189172175,0.4580916296515867,/autodl-fs/data/recap/tuning_hyperparams/sensitivity_results/sensitivity_paper_final/checkpoints/num_clusters__16/recap/trial_1/model.pt
num_clusters__16,sensitivity,num_clusters,16,1,ACM,0.7930134506273842,0.3717961031722199,/autodl-fs/data/recap/tuning_hyperparams/sensitivity_results/sensitivity_paper_final/checkpoints/num_clusters__16/recap/trial_1/model.pt
num_clusters__16,sensitivity,num_clusters,16,1,BlogCatalog,0.7227845860566448,0.3361626170299389,/autodl-fs/data/recap/tuning_hyperparams/sensitivity_results/sensitivity_paper_final/checkpoints/num_clusters__16/recap/trial_1/model.pt
num_clusters__16,sensitivity,num_clusters,16,1,weibo,0.7528587845278194,0.3042188762467536,/autodl-fs/data/recap/tuning_hyperparams/sensitivity_results/sensitivity_paper_final/checkpoints/num_clusters__16/recap/trial_1/model.pt
num_clusters__16,sensitivity,num_clusters,16,1,Reddit,0.5956178651161498,0.04604759874927661,/autodl-fs/data/recap/tuning_hyperparams/sensitivity_results/sensitivity_paper_final/checkpoints/num_clusters__16/recap/trial_1/model.pt
num_clusters__16,sensitivity,num_clusters,16,1,Amazon,0.7433825340655683,0.13839375322257508,/autodl-fs/data/recap/tuning_hyperparams/sensitivity_results/sensitivity_paper_final/checkpoints/num_clusters__16/recap/trial_1/model.pt
num_clusters__16,sensitivity,num_clusters,16,2,Facebook,0.5782954545454546,0.03637146876390773,/autodl-fs/data/recap/tuning_hyperparams/sensitivity_results/sensitivity_paper_final/checkpoints/num_clusters__16/recap/trial_2/model.pt
num_clusters__16,sensitivity,num_clusters,16,2,cora,0.825027365129007,0.40641931249620733,/autodl-fs/data/recap/tuning_hyperparams/sensitivity_results/sensitivity_paper_final/checkpoints/num_clusters__16/recap/trial_2/model.pt
num_clusters__16,sensitivity,num_clusters,16,2,citeseer,0.9012412128842724,0.43873253842169685,/autodl-fs/data/recap/tuning_hyperparams/sensitivity_results/sensitivity_paper_final/checkpoints/num_clusters__16/recap/trial_2/model.pt
num_clusters__16,sensitivity,num_clusters,16,2,ACM,0.7953116645943467,0.3748897306724953,/autodl-fs/data/recap/tuning_hyperparams/sensitivity_results/sensitivity_paper_final/checkpoints/num_clusters__16/recap/trial_2/model.pt
num_clusters__16,sensitivity,num_clusters,16,2,BlogCatalog,0.7280181100217865,0.33720702682030246,/autodl-fs/data/recap/tuning_hyperparams/sensitivity_results/sensitivity_paper_final/checkpoints/num_clusters__16/recap/trial_2/model.pt
num_clusters__16,sensitivity,num_clusters,16,2,weibo,0.7413988837862244,0.2977392207734494,/autodl-fs/data/recap/tuning_hyperparams/sensitivity_results/sensitivity_paper_final/checkpoints/num_clusters__16/recap/trial_2/model.pt
num_clusters__16,sensitivity,num_clusters,16,2,Reddit,0.5914183770831467,0.04506247564555656,/autodl-fs/data/recap/tuning_hyperparams/sensitivity_results/sensitivity_paper_final/checkpoints/num_clusters__16/recap/trial_2/model.pt
num_clusters__16,sensitivity,num_clusters,16,2,Amazon,0.7268604627748474,0.13138075300337734,/autodl-fs/data/recap/tuning_hyperparams/sensitivity_results/sensitivity_paper_final/checkpoints/num_clusters__16/recap/trial_2/model.pt
num_clusters__20,sensitivity,num_clusters,20,0,Facebook,0.5821590909090909,0.04952400083336245,/autodl-fs/data/recap/tuning_hyperparams/sensitivity_results/sensitivity_paper_final/checkpoints/num_clusters__20/recap/trial_0/model.pt
num_clusters__20,sensitivity,num_clusters,20,0,cora,0.8317696116757884,0.42877898917850166,/autodl-fs/data/recap/tuning_hyperparams/sensitivity_results/sensitivity_paper_final/checkpoints/num_clusters__20/recap/trial_0/model.pt
num_clusters__20,sensitivity,num_clusters,20,0,citeseer,0.9039702024971147,0.4386427033211242,/autodl-fs/data/recap/tuning_hyperparams/sensitivity_results/sensitivity_paper_final/checkpoints/num_clusters__20/recap/trial_0/model.pt
num_clusters__20,sensitivity,num_clusters,20,0,ACM,0.79650840172622,0.3734347199107234,/autodl-fs/data/recap/tuning_hyperparams/sensitivity_results/sensitivity_paper_final/checkpoints/num_clusters__20/recap/trial_0/model.pt
num_clusters__20,sensitivity,num_clusters,20,0,BlogCatalog,0.7267790032679737,0.3347097392320426,/autodl-fs/data/recap/tuning_hyperparams/sensitivity_results/sensitivity_paper_final/checkpoints/num_clusters__20/recap/trial_0/model.pt
num_clusters__20,sensitivity,num_clusters,20,0,weibo,0.7566441041400062,0.3095714748196289,/autodl-fs/data/recap/tuning_hyperparams/sensitivity_results/sensitivity_paper_final/checkpoints/num_clusters__20/recap/trial_0/model.pt
num_clusters__20,sensitivity,num_clusters,20,0,Reddit,0.5972145454620312,0.04773538053228954,/autodl-fs/data/recap/tuning_hyperparams/sensitivity_results/sensitivity_paper_final/checkpoints/num_clusters__20/recap/trial_0/model.pt
num_clusters__20,sensitivity,num_clusters,20,0,Amazon,0.7255399446145433,0.1303538837191475,/autodl-fs/data/recap/tuning_hyperparams/sensitivity_results/sensitivity_paper_final/checkpoints/num_clusters__20/recap/trial_0/model.pt
num_clusters__20,sensitivity,num_clusters,20,1,Facebook,0.5792424242424242,0.043578948272463225,/autodl-fs/data/recap/tuning_hyperparams/sensitivity_results/sensitivity_paper_final/checkpoints/num_clusters__20/recap/trial_1/model.pt
num_clusters__20,sensitivity,num_clusters,20,1,cora,0.8320979932238728,0.42511607142257035,/autodl-fs/data/recap/tuning_hyperparams/sensitivity_results/sensitivity_paper_final/checkpoints/num_clusters__20/recap/trial_1/model.pt
num_clusters__20,sensitivity,num_clusters,20,1,citeseer,0.9000094428706328,0.4588960287313679,/autodl-fs/data/recap/tuning_hyperparams/sensitivity_results/sensitivity_paper_final/checkpoints/num_clusters__20/recap/trial_1/model.pt
num_clusters__20,sensitivity,num_clusters,20,1,ACM,0.7929263615237389,0.37168160880477924,/autodl-fs/data/recap/tuning_hyperparams/sensitivity_results/sensitivity_paper_final/checkpoints/num_clusters__20/recap/trial_1/model.pt
num_clusters__20,sensitivity,num_clusters,20,1,BlogCatalog,0.7222395833333333,0.3357751157356768,/autodl-fs/data/recap/tuning_hyperparams/sensitivity_results/sensitivity_paper_final/checkpoints/num_clusters__20/recap/trial_1/model.pt
num_clusters__20,sensitivity,num_clusters,20,1,weibo,0.7516367028649447,0.3046141971350911,/autodl-fs/data/recap/tuning_hyperparams/sensitivity_results/sensitivity_paper_final/checkpoints/num_clusters__20/recap/trial_1/model.pt
num_clusters__20,sensitivity,num_clusters,20,1,Reddit,0.5957357183955074,0.04608082024926586,/autodl-fs/data/recap/tuning_hyperparams/sensitivity_results/sensitivity_paper_final/checkpoints/num_clusters__20/recap/trial_1/model.pt
num_clusters__20,sensitivity,num_clusters,20,1,Amazon,0.743145894546587,0.1382989449914907,/autodl-fs/data/recap/tuning_hyperparams/sensitivity_results/sensitivity_paper_final/checkpoints/num_clusters__20/recap/trial_1/model.pt
num_clusters__20,sensitivity,num_clusters,20,2,Facebook,0.5786742424242424,0.0363351990222241,/autodl-fs/data/recap/tuning_hyperparams/sensitivity_results/sensitivity_paper_final/checkpoints/num_clusters__20/recap/trial_2/model.pt
num_clusters__20,sensitivity,num_clusters,20,2,cora,0.8247797758665625,0.4060092899417153,/autodl-fs/data/recap/tuning_hyperparams/sensitivity_results/sensitivity_paper_final/checkpoints/num_clusters__20/recap/trial_2/model.pt
num_clusters__20,sensitivity,num_clusters,20,2,citeseer,0.9012810827824994,0.43960907929253396,/autodl-fs/data/recap/tuning_hyperparams/sensitivity_results/sensitivity_paper_final/checkpoints/num_clusters__20/recap/trial_2/model.pt
num_clusters__20,sensitivity,num_clusters,20,2,ACM,0.7957487443512015,0.3747819156109952,/autodl-fs/data/recap/tuning_hyperparams/sensitivity_results/sensitivity_paper_final/checkpoints/num_clusters__20/recap/trial_2/model.pt
num_clusters__20,sensitivity,num_clusters,20,2,BlogCatalog,0.7293178104575163,0.33719337215155726,/autodl-fs/data/recap/tuning_hyperparams/sensitivity_results/sensitivity_paper_final/checkpoints/num_clusters__20/recap/trial_2/model.pt
num_clusters__20,sensitivity,num_clusters,20,2,weibo,0.7451047948400793,0.2986932368435067,/autodl-fs/data/recap/tuning_hyperparams/sensitivity_results/sensitivity_paper_final/checkpoints/num_clusters__20/recap/trial_2/model.pt
num_clusters__20,sensitivity,num_clusters,20,2,Reddit,0.5916731254380899,0.04506972817663463,/autodl-fs/data/recap/tuning_hyperparams/sensitivity_results/sensitivity_paper_final/checkpoints/num_clusters__20/recap/trial_2/model.pt
num_clusters__20,sensitivity,num_clusters,20,2,Amazon,0.7273149681081692,0.1315948422982705,/autodl-fs/data/recap/tuning_hyperparams/sensitivity_results/sensitivity_paper_final/checkpoints/num_clusters__20/recap/trial_2/model.pt
num_clusters__24,sensitivity,num_clusters,24,0,Facebook,0.583371212121212,0.04962027692035392,/autodl-fs/data/recap/tuning_hyperparams/sensitivity_results/sensitivity_paper_final/checkpoints/num_clusters__24/recap/trial_0/model.pt
num_clusters__24,sensitivity,num_clusters,24,0,cora,0.8319051342194423,0.4290802078653657,/autodl-fs/data/recap/tuning_hyperparams/sensitivity_results/sensitivity_paper_final/checkpoints/num_clusters__24/recap/trial_0/model.pt
num_clusters__24,sensitivity,num_clusters,24,0,citeseer,0.904045745462176,0.4384141015757562,/autodl-fs/data/recap/tuning_hyperparams/sensitivity_results/sensitivity_paper_final/checkpoints/num_clusters__24/recap/trial_0/model.pt
num_clusters__24,sensitivity,num_clusters,24,0,ACM,0.7967181114443201,0.3731053055804122,/autodl-fs/data/recap/tuning_hyperparams/sensitivity_results/sensitivity_paper_final/checkpoints/num_clusters__24/recap/trial_0/model.pt
num_clusters__24,sensitivity,num_clusters,24,0,BlogCatalog,0.7266632625272332,0.3349039041968009,/autodl-fs/data/recap/tuning_hyperparams/sensitivity_results/sensitivity_paper_final/checkpoints/num_clusters__24/recap/trial_0/model.pt
num_clusters__24,sensitivity,num_clusters,24,0,weibo,0.7582496244334401,0.30981776967179103,/autodl-fs/data/recap/tuning_hyperparams/sensitivity_results/sensitivity_paper_final/checkpoints/num_clusters__24/recap/trial_0/model.pt
num_clusters__24,sensitivity,num_clusters,24,0,Reddit,0.5978101162373,0.04787292488569002,/autodl-fs/data/recap/tuning_hyperparams/sensitivity_results/sensitivity_paper_final/checkpoints/num_clusters__24/recap/trial_0/model.pt
num_clusters__24,sensitivity,num_clusters,24,0,Amazon,0.7254740852474564,0.13040065639683857,/autodl-fs/data/recap/tuning_hyperparams/sensitivity_results/sensitivity_paper_final/checkpoints/num_clusters__24/recap/trial_0/model.pt
num_clusters__24,sensitivity,num_clusters,24,1,Facebook,0.5778409090909091,0.04346413736090822,/autodl-fs/data/recap/tuning_hyperparams/sensitivity_results/sensitivity_paper_final/checkpoints/num_clusters__24/recap/trial_1/model.pt
num_clusters__24,sensitivity,num_clusters,24,1,cora,0.8326088089653374,0.4247224469023516,/autodl-fs/data/recap/tuning_hyperparams/sensitivity_results/sensitivity_paper_final/checkpoints/num_clusters__24/recap/trial_1/model.pt
num_clusters__24,sensitivity,num_clusters,24,1,citeseer,0.9003871576959396,0.4595506301861402,/autodl-fs/data/recap/tuning_hyperparams/sensitivity_results/sensitivity_paper_final/checkpoints/num_clusters__24/recap/trial_1/model.pt
num_clusters__24,sensitivity,num_clusters,24,1,ACM,0.7929377484767579,0.3714861291909725,/autodl-fs/data/recap/tuning_hyperparams/sensitivity_results/sensitivity_paper_final/checkpoints/num_clusters__24/recap/trial_1/model.pt
num_clusters__24,sensitivity,num_clusters,24,1,BlogCatalog,0.7237785947712417,0.33601941191162477,/autodl-fs/data/recap/tuning_hyperparams/sensitivity_results/sensitivity_paper_final/checkpoints/num_clusters__24/recap/trial_1/model.pt
num_clusters__24,sensitivity,num_clusters,24,1,weibo,0.7527438370093101,0.3046375606392652,/autodl-fs/data/recap/tuning_hyperparams/sensitivity_results/sensitivity_paper_final/checkpoints/num_clusters__24/recap/trial_1/model.pt
num_clusters__24,sensitivity,num_clusters,24,1,Reddit,0.595947494048152,0.04608571109616624,/autodl-fs/data/recap/tuning_hyperparams/sensitivity_results/sensitivity_paper_final/checkpoints/num_clusters__24/recap/trial_1/model.pt
num_clusters__24,sensitivity,num_clusters,24,1,Amazon,0.7426602006394264,0.13797491638611492,/autodl-fs/data/recap/tuning_hyperparams/sensitivity_results/sensitivity_paper_final/checkpoints/num_clusters__24/recap/trial_1/model.pt
num_clusters__24,sensitivity,num_clusters,24,2,Facebook,0.5780681818181819,0.03647374146826961,/autodl-fs/data/recap/tuning_hyperparams/sensitivity_results/sensitivity_paper_final/checkpoints/num_clusters__24/recap/trial_2/model.pt
num_clusters__24,sensitivity,num_clusters,24,2,cora,0.8251264008339848,0.40710916027890576,/autodl-fs/data/recap/tuning_hyperparams/sensitivity_results/sensitivity_paper_final/checkpoints/num_clusters__24/recap/trial_2/model.pt
num_clusters__24,sensitivity,num_clusters,24,2,citeseer,0.9016986675060329,0.4397813066236935,/autodl-fs/data/recap/tuning_hyperparams/sensitivity_results/sensitivity_paper_final/checkpoints/num_clusters__24/recap/trial_2/model.pt
num_clusters__24,sensitivity,num_clusters,24,2,ACM,0.7959081616934676,0.3752022226746928,/autodl-fs/data/recap/tuning_hyperparams/sensitivity_results/sensitivity_paper_final/checkpoints/num_clusters__24/recap/trial_2/model.pt
num_clusters__24,sensitivity,num_clusters,24,2,BlogCatalog,0.7295860566448801,0.337400301290996,/autodl-fs/data/recap/tuning_hyperparams/sensitivity_results/sensitivity_paper_final/checkpoints/num_clusters__24/recap/trial_2/model.pt
num_clusters__24,sensitivity,num_clusters,24,2,weibo,0.745609142363113,0.2994748817653998,/autodl-fs/data/recap/tuning_hyperparams/sensitivity_results/sensitivity_paper_final/checkpoints/num_clusters__24/recap/trial_2/model.pt
num_clusters__24,sensitivity,num_clusters,24,2,Reddit,0.5921790196459873,0.04516419231535079,/autodl-fs/data/recap/tuning_hyperparams/sensitivity_results/sensitivity_paper_final/checkpoints/num_clusters__24/recap/trial_2/model.pt
num_clusters__24,sensitivity,num_clusters,24,2,Amazon,0.727879996057522,0.13197926202346205,/autodl-fs/data/recap/tuning_hyperparams/sensitivity_results/sensitivity_paper_final/checkpoints/num_clusters__24/recap/trial_2/model.pt
num_clusters__32,sensitivity,num_clusters,32,0,Facebook,0.5823484848484848,0.04947916126483247,/autodl-fs/data/recap/tuning_hyperparams/sensitivity_results/sensitivity_paper_final/checkpoints/num_clusters__32/recap/trial_0/model.pt
num_clusters__32,sensitivity,num_clusters,32,0,cora,0.8318243419338024,0.42976206338086126,/autodl-fs/data/recap/tuning_hyperparams/sensitivity_results/sensitivity_paper_final/checkpoints/num_clusters__32/recap/trial_0/model.pt
num_clusters__32,sensitivity,num_clusters,32,0,citeseer,0.9039597104186338,0.43885213925056715,/autodl-fs/data/recap/tuning_hyperparams/sensitivity_results/sensitivity_paper_final/checkpoints/num_clusters__32/recap/trial_0/model.pt
num_clusters__32,sensitivity,num_clusters,32,0,ACM,0.7967377223078529,0.3741824414471811,/autodl-fs/data/recap/tuning_hyperparams/sensitivity_results/sensitivity_paper_final/checkpoints/num_clusters__32/recap/trial_0/model.pt
num_clusters__32,sensitivity,num_clusters,32,0,BlogCatalog,0.7247406045751634,0.3343987304454714,/autodl-fs/data/recap/tuning_hyperparams/sensitivity_results/sensitivity_paper_final/checkpoints/num_clusters__32/recap/trial_0/model.pt
num_clusters__32,sensitivity,num_clusters,32,0,weibo,0.7548658568573227,0.30941498114412636,/autodl-fs/data/recap/tuning_hyperparams/sensitivity_results/sensitivity_paper_final/checkpoints/num_clusters__32/recap/trial_0/model.pt
num_clusters__32,sensitivity,num_clusters,32,0,Reddit,0.597784384080235,0.047861462991763505,/autodl-fs/data/recap/tuning_hyperparams/sensitivity_results/sensitivity_paper_final/checkpoints/num_clusters__32/recap/trial_0/model.pt
num_clusters__32,sensitivity,num_clusters,32,0,Amazon,0.7262109531546107,0.13075829960082733,/autodl-fs/data/recap/tuning_hyperparams/sensitivity_results/sensitivity_paper_final/checkpoints/num_clusters__32/recap/trial_0/model.pt
num_clusters__32,sensitivity,num_clusters,32,1,Facebook,0.5784469696969697,0.0455187679399783,/autodl-fs/data/recap/tuning_hyperparams/sensitivity_results/sensitivity_paper_final/checkpoints/num_clusters__32/recap/trial_1/model.pt
num_clusters__32,sensitivity,num_clusters,32,1,cora,0.8324394057857701,0.4217215188267586,/autodl-fs/data/recap/tuning_hyperparams/sensitivity_results/sensitivity_paper_final/checkpoints/num_clusters__32/recap/trial_1/model.pt
num_clusters__32,sensitivity,num_clusters,32,1,citeseer,0.9005162102612527,0.45860429108074735,/autodl-fs/data/recap/tuning_hyperparams/sensitivity_results/sensitivity_paper_final/checkpoints/num_clusters__32/recap/trial_1/model.pt
num_clusters__32,sensitivity,num_clusters,32,1,ACM,0.7929262560889886,0.3720000091394859,/autodl-fs/data/recap/tuning_hyperparams/sensitivity_results/sensitivity_paper_final/checkpoints/num_clusters__32/recap/trial_1/model.pt
num_clusters__32,sensitivity,num_clusters,32,1,BlogCatalog,0.7239093137254902,0.33583479829474744,/autodl-fs/data/recap/tuning_hyperparams/sensitivity_results/sensitivity_paper_final/checkpoints/num_clusters__32/recap/trial_1/model.pt
num_clusters__32,sensitivity,num_clusters,32,1,weibo,0.7500605308741086,0.3040659936512769,/autodl-fs/data/recap/tuning_hyperparams/sensitivity_results/sensitivity_paper_final/checkpoints/num_clusters__32/recap/trial_1/model.pt
num_clusters__32,sensitivity,num_clusters,32,1,Reddit,0.5964690848718589,0.04619978782166621,/autodl-fs/data/recap/tuning_hyperparams/sensitivity_results/sensitivity_paper_final/checkpoints/num_clusters__32/recap/trial_1/model.pt
num_clusters__32,sensitivity,num_clusters,32,1,Amazon,0.7431873783778097,0.1384109028574675,/autodl-fs/data/recap/tuning_hyperparams/sensitivity_results/sensitivity_paper_final/checkpoints/num_clusters__32/recap/trial_1/model.pt
num_clusters__32,sensitivity,num_clusters,32,2,Facebook,0.5793560606060606,0.03638740867955048,/autodl-fs/data/recap/tuning_hyperparams/sensitivity_results/sensitivity_paper_final/checkpoints/num_clusters__32/recap/trial_2/model.pt
num_clusters__32,sensitivity,num_clusters,32,2,cora,0.8251759186864738,0.40791028100711724,/autodl-fs/data/recap/tuning_hyperparams/sensitivity_results/sensitivity_paper_final/checkpoints/num_clusters__32/recap/trial_2/model.pt
num_clusters__32,sensitivity,num_clusters,32,2,citeseer,0.9018917217500786,0.4406448385707908,/autodl-fs/data/recap/tuning_hyperparams/sensitivity_results/sensitivity_paper_final/checkpoints/num_clusters__32/recap/trial_2/model.pt
num_clusters__32,sensitivity,num_clusters,32,2,ACM,0.7958543899708778,0.3755093879584886,/autodl-fs/data/recap/tuning_hyperparams/sensitivity_results/sensitivity_paper_final/checkpoints/num_clusters__32/recap/trial_2/model.pt
num_clusters__32,sensitivity,num_clusters,32,2,BlogCatalog,0.7296469907407406,0.33730200760852186,/autodl-fs/data/recap/tuning_hyperparams/sensitivity_results/sensitivity_paper_final/checkpoints/num_clusters__32/recap/trial_2/model.pt
num_clusters__32,sensitivity,num_clusters,32,2,weibo,0.7421993893107368,0.2991212042836125,/autodl-fs/data/recap/tuning_hyperparams/sensitivity_results/sensitivity_paper_final/checkpoints/num_clusters__32/recap/trial_2/model.pt
num_clusters__32,sensitivity,num_clusters,32,2,Reddit,0.5919635128305681,0.04511848418467208,/autodl-fs/data/recap/tuning_hyperparams/sensitivity_results/sensitivity_paper_final/checkpoints/num_clusters__32/recap/trial_2/model.pt
num_clusters__32,sensitivity,num_clusters,32,2,Amazon,0.7293096742262623,0.13253559069075713,/autodl-fs/data/recap/tuning_hyperparams/sensitivity_results/sensitivity_paper_final/checkpoints/num_clusters__32/recap/trial_2/model.pt
num_clusters__36,sensitivity,num_clusters,36,0,Facebook,0.5834848484848485,0.049511261306790344,/autodl-fs/data/recap/tuning_hyperparams/sensitivity_results/sensitivity_paper_final/checkpoints/num_clusters__36/recap/trial_0/model.pt
num_clusters__36,sensitivity,num_clusters,36,0,cora,0.8318634349752411,0.43033887105723656,/autodl-fs/data/recap/tuning_hyperparams/sensitivity_results/sensitivity_paper_final/checkpoints/num_clusters__36/recap/trial_0/model.pt
num_clusters__36,sensitivity,num_clusters,36,0,citeseer,0.9041779456510335,0.43921355244808863,/autodl-fs/data/recap/tuning_hyperparams/sensitivity_results/sensitivity_paper_final/checkpoints/num_clusters__36/recap/trial_0/model.pt
num_clusters__36,sensitivity,num_clusters,36,0,ACM,0.796822228260119,0.3728157194483981,/autodl-fs/data/recap/tuning_hyperparams/sensitivity_results/sensitivity_paper_final/checkpoints/num_clusters__36/recap/trial_0/model.pt
num_clusters__36,sensitivity,num_clusters,36,0,BlogCatalog,0.7252427151416122,0.3343685610452941,/autodl-fs/data/recap/tuning_hyperparams/sensitivity_results/sensitivity_paper_final/checkpoints/num_clusters__36/recap/trial_0/model.pt
num_clusters__36,sensitivity,num_clusters,36,0,weibo,0.7537164581001009,0.3092223580480742,/autodl-fs/data/recap/tuning_hyperparams/sensitivity_results/sensitivity_paper_final/checkpoints/num_clusters__36/recap/trial_0/model.pt
num_clusters__36,sensitivity,num_clusters,36,0,Reddit,0.5976112066631876,0.047872273262697676,/autodl-fs/data/recap/tuning_hyperparams/sensitivity_results/sensitivity_paper_final/checkpoints/num_clusters__36/recap/trial_0/model.pt
num_clusters__36,sensitivity,num_clusters,36,0,Amazon,0.726200657897227,0.1307528342016639,/autodl-fs/data/recap/tuning_hyperparams/sensitivity_results/sensitivity_paper_final/checkpoints/num_clusters__36/recap/trial_0/model.pt
num_clusters__36,sensitivity,num_clusters,36,1,Facebook,0.5786742424242424,0.04552524821357081,/autodl-fs/data/recap/tuning_hyperparams/sensitivity_results/sensitivity_paper_final/checkpoints/num_clusters__36/recap/trial_1/model.pt
num_clusters__36,sensitivity,num_clusters,36,1,cora,0.8325410476935107,0.42131638226465357,/autodl-fs/data/recap/tuning_hyperparams/sensitivity_results/sensitivity_paper_final/checkpoints/num_clusters__36/recap/trial_1/model.pt
num_clusters__36,sensitivity,num_clusters,36,1,citeseer,0.9005581785751756,0.4582568861425852,/autodl-fs/data/recap/tuning_hyperparams/sensitivity_results/sensitivity_paper_final/checkpoints/num_clusters__36/recap/trial_1/model.pt
num_clusters__36,sensitivity,num_clusters,36,1,ACM,0.7930109729107552,0.37218659374238605,/autodl-fs/data/recap/tuning_hyperparams/sensitivity_results/sensitivity_paper_final/checkpoints/num_clusters__36/recap/trial_1/model.pt
num_clusters__36,sensitivity,num_clusters,36,1,BlogCatalog,0.7237898284313726,0.33588920352175494,/autodl-fs/data/recap/tuning_hyperparams/sensitivity_results/sensitivity_paper_final/checkpoints/num_clusters__36/recap/trial_1/model.pt
num_clusters__36,sensitivity,num_clusters,36,1,weibo,0.7508139568298696,0.30441340530712435,/autodl-fs/data/recap/tuning_hyperparams/sensitivity_results/sensitivity_paper_final/checkpoints/num_clusters__36/recap/trial_1/model.pt
num_clusters__36,sensitivity,num_clusters,36,1,Reddit,0.5963969061712918,0.04620229012528514,/autodl-fs/data/recap/tuning_hyperparams/sensitivity_results/sensitivity_paper_final/checkpoints/num_clusters__36/recap/trial_1/model.pt
num_clusters__36,sensitivity,num_clusters,36,1,Amazon,0.7432751908672588,0.1385906787980294,/autodl-fs/data/recap/tuning_hyperparams/sensitivity_results/sensitivity_paper_final/checkpoints/num_clusters__36/recap/trial_1/model.pt
num_clusters__36,sensitivity,num_clusters,36,2,Facebook,0.5790909090909091,0.036569565986217516,/autodl-fs/data/recap/tuning_hyperparams/sensitivity_results/sensitivity_paper_final/checkpoints/num_clusters__36/recap/trial_2/model.pt
num_clusters__36,sensitivity,num_clusters,36,2,cora,0.8248266875162888,0.4075330205159122,/autodl-fs/data/recap/tuning_hyperparams/sensitivity_results/sensitivity_paper_final/checkpoints/num_clusters__36/recap/trial_2/model.pt
num_clusters__36,sensitivity,num_clusters,36,2,citeseer,0.9019504773895709,0.44064394307800187,/autodl-fs/data/recap/tuning_hyperparams/sensitivity_results/sensitivity_paper_final/checkpoints/num_clusters__36/recap/trial_2/model.pt
num_clusters__36,sensitivity,num_clusters,36,2,ACM,0.7959444839649032,0.37613799236831386,/autodl-fs/data/recap/tuning_hyperparams/sensitivity_results/sensitivity_paper_final/checkpoints/num_clusters__36/recap/trial_2/model.pt
num_clusters__36,sensitivity,num_clusters,36,2,BlogCatalog,0.7292783224400871,0.3374441983938772,/autodl-fs/data/recap/tuning_hyperparams/sensitivity_results/sensitivity_paper_final/checkpoints/num_clusters__36/recap/trial_2/model.pt
num_clusters__36,sensitivity,num_clusters,36,2,weibo,0.7421436733925232,0.29912189286461954,/autodl-fs/data/recap/tuning_hyperparams/sensitivity_results/sensitivity_paper_final/checkpoints/num_clusters__36/recap/trial_2/model.pt
num_clusters__36,sensitivity,num_clusters,36,2,Reddit,0.5918074472979692,0.04511812926667994,/autodl-fs/data/recap/tuning_hyperparams/sensitivity_results/sensitivity_paper_final/checkpoints/num_clusters__36/recap/trial_2/model.pt
num_clusters__36,sensitivity,num_clusters,36,2,Amazon,0.7294476003950351,0.13267077525354992,/autodl-fs/data/recap/tuning_hyperparams/sensitivity_results/sensitivity_paper_final/checkpoints/num_clusters__36/recap/trial_2/model.pt
num_clusters__40,sensitivity,num_clusters,40,0,Facebook,0.5839772727272727,0.04962797526035126,/autodl-fs/data/recap/tuning_hyperparams/sensitivity_results/sensitivity_paper_final/checkpoints/num_clusters__40/recap/trial_0/model.pt
num_clusters__40,sensitivity,num_clusters,40,0,cora,0.831899921813917,0.43042633905416283,/autodl-fs/data/recap/tuning_hyperparams/sensitivity_results/sensitivity_paper_final/checkpoints/num_clusters__40/recap/trial_0/model.pt
num_clusters__40,sensitivity,num_clusters,40,0,citeseer,0.9042576854474872,0.4372640940101957,/autodl-fs/data/recap/tuning_hyperparams/sensitivity_results/sensitivity_paper_final/checkpoints/num_clusters__40/recap/trial_0/model.pt
num_clusters__40,sensitivity,num_clusters,40,0,ACM,0.7967985054413294,0.3740691935652426,/autodl-fs/data/recap/tuning_hyperparams/sensitivity_results/sensitivity_paper_final/checkpoints/num_clusters__40/recap/trial_0/model.pt
num_clusters__40,sensitivity,num_clusters,40,0,BlogCatalog,0.7254071350762528,0.33466180321772354,/autodl-fs/data/recap/tuning_hyperparams/sensitivity_results/sensitivity_paper_final/checkpoints/num_clusters__40/recap/trial_0/model.pt
num_clusters__40,sensitivity,num_clusters,40,0,weibo,0.7548944408812072,0.3092932265645621,/autodl-fs/data/recap/tuning_hyperparams/sensitivity_results/sensitivity_paper_final/checkpoints/num_clusters__40/recap/trial_0/model.pt
num_clusters__40,sensitivity,num_clusters,40,0,Reddit,0.5977320191406077,0.04789554666145597,/autodl-fs/data/recap/tuning_hyperparams/sensitivity_results/sensitivity_paper_final/checkpoints/num_clusters__40/recap/trial_0/model.pt
num_clusters__40,sensitivity,num_clusters,40,0,Amazon,0.72678286984236,0.1310875193944691,/autodl-fs/data/recap/tuning_hyperparams/sensitivity_results/sensitivity_paper_final/checkpoints/num_clusters__40/recap/trial_0/model.pt
num_clusters__40,sensitivity,num_clusters,40,1,Facebook,0.57875,0.04553043206339598,/autodl-fs/data/recap/tuning_hyperparams/sensitivity_results/sensitivity_paper_final/checkpoints/num_clusters__40/recap/trial_1/model.pt
num_clusters__40,sensitivity,num_clusters,40,1,cora,0.8326817826426895,0.4214948738884325,/autodl-fs/data/recap/tuning_hyperparams/sensitivity_results/sensitivity_paper_final/checkpoints/num_clusters__40/recap/trial_1/model.pt
num_clusters__40,sensitivity,num_clusters,40,1,citeseer,0.9005424404574547,0.4580006491201163,/autodl-fs/data/recap/tuning_hyperparams/sensitivity_results/sensitivity_paper_final/checkpoints/num_clusters__40/recap/trial_1/model.pt
num_clusters__40,sensitivity,num_clusters,40,1,ACM,0.792991783786223,0.3720975723086324,/autodl-fs/data/recap/tuning_hyperparams/sensitivity_results/sensitivity_paper_final/checkpoints/num_clusters__40/recap/trial_1/model.pt
num_clusters__40,sensitivity,num_clusters,40,1,BlogCatalog,0.7233718001089324,0.3356875450712165,/autodl-fs/data/recap/tuning_hyperparams/sensitivity_results/sensitivity_paper_final/checkpoints/num_clusters__40/recap/trial_1/model.pt
num_clusters__40,sensitivity,num_clusters,40,1,weibo,0.7509671182840536,0.3043757499183832,/autodl-fs/data/recap/tuning_hyperparams/sensitivity_results/sensitivity_paper_final/checkpoints/num_clusters__40/recap/trial_1/model.pt
num_clusters__40,sensitivity,num_clusters,40,1,Reddit,0.596306328978423,0.046146017651167374,/autodl-fs/data/recap/tuning_hyperparams/sensitivity_results/sensitivity_paper_final/checkpoints/num_clusters__40/recap/trial_1/model.pt
num_clusters__40,sensitivity,num_clusters,40,1,Amazon,0.7431790513313963,0.1385003560288567,/autodl-fs/data/recap/tuning_hyperparams/sensitivity_results/sensitivity_paper_final/checkpoints/num_clusters__40/recap/trial_1/model.pt
num_clusters__40,sensitivity,num_clusters,40,2,Facebook,0.5796969696969697,0.03651881024246594,/autodl-fs/data/recap/tuning_hyperparams/sensitivity_results/sensitivity_paper_final/checkpoints/num_clusters__40/recap/trial_2/model.pt
num_clusters__40,sensitivity,num_clusters,40,2,cora,0.8247328642168361,0.4073130979417372,/autodl-fs/data/recap/tuning_hyperparams/sensitivity_results/sensitivity_paper_final/checkpoints/num_clusters__40/recap/trial_2/model.pt
num_clusters__40,sensitivity,num_clusters,40,2,citeseer,0.9020627426293149,0.44068594270456096,/autodl-fs/data/recap/tuning_hyperparams/sensitivity_results/sensitivity_paper_final/checkpoints/num_clusters__40/recap/trial_2/model.pt
num_clusters__40,sensitivity,num_clusters,40,2,ACM,0.7958118470491818,0.37596897873793567,/autodl-fs/data/recap/tuning_hyperparams/sensitivity_results/sensitivity_paper_final/checkpoints/num_clusters__40/recap/trial_2/model.pt
num_clusters__40,sensitivity,num_clusters,40,2,BlogCatalog,0.7291768790849673,0.3373311412210768,/autodl-fs/data/recap/tuning_hyperparams/sensitivity_results/sensitivity_paper_final/checkpoints/num_clusters__40/recap/trial_2/model.pt
num_clusters__40,sensitivity,num_clusters,40,2,weibo,0.7425590588733064,0.29912542719297536,/autodl-fs/data/recap/tuning_hyperparams/sensitivity_results/sensitivity_paper_final/checkpoints/num_clusters__40/recap/trial_2/model.pt
num_clusters__40,sensitivity,num_clusters,40,2,Reddit,0.591874350906338,0.045127024107925,/autodl-fs/data/recap/tuning_hyperparams/sensitivity_results/sensitivity_paper_final/checkpoints/num_clusters__40/recap/trial_2/model.pt
num_clusters__40,sensitivity,num_clusters,40,2,Amazon,0.7294495686060056,0.1326043158776946,/autodl-fs/data/recap/tuning_hyperparams/sensitivity_results/sensitivity_paper_final/checkpoints/num_clusters__40/recap/trial_2/model.pt
num_hops__1,sensitivity,num_hops,1,0,Facebook,0.5546969696969697,0.03872834062741835,/autodl-fs/data/recap/tuning_hyperparams/sensitivity_results/sensitivity_paper_final/checkpoints/num_hops__1/recap/trial_0/model.pt
num_hops__1,sensitivity,num_hops,1,0,cora,0.8345295804013553,0.37495124628305676,/autodl-fs/data/recap/tuning_hyperparams/sensitivity_results/sensitivity_paper_final/checkpoints/num_hops__1/recap/trial_0/model.pt
num_hops__1,sensitivity,num_hops,1,0,citeseer,0.8721435316336166,0.3191151367957345,/autodl-fs/data/recap/tuning_hyperparams/sensitivity_results/sensitivity_paper_final/checkpoints/num_hops__1/recap/trial_0/model.pt
num_hops__1,sensitivity,num_hops,1,0,ACM,0.807030947945915,0.3536790230163071,/autodl-fs/data/recap/tuning_hyperparams/sensitivity_results/sensitivity_paper_final/checkpoints/num_hops__1/recap/trial_0/model.pt
num_hops__1,sensitivity,num_hops,1,0,BlogCatalog,0.721757897603486,0.32711540965024405,/autodl-fs/data/recap/tuning_hyperparams/sensitivity_results/sensitivity_paper_final/checkpoints/num_hops__1/recap/trial_0/model.pt
num_hops__1,sensitivity,num_hops,1,0,weibo,0.7072608464906462,0.2991859375153146,/autodl-fs/data/recap/tuning_hyperparams/sensitivity_results/sensitivity_paper_final/checkpoints/num_hops__1/recap/trial_0/model.pt
num_hops__1,sensitivity,num_hops,1,0,Reddit,0.6055751806140104,0.0467751847867081,/autodl-fs/data/recap/tuning_hyperparams/sensitivity_results/sensitivity_paper_final/checkpoints/num_hops__1/recap/trial_0/model.pt
num_hops__1,sensitivity,num_hops,1,0,Amazon,0.7049538204716045,0.12438609513959875,/autodl-fs/data/recap/tuning_hyperparams/sensitivity_results/sensitivity_paper_final/checkpoints/num_hops__1/recap/trial_0/model.pt
num_hops__1,sensitivity,num_hops,1,1,Facebook,0.5441287878787879,0.03521015451436822,/autodl-fs/data/recap/tuning_hyperparams/sensitivity_results/sensitivity_paper_final/checkpoints/num_hops__1/recap/trial_1/model.pt
num_hops__1,sensitivity,num_hops,1,1,cora,0.8333854573885847,0.35568822986100146,/autodl-fs/data/recap/tuning_hyperparams/sensitivity_results/sensitivity_paper_final/checkpoints/num_hops__1/recap/trial_1/model.pt
num_hops__1,sensitivity,num_hops,1,1,citeseer,0.8724478019095583,0.3446273832111732,/autodl-fs/data/recap/tuning_hyperparams/sensitivity_results/sensitivity_paper_final/checkpoints/num_hops__1/recap/trial_1/model.pt
num_hops__1,sensitivity,num_hops,1,1,ACM,0.8043299732332798,0.34899771863180606,/autodl-fs/data/recap/tuning_hyperparams/sensitivity_results/sensitivity_paper_final/checkpoints/num_hops__1/recap/trial_1/model.pt
num_hops__1,sensitivity,num_hops,1,1,BlogCatalog,0.7211233660130718,0.3287396125265386,/autodl-fs/data/recap/tuning_hyperparams/sensitivity_results/sensitivity_paper_final/checkpoints/num_hops__1/recap/trial_1/model.pt
num_hops__1,sensitivity,num_hops,1,1,weibo,0.6982529047176784,0.2942814762967498,/autodl-fs/data/recap/tuning_hyperparams/sensitivity_results/sensitivity_paper_final/checkpoints/num_hops__1/recap/trial_1/model.pt
num_hops__1,sensitivity,num_hops,1,1,Reddit,0.6040922364023562,0.045667730180823665,/autodl-fs/data/recap/tuning_hyperparams/sensitivity_results/sensitivity_paper_final/checkpoints/num_hops__1/recap/trial_1/model.pt
num_hops__1,sensitivity,num_hops,1,1,Amazon,0.7191998828763071,0.1303067605162888,/autodl-fs/data/recap/tuning_hyperparams/sensitivity_results/sensitivity_paper_final/checkpoints/num_hops__1/recap/trial_1/model.pt
num_hops__1,sensitivity,num_hops,1,2,Facebook,0.5368560606060606,0.029142003560653513,/autodl-fs/data/recap/tuning_hyperparams/sensitivity_results/sensitivity_paper_final/checkpoints/num_hops__1/recap/trial_2/model.pt
num_hops__1,sensitivity,num_hops,1,2,cora,0.8264242898097472,0.3382976360308751,/autodl-fs/data/recap/tuning_hyperparams/sensitivity_results/sensitivity_paper_final/checkpoints/num_hops__1/recap/trial_2/model.pt
num_hops__1,sensitivity,num_hops,1,2,citeseer,0.8734854684713041,0.3224289627913554,/autodl-fs/data/recap/tuning_hyperparams/sensitivity_results/sensitivity_paper_final/checkpoints/num_hops__1/recap/trial_2/model.pt
num_hops__1,sensitivity,num_hops,1,2,ACM,0.8065839573225435,0.354294393370865,/autodl-fs/data/recap/tuning_hyperparams/sensitivity_results/sensitivity_paper_final/checkpoints/num_hops__1/recap/trial_2/model.pt
num_hops__1,sensitivity,num_hops,1,2,BlogCatalog,0.7271228213507626,0.33080605860812673,/autodl-fs/data/recap/tuning_hyperparams/sensitivity_results/sensitivity_paper_final/checkpoints/num_hops__1/recap/trial_2/model.pt
num_hops__1,sensitivity,num_hops,1,2,weibo,0.6944744636139133,0.28827778173710783,/autodl-fs/data/recap/tuning_hyperparams/sensitivity_results/sensitivity_paper_final/checkpoints/num_hops__1/recap/trial_2/model.pt
num_hops__1,sensitivity,num_hops,1,2,Reddit,0.6027174959111602,0.04531135567554002,/autodl-fs/data/recap/tuning_hyperparams/sensitivity_results/sensitivity_paper_final/checkpoints/num_hops__1/recap/trial_2/model.pt
num_hops__1,sensitivity,num_hops,1,2,Amazon,0.7059585164715791,0.1257755749909535,/autodl-fs/data/recap/tuning_hyperparams/sensitivity_results/sensitivity_paper_final/checkpoints/num_hops__1/recap/trial_2/model.pt
num_hops__2,sensitivity,num_hops,2,0,Facebook,0.5690530303030303,0.040507254930504465,/autodl-fs/data/recap/tuning_hyperparams/sensitivity_results/sensitivity_paper_final/checkpoints/num_hops__2/recap/trial_0/model.pt
num_hops__2,sensitivity,num_hops,2,0,cora,0.8404925723221266,0.4390035402546015,/autodl-fs/data/recap/tuning_hyperparams/sensitivity_results/sensitivity_paper_final/checkpoints/num_hops__2/recap/trial_0/model.pt
num_hops__2,sensitivity,num_hops,2,0,citeseer,0.9018539502675479,0.41852212021250546,/autodl-fs/data/recap/tuning_hyperparams/sensitivity_results/sensitivity_paper_final/checkpoints/num_hops__2/recap/trial_0/model.pt
num_hops__2,sensitivity,num_hops,2,0,ACM,0.8010711959748388,0.36793792829291916,/autodl-fs/data/recap/tuning_hyperparams/sensitivity_results/sensitivity_paper_final/checkpoints/num_hops__2/recap/trial_0/model.pt
num_hops__2,sensitivity,num_hops,2,0,BlogCatalog,0.723823869825708,0.33184799222401795,/autodl-fs/data/recap/tuning_hyperparams/sensitivity_results/sensitivity_paper_final/checkpoints/num_hops__2/recap/trial_0/model.pt
num_hops__2,sensitivity,num_hops,2,0,weibo,0.7482147213531524,0.3087795907036731,/autodl-fs/data/recap/tuning_hyperparams/sensitivity_results/sensitivity_paper_final/checkpoints/num_hops__2/recap/trial_0/model.pt
num_hops__2,sensitivity,num_hops,2,0,Reddit,0.5982775408703852,0.04712177356320692,/autodl-fs/data/recap/tuning_hyperparams/sensitivity_results/sensitivity_paper_final/checkpoints/num_hops__2/recap/trial_0/model.pt
num_hops__2,sensitivity,num_hops,2,0,Amazon,0.7207140427159313,0.12953554971666628,/autodl-fs/data/recap/tuning_hyperparams/sensitivity_results/sensitivity_paper_final/checkpoints/num_hops__2/recap/trial_0/model.pt
num_hops__2,sensitivity,num_hops,2,1,Facebook,0.5639015151515152,0.042218257991914865,/autodl-fs/data/recap/tuning_hyperparams/sensitivity_results/sensitivity_paper_final/checkpoints/num_hops__2/recap/trial_1/model.pt
num_hops__2,sensitivity,num_hops,2,1,cora,0.8417305186343498,0.42379364155157545,/autodl-fs/data/recap/tuning_hyperparams/sensitivity_results/sensitivity_paper_final/checkpoints/num_hops__2/recap/trial_1/model.pt
num_hops__2,sensitivity,num_hops,2,1,citeseer,0.8991774210471093,0.4417393978306527,/autodl-fs/data/recap/tuning_hyperparams/sensitivity_results/sensitivity_paper_final/checkpoints/num_hops__2/recap/trial_1/model.pt
num_hops__2,sensitivity,num_hops,2,1,ACM,0.7975277448909219,0.3662315620679345,/autodl-fs/data/recap/tuning_hyperparams/sensitivity_results/sensitivity_paper_final/checkpoints/num_hops__2/recap/trial_1/model.pt
num_hops__2,sensitivity,num_hops,2,1,BlogCatalog,0.722318899782135,0.3334650833247455,/autodl-fs/data/recap/tuning_hyperparams/sensitivity_results/sensitivity_paper_final/checkpoints/num_hops__2/recap/trial_1/model.pt
num_hops__2,sensitivity,num_hops,2,1,weibo,0.7411091457259394,0.30420472358213096,/autodl-fs/data/recap/tuning_hyperparams/sensitivity_results/sensitivity_paper_final/checkpoints/num_hops__2/recap/trial_1/model.pt
num_hops__2,sensitivity,num_hops,2,1,Reddit,0.5973549143788206,0.04585832181621104,/autodl-fs/data/recap/tuning_hyperparams/sensitivity_results/sensitivity_paper_final/checkpoints/num_hops__2/recap/trial_1/model.pt
num_hops__2,sensitivity,num_hops,2,1,Amazon,0.7353034065341274,0.1353184628777659,/autodl-fs/data/recap/tuning_hyperparams/sensitivity_results/sensitivity_paper_final/checkpoints/num_hops__2/recap/trial_1/model.pt
num_hops__2,sensitivity,num_hops,2,2,Facebook,0.5578030303030304,0.03188545073364142,/autodl-fs/data/recap/tuning_hyperparams/sensitivity_results/sensitivity_paper_final/checkpoints/num_hops__2/recap/trial_2/model.pt
num_hops__2,sensitivity,num_hops,2,2,cora,0.8345373990096429,0.41001619083481355,/autodl-fs/data/recap/tuning_hyperparams/sensitivity_results/sensitivity_paper_final/checkpoints/num_hops__2/recap/trial_2/model.pt
num_hops__2,sensitivity,num_hops,2,2,citeseer,0.9009191060749137,0.4213200901278728,/autodl-fs/data/recap/tuning_hyperparams/sensitivity_results/sensitivity_paper_final/checkpoints/num_hops__2/recap/trial_2/model.pt
num_hops__2,sensitivity,num_hops,2,2,ACM,0.8001559169085604,0.3707759626442583,/autodl-fs/data/recap/tuning_hyperparams/sensitivity_results/sensitivity_paper_final/checkpoints/num_hops__2/recap/trial_2/model.pt
num_hops__2,sensitivity,num_hops,2,2,BlogCatalog,0.7280950435729847,0.3350557064162855,/autodl-fs/data/recap/tuning_hyperparams/sensitivity_results/sensitivity_paper_final/checkpoints/num_hops__2/recap/trial_2/model.pt
num_hops__2,sensitivity,num_hops,2,2,weibo,0.7346749125206584,0.2971913201108936,/autodl-fs/data/recap/tuning_hyperparams/sensitivity_results/sensitivity_paper_final/checkpoints/num_hops__2/recap/trial_2/model.pt
num_hops__2,sensitivity,num_hops,2,2,Reddit,0.5940510340724637,0.04503211592794021,/autodl-fs/data/recap/tuning_hyperparams/sensitivity_results/sensitivity_paper_final/checkpoints/num_hops__2/recap/trial_2/model.pt
num_hops__2,sensitivity,num_hops,2,2,Amazon,0.7227000432855011,0.1309629111421697,/autodl-fs/data/recap/tuning_hyperparams/sensitivity_results/sensitivity_paper_final/checkpoints/num_hops__2/recap/trial_2/model.pt
num_hops__4,sensitivity,num_hops,4,0,Facebook,0.5879924242424241,0.05062738102074947,/autodl-fs/data/recap/tuning_hyperparams/sensitivity_results/sensitivity_paper_final/checkpoints/num_hops__4/recap/trial_0/model.pt
num_hops__4,sensitivity,num_hops,4,0,cora,0.8245530362262183,0.42488408727074745,/autodl-fs/data/recap/tuning_hyperparams/sensitivity_results/sensitivity_paper_final/checkpoints/num_hops__4/recap/trial_0/model.pt
num_hops__4,sensitivity,num_hops,4,0,citeseer,0.9022054348966531,0.44854550563249973,/autodl-fs/data/recap/tuning_hyperparams/sensitivity_results/sensitivity_paper_final/checkpoints/num_hops__4/recap/trial_0/model.pt
num_hops__4,sensitivity,num_hops,4,0,ACM,0.7932147782828454,0.3746983877555714,/autodl-fs/data/recap/tuning_hyperparams/sensitivity_results/sensitivity_paper_final/checkpoints/num_hops__4/recap/trial_0/model.pt
num_hops__4,sensitivity,num_hops,4,0,BlogCatalog,0.7266544117647058,0.335400646763128,/autodl-fs/data/recap/tuning_hyperparams/sensitivity_results/sensitivity_paper_final/checkpoints/num_hops__4/recap/trial_0/model.pt
num_hops__4,sensitivity,num_hops,4,0,weibo,0.7564946876515183,0.31014945885303596,/autodl-fs/data/recap/tuning_hyperparams/sensitivity_results/sensitivity_paper_final/checkpoints/num_hops__4/recap/trial_0/model.pt
num_hops__4,sensitivity,num_hops,4,0,Reddit,0.593151309200687,0.047904228929145934,/autodl-fs/data/recap/tuning_hyperparams/sensitivity_results/sensitivity_paper_final/checkpoints/num_hops__4/recap/trial_0/model.pt
num_hops__4,sensitivity,num_hops,4,0,Amazon,0.7314126319477279,0.13288887666183632,/autodl-fs/data/recap/tuning_hyperparams/sensitivity_results/sensitivity_paper_final/checkpoints/num_hops__4/recap/trial_0/model.pt
num_hops__4,sensitivity,num_hops,4,1,Facebook,0.5867424242424243,0.04962269158922199,/autodl-fs/data/recap/tuning_hyperparams/sensitivity_results/sensitivity_paper_final/checkpoints/num_hops__4/recap/trial_1/model.pt
num_hops__4,sensitivity,num_hops,4,1,cora,0.8256059421422987,0.41800542813721187,/autodl-fs/data/recap/tuning_hyperparams/sensitivity_results/sensitivity_paper_final/checkpoints/num_hops__4/recap/trial_1/model.pt
num_hops__4,sensitivity,num_hops,4,1,citeseer,0.89851222327143,0.46444273731828556,/autodl-fs/data/recap/tuning_hyperparams/sensitivity_results/sensitivity_paper_final/checkpoints/num_hops__4/recap/trial_1/model.pt
num_hops__4,sensitivity,num_hops,4,1,ACM,0.7899935357954667,0.373402851004344,/autodl-fs/data/recap/tuning_hyperparams/sensitivity_results/sensitivity_paper_final/checkpoints/num_hops__4/recap/trial_1/model.pt
num_hops__4,sensitivity,num_hops,4,1,BlogCatalog,0.724406658496732,0.3360711406636094,/autodl-fs/data/recap/tuning_hyperparams/sensitivity_results/sensitivity_paper_final/checkpoints/num_hops__4/recap/trial_1/model.pt
num_hops__4,sensitivity,num_hops,4,1,weibo,0.7558463500188624,0.30575179689548687,/autodl-fs/data/recap/tuning_hyperparams/sensitivity_results/sensitivity_paper_final/checkpoints/num_hops__4/recap/trial_1/model.pt
num_hops__4,sensitivity,num_hops,4,1,Reddit,0.5920304164389371,0.04615750803549562,/autodl-fs/data/recap/tuning_hyperparams/sensitivity_results/sensitivity_paper_final/checkpoints/num_hops__4/recap/trial_1/model.pt
num_hops__4,sensitivity,num_hops,4,1,Amazon,0.7469080541161119,0.1395795665925672,/autodl-fs/data/recap/tuning_hyperparams/sensitivity_results/sensitivity_paper_final/checkpoints/num_hops__4/recap/trial_1/model.pt
num_hops__4,sensitivity,num_hops,4,2,Facebook,0.5907575757575757,0.03809394944525754,/autodl-fs/data/recap/tuning_hyperparams/sensitivity_results/sensitivity_paper_final/checkpoints/num_hops__4/recap/trial_2/model.pt
num_hops__4,sensitivity,num_hops,4,2,cora,0.8170654156893407,0.4023862257029859,/autodl-fs/data/recap/tuning_hyperparams/sensitivity_results/sensitivity_paper_final/checkpoints/num_hops__4/recap/trial_2/model.pt
num_hops__4,sensitivity,num_hops,4,2,citeseer,0.8997807155597524,0.4507559878982726,/autodl-fs/data/recap/tuning_hyperparams/sensitivity_results/sensitivity_paper_final/checkpoints/num_hops__4/recap/trial_2/model.pt
num_hops__4,sensitivity,num_hops,4,2,ACM,0.7925438969674752,0.37568961932359723,/autodl-fs/data/recap/tuning_hyperparams/sensitivity_results/sensitivity_paper_final/checkpoints/num_hops__4/recap/trial_2/model.pt
num_hops__4,sensitivity,num_hops,4,2,BlogCatalog,0.7295976307189542,0.33808022847732844,/autodl-fs/data/recap/tuning_hyperparams/sensitivity_results/sensitivity_paper_final/checkpoints/num_hops__4/recap/trial_2/model.pt
num_hops__4,sensitivity,num_hops,4,2,weibo,0.7499387048471778,0.29968056225734063,/autodl-fs/data/recap/tuning_hyperparams/sensitivity_results/sensitivity_paper_final/checkpoints/num_hops__4/recap/trial_2/model.pt
num_hops__4,sensitivity,num_hops,4,2,Reddit,0.58768078126946,0.04506050389928397,/autodl-fs/data/recap/tuning_hyperparams/sensitivity_results/sensitivity_paper_final/checkpoints/num_hops__4/recap/trial_2/model.pt
num_hops__4,sensitivity,num_hops,4,2,Amazon,0.731967516040541,0.13291049620613232,/autodl-fs/data/recap/tuning_hyperparams/sensitivity_results/sensitivity_paper_final/checkpoints/num_hops__4/recap/trial_2/model.pt
num_hops__5,sensitivity,num_hops,5,0,Facebook,0.5956439393939393,0.052010919727739316,/autodl-fs/data/recap/tuning_hyperparams/sensitivity_results/sensitivity_paper_final/checkpoints/num_hops__5/recap/trial_0/model.pt
num_hops__5,sensitivity,num_hops,5,0,cora,0.818141777430284,0.41877743670510725,/autodl-fs/data/recap/tuning_hyperparams/sensitivity_results/sensitivity_paper_final/checkpoints/num_hops__5/recap/trial_0/model.pt
num_hops__5,sensitivity,num_hops,5,0,citeseer,0.8996569090336796,0.4540368152684591,/autodl-fs/data/recap/tuning_hyperparams/sensitivity_results/sensitivity_paper_final/checkpoints/num_hops__5/recap/trial_0/model.pt
num_hops__5,sensitivity,num_hops,5,0,ACM,0.7904709443442638,0.3738826805217405,/autodl-fs/data/recap/tuning_hyperparams/sensitivity_results/sensitivity_paper_final/checkpoints/num_hops__5/recap/trial_0/model.pt
num_hops__5,sensitivity,num_hops,5,0,BlogCatalog,0.7273195806100217,0.3359290461710419,/autodl-fs/data/recap/tuning_hyperparams/sensitivity_results/sensitivity_paper_final/checkpoints/num_hops__5/recap/trial_0/model.pt
num_hops__5,sensitivity,num_hops,5,0,weibo,0.7576547098828574,0.3100494963143175,/autodl-fs/data/recap/tuning_hyperparams/sensitivity_results/sensitivity_paper_final/checkpoints/num_hops__5/recap/trial_0/model.pt
num_hops__5,sensitivity,num_hops,5,0,Reddit,0.5899959034405953,0.04808424009967258,/autodl-fs/data/recap/tuning_hyperparams/sensitivity_results/sensitivity_paper_final/checkpoints/num_hops__5/recap/trial_0/model.pt
num_hops__5,sensitivity,num_hops,5,0,Amazon,0.7338285352134897,0.1338094344576337,/autodl-fs/data/recap/tuning_hyperparams/sensitivity_results/sensitivity_paper_final/checkpoints/num_hops__5/recap/trial_0/model.pt
num_hops__5,sensitivity,num_hops,5,1,Facebook,0.5943939393939395,0.05030722907420615,/autodl-fs/data/recap/tuning_hyperparams/sensitivity_results/sensitivity_paper_final/checkpoints/num_hops__5/recap/trial_1/model.pt
num_hops__5,sensitivity,num_hops,5,1,cora,0.8184414907479802,0.41206662859184645,/autodl-fs/data/recap/tuning_hyperparams/sensitivity_results/sensitivity_paper_final/checkpoints/num_hops__5/recap/trial_1/model.pt
num_hops__5,sensitivity,num_hops,5,1,citeseer,0.8951411184555659,0.46377638596128445,/autodl-fs/data/recap/tuning_hyperparams/sensitivity_results/sensitivity_paper_final/checkpoints/num_hops__5/recap/trial_1/model.pt
num_hops__5,sensitivity,num_hops,5,1,ACM,0.7870727823460897,0.3733321624856881,/autodl-fs/data/recap/tuning_hyperparams/sensitivity_results/sensitivity_paper_final/checkpoints/num_hops__5/recap/trial_1/model.pt
num_hops__5,sensitivity,num_hops,5,1,BlogCatalog,0.7251160811546841,0.337735090010879,/autodl-fs/data/recap/tuning_hyperparams/sensitivity_results/sensitivity_paper_final/checkpoints/num_hops__5/recap/trial_1/model.pt
num_hops__5,sensitivity,num_hops,5,1,weibo,0.7550284953675539,0.3054936183897888,/autodl-fs/data/recap/tuning_hyperparams/sensitivity_results/sensitivity_paper_final/checkpoints/num_hops__5/recap/trial_1/model.pt
num_hops__5,sensitivity,num_hops,5,1,Reddit,0.5886952715617464,0.04617128676360844,/autodl-fs/data/recap/tuning_hyperparams/sensitivity_results/sensitivity_paper_final/checkpoints/num_hops__5/recap/trial_1/model.pt
num_hops__5,sensitivity,num_hops,5,1,Amazon,0.7504541646814231,0.14153487560762948,/autodl-fs/data/recap/tuning_hyperparams/sensitivity_results/sensitivity_paper_final/checkpoints/num_hops__5/recap/trial_1/model.pt
num_hops__5,sensitivity,num_hops,5,2,Facebook,0.5953787878787878,0.03891627897896867,/autodl-fs/data/recap/tuning_hyperparams/sensitivity_results/sensitivity_paper_final/checkpoints/num_hops__5/recap/trial_2/model.pt
num_hops__5,sensitivity,num_hops,5,2,cora,0.809669012249153,0.3988947477487621,/autodl-fs/data/recap/tuning_hyperparams/sensitivity_results/sensitivity_paper_final/checkpoints/num_hops__5/recap/trial_2/model.pt
num_hops__5,sensitivity,num_hops,5,2,citeseer,0.8964368901479386,0.44976740788724096,/autodl-fs/data/recap/tuning_hyperparams/sensitivity_results/sensitivity_paper_final/checkpoints/num_hops__5/recap/trial_2/model.pt
num_hops__5,sensitivity,num_hops,5,2,ACM,0.7902290243099849,0.37559919767391314,/autodl-fs/data/recap/tuning_hyperparams/sensitivity_results/sensitivity_paper_final/checkpoints/num_hops__5/recap/trial_2/model.pt
num_hops__5,sensitivity,num_hops,5,2,BlogCatalog,0.7300861247276689,0.3372278194929333,/autodl-fs/data/recap/tuning_hyperparams/sensitivity_results/sensitivity_paper_final/checkpoints/num_hops__5/recap/trial_2/model.pt
num_hops__5,sensitivity,num_hops,5,2,weibo,0.7499165407644865,0.3012918969800145,/autodl-fs/data/recap/tuning_hyperparams/sensitivity_results/sensitivity_paper_final/checkpoints/num_hops__5/recap/trial_2/model.pt
num_hops__5,sensitivity,num_hops,5,2,Reddit,0.5831637584182752,0.044862073504875394,/autodl-fs/data/recap/tuning_hyperparams/sensitivity_results/sensitivity_paper_final/checkpoints/num_hops__5/recap/trial_2/model.pt
num_hops__5,sensitivity,num_hops,5,2,Amazon,0.7350067365805484,0.13407561542375276,/autodl-fs/data/recap/tuning_hyperparams/sensitivity_results/sensitivity_paper_final/checkpoints/num_hops__5/recap/trial_2/model.pt
num_hops__6,sensitivity,num_hops,6,0,Facebook,0.6001515151515152,0.052557392718396476,/autodl-fs/data/recap/tuning_hyperparams/sensitivity_results/sensitivity_paper_final/checkpoints/num_hops__6/recap/trial_0/model.pt
num_hops__6,sensitivity,num_hops,6,0,cora,0.8123846755277561,0.4124937457488718,/autodl-fs/data/recap/tuning_hyperparams/sensitivity_results/sensitivity_paper_final/checkpoints/num_hops__6/recap/trial_0/model.pt
num_hops__6,sensitivity,num_hops,6,0,citeseer,0.8956394921834016,0.450833819978076,/autodl-fs/data/recap/tuning_hyperparams/sensitivity_results/sensitivity_paper_final/checkpoints/num_hops__6/recap/trial_0/model.pt
num_hops__6,sensitivity,num_hops,6,0,ACM,0.7887060193436919,0.3724667415626065,/autodl-fs/data/recap/tuning_hyperparams/sensitivity_results/sensitivity_paper_final/checkpoints/num_hops__6/recap/trial_0/model.pt
num_hops__6,sensitivity,num_hops,6,0,BlogCatalog,0.728010961328976,0.33627712162551254,/autodl-fs/data/recap/tuning_hyperparams/sensitivity_results/sensitivity_paper_final/checkpoints/num_hops__6/recap/trial_0/model.pt
num_hops__6,sensitivity,num_hops,6,0,weibo,0.7560398653891187,0.3098425020493904,/autodl-fs/data/recap/tuning_hyperparams/sensitivity_results/sensitivity_paper_final/checkpoints/num_hops__6/recap/trial_0/model.pt
num_hops__6,sensitivity,num_hops,6,0,Reddit,0.5857022357127344,0.04751549119913902,/autodl-fs/data/recap/tuning_hyperparams/sensitivity_results/sensitivity_paper_final/checkpoints/num_hops__6/recap/trial_0/model.pt
num_hops__6,sensitivity,num_hops,6,0,Amazon,0.7351292198632456,0.1342384898392926,/autodl-fs/data/recap/tuning_hyperparams/sensitivity_results/sensitivity_paper_final/checkpoints/num_hops__6/recap/trial_0/model.pt
num_hops__6,sensitivity,num_hops,6,1,Facebook,0.5989015151515151,0.05755154655209685,/autodl-fs/data/recap/tuning_hyperparams/sensitivity_results/sensitivity_paper_final/checkpoints/num_hops__6/recap/trial_1/model.pt
num_hops__6,sensitivity,num_hops,6,1,cora,0.8128850664581706,0.4081111765365635,/autodl-fs/data/recap/tuning_hyperparams/sensitivity_results/sensitivity_paper_final/checkpoints/num_hops__6/recap/trial_1/model.pt
num_hops__6,sensitivity,num_hops,6,1,citeseer,0.8927447277305633,0.4669492746278799,/autodl-fs/data/recap/tuning_hyperparams/sensitivity_results/sensitivity_paper_final/checkpoints/num_hops__6/recap/trial_1/model.pt
num_hops__6,sensitivity,num_hops,6,1,ACM,0.7850597693783536,0.371548045219165,/autodl-fs/data/recap/tuning_hyperparams/sensitivity_results/sensitivity_paper_final/checkpoints/num_hops__6/recap/trial_1/model.pt
num_hops__6,sensitivity,num_hops,6,1,BlogCatalog,0.7263582516339869,0.3366278514860577,/autodl-fs/data/recap/tuning_hyperparams/sensitivity_results/sensitivity_paper_final/checkpoints/num_hops__6/recap/trial_1/model.pt
num_hops__6,sensitivity,num_hops,6,1,weibo,0.7575133183208613,0.3060543871194099,/autodl-fs/data/recap/tuning_hyperparams/sensitivity_results/sensitivity_paper_final/checkpoints/num_hops__6/recap/trial_1/model.pt
num_hops__6,sensitivity,num_hops,6,1,Reddit,0.5852623444877088,0.046006912483521865,/autodl-fs/data/recap/tuning_hyperparams/sensitivity_results/sensitivity_paper_final/checkpoints/num_hops__6/recap/trial_1/model.pt
num_hops__6,sensitivity,num_hops,6,1,Amazon,0.7505475790020958,0.14131111180398723,/autodl-fs/data/recap/tuning_hyperparams/sensitivity_results/sensitivity_paper_final/checkpoints/num_hops__6/recap/trial_1/model.pt
num_hops__6,sensitivity,num_hops,6,2,Facebook,0.6024621212121212,0.03866714181234594,/autodl-fs/data/recap/tuning_hyperparams/sensitivity_results/sensitivity_paper_final/checkpoints/num_hops__6/recap/trial_2/model.pt
num_hops__6,sensitivity,num_hops,6,2,cora,0.8030701068543133,0.3918917335955791,/autodl-fs/data/recap/tuning_hyperparams/sensitivity_results/sensitivity_paper_final/checkpoints/num_hops__6/recap/trial_2/model.pt
num_hops__6,sensitivity,num_hops,6,2,citeseer,0.8931140488930857,0.44986695193652787,/autodl-fs/data/recap/tuning_hyperparams/sensitivity_results/sensitivity_paper_final/checkpoints/num_hops__6/recap/trial_2/model.pt
num_hops__6,sensitivity,num_hops,6,2,ACM,0.7885849275331147,0.3747356122504486,/autodl-fs/data/recap/tuning_hyperparams/sensitivity_results/sensitivity_paper_final/checkpoints/num_hops__6/recap/trial_2/model.pt
num_hops__6,sensitivity,num_hops,6,2,BlogCatalog,0.7323366013071896,0.33825936167696075,/autodl-fs/data/recap/tuning_hyperparams/sensitivity_results/sensitivity_paper_final/checkpoints/num_hops__6/recap/trial_2/model.pt
num_hops__6,sensitivity,num_hops,6,2,weibo,0.7504687321349851,0.30121382053257023,/autodl-fs/data/recap/tuning_hyperparams/sensitivity_results/sensitivity_paper_final/checkpoints/num_hops__6/recap/trial_2/model.pt
num_hops__6,sensitivity,num_hops,6,2,Reddit,0.5792843784191604,0.04467549663378132,/autodl-fs/data/recap/tuning_hyperparams/sensitivity_results/sensitivity_paper_final/checkpoints/num_hops__6/recap/trial_2/model.pt
num_hops__6,sensitivity,num_hops,6,2,Amazon,0.7356264202345412,0.13392872615528378,/autodl-fs/data/recap/tuning_hyperparams/sensitivity_results/sensitivity_paper_final/checkpoints/num_hops__6/recap/trial_2/model.pt
tau_s__0p02,sensitivity,tau_s,0.02,0,Facebook,0.5820454545454545,0.04947840620127871,/autodl-fs/data/recap/tuning_hyperparams/sensitivity_results/sensitivity_paper_final/checkpoints/tau_s__0p02/recap/trial_0/model.pt
tau_s__0p02,sensitivity,tau_s,0.02,0,cora,0.8322048475371384,0.43058808149289596,/autodl-fs/data/recap/tuning_hyperparams/sensitivity_results/sensitivity_paper_final/checkpoints/tau_s__0p02/recap/trial_0/model.pt
tau_s__0p02,sensitivity,tau_s,0.02,0,citeseer,0.9046994019515265,0.4400067995174508,/autodl-fs/data/recap/tuning_hyperparams/sensitivity_results/sensitivity_paper_final/checkpoints/tau_s__0p02/recap/trial_0/model.pt
tau_s__0p02,sensitivity,tau_s,0.02,0,ACM,0.7961906213891893,0.37349522729615636,/autodl-fs/data/recap/tuning_hyperparams/sensitivity_results/sensitivity_paper_final/checkpoints/tau_s__0p02/recap/trial_0/model.pt
tau_s__0p02,sensitivity,tau_s,0.02,0,BlogCatalog,0.724474741285403,0.33468900152280634,/autodl-fs/data/recap/tuning_hyperparams/sensitivity_results/sensitivity_paper_final/checkpoints/tau_s__0p02/recap/trial_0/model.pt
tau_s__0p02,sensitivity,tau_s,0.02,0,weibo,0.7531907107730893,0.30908967128279874,/autodl-fs/data/recap/tuning_hyperparams/sensitivity_results/sensitivity_paper_final/checkpoints/tau_s__0p02/recap/trial_0/model.pt
tau_s__0p02,sensitivity,tau_s,0.02,0,Reddit,0.5973637919730079,0.047765607408404936,/autodl-fs/data/recap/tuning_hyperparams/sensitivity_results/sensitivity_paper_final/checkpoints/tau_s__0p02/recap/trial_0/model.pt
tau_s__0p02,sensitivity,tau_s,0.02,0,Amazon,0.7266050495512253,0.131073922523341,/autodl-fs/data/recap/tuning_hyperparams/sensitivity_results/sensitivity_paper_final/checkpoints/tau_s__0p02/recap/trial_0/model.pt
tau_s__0p02,sensitivity,tau_s,0.02,1,Facebook,0.577689393939394,0.04545061369106641,/autodl-fs/data/recap/tuning_hyperparams/sensitivity_results/sensitivity_paper_final/checkpoints/tau_s__0p02/recap/trial_1/model.pt
tau_s__0p02,sensitivity,tau_s,0.02,1,cora,0.8325123794631223,0.4244801743248295,/autodl-fs/data/recap/tuning_hyperparams/sensitivity_results/sensitivity_paper_final/checkpoints/tau_s__0p02/recap/trial_1/model.pt
tau_s__0p02,sensitivity,tau_s,0.02,1,citeseer,0.9008477599412443,0.4602728727105909,/autodl-fs/data/recap/tuning_hyperparams/sensitivity_results/sensitivity_paper_final/checkpoints/tau_s__0p02/recap/trial_1/model.pt
tau_s__0p02,sensitivity,tau_s,0.02,1,ACM,0.7926465376967714,0.3718113787447704,/autodl-fs/data/recap/tuning_hyperparams/sensitivity_results/sensitivity_paper_final/checkpoints/tau_s__0p02/recap/trial_1/model.pt
tau_s__0p02,sensitivity,tau_s,0.02,1,BlogCatalog,0.7229806644880175,0.3352392080050081,/autodl-fs/data/recap/tuning_hyperparams/sensitivity_results/sensitivity_paper_final/checkpoints/tau_s__0p02/recap/trial_1/model.pt
tau_s__0p02,sensitivity,tau_s,0.02,1,weibo,0.7506053087410862,0.3044714325635516,/autodl-fs/data/recap/tuning_hyperparams/sensitivity_results/sensitivity_paper_final/checkpoints/tau_s__0p02/recap/trial_1/model.pt
tau_s__0p02,sensitivity,tau_s,0.02,1,Reddit,0.5962207695561821,0.04615990423915799,/autodl-fs/data/recap/tuning_hyperparams/sensitivity_results/sensitivity_paper_final/checkpoints/tau_s__0p02/recap/trial_1/model.pt
tau_s__0p02,sensitivity,tau_s,0.02,1,Amazon,0.7436724666815948,0.13860497410299977,/autodl-fs/data/recap/tuning_hyperparams/sensitivity_results/sensitivity_paper_final/checkpoints/tau_s__0p02/recap/trial_1/model.pt
tau_s__0p02,sensitivity,tau_s,0.02,2,Facebook,0.5786363636363636,0.03665099769413708,/autodl-fs/data/recap/tuning_hyperparams/sensitivity_results/sensitivity_paper_final/checkpoints/tau_s__0p02/recap/trial_2/model.pt
tau_s__0p02,sensitivity,tau_s,0.02,2,cora,0.8251394318477976,0.407265814693657,/autodl-fs/data/recap/tuning_hyperparams/sensitivity_results/sensitivity_paper_final/checkpoints/tau_s__0p02/recap/trial_2/model.pt
tau_s__0p02,sensitivity,tau_s,0.02,2,citeseer,0.9022641905361451,0.4418399460097503,/autodl-fs/data/recap/tuning_hyperparams/sensitivity_results/sensitivity_paper_final/checkpoints/tau_s__0p02/recap/trial_2/model.pt
tau_s__0p02,sensitivity,tau_s,0.02,2,ACM,0.7952884162319329,0.37515144384239146,/autodl-fs/data/recap/tuning_hyperparams/sensitivity_results/sensitivity_paper_final/checkpoints/tau_s__0p02/recap/trial_2/model.pt
tau_s__0p02,sensitivity,tau_s,0.02,2,BlogCatalog,0.7300398284313725,0.3365907544019831,/autodl-fs/data/recap/tuning_hyperparams/sensitivity_results/sensitivity_paper_final/checkpoints/tau_s__0p02/recap/trial_2/model.pt
tau_s__0p02,sensitivity,tau_s,0.02,2,weibo,0.7405177468574388,0.29912340138200794,/autodl-fs/data/recap/tuning_hyperparams/sensitivity_results/sensitivity_paper_final/checkpoints/tau_s__0p02/recap/trial_2/model.pt
tau_s__0p02,sensitivity,tau_s,0.02,2,Reddit,0.5920737751235916,0.0451358251644992,/autodl-fs/data/recap/tuning_hyperparams/sensitivity_results/sensitivity_paper_final/checkpoints/tau_s__0p02/recap/trial_2/model.pt
tau_s__0p02,sensitivity,tau_s,0.02,2,Amazon,0.7287239043612981,0.13207048282899214,/autodl-fs/data/recap/tuning_hyperparams/sensitivity_results/sensitivity_paper_final/checkpoints/tau_s__0p02/recap/trial_2/model.pt
tau_s__0p03,sensitivity,tau_s,0.03,0,Facebook,0.5827272727272728,0.04947389898466797,/autodl-fs/data/recap/tuning_hyperparams/sensitivity_results/sensitivity_paper_final/checkpoints/tau_s__0p03/recap/trial_0/model.pt
tau_s__0p03,sensitivity,tau_s,0.03,0,cora,0.8320250195465206,0.4300692154586067,/autodl-fs/data/recap/tuning_hyperparams/sensitivity_results/sensitivity_paper_final/checkpoints/tau_s__0p03/recap/trial_0/model.pt
tau_s__0p03,sensitivity,tau_s,0.03,0,citeseer,0.904439198405204,0.43922493160551057,/autodl-fs/data/recap/tuning_hyperparams/sensitivity_results/sensitivity_paper_final/checkpoints/tau_s__0p03/recap/trial_0/model.pt
tau_s__0p03,sensitivity,tau_s,0.03,0,ACM,0.7965216337873671,0.37381677818449394,/autodl-fs/data/recap/tuning_hyperparams/sensitivity_results/sensitivity_paper_final/checkpoints/tau_s__0p03/recap/trial_0/model.pt
tau_s__0p03,sensitivity,tau_s,0.03,0,BlogCatalog,0.7255575980392156,0.3347963341065656,/autodl-fs/data/recap/tuning_hyperparams/sensitivity_results/sensitivity_paper_final/checkpoints/tau_s__0p03/recap/trial_0/model.pt
tau_s__0p03,sensitivity,tau_s,0.03,0,weibo,0.7523555069949845,0.3091166196056515,/autodl-fs/data/recap/tuning_hyperparams/sensitivity_results/sensitivity_paper_final/checkpoints/tau_s__0p03/recap/trial_0/model.pt
tau_s__0p03,sensitivity,tau_s,0.03,0,Reddit,0.5974583576502217,0.04775898165333121,/autodl-fs/data/recap/tuning_hyperparams/sensitivity_results/sensitivity_paper_final/checkpoints/tau_s__0p03/recap/trial_0/model.pt
tau_s__0p03,sensitivity,tau_s,0.03,0,Amazon,0.7263407036778141,0.13092525413580886,/autodl-fs/data/recap/tuning_hyperparams/sensitivity_results/sensitivity_paper_final/checkpoints/tau_s__0p03/recap/trial_0/model.pt
tau_s__0p03,sensitivity,tau_s,0.03,1,Facebook,0.5782954545454545,0.045498317252383985,/autodl-fs/data/recap/tuning_hyperparams/sensitivity_results/sensitivity_paper_final/checkpoints/tau_s__0p03/recap/trial_1/model.pt
tau_s__0p03,sensitivity,tau_s,0.03,1,cora,0.8323846755277561,0.4231958958125862,/autodl-fs/data/recap/tuning_hyperparams/sensitivity_results/sensitivity_paper_final/checkpoints/tau_s__0p03/recap/trial_1/model.pt
tau_s__0p03,sensitivity,tau_s,0.03,1,citeseer,0.9007816598468156,0.46033702292368667,/autodl-fs/data/recap/tuning_hyperparams/sensitivity_results/sensitivity_paper_final/checkpoints/tau_s__0p03/recap/trial_1/model.pt
tau_s__0p03,sensitivity,tau_s,0.03,1,ACM,0.7924069899443715,0.3716191722182236,/autodl-fs/data/recap/tuning_hyperparams/sensitivity_results/sensitivity_paper_final/checkpoints/tau_s__0p03/recap/trial_1/model.pt
tau_s__0p03,sensitivity,tau_s,0.03,1,BlogCatalog,0.7233193763616557,0.3353898090090813,/autodl-fs/data/recap/tuning_hyperparams/sensitivity_results/sensitivity_paper_final/checkpoints/tau_s__0p03/recap/trial_1/model.pt
tau_s__0p03,sensitivity,tau_s,0.03,1,weibo,0.7506765395171837,0.30440067838580553,/autodl-fs/data/recap/tuning_hyperparams/sensitivity_results/sensitivity_paper_final/checkpoints/tau_s__0p03/recap/trial_1/model.pt
tau_s__0p03,sensitivity,tau_s,0.03,1,Reddit,0.59617046318912,0.04616180759765591,/autodl-fs/data/recap/tuning_hyperparams/sensitivity_results/sensitivity_paper_final/checkpoints/tau_s__0p03/recap/trial_1/model.pt
tau_s__0p03,sensitivity,tau_s,0.03,1,Amazon,0.7438167516858104,0.138671292181077,/autodl-fs/data/recap/tuning_hyperparams/sensitivity_results/sensitivity_paper_final/checkpoints/tau_s__0p03/recap/trial_1/model.pt
tau_s__0p03,sensitivity,tau_s,0.03,2,Facebook,0.5787121212121212,0.036655039514992424,/autodl-fs/data/recap/tuning_hyperparams/sensitivity_results/sensitivity_paper_final/checkpoints/tau_s__0p03/recap/trial_2/model.pt
tau_s__0p03,sensitivity,tau_s,0.03,2,cora,0.8250456085483452,0.40720721230010326,/autodl-fs/data/recap/tuning_hyperparams/sensitivity_results/sensitivity_paper_final/checkpoints/tau_s__0p03/recap/trial_2/model.pt
tau_s__0p03,sensitivity,tau_s,0.03,2,citeseer,0.902094218864757,0.4414663766234449,/autodl-fs/data/recap/tuning_hyperparams/sensitivity_results/sensitivity_paper_final/checkpoints/tau_s__0p03/recap/trial_2/model.pt
tau_s__0p03,sensitivity,tau_s,0.03,2,ACM,0.7954877933445157,0.3753181658113062,/autodl-fs/data/recap/tuning_hyperparams/sensitivity_results/sensitivity_paper_final/checkpoints/tau_s__0p03/recap/trial_2/model.pt
tau_s__0p03,sensitivity,tau_s,0.03,2,BlogCatalog,0.7295292075163399,0.33693514363841154,/autodl-fs/data/recap/tuning_hyperparams/sensitivity_results/sensitivity_paper_final/checkpoints/tau_s__0p03/recap/trial_2/model.pt
tau_s__0p03,sensitivity,tau_s,0.03,2,weibo,0.7428716488671249,0.299337323728171,/autodl-fs/data/recap/tuning_hyperparams/sensitivity_results/sensitivity_paper_final/checkpoints/tau_s__0p03/recap/trial_2/model.pt
tau_s__0p03,sensitivity,tau_s,0.03,2,Reddit,0.5919368800480059,0.045102654913431725,/autodl-fs/data/recap/tuning_hyperparams/sensitivity_results/sensitivity_paper_final/checkpoints/tau_s__0p03/recap/trial_2/model.pt
tau_s__0p03,sensitivity,tau_s,0.03,2,Amazon,0.728818529888722,0.1321599539663727,/autodl-fs/data/recap/tuning_hyperparams/sensitivity_results/sensitivity_paper_final/checkpoints/tau_s__0p03/recap/trial_2/model.pt
tau_s__0p08,sensitivity,tau_s,0.08,0,Facebook,0.581969696969697,0.049221367346343706,/autodl-fs/data/recap/tuning_hyperparams/sensitivity_results/sensitivity_paper_final/checkpoints/tau_s__0p08/recap/trial_0/model.pt
tau_s__0p08,sensitivity,tau_s,0.08,0,cora,0.8314568673442794,0.427948923380894,/autodl-fs/data/recap/tuning_hyperparams/sensitivity_results/sensitivity_paper_final/checkpoints/tau_s__0p08/recap/trial_0/model.pt
tau_s__0p08,sensitivity,tau_s,0.08,0,citeseer,0.9035179939145945,0.4375050087920364,/autodl-fs/data/recap/tuning_hyperparams/sensitivity_results/sensitivity_paper_final/checkpoints/tau_s__0p08/recap/trial_0/model.pt
tau_s__0p08,sensitivity,tau_s,0.08,0,ACM,0.7969180157306539,0.3733675461532183,/autodl-fs/data/recap/tuning_hyperparams/sensitivity_results/sensitivity_paper_final/checkpoints/tau_s__0p08/recap/trial_0/model.pt
tau_s__0p08,sensitivity,tau_s,0.08,0,BlogCatalog,0.7255126633986928,0.33448113590922857,/autodl-fs/data/recap/tuning_hyperparams/sensitivity_results/sensitivity_paper_final/checkpoints/tau_s__0p08/recap/trial_0/model.pt
tau_s__0p08,sensitivity,tau_s,0.08,0,weibo,0.7556679673671332,0.30922275339017363,/autodl-fs/data/recap/tuning_hyperparams/sensitivity_results/sensitivity_paper_final/checkpoints/tau_s__0p08/recap/trial_0/model.pt
tau_s__0p08,sensitivity,tau_s,0.08,0,Reddit,0.5977426979857896,0.04785135968308623,/autodl-fs/data/recap/tuning_hyperparams/sensitivity_results/sensitivity_paper_final/checkpoints/tau_s__0p08/recap/trial_0/model.pt
tau_s__0p08,sensitivity,tau_s,0.08,0,Amazon,0.7257811261588409,0.13045756395826896,/autodl-fs/data/recap/tuning_hyperparams/sensitivity_results/sensitivity_paper_final/checkpoints/tau_s__0p08/recap/trial_0/model.pt
tau_s__0p08,sensitivity,tau_s,0.08,1,Facebook,0.5770833333333334,0.04340413631697895,/autodl-fs/data/recap/tuning_hyperparams/sensitivity_results/sensitivity_paper_final/checkpoints/tau_s__0p08/recap/trial_1/model.pt
tau_s__0p08,sensitivity,tau_s,0.08,1,cora,0.8323768569194684,0.42203028473284127,/autodl-fs/data/recap/tuning_hyperparams/sensitivity_results/sensitivity_paper_final/checkpoints/tau_s__0p08/recap/trial_1/model.pt
tau_s__0p08,sensitivity,tau_s,0.08,1,citeseer,0.9002518098835378,0.4573631022910754,/autodl-fs/data/recap/tuning_hyperparams/sensitivity_results/sensitivity_paper_final/checkpoints/tau_s__0p08/recap/trial_1/model.pt
tau_s__0p08,sensitivity,tau_s,0.08,1,ACM,0.7932366559935069,0.37191123932624637,/autodl-fs/data/recap/tuning_hyperparams/sensitivity_results/sensitivity_paper_final/checkpoints/tau_s__0p08/recap/trial_1/model.pt
tau_s__0p08,sensitivity,tau_s,0.08,1,BlogCatalog,0.723582175925926,0.33636659695643556,/autodl-fs/data/recap/tuning_hyperparams/sensitivity_results/sensitivity_paper_final/checkpoints/tau_s__0p08/recap/trial_1/model.pt
tau_s__0p08,sensitivity,tau_s,0.08,1,weibo,0.7526225459774788,0.30431144569165736,/autodl-fs/data/recap/tuning_hyperparams/sensitivity_results/sensitivity_paper_final/checkpoints/tau_s__0p08/recap/trial_1/model.pt
tau_s__0p08,sensitivity,tau_s,0.08,1,Reddit,0.596287287182195,0.04621421844655838,/autodl-fs/data/recap/tuning_hyperparams/sensitivity_results/sensitivity_paper_final/checkpoints/tau_s__0p08/recap/trial_1/model.pt
tau_s__0p08,sensitivity,tau_s,0.08,1,Amazon,0.7432555087575546,0.13837301558670068,/autodl-fs/data/recap/tuning_hyperparams/sensitivity_results/sensitivity_paper_final/checkpoints/tau_s__0p08/recap/trial_1/model.pt
tau_s__0p08,sensitivity,tau_s,0.08,2,Facebook,0.5784090909090909,0.036291164155817304,/autodl-fs/data/recap/tuning_hyperparams/sensitivity_results/sensitivity_paper_final/checkpoints/tau_s__0p08/recap/trial_2/model.pt
tau_s__0p08,sensitivity,tau_s,0.08,2,cora,0.8247068021892104,0.4075487916409206,/autodl-fs/data/recap/tuning_hyperparams/sensitivity_results/sensitivity_paper_final/checkpoints/tau_s__0p08/recap/trial_2/model.pt
tau_s__0p08,sensitivity,tau_s,0.08,2,citeseer,0.9015140069247718,0.4398622320602006,/autodl-fs/data/recap/tuning_hyperparams/sensitivity_results/sensitivity_paper_final/checkpoints/tau_s__0p08/recap/trial_2/model.pt
tau_s__0p08,sensitivity,tau_s,0.08,2,ACM,0.7961953659529473,0.3758193343144403,/autodl-fs/data/recap/tuning_hyperparams/sensitivity_results/sensitivity_paper_final/checkpoints/tau_s__0p08/recap/trial_2/model.pt
tau_s__0p08,sensitivity,tau_s,0.08,2,BlogCatalog,0.7284997957516339,0.3373110659458504,/autodl-fs/data/recap/tuning_hyperparams/sensitivity_results/sensitivity_paper_final/checkpoints/tau_s__0p08/recap/trial_2/model.pt
tau_s__0p08,sensitivity,tau_s,0.08,2,weibo,0.7476565686086886,0.29979859551136223,/autodl-fs/data/recap/tuning_hyperparams/sensitivity_results/sensitivity_paper_final/checkpoints/tau_s__0p08/recap/trial_2/model.pt
tau_s__0p08,sensitivity,tau_s,0.08,2,Reddit,0.5915744426157459,0.04501268048955519,/autodl-fs/data/recap/tuning_hyperparams/sensitivity_results/sensitivity_paper_final/checkpoints/tau_s__0p08/recap/trial_2/model.pt
tau_s__0p08,sensitivity,tau_s,0.08,2,Amazon,0.7287460088845042,0.13236191957902582,/autodl-fs/data/recap/tuning_hyperparams/sensitivity_results/sensitivity_paper_final/checkpoints/tau_s__0p08/recap/trial_2/model.pt
tau_s__0p1,sensitivity,tau_s,0.1,0,Facebook,0.5815530303030303,0.04917633442691541,/autodl-fs/data/recap/tuning_hyperparams/sensitivity_results/sensitivity_paper_final/checkpoints/tau_s__0p1/recap/trial_0/model.pt
tau_s__0p1,sensitivity,tau_s,0.1,0,cora,0.8314620797498046,0.4277289014220517,/autodl-fs/data/recap/tuning_hyperparams/sensitivity_results/sensitivity_paper_final/checkpoints/tau_s__0p1/recap/trial_0/model.pt
tau_s__0p1,sensitivity,tau_s,0.1,0,citeseer,0.9034319588710524,0.4370238033686186,/autodl-fs/data/recap/tuning_hyperparams/sensitivity_results/sensitivity_paper_final/checkpoints/tau_s__0p1/recap/trial_0/model.pt
tau_s__0p1,sensitivity,tau_s,0.1,0,ACM,0.7970574531877618,0.3733669013168646,/autodl-fs/data/recap/tuning_hyperparams/sensitivity_results/sensitivity_paper_final/checkpoints/tau_s__0p1/recap/trial_0/model.pt
tau_s__0p1,sensitivity,tau_s,0.1,0,BlogCatalog,0.7245186546840959,0.3339975825090348,/autodl-fs/data/recap/tuning_hyperparams/sensitivity_results/sensitivity_paper_final/checkpoints/tau_s__0p1/recap/trial_0/model.pt
tau_s__0p1,sensitivity,tau_s,0.1,0,weibo,0.7582156140306899,0.30960209693725005,/autodl-fs/data/recap/tuning_hyperparams/sensitivity_results/sensitivity_paper_final/checkpoints/tau_s__0p1/recap/trial_0/model.pt
tau_s__0p1,sensitivity,tau_s,0.1,0,Reddit,0.5978130754353623,0.04788984960107648,/autodl-fs/data/recap/tuning_hyperparams/sensitivity_results/sensitivity_paper_final/checkpoints/tau_s__0p1/recap/trial_0/model.pt
tau_s__0p1,sensitivity,tau_s,0.1,0,Amazon,0.7256765081757212,0.1303127602523379,/autodl-fs/data/recap/tuning_hyperparams/sensitivity_results/sensitivity_paper_final/checkpoints/tau_s__0p1/recap/trial_0/model.pt
tau_s__0p1,sensitivity,tau_s,0.1,1,Facebook,0.5767424242424242,0.0433842474618137,/autodl-fs/data/recap/tuning_hyperparams/sensitivity_results/sensitivity_paper_final/checkpoints/tau_s__0p1/recap/trial_1/model.pt
tau_s__0p1,sensitivity,tau_s,0.1,1,cora,0.8323299452697419,0.4214691633772464,/autodl-fs/data/recap/tuning_hyperparams/sensitivity_results/sensitivity_paper_final/checkpoints/tau_s__0p1/recap/trial_1/model.pt
tau_s__0p1,sensitivity,tau_s,0.1,1,citeseer,0.9001500367222747,0.45697620861398563,/autodl-fs/data/recap/tuning_hyperparams/sensitivity_results/sensitivity_paper_final/checkpoints/tau_s__0p1/recap/trial_1/model.pt
tau_s__0p1,sensitivity,tau_s,0.1,1,ACM,0.7932895842380954,0.37190146159457516,/autodl-fs/data/recap/tuning_hyperparams/sensitivity_results/sensitivity_paper_final/checkpoints/tau_s__0p1/recap/trial_1/model.pt
tau_s__0p1,sensitivity,tau_s,0.1,1,BlogCatalog,0.7241632625272332,0.3364385354643252,/autodl-fs/data/recap/tuning_hyperparams/sensitivity_results/sensitivity_paper_final/checkpoints/tau_s__0p1/recap/trial_1/model.pt
tau_s__0p1,sensitivity,tau_s,0.1,1,weibo,0.7510362855076247,0.30380166712975215,/autodl-fs/data/recap/tuning_hyperparams/sensitivity_results/sensitivity_paper_final/checkpoints/tau_s__0p1/recap/trial_1/model.pt
tau_s__0p1,sensitivity,tau_s,0.1,1,Reddit,0.5963016971901514,0.04623049971165669,/autodl-fs/data/recap/tuning_hyperparams/sensitivity_results/sensitivity_paper_final/checkpoints/tau_s__0p1/recap/trial_1/model.pt
tau_s__0p1,sensitivity,tau_s,0.1,1,Amazon,0.743184501761776,0.1383352509429687,/autodl-fs/data/recap/tuning_hyperparams/sensitivity_results/sensitivity_paper_final/checkpoints/tau_s__0p1/recap/trial_1/model.pt
tau_s__0p1,sensitivity,tau_s,0.1,2,Facebook,0.5779545454545455,0.03625098369654854,/autodl-fs/data/recap/tuning_hyperparams/sensitivity_results/sensitivity_paper_final/checkpoints/tau_s__0p1/recap/trial_2/model.pt
tau_s__0p1,sensitivity,tau_s,0.1,2,cora,0.8245764920510815,0.40715714259674524,/autodl-fs/data/recap/tuning_hyperparams/sensitivity_results/sensitivity_paper_final/checkpoints/tau_s__0p1/recap/trial_2/model.pt
tau_s__0p1,sensitivity,tau_s,0.1,2,citeseer,0.9013629209946491,0.43907336641171696,/autodl-fs/data/recap/tuning_hyperparams/sensitivity_results/sensitivity_paper_final/checkpoints/tau_s__0p1/recap/trial_2/model.pt
tau_s__0p1,sensitivity,tau_s,0.1,2,ACM,0.7963154561333977,0.3756929523078253,/autodl-fs/data/recap/tuning_hyperparams/sensitivity_results/sensitivity_paper_final/checkpoints/tau_s__0p1/recap/trial_2/model.pt
tau_s__0p1,sensitivity,tau_s,0.1,2,BlogCatalog,0.7289654820261438,0.3371804130937936,/autodl-fs/data/recap/tuning_hyperparams/sensitivity_results/sensitivity_paper_final/checkpoints/tau_s__0p1/recap/trial_2/model.pt
tau_s__0p1,sensitivity,tau_s,0.1,2,weibo,0.7478102650579721,0.29968913220153226,/autodl-fs/data/recap/tuning_hyperparams/sensitivity_results/sensitivity_paper_final/checkpoints/tau_s__0p1/recap/trial_2/model.pt
tau_s__0p1,sensitivity,tau_s,0.1,2,Reddit,0.5915113988309366,0.04500006913607462,/autodl-fs/data/recap/tuning_hyperparams/sensitivity_results/sensitivity_paper_final/checkpoints/tau_s__0p1/recap/trial_2/model.pt
tau_s__0p1,sensitivity,tau_s,0.1,2,Amazon,0.7288026328001147,0.13238611913959292,/autodl-fs/data/recap/tuning_hyperparams/sensitivity_results/sensitivity_paper_final/checkpoints/tau_s__0p1/recap/trial_2/model.pt
tau_s__0p15,sensitivity,tau_s,0.15,0,Facebook,0.5812499999999999,0.04914652316548095,/autodl-fs/data/recap/tuning_hyperparams/sensitivity_results/sensitivity_paper_final/checkpoints/tau_s__0p15/recap/trial_0/model.pt
tau_s__0p15,sensitivity,tau_s,0.15,0,cora,0.8314855355746676,0.4273345117202097,/autodl-fs/data/recap/tuning_hyperparams/sensitivity_results/sensitivity_paper_final/checkpoints/tau_s__0p15/recap/trial_0/model.pt
tau_s__0p15,sensitivity,tau_s,0.15,0,citeseer,0.903160214038401,0.4361471977503991,/autodl-fs/data/recap/tuning_hyperparams/sensitivity_results/sensitivity_paper_final/checkpoints/tau_s__0p15/recap/trial_0/model.pt
tau_s__0p15,sensitivity,tau_s,0.15,0,ACM,0.7970809651370508,0.3737062916822591,/autodl-fs/data/recap/tuning_hyperparams/sensitivity_results/sensitivity_paper_final/checkpoints/tau_s__0p15/recap/trial_0/model.pt
tau_s__0p15,sensitivity,tau_s,0.15,0,BlogCatalog,0.7236499183006535,0.3334595118258174,/autodl-fs/data/recap/tuning_hyperparams/sensitivity_results/sensitivity_paper_final/checkpoints/tau_s__0p15/recap/trial_0/model.pt
tau_s__0p15,sensitivity,tau_s,0.15,0,weibo,0.7581953606447821,0.3095066306261744,/autodl-fs/data/recap/tuning_hyperparams/sensitivity_results/sensitivity_paper_final/checkpoints/tau_s__0p15/recap/trial_0/model.pt
tau_s__0p15,sensitivity,tau_s,0.15,0,Reddit,0.5979921712485345,0.04791933168653856,/autodl-fs/data/recap/tuning_hyperparams/sensitivity_results/sensitivity_paper_final/checkpoints/tau_s__0p15/recap/trial_0/model.pt
tau_s__0p15,sensitivity,tau_s,0.15,0,Amazon,0.7254028511504117,0.13007689480759504,/autodl-fs/data/recap/tuning_hyperparams/sensitivity_results/sensitivity_paper_final/checkpoints/tau_s__0p15/recap/trial_0/model.pt
tau_s__0p15,sensitivity,tau_s,0.15,1,Facebook,0.5764015151515152,0.043355486002019966,/autodl-fs/data/recap/tuning_hyperparams/sensitivity_results/sensitivity_paper_final/checkpoints/tau_s__0p15/recap/trial_1/model.pt
tau_s__0p15,sensitivity,tau_s,0.15,1,cora,0.832384675527756,0.4219024436489181,/autodl-fs/data/recap/tuning_hyperparams/sensitivity_results/sensitivity_paper_final/checkpoints/tau_s__0p15/recap/trial_1/model.pt
tau_s__0p15,sensitivity,tau_s,0.15,1,citeseer,0.8998866855524079,0.4561101357856019,/autodl-fs/data/recap/tuning_hyperparams/sensitivity_results/sensitivity_paper_final/checkpoints/tau_s__0p15/recap/trial_1/model.pt
tau_s__0p15,sensitivity,tau_s,0.15,1,ACM,0.793383368448377,0.3719856291218942,/autodl-fs/data/recap/tuning_hyperparams/sensitivity_results/sensitivity_paper_final/checkpoints/tau_s__0p15/recap/trial_1/model.pt
tau_s__0p15,sensitivity,tau_s,0.15,1,BlogCatalog,0.7236121323529412,0.33643483717530515,/autodl-fs/data/recap/tuning_hyperparams/sensitivity_results/sensitivity_paper_final/checkpoints/tau_s__0p15/recap/trial_1/model.pt
tau_s__0p15,sensitivity,tau_s,0.15,1,weibo,0.7535162935050372,0.3042781251468484,/autodl-fs/data/recap/tuning_hyperparams/sensitivity_results/sensitivity_paper_final/checkpoints/tau_s__0p15/recap/trial_1/model.pt
tau_s__0p15,sensitivity,tau_s,0.15,1,Reddit,0.5961756096205331,0.04622219157389061,/autodl-fs/data/recap/tuning_hyperparams/sensitivity_results/sensitivity_paper_final/checkpoints/tau_s__0p15/recap/trial_1/model.pt
tau_s__0p15,sensitivity,tau_s,0.15,1,Amazon,0.7430489980065051,0.13825326433272195,/autodl-fs/data/recap/tuning_hyperparams/sensitivity_results/sensitivity_paper_final/checkpoints/tau_s__0p15/recap/trial_1/model.pt
tau_s__0p15,sensitivity,tau_s,0.15,2,Facebook,0.5781818181818181,0.03492008071666825,/autodl-fs/data/recap/tuning_hyperparams/sensitivity_results/sensitivity_paper_final/checkpoints/tau_s__0p15/recap/trial_2/model.pt
tau_s__0p15,sensitivity,tau_s,0.15,2,cora,0.824420119885327,0.4067846596921806,/autodl-fs/data/recap/tuning_hyperparams/sensitivity_results/sensitivity_paper_final/checkpoints/tau_s__0p15/recap/trial_2/model.pt
tau_s__0p15,sensitivity,tau_s,0.15,2,citeseer,0.9013440352533837,0.4385909577784499,/autodl-fs/data/recap/tuning_hyperparams/sensitivity_results/sensitivity_paper_final/checkpoints/tau_s__0p15/recap/trial_2/model.pt
tau_s__0p15,sensitivity,tau_s,0.15,2,ACM,0.7963908419797736,0.3756018104208972,/autodl-fs/data/recap/tuning_hyperparams/sensitivity_results/sensitivity_paper_final/checkpoints/tau_s__0p15/recap/trial_2/model.pt
tau_s__0p15,sensitivity,tau_s,0.15,2,BlogCatalog,0.7292595996732026,0.3370601434668444,/autodl-fs/data/recap/tuning_hyperparams/sensitivity_results/sensitivity_paper_final/checkpoints/tau_s__0p15/recap/trial_2/model.pt
tau_s__0p15,sensitivity,tau_s,0.15,2,weibo,0.7477431613869274,0.29968461194281926,/autodl-fs/data/recap/tuning_hyperparams/sensitivity_results/sensitivity_paper_final/checkpoints/tau_s__0p15/recap/trial_2/model.pt
tau_s__0p15,sensitivity,tau_s,0.15,2,Reddit,0.5915721267216101,0.0449821246738104,/autodl-fs/data/recap/tuning_hyperparams/sensitivity_results/sensitivity_paper_final/checkpoints/tau_s__0p15/recap/trial_2/model.pt
tau_s__0p15,sensitivity,tau_s,0.15,2,Amazon,0.7289379851545416,0.13244731496375828,/autodl-fs/data/recap/tuning_hyperparams/sensitivity_results/sensitivity_paper_final/checkpoints/tau_s__0p15/recap/trial_2/model.pt
tau_s__0p2,sensitivity,tau_s,0.2,0,Facebook,0.5811742424242424,0.04913769293000482,/autodl-fs/data/recap/tuning_hyperparams/sensitivity_results/sensitivity_paper_final/checkpoints/tau_s__0p2/recap/trial_0/model.pt
tau_s__0p2,sensitivity,tau_s,0.2,0,cora,0.8315298410216315,0.42708281478986376,/autodl-fs/data/recap/tuning_hyperparams/sensitivity_results/sensitivity_paper_final/checkpoints/tau_s__0p2/recap/trial_0/model.pt
tau_s__0p2,sensitivity,tau_s,0.2,0,citeseer,0.9029954884062532,0.4354994765473298,/autodl-fs/data/recap/tuning_hyperparams/sensitivity_results/sensitivity_paper_final/checkpoints/tau_s__0p2/recap/trial_0/model.pt
tau_s__0p2,sensitivity,tau_s,0.2,0,ACM,0.79713732001102,0.37376412396250525,/autodl-fs/data/recap/tuning_hyperparams/sensitivity_results/sensitivity_paper_final/checkpoints/tau_s__0p2/recap/trial_0/model.pt
tau_s__0p2,sensitivity,tau_s,0.2,0,BlogCatalog,0.7246619689542484,0.33343425739650573,/autodl-fs/data/recap/tuning_hyperparams/sensitivity_results/sensitivity_paper_final/checkpoints/tau_s__0p2/recap/trial_0/model.pt
tau_s__0p2,sensitivity,tau_s,0.2,0,weibo,0.7587862245181836,0.3096175701399278,/autodl-fs/data/recap/tuning_hyperparams/sensitivity_results/sensitivity_paper_final/checkpoints/tau_s__0p2/recap/trial_0/model.pt
tau_s__0p2,sensitivity,tau_s,0.2,0,Reddit,0.5980324420743413,0.04796529319256016,/autodl-fs/data/recap/tuning_hyperparams/sensitivity_results/sensitivity_paper_final/checkpoints/tau_s__0p2/recap/trial_0/model.pt
tau_s__0p2,sensitivity,tau_s,0.2,0,Amazon,0.7252245766567454,0.12998504246378204,/autodl-fs/data/recap/tuning_hyperparams/sensitivity_results/sensitivity_paper_final/checkpoints/tau_s__0p2/recap/trial_0/model.pt
tau_s__0p2,sensitivity,tau_s,0.2,1,Facebook,0.5761742424242424,0.04333509918681951,/autodl-fs/data/recap/tuning_hyperparams/sensitivity_results/sensitivity_paper_final/checkpoints/tau_s__0p2/recap/trial_1/model.pt
tau_s__0p2,sensitivity,tau_s,0.2,1,cora,0.8323820693249934,0.422840406603039,/autodl-fs/data/recap/tuning_hyperparams/sensitivity_results/sensitivity_paper_final/checkpoints/tau_s__0p2/recap/trial_1/model.pt
tau_s__0p2,sensitivity,tau_s,0.2,1,citeseer,0.8997492393243101,0.4554231963586112,/autodl-fs/data/recap/tuning_hyperparams/sensitivity_results/sensitivity_paper_final/checkpoints/tau_s__0p2/recap/trial_1/model.pt
tau_s__0p2,sensitivity,tau_s,0.2,1,ACM,0.7934224847406923,0.3719812885009248,/autodl-fs/data/recap/tuning_hyperparams/sensitivity_results/sensitivity_paper_final/checkpoints/tau_s__0p2/recap/trial_1/model.pt
tau_s__0p2,sensitivity,tau_s,0.2,1,BlogCatalog,0.7237888071895425,0.3362803920947353,/autodl-fs/data/recap/tuning_hyperparams/sensitivity_results/sensitivity_paper_final/checkpoints/tau_s__0p2/recap/trial_1/model.pt
tau_s__0p2,sensitivity,tau_s,0.2,1,weibo,0.7560951227401043,0.3047155102493017,/autodl-fs/data/recap/tuning_hyperparams/sensitivity_results/sensitivity_paper_final/checkpoints/tau_s__0p2/recap/trial_1/model.pt
tau_s__0p2,sensitivity,tau_s,0.2,1,Reddit,0.5961559245203782,0.04621644768703838,/autodl-fs/data/recap/tuning_hyperparams/sensitivity_results/sensitivity_paper_final/checkpoints/tau_s__0p2/recap/trial_1/model.pt
tau_s__0p2,sensitivity,tau_s,0.2,1,Amazon,0.7429313595508119,0.1381933805264569,/autodl-fs/data/recap/tuning_hyperparams/sensitivity_results/sensitivity_paper_final/checkpoints/tau_s__0p2/recap/trial_1/model.pt
tau_s__0p2,sensitivity,tau_s,0.2,2,Facebook,0.5782954545454545,0.034934497331438816,/autodl-fs/data/recap/tuning_hyperparams/sensitivity_results/sensitivity_paper_final/checkpoints/tau_s__0p2/recap/trial_2/model.pt
tau_s__0p2,sensitivity,tau_s,0.2,2,cora,0.8242898097471983,0.40669248430633065,/autodl-fs/data/recap/tuning_hyperparams/sensitivity_results/sensitivity_paper_final/checkpoints/tau_s__0p2/recap/trial_2/model.pt
tau_s__0p2,sensitivity,tau_s,0.2,2,citeseer,0.9012128842723742,0.4386063741139013,/autodl-fs/data/recap/tuning_hyperparams/sensitivity_results/sensitivity_paper_final/checkpoints/tau_s__0p2/recap/trial_2/model.pt
tau_s__0p2,sensitivity,tau_s,0.2,2,ACM,0.7964244229477048,0.3756485343463527,/autodl-fs/data/recap/tuning_hyperparams/sensitivity_results/sensitivity_paper_final/checkpoints/tau_s__0p2/recap/trial_2/model.pt
tau_s__0p2,sensitivity,tau_s,0.2,2,BlogCatalog,0.729795751633987,0.337167907214697,/autodl-fs/data/recap/tuning_hyperparams/sensitivity_results/sensitivity_paper_final/checkpoints/tau_s__0p2/recap/trial_2/model.pt
tau_s__0p2,sensitivity,tau_s,0.2,2,weibo,0.7513439076898056,0.3002348142222889,/autodl-fs/data/recap/tuning_hyperparams/sensitivity_results/sensitivity_paper_final/checkpoints/tau_s__0p2/recap/trial_2/model.pt
tau_s__0p2,sensitivity,tau_s,0.2,2,Reddit,0.5915231069624012,0.044986015172878605,/autodl-fs/data/recap/tuning_hyperparams/sensitivity_results/sensitivity_paper_final/checkpoints/tau_s__0p2/recap/trial_2/model.pt
tau_s__0p2,sensitivity,tau_s,0.2,2,Amazon,0.729000816504751,0.13246074800476357,/autodl-fs/data/recap/tuning_hyperparams/sensitivity_results/sensitivity_paper_final/checkpoints/tau_s__0p2/recap/trial_2/model.pt
beta__0,sensitivity,beta,0,0,Facebook,0.581969696969697,0.04948716502267661,/autodl-fs/data/recap/tuning_hyperparams/sensitivity_results/sensitivity_paper_final/checkpoints/beta__0/recap/trial_0/model.pt
beta__0,sensitivity,beta,0,0,cora,0.8321266614542611,0.42938722444096994,/autodl-fs/data/recap/tuning_hyperparams/sensitivity_results/sensitivity_paper_final/checkpoints/beta__0/recap/trial_0/model.pt
beta__0,sensitivity,beta,0,0,citeseer,0.9043500157381177,0.43994454569059777,/autodl-fs/data/recap/tuning_hyperparams/sensitivity_results/sensitivity_paper_final/checkpoints/beta__0/recap/trial_0/model.pt
beta__0,sensitivity,beta,0,0,ACM,0.7977123084211052,0.37346246060817057,/autodl-fs/data/recap/tuning_hyperparams/sensitivity_results/sensitivity_paper_final/checkpoints/beta__0/recap/trial_0/model.pt
beta__0,sensitivity,beta,0,0,BlogCatalog,0.723208401416122,0.33343107914959474,/autodl-fs/data/recap/tuning_hyperparams/sensitivity_results/sensitivity_paper_final/checkpoints/beta__0/recap/trial_0/model.pt
beta__0,sensitivity,beta,0,0,weibo,0.7519020604342693,0.3082226469070296,/autodl-fs/data/recap/tuning_hyperparams/sensitivity_results/sensitivity_paper_final/checkpoints/beta__0/recap/trial_0/model.pt
beta__0,sensitivity,beta,0,0,Reddit,0.5976169963985272,0.047837401323955184,/autodl-fs/data/recap/tuning_hyperparams/sensitivity_results/sensitivity_paper_final/checkpoints/beta__0/recap/trial_0/model.pt
beta__0,sensitivity,beta,0,0,Amazon,0.7258212473824687,0.13060449216471595,/autodl-fs/data/recap/tuning_hyperparams/sensitivity_results/sensitivity_paper_final/checkpoints/beta__0/recap/trial_0/model.pt
beta__0,sensitivity,beta,0,1,Facebook,0.5770075757575758,0.045422643315482444,/autodl-fs/data/recap/tuning_hyperparams/sensitivity_results/sensitivity_paper_final/checkpoints/beta__0/recap/trial_1/model.pt
beta__0,sensitivity,beta,0,1,cora,0.83269220745374,0.4226765467250386,/autodl-fs/data/recap/tuning_hyperparams/sensitivity_results/sensitivity_paper_final/checkpoints/beta__0/recap/trial_1/model.pt
beta__0,sensitivity,beta,0,1,citeseer,0.9007344454936523,0.45930397800179684,/autodl-fs/data/recap/tuning_hyperparams/sensitivity_results/sensitivity_paper_final/checkpoints/beta__0/recap/trial_1/model.pt
beta__0,sensitivity,beta,0,1,ACM,0.7939933611955204,0.3721402921313178,/autodl-fs/data/recap/tuning_hyperparams/sensitivity_results/sensitivity_paper_final/checkpoints/beta__0/recap/trial_1/model.pt
beta__0,sensitivity,beta,0,1,BlogCatalog,0.7234875408496733,0.3359949145302514,/autodl-fs/data/recap/tuning_hyperparams/sensitivity_results/sensitivity_paper_final/checkpoints/beta__0/recap/trial_1/model.pt
beta__0,sensitivity,beta,0,1,weibo,0.7468455160379301,0.303147281785652,/autodl-fs/data/recap/tuning_hyperparams/sensitivity_results/sensitivity_paper_final/checkpoints/beta__0/recap/trial_1/model.pt
beta__0,sensitivity,beta,0,1,Reddit,0.596318165770673,0.04620205091092346,/autodl-fs/data/recap/tuning_hyperparams/sensitivity_results/sensitivity_paper_final/checkpoints/beta__0/recap/trial_1/model.pt
beta__0,sensitivity,beta,0,1,Amazon,0.743486092242781,0.1384648026460282,/autodl-fs/data/recap/tuning_hyperparams/sensitivity_results/sensitivity_paper_final/checkpoints/beta__0/recap/trial_1/model.pt
beta__0,sensitivity,beta,0,2,Facebook,0.5780303030303031,0.03650452410710711,/autodl-fs/data/recap/tuning_hyperparams/sensitivity_results/sensitivity_paper_final/checkpoints/beta__0/recap/trial_2/model.pt
beta__0,sensitivity,beta,0,2,cora,0.8252019807140996,0.40810403433330084,/autodl-fs/data/recap/tuning_hyperparams/sensitivity_results/sensitivity_paper_final/checkpoints/beta__0/recap/trial_2/model.pt
beta__0,sensitivity,beta,0,2,citeseer,0.9021403840100726,0.4412083236909776,/autodl-fs/data/recap/tuning_hyperparams/sensitivity_results/sensitivity_paper_final/checkpoints/beta__0/recap/trial_2/model.pt
beta__0,sensitivity,beta,0,2,ACM,0.796951016807459,0.37600815734810833,/autodl-fs/data/recap/tuning_hyperparams/sensitivity_results/sensitivity_paper_final/checkpoints/beta__0/recap/trial_2/model.pt
beta__0,sensitivity,beta,0,2,BlogCatalog,0.7294481889978215,0.33741486148606786,/autodl-fs/data/recap/tuning_hyperparams/sensitivity_results/sensitivity_paper_final/checkpoints/beta__0/recap/trial_2/model.pt
beta__0,sensitivity,beta,0,2,weibo,0.7383926698945723,0.2978752091320163,/autodl-fs/data/recap/tuning_hyperparams/sensitivity_results/sensitivity_paper_final/checkpoints/beta__0/recap/trial_2/model.pt
beta__0,sensitivity,beta,0,2,Reddit,0.5917698783486542,0.045073011007793276,/autodl-fs/data/recap/tuning_hyperparams/sensitivity_results/sensitivity_paper_final/checkpoints/beta__0/recap/trial_2/model.pt
beta__0,sensitivity,beta,0,2,Amazon,0.7288641772431512,0.13238338457383084,/autodl-fs/data/recap/tuning_hyperparams/sensitivity_results/sensitivity_paper_final/checkpoints/beta__0/recap/trial_2/model.pt
beta__0p002,sensitivity,beta,0.002,0,Facebook,0.582121212121212,0.04948649912087453,/autodl-fs/data/recap/tuning_hyperparams/sensitivity_results/sensitivity_paper_final/checkpoints/beta__0p002/recap/trial_0/model.pt
beta__0p002,sensitivity,beta,0.002,0,cora,0.8319546520719312,0.42930599718509177,/autodl-fs/data/recap/tuning_hyperparams/sensitivity_results/sensitivity_paper_final/checkpoints/beta__0p002/recap/trial_0/model.pt
beta__0p002,sensitivity,beta,0.002,0,citeseer,0.904144370999895,0.43936749320000335,/autodl-fs/data/recap/tuning_hyperparams/sensitivity_results/sensitivity_paper_final/checkpoints/beta__0p002/recap/trial_0/model.pt
beta__0p002,sensitivity,beta,0.002,0,ACM,0.7973043286552989,0.37332516431728063,/autodl-fs/data/recap/tuning_hyperparams/sensitivity_results/sensitivity_paper_final/checkpoints/beta__0p002/recap/trial_0/model.pt
beta__0p002,sensitivity,beta,0.002,0,BlogCatalog,0.7249397467320262,0.3341000224320175,/autodl-fs/data/recap/tuning_hyperparams/sensitivity_results/sensitivity_paper_final/checkpoints/beta__0p002/recap/trial_0/model.pt
beta__0p002,sensitivity,beta,0.002,0,weibo,0.753707057471925,0.3088164304680019,/autodl-fs/data/recap/tuning_hyperparams/sensitivity_results/sensitivity_paper_final/checkpoints/beta__0p002/recap/trial_0/model.pt
beta__0p002,sensitivity,beta,0.002,0,Reddit,0.5975660467275388,0.047811126678884784,/autodl-fs/data/recap/tuning_hyperparams/sensitivity_results/sensitivity_paper_final/checkpoints/beta__0p002/recap/trial_0/model.pt
beta__0p002,sensitivity,beta,0.002,0,Amazon,0.725875448884577,0.13060657579237256,/autodl-fs/data/recap/tuning_hyperparams/sensitivity_results/sensitivity_paper_final/checkpoints/beta__0p002/recap/trial_0/model.pt
beta__0p002,sensitivity,beta,0.002,1,Facebook,0.5772348484848485,0.04543026985310822,/autodl-fs/data/recap/tuning_hyperparams/sensitivity_results/sensitivity_paper_final/checkpoints/beta__0p002/recap/trial_1/model.pt
beta__0p002,sensitivity,beta,0.002,1,cora,0.8324758926244462,0.4216707768732298,/autodl-fs/data/recap/tuning_hyperparams/sensitivity_results/sensitivity_paper_final/checkpoints/beta__0p002/recap/trial_1/model.pt
beta__0p002,sensitivity,beta,0.002,1,citeseer,0.9006547056971986,0.45914135596882394,/autodl-fs/data/recap/tuning_hyperparams/sensitivity_results/sensitivity_paper_final/checkpoints/beta__0p002/recap/trial_1/model.pt
beta__0p002,sensitivity,beta,0.002,1,ACM,0.7935495336146543,0.3719829390641255,/autodl-fs/data/recap/tuning_hyperparams/sensitivity_results/sensitivity_paper_final/checkpoints/beta__0p002/recap/trial_1/model.pt
beta__0p002,sensitivity,beta,0.002,1,BlogCatalog,0.7234878812636165,0.33593332757221617,/autodl-fs/data/recap/tuning_hyperparams/sensitivity_results/sensitivity_paper_final/checkpoints/beta__0p002/recap/trial_1/model.pt
beta__0p002,sensitivity,beta,0.002,1,weibo,0.748187283747338,0.30358310220188706,/autodl-fs/data/recap/tuning_hyperparams/sensitivity_results/sensitivity_paper_final/checkpoints/beta__0p002/recap/trial_1/model.pt
beta__0p002,sensitivity,beta,0.002,1,Reddit,0.5963179084491023,0.04619497245033853,/autodl-fs/data/recap/tuning_hyperparams/sensitivity_results/sensitivity_paper_final/checkpoints/beta__0p002/recap/trial_1/model.pt
beta__0p002,sensitivity,beta,0.002,1,Amazon,0.7434735259727391,0.1384511182835531,/autodl-fs/data/recap/tuning_hyperparams/sensitivity_results/sensitivity_paper_final/checkpoints/beta__0p002/recap/trial_1/model.pt
beta__0p002,sensitivity,beta,0.002,2,Facebook,0.5783333333333334,0.03651745500048944,/autodl-fs/data/recap/tuning_hyperparams/sensitivity_results/sensitivity_paper_final/checkpoints/beta__0p002/recap/trial_2/model.pt
beta__0p002,sensitivity,beta,0.002,2,cora,0.8250742767787335,0.40806690463430434,/autodl-fs/data/recap/tuning_hyperparams/sensitivity_results/sensitivity_paper_final/checkpoints/beta__0p002/recap/trial_2/model.pt
beta__0p002,sensitivity,beta,0.002,2,citeseer,0.901968313922988,0.4407489675206871,/autodl-fs/data/recap/tuning_hyperparams/sensitivity_results/sensitivity_paper_final/checkpoints/beta__0p002/recap/trial_2/model.pt
beta__0p002,sensitivity,beta,0.002,2,ACM,0.796514464224355,0.3758634746472571,/autodl-fs/data/recap/tuning_hyperparams/sensitivity_results/sensitivity_paper_final/checkpoints/beta__0p002/recap/trial_2/model.pt
beta__0p002,sensitivity,beta,0.002,2,BlogCatalog,0.7293263208061003,0.33729561294528143,/autodl-fs/data/recap/tuning_hyperparams/sensitivity_results/sensitivity_paper_final/checkpoints/beta__0p002/recap/trial_2/model.pt
beta__0p002,sensitivity,beta,0.002,2,weibo,0.7413312451200804,0.29872464138440996,/autodl-fs/data/recap/tuning_hyperparams/sensitivity_results/sensitivity_paper_final/checkpoints/beta__0p002/recap/trial_2/model.pt
beta__0p002,sensitivity,beta,0.002,2,Reddit,0.5917213732325868,0.04506191742166259,/autodl-fs/data/recap/tuning_hyperparams/sensitivity_results/sensitivity_paper_final/checkpoints/beta__0p002/recap/trial_2/model.pt
beta__0p002,sensitivity,beta,0.002,2,Amazon,0.7288489614583412,0.1323758295771339,/autodl-fs/data/recap/tuning_hyperparams/sensitivity_results/sensitivity_paper_final/checkpoints/beta__0p002/recap/trial_2/model.pt
beta__0p01,sensitivity,beta,0.01,0,Facebook,0.583409090909091,0.04957604891240758,/autodl-fs/data/recap/tuning_hyperparams/sensitivity_results/sensitivity_paper_final/checkpoints/beta__0p01/recap/trial_0/model.pt
beta__0p01,sensitivity,beta,0.01,0,cora,0.83130570758405,0.4279778316902642,/autodl-fs/data/recap/tuning_hyperparams/sensitivity_results/sensitivity_paper_final/checkpoints/beta__0p01/recap/trial_0/model.pt
beta__0p01,sensitivity,beta,0.01,0,citeseer,0.9037425243940824,0.43770699440915234,/autodl-fs/data/recap/tuning_hyperparams/sensitivity_results/sensitivity_paper_final/checkpoints/beta__0p01/recap/trial_0/model.pt
beta__0p01,sensitivity,beta,0.01,0,ACM,0.7957842231446357,0.3725359146230374,/autodl-fs/data/recap/tuning_hyperparams/sensitivity_results/sensitivity_paper_final/checkpoints/beta__0p01/recap/trial_0/model.pt
beta__0p01,sensitivity,beta,0.01,0,BlogCatalog,0.7278213507625271,0.3350850777139395,/autodl-fs/data/recap/tuning_hyperparams/sensitivity_results/sensitivity_paper_final/checkpoints/beta__0p01/recap/trial_0/model.pt
beta__0p01,sensitivity,beta,0.01,0,weibo,0.7590971330988322,0.3100505980068806,/autodl-fs/data/recap/tuning_hyperparams/sensitivity_results/sensitivity_paper_final/checkpoints/beta__0p01/recap/trial_0/model.pt
beta__0p01,sensitivity,beta,0.01,0,Reddit,0.597453339879594,0.047779805541509485,/autodl-fs/data/recap/tuning_hyperparams/sensitivity_results/sensitivity_paper_final/checkpoints/beta__0p01/recap/trial_0/model.pt
beta__0p01,sensitivity,beta,0.01,0,Amazon,0.7261210210533471,0.1306312233191988,/autodl-fs/data/recap/tuning_hyperparams/sensitivity_results/sensitivity_paper_final/checkpoints/beta__0p01/recap/trial_0/model.pt
beta__0p01,sensitivity,beta,0.01,1,Facebook,0.5783333333333334,0.04548043516394253,/autodl-fs/data/recap/tuning_hyperparams/sensitivity_results/sensitivity_paper_final/checkpoints/beta__0p01/recap/trial_1/model.pt
beta__0p01,sensitivity,beta,0.01,1,cora,0.8319181652332551,0.4218047991602887,/autodl-fs/data/recap/tuning_hyperparams/sensitivity_results/sensitivity_paper_final/checkpoints/beta__0p01/recap/trial_1/model.pt
beta__0p01,sensitivity,beta,0.01,1,citeseer,0.9002182352323996,0.4578401178552732,/autodl-fs/data/recap/tuning_hyperparams/sensitivity_results/sensitivity_paper_final/checkpoints/beta__0p01/recap/trial_1/model.pt
beta__0p01,sensitivity,beta,0.01,1,ACM,0.7919749710555252,0.37139201823815615,/autodl-fs/data/recap/tuning_hyperparams/sensitivity_results/sensitivity_paper_final/checkpoints/beta__0p01/recap/trial_1/model.pt
beta__0p01,sensitivity,beta,0.01,1,BlogCatalog,0.7245996732026144,0.3355973672455,/autodl-fs/data/recap/tuning_hyperparams/sensitivity_results/sensitivity_paper_final/checkpoints/beta__0p01/recap/trial_1/model.pt
beta__0p01,sensitivity,beta,0.01,1,weibo,0.7509782767532707,0.30408298104874604,/autodl-fs/data/recap/tuning_hyperparams/sensitivity_results/sensitivity_paper_final/checkpoints/beta__0p01/recap/trial_1/model.pt
beta__0p01,sensitivity,beta,0.01,1,Reddit,0.596060329556882,0.04616181664255492,/autodl-fs/data/recap/tuning_hyperparams/sensitivity_results/sensitivity_paper_final/checkpoints/beta__0p01/recap/trial_1/model.pt
beta__0p01,sensitivity,beta,0.01,1,Amazon,0.7434405205887736,0.13836968184480083,/autodl-fs/data/recap/tuning_hyperparams/sensitivity_results/sensitivity_paper_final/checkpoints/beta__0p01/recap/trial_1/model.pt
beta__0p01,sensitivity,beta,0.01,2,Facebook,0.5801515151515152,0.03661747352359783,/autodl-fs/data/recap/tuning_hyperparams/sensitivity_results/sensitivity_paper_final/checkpoints/beta__0p01/recap/trial_2/model.pt
beta__0p01,sensitivity,beta,0.01,2,cora,0.8243849361480323,0.406425778798522,/autodl-fs/data/recap/tuning_hyperparams/sensitivity_results/sensitivity_paper_final/checkpoints/beta__0p01/recap/trial_2/model.pt
beta__0p01,sensitivity,beta,0.01,2,citeseer,0.9016378134508445,0.43917858628670897,/autodl-fs/data/recap/tuning_hyperparams/sensitivity_results/sensitivity_paper_final/checkpoints/beta__0p01/recap/trial_2/model.pt
beta__0p01,sensitivity,beta,0.01,2,ACM,0.7947838055175903,0.3749854565869025,/autodl-fs/data/recap/tuning_hyperparams/sensitivity_results/sensitivity_paper_final/checkpoints/beta__0p01/recap/trial_2/model.pt
beta__0p01,sensitivity,beta,0.01,2,BlogCatalog,0.729030841503268,0.3369899179708626,/autodl-fs/data/recap/tuning_hyperparams/sensitivity_results/sensitivity_paper_final/checkpoints/beta__0p01/recap/trial_2/model.pt
beta__0p01,sensitivity,beta,0.01,2,weibo,0.7446955235890039,0.2997309769458334,/autodl-fs/data/recap/tuning_hyperparams/sensitivity_results/sensitivity_paper_final/checkpoints/beta__0p01/recap/trial_2/model.pt
beta__0p01,sensitivity,beta,0.01,2,Reddit,0.591486567299369,0.04502655261769252,/autodl-fs/data/recap/tuning_hyperparams/sensitivity_results/sensitivity_paper_final/checkpoints/beta__0p01/recap/trial_2/model.pt
beta__0p01,sensitivity,beta,0.01,2,Amazon,0.7287257211714246,0.13216153623808513,/autodl-fs/data/recap/tuning_hyperparams/sensitivity_results/sensitivity_paper_final/checkpoints/beta__0p01/recap/trial_2/model.pt
beta__0p02,sensitivity,beta,0.02,0,Facebook,0.585719696969697,0.049658061682813184,/autodl-fs/data/recap/tuning_hyperparams/sensitivity_results/sensitivity_paper_final/checkpoints/beta__0p02/recap/trial_0/model.pt
beta__0p02,sensitivity,beta,0.02,0,cora,0.8303778994005735,0.4261986524864237,/autodl-fs/data/recap/tuning_hyperparams/sensitivity_results/sensitivity_paper_final/checkpoints/beta__0p02/recap/trial_0/model.pt
beta__0p02,sensitivity,beta,0.02,0,citeseer,0.902935683558913,0.4351395048975374,/autodl-fs/data/recap/tuning_hyperparams/sensitivity_results/sensitivity_paper_final/checkpoints/beta__0p02/recap/trial_0/model.pt
beta__0p02,sensitivity,beta,0.02,0,ACM,0.793932630779419,0.37210327172088536,/autodl-fs/data/recap/tuning_hyperparams/sensitivity_results/sensitivity_paper_final/checkpoints/beta__0p02/recap/trial_0/model.pt
beta__0p02,sensitivity,beta,0.02,0,BlogCatalog,0.7294209558823529,0.33487956688666093,/autodl-fs/data/recap/tuning_hyperparams/sensitivity_results/sensitivity_paper_final/checkpoints/beta__0p02/recap/trial_0/model.pt
beta__0p02,sensitivity,beta,0.02,0,weibo,0.7623959128820095,0.31076665710935336,/autodl-fs/data/recap/tuning_hyperparams/sensitivity_results/sensitivity_paper_final/checkpoints/beta__0p02/recap/trial_0/model.pt
beta__0p02,sensitivity,beta,0.02,0,Reddit,0.5972074691188383,0.04772185634311958,/autodl-fs/data/recap/tuning_hyperparams/sensitivity_results/sensitivity_paper_final/checkpoints/beta__0p02/recap/trial_0/model.pt
beta__0p02,sensitivity,beta,0.02,0,Amazon,0.7263637166060837,0.13063477504223928,/autodl-fs/data/recap/tuning_hyperparams/sensitivity_results/sensitivity_paper_final/checkpoints/beta__0p02/recap/trial_0/model.pt
beta__0p02,sensitivity,beta,0.02,1,Facebook,0.5799621212121212,0.0435852450508432,/autodl-fs/data/recap/tuning_hyperparams/sensitivity_results/sensitivity_paper_final/checkpoints/beta__0p02/recap/trial_1/model.pt
beta__0p02,sensitivity,beta,0.02,1,cora,0.8311623664321086,0.41990548270998534,/autodl-fs/data/recap/tuning_hyperparams/sensitivity_results/sensitivity_paper_final/checkpoints/beta__0p02/recap/trial_1/model.pt
beta__0p02,sensitivity,beta,0.02,1,citeseer,0.8996831392298814,0.4558170392205249,/autodl-fs/data/recap/tuning_hyperparams/sensitivity_results/sensitivity_paper_final/checkpoints/beta__0p02/recap/trial_1/model.pt
beta__0p02,sensitivity,beta,0.02,1,ACM,0.7900143591586265,0.3702992317579076,/autodl-fs/data/recap/tuning_hyperparams/sensitivity_results/sensitivity_paper_final/checkpoints/beta__0p02/recap/trial_1/model.pt
beta__0p02,sensitivity,beta,0.02,1,BlogCatalog,0.7252556508714597,0.33528734839371754,/autodl-fs/data/recap/tuning_hyperparams/sensitivity_results/sensitivity_paper_final/checkpoints/beta__0p02/recap/trial_1/model.pt
beta__0p02,sensitivity,beta,0.02,1,weibo,0.7543944497468403,0.3047093049203788,/autodl-fs/data/recap/tuning_hyperparams/sensitivity_results/sensitivity_paper_final/checkpoints/beta__0p02/recap/trial_1/model.pt
beta__0p02,sensitivity,beta,0.02,1,Reddit,0.5957997914665991,0.046128693384969846,/autodl-fs/data/recap/tuning_hyperparams/sensitivity_results/sensitivity_paper_final/checkpoints/beta__0p02/recap/trial_1/model.pt
beta__0p02,sensitivity,beta,0.02,1,Amazon,0.7433752668250623,0.13827268227153222,/autodl-fs/data/recap/tuning_hyperparams/sensitivity_results/sensitivity_paper_final/checkpoints/beta__0p02/recap/trial_1/model.pt
beta__0p02,sensitivity,beta,0.02,2,Facebook,0.5820454545454545,0.036596573095450696,/autodl-fs/data/recap/tuning_hyperparams/sensitivity_results/sensitivity_paper_final/checkpoints/beta__0p02/recap/trial_2/model.pt
beta__0p02,sensitivity,beta,0.02,2,cora,0.8236226218399791,0.4047782574688491,/autodl-fs/data/recap/tuning_hyperparams/sensitivity_results/sensitivity_paper_final/checkpoints/beta__0p02/recap/trial_2/model.pt
beta__0p02,sensitivity,beta,0.02,2,citeseer,0.9010114363655439,0.43695856200449723,/autodl-fs/data/recap/tuning_hyperparams/sensitivity_results/sensitivity_paper_final/checkpoints/beta__0p02/recap/trial_2/model.pt
beta__0p02,sensitivity,beta,0.02,2,ACM,0.7928835022977923,0.3739673682178444,/autodl-fs/data/recap/tuning_hyperparams/sensitivity_results/sensitivity_paper_final/checkpoints/beta__0p02/recap/trial_2/model.pt
beta__0p02,sensitivity,beta,0.02,2,BlogCatalog,0.7287077886710239,0.3364387418337065,/autodl-fs/data/recap/tuning_hyperparams/sensitivity_results/sensitivity_paper_final/checkpoints/beta__0p02/recap/trial_2/model.pt
beta__0p02,sensitivity,beta,0.02,2,weibo,0.7520093651656437,0.3014582919474307,/autodl-fs/data/recap/tuning_hyperparams/sensitivity_results/sensitivity_paper_final/checkpoints/beta__0p02/recap/trial_2/model.pt
beta__0p02,sensitivity,beta,0.02,2,Reddit,0.591176880789092,0.044989296962470324,/autodl-fs/data/recap/tuning_hyperparams/sensitivity_results/sensitivity_paper_final/checkpoints/beta__0p02/recap/trial_2/model.pt
beta__0p02,sensitivity,beta,0.02,2,Amazon,0.7285953650448458,0.13201101820215574,/autodl-fs/data/recap/tuning_hyperparams/sensitivity_results/sensitivity_paper_final/checkpoints/beta__0p02/recap/trial_2/model.pt
beta__0p03,sensitivity,beta,0.03,0,Facebook,0.5875,0.049772997074555646,/autodl-fs/data/recap/tuning_hyperparams/sensitivity_results/sensitivity_paper_final/checkpoints/beta__0p03/recap/trial_0/model.pt
beta__0p03,sensitivity,beta,0.03,0,cora,0.8295074276778734,0.4246578438321838,/autodl-fs/data/recap/tuning_hyperparams/sensitivity_results/sensitivity_paper_final/checkpoints/beta__0p03/recap/trial_0/model.pt
beta__0p03,sensitivity,beta,0.03,0,citeseer,0.902275731822474,0.4335477909019626,/autodl-fs/data/recap/tuning_hyperparams/sensitivity_results/sensitivity_paper_final/checkpoints/beta__0p03/recap/trial_0/model.pt
beta__0p03,sensitivity,beta,0.03,0,ACM,0.7923857975595862,0.3713749379637754,/autodl-fs/data/recap/tuning_hyperparams/sensitivity_results/sensitivity_paper_final/checkpoints/beta__0p03/recap/trial_0/model.pt
beta__0p03,sensitivity,beta,0.03,0,BlogCatalog,0.7308193763616557,0.33496481595557237,/autodl-fs/data/recap/tuning_hyperparams/sensitivity_results/sensitivity_paper_final/checkpoints/beta__0p03/recap/trial_0/model.pt
beta__0p03,sensitivity,beta,0.03,0,weibo,0.7629696569122284,0.3111443920213072,/autodl-fs/data/recap/tuning_hyperparams/sensitivity_results/sensitivity_paper_final/checkpoints/beta__0p03/recap/trial_0/model.pt
beta__0p03,sensitivity,beta,0.03,0,Reddit,0.5969169530655748,0.04769027769598192,/autodl-fs/data/recap/tuning_hyperparams/sensitivity_results/sensitivity_paper_final/checkpoints/beta__0p03/recap/trial_0/model.pt
beta__0p03,sensitivity,beta,0.03,0,Amazon,0.7266874116102948,0.13067875637590892,/autodl-fs/data/recap/tuning_hyperparams/sensitivity_results/sensitivity_paper_final/checkpoints/beta__0p03/recap/trial_0/model.pt
beta__0p03,sensitivity,beta,0.03,1,Facebook,0.5818560606060605,0.04367960409985991,/autodl-fs/data/recap/tuning_hyperparams/sensitivity_results/sensitivity_paper_final/checkpoints/beta__0p03/recap/trial_1/model.pt
beta__0p03,sensitivity,beta,0.03,1,cora,0.8304586916862131,0.4191074213376388,/autodl-fs/data/recap/tuning_hyperparams/sensitivity_results/sensitivity_paper_final/checkpoints/beta__0p03/recap/trial_1/model.pt
beta__0p03,sensitivity,beta,0.03,1,citeseer,0.899170076592173,0.4545390535689921,/autodl-fs/data/recap/tuning_hyperparams/sensitivity_results/sensitivity_paper_final/checkpoints/beta__0p03/recap/trial_1/model.pt
beta__0p03,sensitivity,beta,0.03,1,ACM,0.7883812803131498,0.36913905940462577,/autodl-fs/data/recap/tuning_hyperparams/sensitivity_results/sensitivity_paper_final/checkpoints/beta__0p03/recap/trial_1/model.pt
beta__0p03,sensitivity,beta,0.03,1,BlogCatalog,0.7248794934640523,0.3349643194864949,/autodl-fs/data/recap/tuning_hyperparams/sensitivity_results/sensitivity_paper_final/checkpoints/beta__0p03/recap/trial_1/model.pt
beta__0p03,sensitivity,beta,0.03,1,weibo,0.7516110995280426,0.3042167316416902,/autodl-fs/data/recap/tuning_hyperparams/sensitivity_results/sensitivity_paper_final/checkpoints/beta__0p03/recap/trial_1/model.pt
beta__0p03,sensitivity,beta,0.03,1,Reddit,0.5955912323335876,0.0460907064738051,/autodl-fs/data/recap/tuning_hyperparams/sensitivity_results/sensitivity_paper_final/checkpoints/beta__0p03/recap/trial_1/model.pt
beta__0p03,sensitivity,beta,0.03,1,Amazon,0.7433375680149366,0.13819073663504047,/autodl-fs/data/recap/tuning_hyperparams/sensitivity_results/sensitivity_paper_final/checkpoints/beta__0p03/recap/trial_1/model.pt
beta__0p03,sensitivity,beta,0.03,2,Facebook,0.5844318181818182,0.0367568657497262,/autodl-fs/data/recap/tuning_hyperparams/sensitivity_results/sensitivity_paper_final/checkpoints/beta__0p03/recap/trial_2/model.pt
beta__0p03,sensitivity,beta,0.03,2,cora,0.8228303362001564,0.4026950198875883,/autodl-fs/data/recap/tuning_hyperparams/sensitivity_results/sensitivity_paper_final/checkpoints/beta__0p03/recap/trial_2/model.pt
beta__0p03,sensitivity,beta,0.03,2,citeseer,0.9006127373832756,0.4345231895359235,/autodl-fs/data/recap/tuning_hyperparams/sensitivity_results/sensitivity_paper_final/checkpoints/beta__0p03/recap/trial_2/model.pt
beta__0p03,sensitivity,beta,0.03,2,ACM,0.7911540033732793,0.3728520374711459,/autodl-fs/data/recap/tuning_hyperparams/sensitivity_results/sensitivity_paper_final/checkpoints/beta__0p03/recap/trial_2/model.pt
beta__0p03,sensitivity,beta,0.03,2,BlogCatalog,0.7292776416122003,0.3360212751529862,/autodl-fs/data/recap/tuning_hyperparams/sensitivity_results/sensitivity_paper_final/checkpoints/beta__0p03/recap/trial_2/model.pt
beta__0p03,sensitivity,beta,0.03,2,weibo,0.7482110528153276,0.3009607909564303,/autodl-fs/data/recap/tuning_hyperparams/sensitivity_results/sensitivity_paper_final/checkpoints/beta__0p03/recap/trial_2/model.pt
beta__0p03,sensitivity,beta,0.03,2,Reddit,0.5910330380310989,0.04495594509470069,/autodl-fs/data/recap/tuning_hyperparams/sensitivity_results/sensitivity_paper_final/checkpoints/beta__0p03/recap/trial_2/model.pt
beta__0p03,sensitivity,beta,0.03,2,Amazon,0.7284377567663687,0.13176270132234952,/autodl-fs/data/recap/tuning_hyperparams/sensitivity_results/sensitivity_paper_final/checkpoints/beta__0p03/recap/trial_2/model.pt
beta__0p05,sensitivity,beta,0.05,0,Facebook,0.5908333333333333,0.04995510814608277,/autodl-fs/data/recap/tuning_hyperparams/sensitivity_results/sensitivity_paper_final/checkpoints/beta__0p05/recap/trial_0/model.pt
beta__0p05,sensitivity,beta,0.05,0,cora,0.8278290330987751,0.42242542306874187,/autodl-fs/data/recap/tuning_hyperparams/sensitivity_results/sensitivity_paper_final/checkpoints/beta__0p05/recap/trial_0/model.pt
beta__0p05,sensitivity,beta,0.05,0,citeseer,0.9007932011331445,0.4294844753899469,/autodl-fs/data/recap/tuning_hyperparams/sensitivity_results/sensitivity_paper_final/checkpoints/beta__0p05/recap/trial_0/model.pt
beta__0p05,sensitivity,beta,0.05,0,ACM,0.789622352757472,0.3690677497062559,/autodl-fs/data/recap/tuning_hyperparams/sensitivity_results/sensitivity_paper_final/checkpoints/beta__0p05/recap/trial_0/model.pt
beta__0p05,sensitivity,beta,0.05,0,BlogCatalog,0.7341564542483661,0.33498872231505983,/autodl-fs/data/recap/tuning_hyperparams/sensitivity_results/sensitivity_paper_final/checkpoints/beta__0p05/recap/trial_0/model.pt
beta__0p05,sensitivity,beta,0.05,0,weibo,0.7578572437419331,0.31043230912449316,/autodl-fs/data/recap/tuning_hyperparams/sensitivity_results/sensitivity_paper_final/checkpoints/beta__0p05/recap/trial_0/model.pt
beta__0p05,sensitivity,beta,0.05,0,Reddit,0.5966326127300069,0.04763438854863444,/autodl-fs/data/recap/tuning_hyperparams/sensitivity_results/sensitivity_paper_final/checkpoints/beta__0p05/recap/trial_0/model.pt
beta__0p05,sensitivity,beta,0.05,0,Amazon,0.7269575107157732,0.13047541939917429,/autodl-fs/data/recap/tuning_hyperparams/sensitivity_results/sensitivity_paper_final/checkpoints/beta__0p05/recap/trial_0/model.pt
beta__0p05,sensitivity,beta,0.05,1,Facebook,0.5846969696969697,0.04384810885155936,/autodl-fs/data/recap/tuning_hyperparams/sensitivity_results/sensitivity_paper_final/checkpoints/beta__0p05/recap/trial_1/model.pt
beta__0p05,sensitivity,beta,0.05,1,cora,0.8290513421944227,0.41758156141914365,/autodl-fs/data/recap/tuning_hyperparams/sensitivity_results/sensitivity_paper_final/checkpoints/beta__0p05/recap/trial_1/model.pt
beta__0p05,sensitivity,beta,0.05,1,citeseer,0.8982688070506767,0.4512661839216991,/autodl-fs/data/recap/tuning_hyperparams/sensitivity_results/sensitivity_paper_final/checkpoints/beta__0p05/recap/trial_1/model.pt
beta__0p05,sensitivity,beta,0.05,1,ACM,0.785131886747474,0.36670194327961303,/autodl-fs/data/recap/tuning_hyperparams/sensitivity_results/sensitivity_paper_final/checkpoints/beta__0p05/recap/trial_1/model.pt
beta__0p05,sensitivity,beta,0.05,1,BlogCatalog,0.7243375544662309,0.33380039153565844,/autodl-fs/data/recap/tuning_hyperparams/sensitivity_results/sensitivity_paper_final/checkpoints/beta__0p05/recap/trial_1/model.pt
beta__0p05,sensitivity,beta,0.05,1,weibo,0.7490946354359966,0.30421111862440164,/autodl-fs/data/recap/tuning_hyperparams/sensitivity_results/sensitivity_paper_final/checkpoints/beta__0p05/recap/trial_1/model.pt
beta__0p05,sensitivity,beta,0.05,1,Reddit,0.595044038013601,0.046022328579863186,/autodl-fs/data/recap/tuning_hyperparams/sensitivity_results/sensitivity_paper_final/checkpoints/beta__0p05/recap/trial_1/model.pt
beta__0p05,sensitivity,beta,0.05,1,Amazon,0.7432199295592433,0.13791826331031587,/autodl-fs/data/recap/tuning_hyperparams/sensitivity_results/sensitivity_paper_final/checkpoints/beta__0p05/recap/trial_1/model.pt
beta__0p05,sensitivity,beta,0.05,2,Facebook,0.5890909090909091,0.036833764097652245,/autodl-fs/data/recap/tuning_hyperparams/sensitivity_results/sensitivity_paper_final/checkpoints/beta__0p05/recap/trial_2/model.pt
beta__0p05,sensitivity,beta,0.05,2,cora,0.8213838936669273,0.4001168128044832,/autodl-fs/data/recap/tuning_hyperparams/sensitivity_results/sensitivity_paper_final/checkpoints/beta__0p05/recap/trial_2/model.pt
beta__0p05,sensitivity,beta,0.05,2,citeseer,0.8992718497534361,0.4305585160372206,/autodl-fs/data/recap/tuning_hyperparams/sensitivity_results/sensitivity_paper_final/checkpoints/beta__0p05/recap/trial_2/model.pt
beta__0p05,sensitivity,beta,0.05,2,ACM,0.7881033015943105,0.370677960509851,/autodl-fs/data/recap/tuning_hyperparams/sensitivity_results/sensitivity_paper_final/checkpoints/beta__0p05/recap/trial_2/model.pt
beta__0p05,sensitivity,beta,0.05,2,BlogCatalog,0.7271337145969499,0.3343796585483098,/autodl-fs/data/recap/tuning_hyperparams/sensitivity_results/sensitivity_paper_final/checkpoints/beta__0p05/recap/trial_2/model.pt
beta__0p05,sensitivity,beta,0.05,2,weibo,0.7529213025265831,0.3018208977328638,/autodl-fs/data/recap/tuning_hyperparams/sensitivity_results/sensitivity_paper_final/checkpoints/beta__0p05/recap/trial_2/model.pt
beta__0p05,sensitivity,beta,0.05,2,Reddit,0.5904432569911698,0.044875460011075105,/autodl-fs/data/recap/tuning_hyperparams/sensitivity_results/sensitivity_paper_final/checkpoints/beta__0p05/recap/trial_2/model.pt
beta__0p05,sensitivity,beta,0.05,2,Amazon,0.7280232212558306,0.13125717811382903,/autodl-fs/data/recap/tuning_hyperparams/sensitivity_results/sensitivity_paper_final/checkpoints/beta__0p05/recap/trial_2/model.pt
lambda_H__0p1,sensitivity,lambda_H,0.1,0,Facebook,0.5828409090909091,0.0494762986008153,/autodl-fs/data/recap/tuning_hyperparams/sensitivity_results/sensitivity_paper_final/checkpoints/lambda_H__0p1/recap/trial_0/model.pt
lambda_H__0p1,sensitivity,lambda_H,0.1,0,cora,0.8317070628094866,0.4290134836814149,/autodl-fs/data/recap/tuning_hyperparams/sensitivity_results/sensitivity_paper_final/checkpoints/lambda_H__0p1/recap/trial_0/model.pt
lambda_H__0p1,sensitivity,lambda_H,0.1,0,citeseer,0.9041107963487567,0.43838656786582014,/autodl-fs/data/recap/tuning_hyperparams/sensitivity_results/sensitivity_paper_final/checkpoints/lambda_H__0p1/recap/trial_0/model.pt
lambda_H__0p1,sensitivity,lambda_H,0.1,0,ACM,0.7966069832176346,0.37296810277283493,/autodl-fs/data/recap/tuning_hyperparams/sensitivity_results/sensitivity_paper_final/checkpoints/lambda_H__0p1/recap/trial_0/model.pt
lambda_H__0p1,sensitivity,lambda_H,0.1,0,BlogCatalog,0.7257431236383441,0.33488167148230286,/autodl-fs/data/recap/tuning_hyperparams/sensitivity_results/sensitivity_paper_final/checkpoints/lambda_H__0p1/recap/trial_0/model.pt
lambda_H__0p1,sensitivity,lambda_H,0.1,0,weibo,0.756928339393554,0.30942495526063163,/autodl-fs/data/recap/tuning_hyperparams/sensitivity_results/sensitivity_paper_final/checkpoints/lambda_H__0p1/recap/trial_0/model.pt
lambda_H__0p1,sensitivity,lambda_H,0.1,0,Reddit,0.5974978565113165,0.04781562513129789,/autodl-fs/data/recap/tuning_hyperparams/sensitivity_results/sensitivity_paper_final/checkpoints/lambda_H__0p1/recap/trial_0/model.pt
lambda_H__0p1,sensitivity,lambda_H,0.1,0,Amazon,0.7258695442516658,0.1305776904348113,/autodl-fs/data/recap/tuning_hyperparams/sensitivity_results/sensitivity_paper_final/checkpoints/lambda_H__0p1/recap/trial_0/model.pt
lambda_H__0p1,sensitivity,lambda_H,0.1,1,Facebook,0.5777272727272728,0.045465586825680915,/autodl-fs/data/recap/tuning_hyperparams/sensitivity_results/sensitivity_paper_final/checkpoints/lambda_H__0p1/recap/trial_1/model.pt
lambda_H__0p1,sensitivity,lambda_H,0.1,1,cora,0.8323299452697419,0.42365535908822477,/autodl-fs/data/recap/tuning_hyperparams/sensitivity_results/sensitivity_paper_final/checkpoints/lambda_H__0p1/recap/trial_1/model.pt
lambda_H__0p1,sensitivity,lambda_H,0.1,1,citeseer,0.9005256531318855,0.45849840670042313,/autodl-fs/data/recap/tuning_hyperparams/sensitivity_results/sensitivity_paper_final/checkpoints/lambda_H__0p1/recap/trial_1/model.pt
lambda_H__0p1,sensitivity,lambda_H,0.1,1,ACM,0.792994156068102,0.3719635526605788,/autodl-fs/data/recap/tuning_hyperparams/sensitivity_results/sensitivity_paper_final/checkpoints/lambda_H__0p1/recap/trial_1/model.pt
lambda_H__0p1,sensitivity,lambda_H,0.1,1,BlogCatalog,0.7235930691721133,0.3360938901008759,/autodl-fs/data/recap/tuning_hyperparams/sensitivity_results/sensitivity_paper_final/checkpoints/lambda_H__0p1/recap/trial_1/model.pt
lambda_H__0p1,sensitivity,lambda_H,0.1,1,weibo,0.7501992474606075,0.30394170966667755,/autodl-fs/data/recap/tuning_hyperparams/sensitivity_results/sensitivity_paper_final/checkpoints/lambda_H__0p1/recap/trial_1/model.pt
lambda_H__0p1,sensitivity,lambda_H,0.1,1,Reddit,0.5962480456426709,0.04621052948992922,/autodl-fs/data/recap/tuning_hyperparams/sensitivity_results/sensitivity_paper_final/checkpoints/lambda_H__0p1/recap/trial_1/model.pt
lambda_H__0p1,sensitivity,lambda_H,0.1,1,Amazon,0.7433443810529111,0.13837817230335048,/autodl-fs/data/recap/tuning_hyperparams/sensitivity_results/sensitivity_paper_final/checkpoints/lambda_H__0p1/recap/trial_1/model.pt
lambda_H__0p1,sensitivity,lambda_H,0.1,2,Facebook,0.5787878787878789,0.036425280228393954,/autodl-fs/data/recap/tuning_hyperparams/sensitivity_results/sensitivity_paper_final/checkpoints/lambda_H__0p1/recap/trial_2/model.pt
lambda_H__0p1,sensitivity,lambda_H,0.1,2,cora,0.8247797758665624,0.40774412892991546,/autodl-fs/data/recap/tuning_hyperparams/sensitivity_results/sensitivity_paper_final/checkpoints/lambda_H__0p1/recap/trial_2/model.pt
lambda_H__0p1,sensitivity,lambda_H,0.1,2,citeseer,0.9017951946280557,0.44060244605465254,/autodl-fs/data/recap/tuning_hyperparams/sensitivity_results/sensitivity_paper_final/checkpoints/lambda_H__0p1/recap/trial_2/model.pt
lambda_H__0p1,sensitivity,lambda_H,0.1,2,ACM,0.7959158584302305,0.3754163886920653,/autodl-fs/data/recap/tuning_hyperparams/sensitivity_results/sensitivity_paper_final/checkpoints/lambda_H__0p1/recap/trial_2/model.pt
lambda_H__0p1,sensitivity,lambda_H,0.1,2,BlogCatalog,0.7287227668845315,0.33738765251940106,/autodl-fs/data/recap/tuning_hyperparams/sensitivity_results/sensitivity_paper_final/checkpoints/lambda_H__0p1/recap/trial_2/model.pt
lambda_H__0p1,sensitivity,lambda_H,0.1,2,weibo,0.7456005060136506,0.2995383040544593,/autodl-fs/data/recap/tuning_hyperparams/sensitivity_results/sensitivity_paper_final/checkpoints/lambda_H__0p1/recap/trial_2/model.pt
lambda_H__0p1,sensitivity,lambda_H,0.1,2,Reddit,0.5916919099127474,0.04505342139148023,/autodl-fs/data/recap/tuning_hyperparams/sensitivity_results/sensitivity_paper_final/checkpoints/lambda_H__0p1/recap/trial_2/model.pt
lambda_H__0p1,sensitivity,lambda_H,0.1,2,Amazon,0.7288695519731089,0.13229873102728784,/autodl-fs/data/recap/tuning_hyperparams/sensitivity_results/sensitivity_paper_final/checkpoints/lambda_H__0p1/recap/trial_2/model.pt
lambda_H__0p2,sensitivity,lambda_H,0.2,0,Facebook,0.5826893939393939,0.049449548998287234,/autodl-fs/data/recap/tuning_hyperparams/sensitivity_results/sensitivity_paper_final/checkpoints/lambda_H__0p2/recap/trial_0/model.pt
lambda_H__0p2,sensitivity,lambda_H,0.2,0,cora,0.8317122752150117,0.42938428244433424,/autodl-fs/data/recap/tuning_hyperparams/sensitivity_results/sensitivity_paper_final/checkpoints/lambda_H__0p2/recap/trial_0/model.pt
lambda_H__0p2,sensitivity,lambda_H,0.2,0,citeseer,0.9040719756583778,0.43858278640652015,/autodl-fs/data/recap/tuning_hyperparams/sensitivity_results/sensitivity_paper_final/checkpoints/lambda_H__0p2/recap/trial_0/model.pt
lambda_H__0p2,sensitivity,lambda_H,0.2,0,ACM,0.7968235461944961,0.37303995975617554,/autodl-fs/data/recap/tuning_hyperparams/sensitivity_results/sensitivity_paper_final/checkpoints/lambda_H__0p2/recap/trial_0/model.pt
lambda_H__0p2,sensitivity,lambda_H,0.2,0,BlogCatalog,0.7260934095860566,0.33481079572203093,/autodl-fs/data/recap/tuning_hyperparams/sensitivity_results/sensitivity_paper_final/checkpoints/lambda_H__0p2/recap/trial_0/model.pt
lambda_H__0p2,sensitivity,lambda_H,0.2,0,weibo,0.7578603772846584,0.3097517912397835,/autodl-fs/data/recap/tuning_hyperparams/sensitivity_results/sensitivity_paper_final/checkpoints/lambda_H__0p2/recap/trial_0/model.pt
lambda_H__0p2,sensitivity,lambda_H,0.2,0,Reddit,0.597530536350789,0.047812186149958275,/autodl-fs/data/recap/tuning_hyperparams/sensitivity_results/sensitivity_paper_final/checkpoints/lambda_H__0p2/recap/trial_0/model.pt
lambda_H__0p2,sensitivity,lambda_H,0.2,0,Amazon,0.7258622770111595,0.13058132572260192,/autodl-fs/data/recap/tuning_hyperparams/sensitivity_results/sensitivity_paper_final/checkpoints/lambda_H__0p2/recap/trial_0/model.pt
lambda_H__0p2,sensitivity,lambda_H,0.2,1,Facebook,0.5775757575757576,0.04545691013290731,/autodl-fs/data/recap/tuning_hyperparams/sensitivity_results/sensitivity_paper_final/checkpoints/lambda_H__0p2/recap/trial_1/model.pt
lambda_H__0p2,sensitivity,lambda_H,0.2,1,cora,0.832275215011728,0.4222824436350909,/autodl-fs/data/recap/tuning_hyperparams/sensitivity_results/sensitivity_paper_final/checkpoints/lambda_H__0p2/recap/trial_1/model.pt
lambda_H__0p2,sensitivity,lambda_H,0.2,1,citeseer,0.9005277515475817,0.45861774211934137,/autodl-fs/data/recap/tuning_hyperparams/sensitivity_results/sensitivity_paper_final/checkpoints/lambda_H__0p2/recap/trial_1/model.pt
lambda_H__0p2,sensitivity,lambda_H,0.2,1,ACM,0.792959468035294,0.371708884662666,/autodl-fs/data/recap/tuning_hyperparams/sensitivity_results/sensitivity_paper_final/checkpoints/lambda_H__0p2/recap/trial_1/model.pt
lambda_H__0p2,sensitivity,lambda_H,0.2,1,BlogCatalog,0.7242303240740741,0.3360963550010497,/autodl-fs/data/recap/tuning_hyperparams/sensitivity_results/sensitivity_paper_final/checkpoints/lambda_H__0p2/recap/trial_1/model.pt
lambda_H__0p2,sensitivity,lambda_H,0.2,1,weibo,0.7495083395036102,0.3039646616800882,/autodl-fs/data/recap/tuning_hyperparams/sensitivity_results/sensitivity_paper_final/checkpoints/lambda_H__0p2/recap/trial_1/model.pt
lambda_H__0p2,sensitivity,lambda_H,0.2,1,Reddit,0.5961740656911092,0.046198335076004446,/autodl-fs/data/recap/tuning_hyperparams/sensitivity_results/sensitivity_paper_final/checkpoints/lambda_H__0p2/recap/trial_1/model.pt
lambda_H__0p2,sensitivity,lambda_H,0.2,1,Amazon,0.743342110040253,0.13838433035328757,/autodl-fs/data/recap/tuning_hyperparams/sensitivity_results/sensitivity_paper_final/checkpoints/lambda_H__0p2/recap/trial_1/model.pt
lambda_H__0p2,sensitivity,lambda_H,0.2,2,Facebook,0.5785984848484849,0.03641114839718629,/autodl-fs/data/recap/tuning_hyperparams/sensitivity_results/sensitivity_paper_final/checkpoints/lambda_H__0p2/recap/trial_2/model.pt
lambda_H__0p2,sensitivity,lambda_H,0.2,2,cora,0.8247719572582747,0.4077770609746032,/autodl-fs/data/recap/tuning_hyperparams/sensitivity_results/sensitivity_paper_final/checkpoints/lambda_H__0p2/recap/trial_2/model.pt
lambda_H__0p2,sensitivity,lambda_H,0.2,2,citeseer,0.9018130311614729,0.4403479696105099,/autodl-fs/data/recap/tuning_hyperparams/sensitivity_results/sensitivity_paper_final/checkpoints/lambda_H__0p2/recap/trial_2/model.pt
lambda_H__0p2,sensitivity,lambda_H,0.2,2,ACM,0.795973636673327,0.3755843076115749,/autodl-fs/data/recap/tuning_hyperparams/sensitivity_results/sensitivity_paper_final/checkpoints/lambda_H__0p2/recap/trial_2/model.pt
lambda_H__0p2,sensitivity,lambda_H,0.2,2,BlogCatalog,0.7292395152505446,0.3374714147374884,/autodl-fs/data/recap/tuning_hyperparams/sensitivity_results/sensitivity_paper_final/checkpoints/lambda_H__0p2/recap/trial_2/model.pt
lambda_H__0p2,sensitivity,lambda_H,0.2,2,weibo,0.7446330820181115,0.29953022051874095,/autodl-fs/data/recap/tuning_hyperparams/sensitivity_results/sensitivity_paper_final/checkpoints/lambda_H__0p2/recap/trial_2/model.pt
lambda_H__0p2,sensitivity,lambda_H,0.2,2,Reddit,0.591703232061856,0.04505284761960403,/autodl-fs/data/recap/tuning_hyperparams/sensitivity_results/sensitivity_paper_final/checkpoints/lambda_H__0p2/recap/trial_2/model.pt
lambda_H__0p2,sensitivity,lambda_H,0.2,2,Amazon,0.728854411888721,0.1322877401846742,/autodl-fs/data/recap/tuning_hyperparams/sensitivity_results/sensitivity_paper_final/checkpoints/lambda_H__0p2/recap/trial_2/model.pt
lambda_H__0p5,sensitivity,lambda_H,0.5,0,Facebook,0.5758712121212122,0.04307953645744825,/autodl-fs/data/recap/tuning_hyperparams/sensitivity_results/sensitivity_paper_final/checkpoints/lambda_H__0p5/recap/trial_0/model.pt
lambda_H__0p5,sensitivity,lambda_H,0.5,0,cora,0.8357466770914778,0.42273548082474954,/autodl-fs/data/recap/tuning_hyperparams/sensitivity_results/sensitivity_paper_final/checkpoints/lambda_H__0p5/recap/trial_0/model.pt
lambda_H__0p5,sensitivity,lambda_H,0.5,0,citeseer,0.9026870212989192,0.4080479117572397,/autodl-fs/data/recap/tuning_hyperparams/sensitivity_results/sensitivity_paper_final/checkpoints/lambda_H__0p5/recap/trial_0/model.pt
lambda_H__0p5,sensitivity,lambda_H,0.5,0,ACM,0.7969789042988805,0.3760102113695469,/autodl-fs/data/recap/tuning_hyperparams/sensitivity_results/sensitivity_paper_final/checkpoints/lambda_H__0p5/recap/trial_0/model.pt
lambda_H__0p5,sensitivity,lambda_H,0.5,0,BlogCatalog,0.7222753267973855,0.3364070803683386,/autodl-fs/data/recap/tuning_hyperparams/sensitivity_results/sensitivity_paper_final/checkpoints/lambda_H__0p5/recap/trial_0/model.pt
lambda_H__0p5,sensitivity,lambda_H,0.5,0,weibo,0.7552406591384194,0.3125129824299322,/autodl-fs/data/recap/tuning_hyperparams/sensitivity_results/sensitivity_paper_final/checkpoints/lambda_H__0p5/recap/trial_0/model.pt
lambda_H__0p5,sensitivity,lambda_H,0.5,0,Reddit,0.5998353656590983,0.048254355514999014,/autodl-fs/data/recap/tuning_hyperparams/sensitivity_results/sensitivity_paper_final/checkpoints/lambda_H__0p5/recap/trial_0/model.pt
lambda_H__0p5,sensitivity,lambda_H,0.5,0,Amazon,0.7441808707153372,0.14007531476503093,/autodl-fs/data/recap/tuning_hyperparams/sensitivity_results/sensitivity_paper_final/checkpoints/lambda_H__0p5/recap/trial_0/model.pt
lambda_H__0p5,sensitivity,lambda_H,0.5,1,Facebook,0.5695454545454546,0.04338592920436647,/autodl-fs/data/recap/tuning_hyperparams/sensitivity_results/sensitivity_paper_final/checkpoints/lambda_H__0p5/recap/trial_1/model.pt
lambda_H__0p5,sensitivity,lambda_H,0.5,1,cora,0.8368621318738598,0.4123707815667279,/autodl-fs/data/recap/tuning_hyperparams/sensitivity_results/sensitivity_paper_final/checkpoints/lambda_H__0p5/recap/trial_1/model.pt
lambda_H__0p5,sensitivity,lambda_H,0.5,1,citeseer,0.9000996747455671,0.4374640127597734,/autodl-fs/data/recap/tuning_hyperparams/sensitivity_results/sensitivity_paper_final/checkpoints/lambda_H__0p5/recap/trial_1/model.pt
lambda_H__0p5,sensitivity,lambda_H,0.5,1,ACM,0.7926137474894669,0.37429767573221506,/autodl-fs/data/recap/tuning_hyperparams/sensitivity_results/sensitivity_paper_final/checkpoints/lambda_H__0p5/recap/trial_1/model.pt
lambda_H__0p5,sensitivity,lambda_H,0.5,1,BlogCatalog,0.7203781998910675,0.3371172942012493,/autodl-fs/data/recap/tuning_hyperparams/sensitivity_results/sensitivity_paper_final/checkpoints/lambda_H__0p5/recap/trial_1/model.pt
lambda_H__0p5,sensitivity,lambda_H,0.5,1,weibo,0.7511014784818857,0.3067466016603292,/autodl-fs/data/recap/tuning_hyperparams/sensitivity_results/sensitivity_paper_final/checkpoints/lambda_H__0p5/recap/trial_1/model.pt
lambda_H__0p5,sensitivity,lambda_H,0.5,1,Reddit,0.5931332966907417,0.04596938291769147,/autodl-fs/data/recap/tuning_hyperparams/sensitivity_results/sensitivity_paper_final/checkpoints/lambda_H__0p5/recap/trial_1/model.pt
lambda_H__0p5,sensitivity,lambda_H,0.5,1,Amazon,0.754843275145447,0.14485436575804247,/autodl-fs/data/recap/tuning_hyperparams/sensitivity_results/sensitivity_paper_final/checkpoints/lambda_H__0p5/recap/trial_1/model.pt
lambda_H__0p5,sensitivity,lambda_H,0.5,2,Facebook,0.5720454545454546,0.03381714148827433,/autodl-fs/data/recap/tuning_hyperparams/sensitivity_results/sensitivity_paper_final/checkpoints/lambda_H__0p5/recap/trial_2/model.pt
lambda_H__0p5,sensitivity,lambda_H,0.5,2,cora,0.8289757623143081,0.40196552360157894,/autodl-fs/data/recap/tuning_hyperparams/sensitivity_results/sensitivity_paper_final/checkpoints/lambda_H__0p5/recap/trial_2/model.pt
lambda_H__0p5,sensitivity,lambda_H,0.5,2,citeseer,0.9050802644003777,0.425476817153881,/autodl-fs/data/recap/tuning_hyperparams/sensitivity_results/sensitivity_paper_final/checkpoints/lambda_H__0p5/recap/trial_2/model.pt
lambda_H__0p5,sensitivity,lambda_H,0.5,2,ACM,0.7958635100767681,0.3765471674124543,/autodl-fs/data/recap/tuning_hyperparams/sensitivity_results/sensitivity_paper_final/checkpoints/lambda_H__0p5/recap/trial_2/model.pt
lambda_H__0p5,sensitivity,lambda_H,0.5,2,BlogCatalog,0.7276521650326799,0.3378638374902524,/autodl-fs/data/recap/tuning_hyperparams/sensitivity_results/sensitivity_paper_final/checkpoints/lambda_H__0p5/recap/trial_2/model.pt
lambda_H__0p5,sensitivity,lambda_H,0.5,2,weibo,0.7436564102501393,0.30222856430126366,/autodl-fs/data/recap/tuning_hyperparams/sensitivity_results/sensitivity_paper_final/checkpoints/lambda_H__0p5/recap/trial_2/model.pt
lambda_H__0p5,sensitivity,lambda_H,0.5,2,Reddit,0.591338092753104,0.04539276912000461,/autodl-fs/data/recap/tuning_hyperparams/sensitivity_results/sensitivity_paper_final/checkpoints/lambda_H__0p5/recap/trial_2/model.pt
lambda_H__0p5,sensitivity,lambda_H,0.5,2,Amazon,0.74644613014144,0.1411994536009949,/autodl-fs/data/recap/tuning_hyperparams/sensitivity_results/sensitivity_paper_final/checkpoints/lambda_H__0p5/recap/trial_2/model.pt
lambda_H__0p8,sensitivity,lambda_H,0.8,0,Facebook,0.5342045454545454,0.038853812950395264,/autodl-fs/data/recap/tuning_hyperparams/sensitivity_results/sensitivity_paper_final/checkpoints/lambda_H__0p8/recap/trial_0/model.pt
lambda_H__0p8,sensitivity,lambda_H,0.8,0,cora,0.7409147771696638,0.2175979052610349,/autodl-fs/data/recap/tuning_hyperparams/sensitivity_results/sensitivity_paper_final/checkpoints/lambda_H__0p8/recap/trial_0/model.pt
lambda_H__0p8,sensitivity,lambda_H,0.8,0,citeseer,0.8242639806945755,0.24971872369110878,/autodl-fs/data/recap/tuning_hyperparams/sensitivity_results/sensitivity_paper_final/checkpoints/lambda_H__0p8/recap/trial_0/model.pt
lambda_H__0p8,sensitivity,lambda_H,0.8,0,ACM,0.7432842017940988,0.30959561705785144,/autodl-fs/data/recap/tuning_hyperparams/sensitivity_results/sensitivity_paper_final/checkpoints/lambda_H__0p8/recap/trial_0/model.pt
lambda_H__0p8,sensitivity,lambda_H,0.8,0,BlogCatalog,0.7222235838779956,0.32751726884741694,/autodl-fs/data/recap/tuning_hyperparams/sensitivity_results/sensitivity_paper_final/checkpoints/lambda_H__0p8/recap/trial_0/model.pt
lambda_H__0p8,sensitivity,lambda_H,0.8,0,weibo,0.7798380523977257,0.3051345365000917,/autodl-fs/data/recap/tuning_hyperparams/sensitivity_results/sensitivity_paper_final/checkpoints/lambda_H__0p8/recap/trial_0/model.pt
lambda_H__0p8,sensitivity,lambda_H,0.8,0,Reddit,0.5930238063624302,0.04430366183378943,/autodl-fs/data/recap/tuning_hyperparams/sensitivity_results/sensitivity_paper_final/checkpoints/lambda_H__0p8/recap/trial_0/model.pt
lambda_H__0p8,sensitivity,lambda_H,0.8,0,Amazon,0.6421059675702421,0.11272368306697811,/autodl-fs/data/recap/tuning_hyperparams/sensitivity_results/sensitivity_paper_final/checkpoints/lambda_H__0p8/recap/trial_0/model.pt
lambda_H__0p8,sensitivity,lambda_H,0.8,1,Facebook,0.5573863636363636,0.0340993190102961,/autodl-fs/data/recap/tuning_hyperparams/sensitivity_results/sensitivity_paper_final/checkpoints/lambda_H__0p8/recap/trial_1/model.pt
lambda_H__0p8,sensitivity,lambda_H,0.8,1,cora,0.6739066979410998,0.11566044729207009,/autodl-fs/data/recap/tuning_hyperparams/sensitivity_results/sensitivity_paper_final/checkpoints/lambda_H__0p8/recap/trial_1/model.pt
lambda_H__0p8,sensitivity,lambda_H,0.8,1,citeseer,0.7214290210890777,0.15239347369672848,/autodl-fs/data/recap/tuning_hyperparams/sensitivity_results/sensitivity_paper_final/checkpoints/lambda_H__0p8/recap/trial_1/model.pt
lambda_H__0p8,sensitivity,lambda_H,0.8,1,ACM,0.7363082169834507,0.3189108169504432,/autodl-fs/data/recap/tuning_hyperparams/sensitivity_results/sensitivity_paper_final/checkpoints/lambda_H__0p8/recap/trial_1/model.pt
lambda_H__0p8,sensitivity,lambda_H,0.8,1,BlogCatalog,0.7205817674291939,0.3182683809740726,/autodl-fs/data/recap/tuning_hyperparams/sensitivity_results/sensitivity_paper_final/checkpoints/lambda_H__0p8/recap/trial_1/model.pt
lambda_H__0p8,sensitivity,lambda_H,0.8,1,weibo,0.7636500178229795,0.2693526187758242,/autodl-fs/data/recap/tuning_hyperparams/sensitivity_results/sensitivity_paper_final/checkpoints/lambda_H__0p8/recap/trial_1/model.pt
lambda_H__0p8,sensitivity,lambda_H,0.8,1,Reddit,0.55740561187467,0.041118696680015505,/autodl-fs/data/recap/tuning_hyperparams/sensitivity_results/sensitivity_paper_final/checkpoints/lambda_H__0p8/recap/trial_1/model.pt
lambda_H__0p8,sensitivity,lambda_H,0.8,1,Amazon,0.6261478644229668,0.11654573882822483,/autodl-fs/data/recap/tuning_hyperparams/sensitivity_results/sensitivity_paper_final/checkpoints/lambda_H__0p8/recap/trial_1/model.pt
lambda_H__0p8,sensitivity,lambda_H,0.8,2,Facebook,0.5834090909090909,0.03777650252971709,/autodl-fs/data/recap/tuning_hyperparams/sensitivity_results/sensitivity_paper_final/checkpoints/lambda_H__0p8/recap/trial_2/model.pt
lambda_H__0p8,sensitivity,lambda_H,0.8,2,cora,0.7108470158978367,0.13875769942518956,/autodl-fs/data/recap/tuning_hyperparams/sensitivity_results/sensitivity_paper_final/checkpoints/lambda_H__0p8/recap/trial_2/model.pt
lambda_H__0p8,sensitivity,lambda_H,0.8,2,citeseer,0.7463854789633826,0.19689816077517525,/autodl-fs/data/recap/tuning_hyperparams/sensitivity_results/sensitivity_paper_final/checkpoints/lambda_H__0p8/recap/trial_2/model.pt
lambda_H__0p8,sensitivity,lambda_H,0.8,2,ACM,0.7300555672763853,0.29938561679584863,/autodl-fs/data/recap/tuning_hyperparams/sensitivity_results/sensitivity_paper_final/checkpoints/lambda_H__0p8/recap/trial_2/model.pt
lambda_H__0p8,sensitivity,lambda_H,0.8,2,BlogCatalog,0.7205514705882353,0.2960667607480326,/autodl-fs/data/recap/tuning_hyperparams/sensitivity_results/sensitivity_paper_final/checkpoints/lambda_H__0p8/recap/trial_2/model.pt
lambda_H__0p8,sensitivity,lambda_H,0.8,2,weibo,0.7739479092085803,0.2696594868354935,/autodl-fs/data/recap/tuning_hyperparams/sensitivity_results/sensitivity_paper_final/checkpoints/lambda_H__0p8/recap/trial_2/model.pt
lambda_H__0p8,sensitivity,lambda_H,0.8,2,Reddit,0.5283413977913575,0.037612475870251856,/autodl-fs/data/recap/tuning_hyperparams/sensitivity_results/sensitivity_paper_final/checkpoints/lambda_H__0p8/recap/trial_2/model.pt
lambda_H__0p8,sensitivity,lambda_H,0.8,2,Amazon,0.58874307473615,0.08266966275630092,/autodl-fs/data/recap/tuning_hyperparams/sensitivity_results/sensitivity_paper_final/checkpoints/lambda_H__0p8/recap/trial_2/model.pt
lambda_H__1p2,sensitivity,lambda_H,1.2,0,Facebook,0.5650378787878788,0.04312370669302623,/autodl-fs/data/recap/tuning_hyperparams/sensitivity_results/sensitivity_paper_final/checkpoints/lambda_H__1p2/recap/trial_0/model.pt
lambda_H__1p2,sensitivity,lambda_H,1.2,0,cora,0.7483189992181393,0.2013006135168105,/autodl-fs/data/recap/tuning_hyperparams/sensitivity_results/sensitivity_paper_final/checkpoints/lambda_H__1p2/recap/trial_0/model.pt
lambda_H__1p2,sensitivity,lambda_H,1.2,0,citeseer,0.8042429965376141,0.23385587479700948,/autodl-fs/data/recap/tuning_hyperparams/sensitivity_results/sensitivity_paper_final/checkpoints/lambda_H__1p2/recap/trial_0/model.pt
lambda_H__1p2,sensitivity,lambda_H,1.2,0,ACM,0.7516301003137843,0.3261429834349837,/autodl-fs/data/recap/tuning_hyperparams/sensitivity_results/sensitivity_paper_final/checkpoints/lambda_H__1p2/recap/trial_0/model.pt
lambda_H__1p2,sensitivity,lambda_H,1.2,0,BlogCatalog,0.720041190087146,0.32291633882632365,/autodl-fs/data/recap/tuning_hyperparams/sensitivity_results/sensitivity_paper_final/checkpoints/lambda_H__1p2/recap/trial_0/model.pt
lambda_H__1p2,sensitivity,lambda_H,1.2,0,weibo,0.7873354737213465,0.30659102774932956,/autodl-fs/data/recap/tuning_hyperparams/sensitivity_results/sensitivity_paper_final/checkpoints/lambda_H__1p2/recap/trial_0/model.pt
lambda_H__1p2,sensitivity,lambda_H,1.2,0,Reddit,0.569839261507678,0.041423266205955975,/autodl-fs/data/recap/tuning_hyperparams/sensitivity_results/sensitivity_paper_final/checkpoints/lambda_H__1p2/recap/trial_0/model.pt
lambda_H__1p2,sensitivity,lambda_H,1.2,0,Amazon,0.6599051806794961,0.11385796291618806,/autodl-fs/data/recap/tuning_hyperparams/sensitivity_results/sensitivity_paper_final/checkpoints/lambda_H__1p2/recap/trial_0/model.pt
lambda_H__1p2,sensitivity,lambda_H,1.2,1,Facebook,0.5501893939393939,0.060449271833437984,/autodl-fs/data/recap/tuning_hyperparams/sensitivity_results/sensitivity_paper_final/checkpoints/lambda_H__1p2/recap/trial_1/model.pt
lambda_H__1p2,sensitivity,lambda_H,1.2,1,cora,0.6884388845452175,0.14093411244967158,/autodl-fs/data/recap/tuning_hyperparams/sensitivity_results/sensitivity_paper_final/checkpoints/lambda_H__1p2/recap/trial_1/model.pt
lambda_H__1p2,sensitivity,lambda_H,1.2,1,citeseer,0.7671262197041234,0.22510883238982438,/autodl-fs/data/recap/tuning_hyperparams/sensitivity_results/sensitivity_paper_final/checkpoints/lambda_H__1p2/recap/trial_1/model.pt
lambda_H__1p2,sensitivity,lambda_H,1.2,1,ACM,0.7411114551798459,0.3229967860752168,/autodl-fs/data/recap/tuning_hyperparams/sensitivity_results/sensitivity_paper_final/checkpoints/lambda_H__1p2/recap/trial_1/model.pt
lambda_H__1p2,sensitivity,lambda_H,1.2,1,BlogCatalog,0.7205725762527232,0.3179661413743697,/autodl-fs/data/recap/tuning_hyperparams/sensitivity_results/sensitivity_paper_final/checkpoints/lambda_H__1p2/recap/trial_1/model.pt
lambda_H__1p2,sensitivity,lambda_H,1.2,1,weibo,0.7675750475839928,0.28931716726135626,/autodl-fs/data/recap/tuning_hyperparams/sensitivity_results/sensitivity_paper_final/checkpoints/lambda_H__1p2/recap/trial_1/model.pt
lambda_H__1p2,sensitivity,lambda_H,1.2,1,Reddit,0.5571163824292598,0.04128677993678861,/autodl-fs/data/recap/tuning_hyperparams/sensitivity_results/sensitivity_paper_final/checkpoints/lambda_H__1p2/recap/trial_1/model.pt
lambda_H__1p2,sensitivity,lambda_H,1.2,1,Amazon,0.6496277128949461,0.10550328167822909,/autodl-fs/data/recap/tuning_hyperparams/sensitivity_results/sensitivity_paper_final/checkpoints/lambda_H__1p2/recap/trial_1/model.pt
lambda_H__1p2,sensitivity,lambda_H,1.2,2,Facebook,0.5633712121212121,0.03515879518871101,/autodl-fs/data/recap/tuning_hyperparams/sensitivity_results/sensitivity_paper_final/checkpoints/lambda_H__1p2/recap/trial_2/model.pt
lambda_H__1p2,sensitivity,lambda_H,1.2,2,cora,0.730557727391191,0.17870533120133725,/autodl-fs/data/recap/tuning_hyperparams/sensitivity_results/sensitivity_paper_final/checkpoints/lambda_H__1p2/recap/trial_2/model.pt
lambda_H__1p2,sensitivity,lambda_H,1.2,2,citeseer,0.7818529010597,0.23116453513328697,/autodl-fs/data/recap/tuning_hyperparams/sensitivity_results/sensitivity_paper_final/checkpoints/lambda_H__1p2/recap/trial_2/model.pt
lambda_H__1p2,sensitivity,lambda_H,1.2,2,ACM,0.74628540195786,0.3276503908702214,/autodl-fs/data/recap/tuning_hyperparams/sensitivity_results/sensitivity_paper_final/checkpoints/lambda_H__1p2/recap/trial_2/model.pt
lambda_H__1p2,sensitivity,lambda_H,1.2,2,BlogCatalog,0.7276729302832243,0.30710502787024774,/autodl-fs/data/recap/tuning_hyperparams/sensitivity_results/sensitivity_paper_final/checkpoints/lambda_H__1p2/recap/trial_2/model.pt
lambda_H__1p2,sensitivity,lambda_H,1.2,2,weibo,0.7607683049337555,0.32606128318514016,/autodl-fs/data/recap/tuning_hyperparams/sensitivity_results/sensitivity_paper_final/checkpoints/lambda_H__1p2/recap/trial_2/model.pt
lambda_H__1p2,sensitivity,lambda_H,1.2,2,Reddit,0.5579302905572248,0.04002811097844708,/autodl-fs/data/recap/tuning_hyperparams/sensitivity_results/sensitivity_paper_final/checkpoints/lambda_H__1p2/recap/trial_2/model.pt
lambda_H__1p2,sensitivity,lambda_H,1.2,2,Amazon,0.6278350754271435,0.09800774576858443,/autodl-fs/data/recap/tuning_hyperparams/sensitivity_results/sensitivity_paper_final/checkpoints/lambda_H__1p2/recap/trial_2/model.pt
lambda_H__1p5,sensitivity,lambda_H,1.5,0,Facebook,0.5746590909090908,0.043968808186774025,/autodl-fs/data/recap/tuning_hyperparams/sensitivity_results/sensitivity_paper_final/checkpoints/lambda_H__1p5/recap/trial_0/model.pt
lambda_H__1p5,sensitivity,lambda_H,1.5,0,cora,0.7553609590826167,0.2132628421160142,/autodl-fs/data/recap/tuning_hyperparams/sensitivity_results/sensitivity_paper_final/checkpoints/lambda_H__1p5/recap/trial_0/model.pt
lambda_H__1p5,sensitivity,lambda_H,1.5,0,citeseer,0.8125359353687965,0.23980244308692863,/autodl-fs/data/recap/tuning_hyperparams/sensitivity_results/sensitivity_paper_final/checkpoints/lambda_H__1p5/recap/trial_0/model.pt
lambda_H__1p5,sensitivity,lambda_H,1.5,0,ACM,0.7553269589592071,0.32696993647630435,/autodl-fs/data/recap/tuning_hyperparams/sensitivity_results/sensitivity_paper_final/checkpoints/lambda_H__1p5/recap/trial_0/model.pt
lambda_H__1p5,sensitivity,lambda_H,1.5,0,BlogCatalog,0.7213395288671023,0.32624699404948765,/autodl-fs/data/recap/tuning_hyperparams/sensitivity_results/sensitivity_paper_final/checkpoints/lambda_H__1p5/recap/trial_0/model.pt
lambda_H__1p5,sensitivity,lambda_H,1.5,0,weibo,0.7873258438095565,0.31001532738258675,/autodl-fs/data/recap/tuning_hyperparams/sensitivity_results/sensitivity_paper_final/checkpoints/lambda_H__1p5/recap/trial_0/model.pt
lambda_H__1p5,sensitivity,lambda_H,1.5,0,Reddit,0.5702009269752262,0.04162451144527399,/autodl-fs/data/recap/tuning_hyperparams/sensitivity_results/sensitivity_paper_final/checkpoints/lambda_H__1p5/recap/trial_0/model.pt
lambda_H__1p5,sensitivity,lambda_H,1.5,0,Amazon,0.6433465460849785,0.10693172533753964,/autodl-fs/data/recap/tuning_hyperparams/sensitivity_results/sensitivity_paper_final/checkpoints/lambda_H__1p5/recap/trial_0/model.pt
lambda_H__1p5,sensitivity,lambda_H,1.5,1,Facebook,0.5507575757575758,0.05073940875742359,/autodl-fs/data/recap/tuning_hyperparams/sensitivity_results/sensitivity_paper_final/checkpoints/lambda_H__1p5/recap/trial_1/model.pt
lambda_H__1p5,sensitivity,lambda_H,1.5,1,cora,0.7133411519416211,0.17425977469760084,/autodl-fs/data/recap/tuning_hyperparams/sensitivity_results/sensitivity_paper_final/checkpoints/lambda_H__1p5/recap/trial_1/model.pt
lambda_H__1p5,sensitivity,lambda_H,1.5,1,citeseer,0.7859888783968104,0.22484473300863042,/autodl-fs/data/recap/tuning_hyperparams/sensitivity_results/sensitivity_paper_final/checkpoints/lambda_H__1p5/recap/trial_1/model.pt
lambda_H__1p5,sensitivity,lambda_H,1.5,1,ACM,0.757163105133523,0.3339866088366741,/autodl-fs/data/recap/tuning_hyperparams/sensitivity_results/sensitivity_paper_final/checkpoints/lambda_H__1p5/recap/trial_1/model.pt
lambda_H__1p5,sensitivity,lambda_H,1.5,1,BlogCatalog,0.7282798883442265,0.31509612525244446,/autodl-fs/data/recap/tuning_hyperparams/sensitivity_results/sensitivity_paper_final/checkpoints/lambda_H__1p5/recap/trial_1/model.pt
lambda_H__1p5,sensitivity,lambda_H,1.5,1,weibo,0.7732341493180493,0.2998999099743791,/autodl-fs/data/recap/tuning_hyperparams/sensitivity_results/sensitivity_paper_final/checkpoints/lambda_H__1p5/recap/trial_1/model.pt
lambda_H__1p5,sensitivity,lambda_H,1.5,1,Reddit,0.5380249231380468,0.04147401251597016,/autodl-fs/data/recap/tuning_hyperparams/sensitivity_results/sensitivity_paper_final/checkpoints/lambda_H__1p5/recap/trial_1/model.pt
lambda_H__1p5,sensitivity,lambda_H,1.5,1,Amazon,0.6648341865527891,0.11762767528879595,/autodl-fs/data/recap/tuning_hyperparams/sensitivity_results/sensitivity_paper_final/checkpoints/lambda_H__1p5/recap/trial_1/model.pt
lambda_H__1p5,sensitivity,lambda_H,1.5,2,Facebook,0.5679166666666665,0.03529613944822451,/autodl-fs/data/recap/tuning_hyperparams/sensitivity_results/sensitivity_paper_final/checkpoints/lambda_H__1p5/recap/trial_2/model.pt
lambda_H__1p5,sensitivity,lambda_H,1.5,2,cora,0.7309043523586135,0.17970967266947974,/autodl-fs/data/recap/tuning_hyperparams/sensitivity_results/sensitivity_paper_final/checkpoints/lambda_H__1p5/recap/trial_2/model.pt
lambda_H__1p5,sensitivity,lambda_H,1.5,2,citeseer,0.7900598048473402,0.24246040031935115,/autodl-fs/data/recap/tuning_hyperparams/sensitivity_results/sensitivity_paper_final/checkpoints/lambda_H__1p5/recap/trial_2/model.pt
lambda_H__1p5,sensitivity,lambda_H,1.5,2,ACM,0.7582597846874792,0.33773426677840906,/autodl-fs/data/recap/tuning_hyperparams/sensitivity_results/sensitivity_paper_final/checkpoints/lambda_H__1p5/recap/trial_2/model.pt
lambda_H__1p5,sensitivity,lambda_H,1.5,2,BlogCatalog,0.7222365196078432,0.3045027237250654,/autodl-fs/data/recap/tuning_hyperparams/sensitivity_results/sensitivity_paper_final/checkpoints/lambda_H__1p5/recap/trial_2/model.pt
lambda_H__1p5,sensitivity,lambda_H,1.5,2,weibo,0.7616007573084916,0.3265207627053883,/autodl-fs/data/recap/tuning_hyperparams/sensitivity_results/sensitivity_paper_final/checkpoints/lambda_H__1p5/recap/trial_2/model.pt
lambda_H__1p5,sensitivity,lambda_H,1.5,2,Reddit,0.5708883615512168,0.041947502503359504,/autodl-fs/data/recap/tuning_hyperparams/sensitivity_results/sensitivity_paper_final/checkpoints/lambda_H__1p5/recap/trial_2/model.pt
lambda_H__1p5,sensitivity,lambda_H,1.5,2,Amazon,0.6636347133671655,0.10493413553190675,/autodl-fs/data/recap/tuning_hyperparams/sensitivity_results/sensitivity_paper_final/checkpoints/lambda_H__1p5/recap/trial_2/model.pt
lambda_bal__0,sensitivity,lambda_bal,0,0,Facebook,0.5823106060606061,0.049508203666064746,/autodl-fs/data/recap/tuning_hyperparams/sensitivity_results/sensitivity_paper_final/checkpoints/lambda_bal__0/recap/trial_0/model.pt
lambda_bal__0,sensitivity,lambda_bal,0,0,cora,0.8317279124315872,0.4289570695303624,/autodl-fs/data/recap/tuning_hyperparams/sensitivity_results/sensitivity_paper_final/checkpoints/lambda_bal__0/recap/trial_0/model.pt
lambda_bal__0,sensitivity,lambda_bal,0,0,citeseer,0.9040425978386317,0.4390982812219174,/autodl-fs/data/recap/tuning_hyperparams/sensitivity_results/sensitivity_paper_final/checkpoints/lambda_bal__0/recap/trial_0/model.pt
lambda_bal__0,sensitivity,lambda_bal,0,0,ACM,0.7966909619961497,0.37303317935603286,/autodl-fs/data/recap/tuning_hyperparams/sensitivity_results/sensitivity_paper_final/checkpoints/lambda_bal__0/recap/trial_0/model.pt
lambda_bal__0,sensitivity,lambda_bal,0,0,BlogCatalog,0.7252988834422659,0.334419499280797,/autodl-fs/data/recap/tuning_hyperparams/sensitivity_results/sensitivity_paper_final/checkpoints/lambda_bal__0/recap/trial_0/model.pt
lambda_bal__0,sensitivity,lambda_bal,0,0,weibo,0.7577846372641512,0.3097084176872684,/autodl-fs/data/recap/tuning_hyperparams/sensitivity_results/sensitivity_paper_final/checkpoints/lambda_bal__0/recap/trial_0/model.pt
lambda_bal__0,sensitivity,lambda_bal,0,0,Reddit,0.5975774975374325,0.0478063576433849,/autodl-fs/data/recap/tuning_hyperparams/sensitivity_results/sensitivity_paper_final/checkpoints/lambda_bal__0/recap/trial_0/model.pt
lambda_bal__0,sensitivity,lambda_bal,0,0,Amazon,0.7259755248423804,0.13062846082880925,/autodl-fs/data/recap/tuning_hyperparams/sensitivity_results/sensitivity_paper_final/checkpoints/lambda_bal__0/recap/trial_0/model.pt
lambda_bal__0,sensitivity,lambda_bal,0,1,Facebook,0.5775378787878788,0.04545280604935133,/autodl-fs/data/recap/tuning_hyperparams/sensitivity_results/sensitivity_paper_final/checkpoints/lambda_bal__0/recap/trial_1/model.pt
lambda_bal__0,sensitivity,lambda_bal,0,1,cora,0.832293458431066,0.4216805146688479,/autodl-fs/data/recap/tuning_hyperparams/sensitivity_results/sensitivity_paper_final/checkpoints/lambda_bal__0/recap/trial_1/model.pt
lambda_bal__0,sensitivity,lambda_bal,0,1,citeseer,0.9004962753121394,0.458555913984245,/autodl-fs/data/recap/tuning_hyperparams/sensitivity_results/sensitivity_paper_final/checkpoints/lambda_bal__0/recap/trial_1/model.pt
lambda_bal__0,sensitivity,lambda_bal,0,1,ACM,0.7929625783604243,0.3716782588729269,/autodl-fs/data/recap/tuning_hyperparams/sensitivity_results/sensitivity_paper_final/checkpoints/lambda_bal__0/recap/trial_1/model.pt
lambda_bal__0,sensitivity,lambda_bal,0,1,BlogCatalog,0.7240206290849672,0.3357769178454233,/autodl-fs/data/recap/tuning_hyperparams/sensitivity_results/sensitivity_paper_final/checkpoints/lambda_bal__0/recap/trial_1/model.pt
lambda_bal__0,sensitivity,lambda_bal,0,1,weibo,0.7500665686759452,0.3039755485396513,/autodl-fs/data/recap/tuning_hyperparams/sensitivity_results/sensitivity_paper_final/checkpoints/lambda_bal__0/recap/trial_1/model.pt
lambda_bal__0,sensitivity,lambda_bal,0,1,Reddit,0.5961811420343021,0.04617592677076289,/autodl-fs/data/recap/tuning_hyperparams/sensitivity_results/sensitivity_paper_final/checkpoints/lambda_bal__0/recap/trial_1/model.pt
lambda_bal__0,sensitivity,lambda_bal,0,1,Amazon,0.7434633821161993,0.13842877842328435,/autodl-fs/data/recap/tuning_hyperparams/sensitivity_results/sensitivity_paper_final/checkpoints/lambda_bal__0/recap/trial_1/model.pt
lambda_bal__0,sensitivity,lambda_bal,0,2,Facebook,0.5788257575757576,0.03653580033264324,/autodl-fs/data/recap/tuning_hyperparams/sensitivity_results/sensitivity_paper_final/checkpoints/lambda_bal__0/recap/trial_2/model.pt
lambda_bal__0,sensitivity,lambda_bal,0,2,cora,0.82486838676049,0.40775377637361604,/autodl-fs/data/recap/tuning_hyperparams/sensitivity_results/sensitivity_paper_final/checkpoints/lambda_bal__0/recap/trial_2/model.pt
lambda_bal__0,sensitivity,lambda_bal,0,2,citeseer,0.9019148043227364,0.44036279202235673,/autodl-fs/data/recap/tuning_hyperparams/sensitivity_results/sensitivity_paper_final/checkpoints/lambda_bal__0/recap/trial_2/model.pt
lambda_bal__0,sensitivity,lambda_bal,0,2,ACM,0.7958230758500755,0.37553950759852384,/autodl-fs/data/recap/tuning_hyperparams/sensitivity_results/sensitivity_paper_final/checkpoints/lambda_bal__0/recap/trial_2/model.pt
lambda_bal__0,sensitivity,lambda_bal,0,2,BlogCatalog,0.729068287037037,0.3371887608784314,/autodl-fs/data/recap/tuning_hyperparams/sensitivity_results/sensitivity_paper_final/checkpoints/lambda_bal__0/recap/trial_2/model.pt
lambda_bal__0,sensitivity,lambda_bal,0,2,weibo,0.7443259948310303,0.29944722552620306,/autodl-fs/data/recap/tuning_hyperparams/sensitivity_results/sensitivity_paper_final/checkpoints/lambda_bal__0/recap/trial_2/model.pt
lambda_bal__0,sensitivity,lambda_bal,0,2,Reddit,0.5917052906344211,0.04505372126289458,/autodl-fs/data/recap/tuning_hyperparams/sensitivity_results/sensitivity_paper_final/checkpoints/lambda_bal__0/recap/trial_2/model.pt
lambda_bal__0,sensitivity,lambda_bal,0,2,Amazon,0.7288015729942074,0.13224383988032645,/autodl-fs/data/recap/tuning_hyperparams/sensitivity_results/sensitivity_paper_final/checkpoints/lambda_bal__0/recap/trial_2/model.pt
lambda_bal__0p005,sensitivity,lambda_bal,0.005,0,Facebook,0.5825,0.04952793360300026,/autodl-fs/data/recap/tuning_hyperparams/sensitivity_results/sensitivity_paper_final/checkpoints/lambda_bal__0p005/recap/trial_0/model.pt
lambda_bal__0p005,sensitivity,lambda_bal,0.005,0,cora,0.8317383372426375,0.42906826674899434,/autodl-fs/data/recap/tuning_hyperparams/sensitivity_results/sensitivity_paper_final/checkpoints/lambda_bal__0p005/recap/trial_0/model.pt
lambda_bal__0p005,sensitivity,lambda_bal,0.005,0,citeseer,0.9039785961598992,0.43909836578417955,/autodl-fs/data/recap/tuning_hyperparams/sensitivity_results/sensitivity_paper_final/checkpoints/lambda_bal__0p005/recap/trial_0/model.pt
lambda_bal__0p005,sensitivity,lambda_bal,0.005,0,ACM,0.7966452033145733,0.3729938922834207,/autodl-fs/data/recap/tuning_hyperparams/sensitivity_results/sensitivity_paper_final/checkpoints/lambda_bal__0p005/recap/trial_0/model.pt
lambda_bal__0p005,sensitivity,lambda_bal,0.005,0,BlogCatalog,0.7259892429193899,0.3344886216043279,/autodl-fs/data/recap/tuning_hyperparams/sensitivity_results/sensitivity_paper_final/checkpoints/lambda_bal__0p005/recap/trial_0/model.pt
lambda_bal__0p005,sensitivity,lambda_bal,0.005,0,weibo,0.7555401799662371,0.30928391862693805,/autodl-fs/data/recap/tuning_hyperparams/sensitivity_results/sensitivity_paper_final/checkpoints/lambda_bal__0p005/recap/trial_0/model.pt
lambda_bal__0p005,sensitivity,lambda_bal,0.005,0,Reddit,0.5975574264549219,0.04780515453714407,/autodl-fs/data/recap/tuning_hyperparams/sensitivity_results/sensitivity_paper_final/checkpoints/lambda_bal__0p005/recap/trial_0/model.pt
lambda_bal__0p005,sensitivity,lambda_bal,0.005,0,Amazon,0.7259683333022962,0.13062736023676028,/autodl-fs/data/recap/tuning_hyperparams/sensitivity_results/sensitivity_paper_final/checkpoints/lambda_bal__0p005/recap/trial_0/model.pt
lambda_bal__0p005,sensitivity,lambda_bal,0.005,1,Facebook,0.5775757575757576,0.0454508896769664,/autodl-fs/data/recap/tuning_hyperparams/sensitivity_results/sensitivity_paper_final/checkpoints/lambda_bal__0p005/recap/trial_1/model.pt
lambda_bal__0p005,sensitivity,lambda_bal,0.005,1,cora,0.8322882460255407,0.42155449570859055,/autodl-fs/data/recap/tuning_hyperparams/sensitivity_results/sensitivity_paper_final/checkpoints/lambda_bal__0p005/recap/trial_1/model.pt
lambda_bal__0p005,sensitivity,lambda_bal,0.005,1,citeseer,0.9004868324415067,0.4585455767787616,/autodl-fs/data/recap/tuning_hyperparams/sensitivity_results/sensitivity_paper_final/checkpoints/lambda_bal__0p005/recap/trial_1/model.pt
lambda_bal__0p005,sensitivity,lambda_bal,0.005,1,ACM,0.7928841876236684,0.371659746050367,/autodl-fs/data/recap/tuning_hyperparams/sensitivity_results/sensitivity_paper_final/checkpoints/lambda_bal__0p005/recap/trial_1/model.pt
lambda_bal__0p005,sensitivity,lambda_bal,0.005,1,BlogCatalog,0.7240727124183006,0.3357725908672809,/autodl-fs/data/recap/tuning_hyperparams/sensitivity_results/sensitivity_paper_final/checkpoints/lambda_bal__0p005/recap/trial_1/model.pt
lambda_bal__0p005,sensitivity,lambda_bal,0.005,1,weibo,0.7485793587273599,0.30369227164367046,/autodl-fs/data/recap/tuning_hyperparams/sensitivity_results/sensitivity_paper_final/checkpoints/lambda_bal__0p005/recap/trial_1/model.pt
lambda_bal__0p005,sensitivity,lambda_bal,0.005,1,Reddit,0.5961651880969216,0.046179884405309735,/autodl-fs/data/recap/tuning_hyperparams/sensitivity_results/sensitivity_paper_final/checkpoints/lambda_bal__0p005/recap/trial_1/model.pt
lambda_bal__0p005,sensitivity,lambda_bal,0.005,1,Amazon,0.7434586886900391,0.1384250406473923,/autodl-fs/data/recap/tuning_hyperparams/sensitivity_results/sensitivity_paper_final/checkpoints/lambda_bal__0p005/recap/trial_1/model.pt
lambda_bal__0p005,sensitivity,lambda_bal,0.005,2,Facebook,0.5787121212121212,0.03653109110109244,/autodl-fs/data/recap/tuning_hyperparams/sensitivity_results/sensitivity_paper_final/checkpoints/lambda_bal__0p005/recap/trial_2/model.pt
lambda_bal__0p005,sensitivity,lambda_bal,0.005,2,cora,0.8248657805577274,0.4077427935872666,/autodl-fs/data/recap/tuning_hyperparams/sensitivity_results/sensitivity_paper_final/checkpoints/lambda_bal__0p005/recap/trial_2/model.pt
lambda_bal__0p005,sensitivity,lambda_bal,0.005,2,citeseer,0.9019336900640017,0.4403675139736243,/autodl-fs/data/recap/tuning_hyperparams/sensitivity_results/sensitivity_paper_final/checkpoints/lambda_bal__0p005/recap/trial_2/model.pt
lambda_bal__0p005,sensitivity,lambda_bal,0.005,2,ACM,0.7959247676666203,0.3755571002967537,/autodl-fs/data/recap/tuning_hyperparams/sensitivity_results/sensitivity_paper_final/checkpoints/lambda_bal__0p005/recap/trial_2/model.pt
lambda_bal__0p005,sensitivity,lambda_bal,0.005,2,BlogCatalog,0.7287013208061003,0.33720474184416865,/autodl-fs/data/recap/tuning_hyperparams/sensitivity_results/sensitivity_paper_final/checkpoints/lambda_bal__0p005/recap/trial_2/model.pt
lambda_bal__0p005,sensitivity,lambda_bal,0.005,2,weibo,0.7430883983102714,0.2992743089175478,/autodl-fs/data/recap/tuning_hyperparams/sensitivity_results/sensitivity_paper_final/checkpoints/lambda_bal__0p005/recap/trial_2/model.pt
lambda_bal__0p005,sensitivity,lambda_bal,0.005,2,Reddit,0.5915510263528166,0.04504618377775674,/autodl-fs/data/recap/tuning_hyperparams/sensitivity_results/sensitivity_paper_final/checkpoints/lambda_bal__0p005/recap/trial_2/model.pt
lambda_bal__0p005,sensitivity,lambda_bal,0.005,2,Amazon,0.728788552521634,0.13223696218807265,/autodl-fs/data/recap/tuning_hyperparams/sensitivity_results/sensitivity_paper_final/checkpoints/lambda_bal__0p005/recap/trial_2/model.pt
lambda_bal__0p02,sensitivity,lambda_bal,0.02,0,Facebook,0.5825,0.049532370264719155,/autodl-fs/data/recap/tuning_hyperparams/sensitivity_results/sensitivity_paper_final/checkpoints/lambda_bal__0p02/recap/trial_0/model.pt
lambda_bal__0p02,sensitivity,lambda_bal,0.02,0,cora,0.8317487620536878,0.4290698944246632,/autodl-fs/data/recap/tuning_hyperparams/sensitivity_results/sensitivity_paper_final/checkpoints/lambda_bal__0p02/recap/trial_0/model.pt
lambda_bal__0p02,sensitivity,lambda_bal,0.02,0,citeseer,0.9040226628895184,0.4390750353932217,/autodl-fs/data/recap/tuning_hyperparams/sensitivity_results/sensitivity_paper_final/checkpoints/lambda_bal__0p02/recap/trial_0/model.pt
lambda_bal__0p02,sensitivity,lambda_bal,0.02,0,ACM,0.7967026652534192,0.37301086496789065,/autodl-fs/data/recap/tuning_hyperparams/sensitivity_results/sensitivity_paper_final/checkpoints/lambda_bal__0p02/recap/trial_0/model.pt
lambda_bal__0p02,sensitivity,lambda_bal,0.02,0,BlogCatalog,0.7252008442265796,0.3344077204156034,/autodl-fs/data/recap/tuning_hyperparams/sensitivity_results/sensitivity_paper_final/checkpoints/lambda_bal__0p02/recap/trial_0/model.pt
lambda_bal__0p02,sensitivity,lambda_bal,0.02,0,weibo,0.7563036944010164,0.309404645725711,/autodl-fs/data/recap/tuning_hyperparams/sensitivity_results/sensitivity_paper_final/checkpoints/lambda_bal__0p02/recap/trial_0/model.pt
lambda_bal__0p02,sensitivity,lambda_bal,0.02,0,Reddit,0.597549578147017,0.0478041550809042,/autodl-fs/data/recap/tuning_hyperparams/sensitivity_results/sensitivity_paper_final/checkpoints/lambda_bal__0p02/recap/trial_0/model.pt
lambda_bal__0p02,sensitivity,lambda_bal,0.02,0,Amazon,0.7259856686989201,0.13062426183500545,/autodl-fs/data/recap/tuning_hyperparams/sensitivity_results/sensitivity_paper_final/checkpoints/lambda_bal__0p02/recap/trial_0/model.pt
lambda_bal__0p02,sensitivity,lambda_bal,0.02,1,Facebook,0.5776136363636364,0.04544844053277024,/autodl-fs/data/recap/tuning_hyperparams/sensitivity_results/sensitivity_paper_final/checkpoints/lambda_bal__0p02/recap/trial_1/model.pt
lambda_bal__0p02,sensitivity,lambda_bal,0.02,1,cora,0.8322752150117279,0.4215960610873735,/autodl-fs/data/recap/tuning_hyperparams/sensitivity_results/sensitivity_paper_final/checkpoints/lambda_bal__0p02/recap/trial_1/model.pt
lambda_bal__0p02,sensitivity,lambda_bal,0.02,1,citeseer,0.9004826356101143,0.45860738514153904,/autodl-fs/data/recap/tuning_hyperparams/sensitivity_results/sensitivity_paper_final/checkpoints/lambda_bal__0p02/recap/trial_1/model.pt
lambda_bal__0p02,sensitivity,lambda_bal,0.02,1,ACM,0.7929774446601991,0.3716632703988996,/autodl-fs/data/recap/tuning_hyperparams/sensitivity_results/sensitivity_paper_final/checkpoints/lambda_bal__0p02/recap/trial_1/model.pt
lambda_bal__0p02,sensitivity,lambda_bal,0.02,1,BlogCatalog,0.7235893246187364,0.3356771745417265,/autodl-fs/data/recap/tuning_hyperparams/sensitivity_results/sensitivity_paper_final/checkpoints/lambda_bal__0p02/recap/trial_1/model.pt
lambda_bal__0p02,sensitivity,lambda_bal,0.02,1,weibo,0.749088139066932,0.3037183690408777,/autodl-fs/data/recap/tuning_hyperparams/sensitivity_results/sensitivity_paper_final/checkpoints/lambda_bal__0p02/recap/trial_1/model.pt
lambda_bal__0p02,sensitivity,lambda_bal,0.02,1,Reddit,0.5962434138543992,0.04618093772840405,/autodl-fs/data/recap/tuning_hyperparams/sensitivity_results/sensitivity_paper_final/checkpoints/lambda_bal__0p02/recap/trial_1/model.pt
lambda_bal__0p02,sensitivity,lambda_bal,0.02,1,Amazon,0.743455055069786,0.13842539187055608,/autodl-fs/data/recap/tuning_hyperparams/sensitivity_results/sensitivity_paper_final/checkpoints/lambda_bal__0p02/recap/trial_1/model.pt
lambda_bal__0p02,sensitivity,lambda_bal,0.02,2,Facebook,0.5787878787878789,0.03653641413503,/autodl-fs/data/recap/tuning_hyperparams/sensitivity_results/sensitivity_paper_final/checkpoints/lambda_bal__0p02/recap/trial_2/model.pt
lambda_bal__0p02,sensitivity,lambda_bal,0.02,2,cora,0.8248475371383893,0.4077691160686001,/autodl-fs/data/recap/tuning_hyperparams/sensitivity_results/sensitivity_paper_final/checkpoints/lambda_bal__0p02/recap/trial_2/model.pt
lambda_bal__0p02,sensitivity,lambda_bal,0.02,2,citeseer,0.9019462805581786,0.44036850325015536,/autodl-fs/data/recap/tuning_hyperparams/sensitivity_results/sensitivity_paper_final/checkpoints/lambda_bal__0p02/recap/trial_2/model.pt
lambda_bal__0p02,sensitivity,lambda_bal,0.02,2,ACM,0.7960076920976339,0.3755601901376019,/autodl-fs/data/recap/tuning_hyperparams/sensitivity_results/sensitivity_paper_final/checkpoints/lambda_bal__0p02/recap/trial_2/model.pt
lambda_bal__0p02,sensitivity,lambda_bal,0.02,2,BlogCatalog,0.7293967864923748,0.33725292192897416,/autodl-fs/data/recap/tuning_hyperparams/sensitivity_results/sensitivity_paper_final/checkpoints/lambda_bal__0p02/recap/trial_2/model.pt
lambda_bal__0p02,sensitivity,lambda_bal,0.02,2,weibo,0.7442053152221697,0.2994658967512773,/autodl-fs/data/recap/tuning_hyperparams/sensitivity_results/sensitivity_paper_final/checkpoints/lambda_bal__0p02/recap/trial_2/model.pt
lambda_bal__0p02,sensitivity,lambda_bal,0.02,2,Reddit,0.5916884360715435,0.04505093221190644,/autodl-fs/data/recap/tuning_hyperparams/sensitivity_results/sensitivity_paper_final/checkpoints/lambda_bal__0p02/recap/trial_2/model.pt
lambda_bal__0p02,sensitivity,lambda_bal,0.02,2,Amazon,0.7288073262262749,0.13224246376154758,/autodl-fs/data/recap/tuning_hyperparams/sensitivity_results/sensitivity_paper_final/checkpoints/lambda_bal__0p02/recap/trial_2/model.pt
lambda_bal__0p05,sensitivity,lambda_bal,0.05,0,Facebook,0.5823484848484849,0.049509964129170095,/autodl-fs/data/recap/tuning_hyperparams/sensitivity_results/sensitivity_paper_final/checkpoints/lambda_bal__0p05/recap/trial_0/model.pt
lambda_bal__0p05,sensitivity,lambda_bal,0.05,0,cora,0.8317331248371123,0.4290606596078423,/autodl-fs/data/recap/tuning_hyperparams/sensitivity_results/sensitivity_paper_final/checkpoints/lambda_bal__0p05/recap/trial_0/model.pt
lambda_bal__0p05,sensitivity,lambda_bal,0.05,0,citeseer,0.9040509915014164,0.4390586738232133,/autodl-fs/data/recap/tuning_hyperparams/sensitivity_results/sensitivity_paper_final/checkpoints/lambda_bal__0p05/recap/trial_0/model.pt
lambda_bal__0p05,sensitivity,lambda_bal,0.05,0,ACM,0.7966368212519344,0.37299307452761105,/autodl-fs/data/recap/tuning_hyperparams/sensitivity_results/sensitivity_paper_final/checkpoints/lambda_bal__0p05/recap/trial_0/model.pt
lambda_bal__0p05,sensitivity,lambda_bal,0.05,0,BlogCatalog,0.7257213371459695,0.3344589698851013,/autodl-fs/data/recap/tuning_hyperparams/sensitivity_results/sensitivity_paper_final/checkpoints/lambda_bal__0p05/recap/trial_0/model.pt
lambda_bal__0p05,sensitivity,lambda_bal,0.05,0,weibo,0.7540921775156539,0.30898205544121815,/autodl-fs/data/recap/tuning_hyperparams/sensitivity_results/sensitivity_paper_final/checkpoints/lambda_bal__0p05/recap/trial_0/model.pt
lambda_bal__0p05,sensitivity,lambda_bal,0.05,0,Reddit,0.5975292497429358,0.047803368989374255,/autodl-fs/data/recap/tuning_hyperparams/sensitivity_results/sensitivity_paper_final/checkpoints/lambda_bal__0p05/recap/trial_0/model.pt
lambda_bal__0p05,sensitivity,lambda_bal,0.05,0,Amazon,0.7259681062010304,0.13062021354000122,/autodl-fs/data/recap/tuning_hyperparams/sensitivity_results/sensitivity_paper_final/checkpoints/lambda_bal__0p05/recap/trial_0/model.pt
lambda_bal__0p05,sensitivity,lambda_bal,0.05,1,Facebook,0.5774621212121211,0.04544057823522957,/autodl-fs/data/recap/tuning_hyperparams/sensitivity_results/sensitivity_paper_final/checkpoints/lambda_bal__0p05/recap/trial_1/model.pt
lambda_bal__0p05,sensitivity,lambda_bal,0.05,1,cora,0.8322882460255409,0.42163385666173403,/autodl-fs/data/recap/tuning_hyperparams/sensitivity_results/sensitivity_paper_final/checkpoints/lambda_bal__0p05/recap/trial_1/model.pt
lambda_bal__0p05,sensitivity,lambda_bal,0.05,1,citeseer,0.9005088658063163,0.458605787025238,/autodl-fs/data/recap/tuning_hyperparams/sensitivity_results/sensitivity_paper_final/checkpoints/lambda_bal__0p05/recap/trial_1/model.pt
lambda_bal__0p05,sensitivity,lambda_bal,0.05,1,ACM,0.7929404897802623,0.3716713386383582,/autodl-fs/data/recap/tuning_hyperparams/sensitivity_results/sensitivity_paper_final/checkpoints/lambda_bal__0p05/recap/trial_1/model.pt
lambda_bal__0p05,sensitivity,lambda_bal,0.05,1,BlogCatalog,0.7238156998910675,0.33568278265301293,/autodl-fs/data/recap/tuning_hyperparams/sensitivity_results/sensitivity_paper_final/checkpoints/lambda_bal__0p05/recap/trial_1/model.pt
lambda_bal__0p05,sensitivity,lambda_bal,0.05,1,weibo,0.7491265822862205,0.303759148868436,/autodl-fs/data/recap/tuning_hyperparams/sensitivity_results/sensitivity_paper_final/checkpoints/lambda_bal__0p05/recap/trial_1/model.pt
lambda_bal__0p05,sensitivity,lambda_bal,0.05,1,Reddit,0.5961711064930466,0.04617673635976134,/autodl-fs/data/recap/tuning_hyperparams/sensitivity_results/sensitivity_paper_final/checkpoints/lambda_bal__0p05/recap/trial_1/model.pt
lambda_bal__0p05,sensitivity,lambda_bal,0.05,1,Amazon,0.7434517242512205,0.13842526916554432,/autodl-fs/data/recap/tuning_hyperparams/sensitivity_results/sensitivity_paper_final/checkpoints/lambda_bal__0p05/recap/trial_1/model.pt
lambda_bal__0p05,sensitivity,lambda_bal,0.05,2,Facebook,0.57875,0.03653224403819973,/autodl-fs/data/recap/tuning_hyperparams/sensitivity_results/sensitivity_paper_final/checkpoints/lambda_bal__0p05/recap/trial_2/model.pt
lambda_bal__0p05,sensitivity,lambda_bal,0.05,2,cora,0.8248527495439144,0.40775784052442193,/autodl-fs/data/recap/tuning_hyperparams/sensitivity_results/sensitivity_paper_final/checkpoints/lambda_bal__0p05/recap/trial_2/model.pt
lambda_bal__0p05,sensitivity,lambda_bal,0.05,2,citeseer,0.9018948693736228,0.44035209638549955,/autodl-fs/data/recap/tuning_hyperparams/sensitivity_results/sensitivity_paper_final/checkpoints/lambda_bal__0p05/recap/trial_2/model.pt
lambda_bal__0p05,sensitivity,lambda_bal,0.05,2,ACM,0.7958782182244176,0.37554066863684876,/autodl-fs/data/recap/tuning_hyperparams/sensitivity_results/sensitivity_paper_final/checkpoints/lambda_bal__0p05/recap/trial_2/model.pt
lambda_bal__0p05,sensitivity,lambda_bal,0.05,2,BlogCatalog,0.7291836873638344,0.3372241348006831,/autodl-fs/data/recap/tuning_hyperparams/sensitivity_results/sensitivity_paper_final/checkpoints/lambda_bal__0p05/recap/trial_2/model.pt
lambda_bal__0p05,sensitivity,lambda_bal,0.05,2,weibo,0.7424426592252414,0.29907275505557535,/autodl-fs/data/recap/tuning_hyperparams/sensitivity_results/sensitivity_paper_final/checkpoints/lambda_bal__0p05/recap/trial_2/model.pt
lambda_bal__0p05,sensitivity,lambda_bal,0.05,2,Reddit,0.5915820336020801,0.04504756198585359,/autodl-fs/data/recap/tuning_hyperparams/sensitivity_results/sensitivity_paper_final/checkpoints/lambda_bal__0p05/recap/trial_2/model.pt
lambda_bal__0p05,sensitivity,lambda_bal,0.05,2,Amazon,0.7287937758507478,0.13223866586061017,/autodl-fs/data/recap/tuning_hyperparams/sensitivity_results/sensitivity_paper_final/checkpoints/lambda_bal__0p05/recap/trial_2/model.pt
lambda_bal__0p1,sensitivity,lambda_bal,0.1,0,Facebook,0.5825,0.04952055687774555,/autodl-fs/data/recap/tuning_hyperparams/sensitivity_results/sensitivity_paper_final/checkpoints/lambda_bal__0p1/recap/trial_0/model.pt
lambda_bal__0p1,sensitivity,lambda_bal,0.1,0,cora,0.8317513682564505,0.4290595488562492,/autodl-fs/data/recap/tuning_hyperparams/sensitivity_results/sensitivity_paper_final/checkpoints/lambda_bal__0p1/recap/trial_0/model.pt
lambda_bal__0p1,sensitivity,lambda_bal,0.1,0,citeseer,0.9040551883328087,0.43908349200203756,/autodl-fs/data/recap/tuning_hyperparams/sensitivity_results/sensitivity_paper_final/checkpoints/lambda_bal__0p1/recap/trial_0/model.pt
lambda_bal__0p1,sensitivity,lambda_bal,0.1,0,ACM,0.7967020853622934,0.3729946906116521,/autodl-fs/data/recap/tuning_hyperparams/sensitivity_results/sensitivity_paper_final/checkpoints/lambda_bal__0p1/recap/trial_0/model.pt
lambda_bal__0p1,sensitivity,lambda_bal,0.1,0,BlogCatalog,0.7253570942265797,0.33440940358339133,/autodl-fs/data/recap/tuning_hyperparams/sensitivity_results/sensitivity_paper_final/checkpoints/lambda_bal__0p1/recap/trial_0/model.pt
lambda_bal__0p1,sensitivity,lambda_bal,0.1,0,weibo,0.7550995732879087,0.309188050190503,/autodl-fs/data/recap/tuning_hyperparams/sensitivity_results/sensitivity_paper_final/checkpoints/lambda_bal__0p1/recap/trial_0/model.pt
lambda_bal__0p1,sensitivity,lambda_bal,0.1,0,Reddit,0.5975637308334028,0.047803504454111384,/autodl-fs/data/recap/tuning_hyperparams/sensitivity_results/sensitivity_paper_final/checkpoints/lambda_bal__0p1/recap/trial_0/model.pt
lambda_bal__0p1,sensitivity,lambda_bal,0.1,0,Amazon,0.7259640183782456,0.13062270827695627,/autodl-fs/data/recap/tuning_hyperparams/sensitivity_results/sensitivity_paper_final/checkpoints/lambda_bal__0p1/recap/trial_0/model.pt
lambda_bal__0p1,sensitivity,lambda_bal,0.1,1,Facebook,0.5777651515151515,0.045464706315702416,/autodl-fs/data/recap/tuning_hyperparams/sensitivity_results/sensitivity_paper_final/checkpoints/lambda_bal__0p1/recap/trial_1/model.pt
lambda_bal__0p1,sensitivity,lambda_bal,0.1,1,cora,0.8322778212144905,0.42156590942158445,/autodl-fs/data/recap/tuning_hyperparams/sensitivity_results/sensitivity_paper_final/checkpoints/lambda_bal__0p1/recap/trial_1/model.pt
lambda_bal__0p1,sensitivity,lambda_bal,0.1,1,citeseer,0.9005256531318855,0.45860667400054705,/autodl-fs/data/recap/tuning_hyperparams/sensitivity_results/sensitivity_paper_final/checkpoints/lambda_bal__0p1/recap/trial_1/model.pt
lambda_bal__0p1,sensitivity,lambda_bal,0.1,1,ACM,0.7929320550002483,0.3716694849921757,/autodl-fs/data/recap/tuning_hyperparams/sensitivity_results/sensitivity_paper_final/checkpoints/lambda_bal__0p1/recap/trial_1/model.pt
lambda_bal__0p1,sensitivity,lambda_bal,0.1,1,BlogCatalog,0.7234827750544662,0.3356845482416534,/autodl-fs/data/recap/tuning_hyperparams/sensitivity_results/sensitivity_paper_final/checkpoints/lambda_bal__0p1/recap/trial_1/model.pt
lambda_bal__0p1,sensitivity,lambda_bal,0.1,1,weibo,0.7487872425374298,0.3038140198930004,/autodl-fs/data/recap/tuning_hyperparams/sensitivity_results/sensitivity_paper_final/checkpoints/lambda_bal__0p1/recap/trial_1/model.pt
lambda_bal__0p1,sensitivity,lambda_bal,0.1,1,Reddit,0.596276222354657,0.04617697262639059,/autodl-fs/data/recap/tuning_hyperparams/sensitivity_results/sensitivity_paper_final/checkpoints/lambda_bal__0p1/recap/trial_1/model.pt
lambda_bal__0p1,sensitivity,lambda_bal,0.1,1,Amazon,0.7434659559305451,0.13842692396826467,/autodl-fs/data/recap/tuning_hyperparams/sensitivity_results/sensitivity_paper_final/checkpoints/lambda_bal__0p1/recap/trial_1/model.pt
lambda_bal__0p1,sensitivity,lambda_bal,0.1,2,Facebook,0.5787878787878787,0.036533826409210685,/autodl-fs/data/recap/tuning_hyperparams/sensitivity_results/sensitivity_paper_final/checkpoints/lambda_bal__0p1/recap/trial_2/model.pt
lambda_bal__0p1,sensitivity,lambda_bal,0.1,2,cora,0.8248475371383894,0.40773074846492824,/autodl-fs/data/recap/tuning_hyperparams/sensitivity_results/sensitivity_paper_final/checkpoints/lambda_bal__0p1/recap/trial_2/model.pt
lambda_bal__0p1,sensitivity,lambda_bal,0.1,2,citeseer,0.9018854265029902,0.44030324118152087,/autodl-fs/data/recap/tuning_hyperparams/sensitivity_results/sensitivity_paper_final/checkpoints/lambda_bal__0p1/recap/trial_2/model.pt
lambda_bal__0p1,sensitivity,lambda_bal,0.1,2,ACM,0.7959241350581194,0.3755622390473844,/autodl-fs/data/recap/tuning_hyperparams/sensitivity_results/sensitivity_paper_final/checkpoints/lambda_bal__0p1/recap/trial_2/model.pt
lambda_bal__0p1,sensitivity,lambda_bal,0.1,2,BlogCatalog,0.7290162037037038,0.3371534719856721,/autodl-fs/data/recap/tuning_hyperparams/sensitivity_results/sensitivity_paper_final/checkpoints/lambda_bal__0p1/recap/trial_2/model.pt
lambda_bal__0p1,sensitivity,lambda_bal,0.1,2,weibo,0.7430923725595815,0.29924704800613044,/autodl-fs/data/recap/tuning_hyperparams/sensitivity_results/sensitivity_paper_final/checkpoints/lambda_bal__0p1/recap/trial_2/model.pt
lambda_bal__0p1,sensitivity,lambda_bal,0.1,2,Reddit,0.5916883074107583,0.04505200426146295,/autodl-fs/data/recap/tuning_hyperparams/sensitivity_results/sensitivity_paper_final/checkpoints/lambda_bal__0p1/recap/trial_2/model.pt
lambda_bal__0p1,sensitivity,lambda_bal,0.1,2,Amazon,0.7287965767663596,0.13223986212958244,/autodl-fs/data/recap/tuning_hyperparams/sensitivity_results/sensitivity_paper_final/checkpoints/lambda_bal__0p1/recap/trial_2/model.pt
lambda_E__0,sensitivity,lambda_E,0,0,Facebook,0.5825,0.049532024192899315,/autodl-fs/data/recap/tuning_hyperparams/sensitivity_results/sensitivity_paper_final/checkpoints/lambda_E__0/recap/trial_0/model.pt
lambda_E__0,sensitivity,lambda_E,0,0,cora,0.8317591868647383,0.4290847034015028,/autodl-fs/data/recap/tuning_hyperparams/sensitivity_results/sensitivity_paper_final/checkpoints/lambda_E__0/recap/trial_0/model.pt
lambda_E__0,sensitivity,lambda_E,0,0,citeseer,0.9040509915014164,0.4391114095910394,/autodl-fs/data/recap/tuning_hyperparams/sensitivity_results/sensitivity_paper_final/checkpoints/lambda_E__0/recap/trial_0/model.pt
lambda_E__0,sensitivity,lambda_E,0,0,ACM,0.796656379398092,0.3729882738515556,/autodl-fs/data/recap/tuning_hyperparams/sensitivity_results/sensitivity_paper_final/checkpoints/lambda_E__0/recap/trial_0/model.pt
lambda_E__0,sensitivity,lambda_E,0,0,BlogCatalog,0.7258483115468409,0.33450143427512097,/autodl-fs/data/recap/tuning_hyperparams/sensitivity_results/sensitivity_paper_final/checkpoints/lambda_E__0/recap/trial_0/model.pt
lambda_E__0,sensitivity,lambda_E,0,0,weibo,0.7552222400214242,0.30933073969444685,/autodl-fs/data/recap/tuning_hyperparams/sensitivity_results/sensitivity_paper_final/checkpoints/lambda_E__0/recap/trial_0/model.pt
lambda_E__0,sensitivity,lambda_E,0,0,Reddit,0.5975409578744003,0.04780527597665489,/autodl-fs/data/recap/tuning_hyperparams/sensitivity_results/sensitivity_paper_final/checkpoints/lambda_E__0/recap/trial_0/model.pt
lambda_E__0,sensitivity,lambda_E,0,0,Amazon,0.7259594763529295,0.13062221323245193,/autodl-fs/data/recap/tuning_hyperparams/sensitivity_results/sensitivity_paper_final/checkpoints/lambda_E__0/recap/trial_0/model.pt
lambda_E__0,sensitivity,lambda_E,0,1,Facebook,0.5776515151515151,0.04545464666147548,/autodl-fs/data/recap/tuning_hyperparams/sensitivity_results/sensitivity_paper_final/checkpoints/lambda_E__0/recap/trial_1/model.pt
lambda_E__0,sensitivity,lambda_E,0,1,cora,0.8323064894448788,0.4216976683087736,/autodl-fs/data/recap/tuning_hyperparams/sensitivity_results/sensitivity_paper_final/checkpoints/lambda_E__0/recap/trial_1/model.pt
lambda_E__0,sensitivity,lambda_E,0,1,citeseer,0.9004574546217604,0.45855427787696473,/autodl-fs/data/recap/tuning_hyperparams/sensitivity_results/sensitivity_paper_final/checkpoints/lambda_E__0/recap/trial_1/model.pt
lambda_E__0,sensitivity,lambda_E,0,1,ACM,0.7929652669465537,0.37168465415894825,/autodl-fs/data/recap/tuning_hyperparams/sensitivity_results/sensitivity_paper_final/checkpoints/lambda_E__0/recap/trial_1/model.pt
lambda_E__0,sensitivity,lambda_E,0,1,BlogCatalog,0.7240689678649237,0.3357877401650469,/autodl-fs/data/recap/tuning_hyperparams/sensitivity_results/sensitivity_paper_final/checkpoints/lambda_E__0/recap/trial_1/model.pt
lambda_E__0,sensitivity,lambda_E,0,1,weibo,0.7473292280356998,0.30343535111972636,/autodl-fs/data/recap/tuning_hyperparams/sensitivity_results/sensitivity_paper_final/checkpoints/lambda_E__0/recap/trial_1/model.pt
lambda_E__0,sensitivity,lambda_E,0,1,Reddit,0.5961786974793808,0.046174489503632135,/autodl-fs/data/recap/tuning_hyperparams/sensitivity_results/sensitivity_paper_final/checkpoints/lambda_E__0/recap/trial_1/model.pt
lambda_E__0,sensitivity,lambda_E,0,1,Amazon,0.7434633821161993,0.13842644077619168,/autodl-fs/data/recap/tuning_hyperparams/sensitivity_results/sensitivity_paper_final/checkpoints/lambda_E__0/recap/trial_1/model.pt
lambda_E__0,sensitivity,lambda_E,0,2,Facebook,0.57875,0.03653224403819973,/autodl-fs/data/recap/tuning_hyperparams/sensitivity_results/sensitivity_paper_final/checkpoints/lambda_E__0/recap/trial_2/model.pt
lambda_E__0,sensitivity,lambda_E,0,2,cora,0.8248735991660151,0.40774590314181636,/autodl-fs/data/recap/tuning_hyperparams/sensitivity_results/sensitivity_paper_final/checkpoints/lambda_E__0/recap/trial_2/model.pt
lambda_E__0,sensitivity,lambda_E,0,2,citeseer,0.9018644423460288,0.4403421688182926,/autodl-fs/data/recap/tuning_hyperparams/sensitivity_results/sensitivity_paper_final/checkpoints/lambda_E__0/recap/trial_2/model.pt
lambda_E__0,sensitivity,lambda_E,0,2,ACM,0.7959243459276196,0.37554945429251113,/autodl-fs/data/recap/tuning_hyperparams/sensitivity_results/sensitivity_paper_final/checkpoints/lambda_E__0/recap/trial_2/model.pt
lambda_E__0,sensitivity,lambda_E,0,2,BlogCatalog,0.7293007897603487,0.33722386624685924,/autodl-fs/data/recap/tuning_hyperparams/sensitivity_results/sensitivity_paper_final/checkpoints/lambda_E__0/recap/trial_2/model.pt
lambda_E__0,sensitivity,lambda_E,0,2,weibo,0.7436602316437066,0.29935961496079877,/autodl-fs/data/recap/tuning_hyperparams/sensitivity_results/sensitivity_paper_final/checkpoints/lambda_E__0/recap/trial_2/model.pt
lambda_E__0,sensitivity,lambda_E,0,2,Reddit,0.5915418914370587,0.045046480709812556,/autodl-fs/data/recap/tuning_hyperparams/sensitivity_results/sensitivity_paper_final/checkpoints/lambda_E__0/recap/trial_2/model.pt
lambda_E__0,sensitivity,lambda_E,0,2,Amazon,0.7288098243401988,0.13224107193925483,/autodl-fs/data/recap/tuning_hyperparams/sensitivity_results/sensitivity_paper_final/checkpoints/lambda_E__0/recap/trial_2/model.pt
lambda_E__0p01,sensitivity,lambda_E,0.01,0,Facebook,0.5824621212121212,0.049515396631528014,/autodl-fs/data/recap/tuning_hyperparams/sensitivity_results/sensitivity_paper_final/checkpoints/lambda_E__0p01/recap/trial_0/model.pt
lambda_E__0p01,sensitivity,lambda_E,0.01,0,cora,0.8317461558509252,0.4290744272905925,/autodl-fs/data/recap/tuning_hyperparams/sensitivity_results/sensitivity_paper_final/checkpoints/lambda_E__0p01/recap/trial_0/model.pt
lambda_E__0p01,sensitivity,lambda_E,0.01,0,citeseer,0.9039681040814185,0.43910242050863085,/autodl-fs/data/recap/tuning_hyperparams/sensitivity_results/sensitivity_paper_final/checkpoints/lambda_E__0p01/recap/trial_0/model.pt
lambda_E__0p01,sensitivity,lambda_E,0.01,0,ACM,0.7966979734070364,0.3730049184198638,/autodl-fs/data/recap/tuning_hyperparams/sensitivity_results/sensitivity_paper_final/checkpoints/lambda_E__0p01/recap/trial_0/model.pt
lambda_E__0p01,sensitivity,lambda_E,0.01,0,BlogCatalog,0.726234681372549,0.3344947217307107,/autodl-fs/data/recap/tuning_hyperparams/sensitivity_results/sensitivity_paper_final/checkpoints/lambda_E__0p01/recap/trial_0/model.pt
lambda_E__0p01,sensitivity,lambda_E,0.01,0,weibo,0.7569179452030504,0.30949685056679876,/autodl-fs/data/recap/tuning_hyperparams/sensitivity_results/sensitivity_paper_final/checkpoints/lambda_E__0p01/recap/trial_0/model.pt
lambda_E__0p01,sensitivity,lambda_E,0.01,0,Reddit,0.5975336242096368,0.04780440885909616,/autodl-fs/data/recap/tuning_hyperparams/sensitivity_results/sensitivity_paper_final/checkpoints/lambda_E__0p01/recap/trial_0/model.pt
lambda_E__0p01,sensitivity,lambda_E,0.01,0,Amazon,0.7259688632052497,0.13062513671121673,/autodl-fs/data/recap/tuning_hyperparams/sensitivity_results/sensitivity_paper_final/checkpoints/lambda_E__0p01/recap/trial_0/model.pt
lambda_E__0p01,sensitivity,lambda_E,0.01,1,Facebook,0.5776893939393939,0.04545626144359672,/autodl-fs/data/recap/tuning_hyperparams/sensitivity_results/sensitivity_paper_final/checkpoints/lambda_E__0p01/recap/trial_1/model.pt
lambda_E__0p01,sensitivity,lambda_E,0.01,1,cora,0.8322804274172532,0.4216530573725418,/autodl-fs/data/recap/tuning_hyperparams/sensitivity_results/sensitivity_paper_final/checkpoints/lambda_E__0p01/recap/trial_1/model.pt
lambda_E__0p01,sensitivity,lambda_E,0.01,1,citeseer,0.9004826356101143,0.4586089125643163,/autodl-fs/data/recap/tuning_hyperparams/sensitivity_results/sensitivity_paper_final/checkpoints/lambda_E__0p01/recap/trial_1/model.pt
lambda_E__0p01,sensitivity,lambda_E,0.01,1,ACM,0.7929823473760822,0.3716928365168093,/autodl-fs/data/recap/tuning_hyperparams/sensitivity_results/sensitivity_paper_final/checkpoints/lambda_E__0p01/recap/trial_1/model.pt
lambda_E__0p01,sensitivity,lambda_E,0.01,1,BlogCatalog,0.7237401279956428,0.3357459158986815,/autodl-fs/data/recap/tuning_hyperparams/sensitivity_results/sensitivity_paper_final/checkpoints/lambda_E__0p01/recap/trial_1/model.pt
lambda_E__0p01,sensitivity,lambda_E,0.01,1,weibo,0.7484891738391677,0.30370267215372226,/autodl-fs/data/recap/tuning_hyperparams/sensitivity_results/sensitivity_paper_final/checkpoints/lambda_E__0p01/recap/trial_1/model.pt
lambda_E__0p01,sensitivity,lambda_E,0.01,1,Reddit,0.5962510048407335,0.04617794942001115,/autodl-fs/data/recap/tuning_hyperparams/sensitivity_results/sensitivity_paper_final/checkpoints/lambda_E__0p01/recap/trial_1/model.pt
lambda_E__0p01,sensitivity,lambda_E,0.01,1,Amazon,0.7434636849178871,0.13842684454075593,/autodl-fs/data/recap/tuning_hyperparams/sensitivity_results/sensitivity_paper_final/checkpoints/lambda_E__0p01/recap/trial_1/model.pt
lambda_E__0p01,sensitivity,lambda_E,0.01,2,Facebook,0.57875,0.03653224403819973,/autodl-fs/data/recap/tuning_hyperparams/sensitivity_results/sensitivity_paper_final/checkpoints/lambda_E__0p01/recap/trial_2/model.pt
lambda_E__0p01,sensitivity,lambda_E,0.01,2,cora,0.8248605681522022,0.40775224210464855,/autodl-fs/data/recap/tuning_hyperparams/sensitivity_results/sensitivity_paper_final/checkpoints/lambda_E__0p01/recap/trial_2/model.pt
lambda_E__0p01,sensitivity,lambda_E,0.01,2,citeseer,0.9018644423460288,0.44038284075006856,/autodl-fs/data/recap/tuning_hyperparams/sensitivity_results/sensitivity_paper_final/checkpoints/lambda_E__0p01/recap/trial_2/model.pt
lambda_E__0p01,sensitivity,lambda_E,0.01,2,ACM,0.7959406355965218,0.37555258710380957,/autodl-fs/data/recap/tuning_hyperparams/sensitivity_results/sensitivity_paper_final/checkpoints/lambda_E__0p01/recap/trial_2/model.pt
lambda_E__0p01,sensitivity,lambda_E,0.01,2,BlogCatalog,0.7300010212418301,0.3372524126652912,/autodl-fs/data/recap/tuning_hyperparams/sensitivity_results/sensitivity_paper_final/checkpoints/lambda_E__0p01/recap/trial_2/model.pt
lambda_E__0p01,sensitivity,lambda_E,0.01,2,weibo,0.7433523037500405,0.29926896201707975,/autodl-fs/data/recap/tuning_hyperparams/sensitivity_results/sensitivity_paper_final/checkpoints/lambda_E__0p01/recap/trial_2/model.pt
lambda_E__0p01,sensitivity,lambda_E,0.01,2,Reddit,0.5916251349651638,0.045047946028970345,/autodl-fs/data/recap/tuning_hyperparams/sensitivity_results/sensitivity_paper_final/checkpoints/lambda_E__0p01/recap/trial_2/model.pt
lambda_E__0p01,sensitivity,lambda_E,0.01,2,Amazon,0.7288006645891442,0.13223527283261285,/autodl-fs/data/recap/tuning_hyperparams/sensitivity_results/sensitivity_paper_final/checkpoints/lambda_E__0p01/recap/trial_2/model.pt
lambda_E__0p05,sensitivity,lambda_E,0.05,0,Facebook,0.5823863636363636,0.049523308582881516,/autodl-fs/data/recap/tuning_hyperparams/sensitivity_results/sensitivity_paper_final/checkpoints/lambda_E__0p05/recap/trial_0/model.pt
lambda_E__0p05,sensitivity,lambda_E,0.05,0,cora,0.8317565806619756,0.4290884993284907,/autodl-fs/data/recap/tuning_hyperparams/sensitivity_results/sensitivity_paper_final/checkpoints/lambda_E__0p05/recap/trial_0/model.pt
lambda_E__0p05,sensitivity,lambda_E,0.05,0,citeseer,0.9040698772426817,0.43911851240432254,/autodl-fs/data/recap/tuning_hyperparams/sensitivity_results/sensitivity_paper_final/checkpoints/lambda_E__0p05/recap/trial_0/model.pt
lambda_E__0p05,sensitivity,lambda_E,0.05,0,ACM,0.7967486348044961,0.37300483847776555,/autodl-fs/data/recap/tuning_hyperparams/sensitivity_results/sensitivity_paper_final/checkpoints/lambda_E__0p05/recap/trial_0/model.pt
lambda_E__0p05,sensitivity,lambda_E,0.05,0,BlogCatalog,0.7257049972766885,0.3344547506567925,/autodl-fs/data/recap/tuning_hyperparams/sensitivity_results/sensitivity_paper_final/checkpoints/lambda_E__0p05/recap/trial_0/model.pt
lambda_E__0p05,sensitivity,lambda_E,0.05,0,weibo,0.7562971216040804,0.3094538719262297,/autodl-fs/data/recap/tuning_hyperparams/sensitivity_results/sensitivity_paper_final/checkpoints/lambda_E__0p05/recap/trial_0/model.pt
lambda_E__0p05,sensitivity,lambda_E,0.05,0,Reddit,0.5975190855408951,0.04780266280680025,/autodl-fs/data/recap/tuning_hyperparams/sensitivity_results/sensitivity_paper_final/checkpoints/lambda_E__0p05/recap/trial_0/model.pt
lambda_E__0p05,sensitivity,lambda_E,0.05,0,Amazon,0.7259615959647436,0.1306249950027359,/autodl-fs/data/recap/tuning_hyperparams/sensitivity_results/sensitivity_paper_final/checkpoints/lambda_E__0p05/recap/trial_0/model.pt
lambda_E__0p05,sensitivity,lambda_E,0.05,1,Facebook,0.5775757575757575,0.045446223472726026,/autodl-fs/data/recap/tuning_hyperparams/sensitivity_results/sensitivity_paper_final/checkpoints/lambda_E__0p05/recap/trial_1/model.pt
lambda_E__0p05,sensitivity,lambda_E,0.05,1,cora,0.8322778212144906,0.421599642337527,/autodl-fs/data/recap/tuning_hyperparams/sensitivity_results/sensitivity_paper_final/checkpoints/lambda_E__0p05/recap/trial_1/model.pt
lambda_E__0p05,sensitivity,lambda_E,0.05,1,citeseer,0.9005004721435317,0.45859646672781595,/autodl-fs/data/recap/tuning_hyperparams/sensitivity_results/sensitivity_paper_final/checkpoints/lambda_E__0p05/recap/trial_1/model.pt
lambda_E__0p05,sensitivity,lambda_E,0.05,1,ACM,0.7929525093417824,0.37167432839856135,/autodl-fs/data/recap/tuning_hyperparams/sensitivity_results/sensitivity_paper_final/checkpoints/lambda_E__0p05/recap/trial_1/model.pt
lambda_E__0p05,sensitivity,lambda_E,0.05,1,BlogCatalog,0.7238126361655773,0.3357501016443047,/autodl-fs/data/recap/tuning_hyperparams/sensitivity_results/sensitivity_paper_final/checkpoints/lambda_E__0p05/recap/trial_1/model.pt
lambda_E__0p05,sensitivity,lambda_E,0.05,1,weibo,0.7502799552927523,0.3039538288814684,/autodl-fs/data/recap/tuning_hyperparams/sensitivity_results/sensitivity_paper_final/checkpoints/lambda_E__0p05/recap/trial_1/model.pt
lambda_E__0p05,sensitivity,lambda_E,0.05,1,Reddit,0.5961520646968186,0.046173774002950946,/autodl-fs/data/recap/tuning_hyperparams/sensitivity_results/sensitivity_paper_final/checkpoints/lambda_E__0p05/recap/trial_1/model.pt
lambda_E__0p05,sensitivity,lambda_E,0.05,1,Amazon,0.7434667886351864,0.13842882266611736,/autodl-fs/data/recap/tuning_hyperparams/sensitivity_results/sensitivity_paper_final/checkpoints/lambda_E__0p05/recap/trial_1/model.pt
lambda_E__0p05,sensitivity,lambda_E,0.05,2,Facebook,0.5787878787878789,0.03653663173509762,/autodl-fs/data/recap/tuning_hyperparams/sensitivity_results/sensitivity_paper_final/checkpoints/lambda_E__0p05/recap/trial_2/model.pt
lambda_E__0p05,sensitivity,lambda_E,0.05,2,cora,0.8248579619494396,0.4077345368035315,/autodl-fs/data/recap/tuning_hyperparams/sensitivity_results/sensitivity_paper_final/checkpoints/lambda_E__0p05/recap/trial_2/model.pt
lambda_E__0p05,sensitivity,lambda_E,0.05,2,citeseer,0.9018906725422307,0.4403675750508405,/autodl-fs/data/recap/tuning_hyperparams/sensitivity_results/sensitivity_paper_final/checkpoints/lambda_E__0p05/recap/trial_2/model.pt
lambda_E__0p05,sensitivity,lambda_E,0.05,2,ACM,0.7958954040886963,0.375542063447441,/autodl-fs/data/recap/tuning_hyperparams/sensitivity_results/sensitivity_paper_final/checkpoints/lambda_E__0p05/recap/trial_2/model.pt
lambda_E__0p05,sensitivity,lambda_E,0.05,2,BlogCatalog,0.7292092184095861,0.3372397818166667,/autodl-fs/data/recap/tuning_hyperparams/sensitivity_results/sensitivity_paper_final/checkpoints/lambda_E__0p05/recap/trial_2/model.pt
lambda_E__0p05,sensitivity,lambda_E,0.05,2,weibo,0.7426914319464832,0.2992611465685385,/autodl-fs/data/recap/tuning_hyperparams/sensitivity_results/sensitivity_paper_final/checkpoints/lambda_E__0p05/recap/trial_2/model.pt
lambda_E__0p05,sensitivity,lambda_E,0.05,2,Reddit,0.5915602899293602,0.04504546358129159,/autodl-fs/data/recap/tuning_hyperparams/sensitivity_results/sensitivity_paper_final/checkpoints/lambda_E__0p05/recap/trial_2/model.pt
lambda_E__0p05,sensitivity,lambda_E,0.05,2,Amazon,0.7288143663655153,0.13224335068556503,/autodl-fs/data/recap/tuning_hyperparams/sensitivity_results/sensitivity_paper_final/checkpoints/lambda_E__0p05/recap/trial_2/model.pt
lambda_E__0p2,sensitivity,lambda_E,0.2,0,Facebook,0.5824999999999999,0.04951983188832726,/autodl-fs/data/recap/tuning_hyperparams/sensitivity_results/sensitivity_paper_final/checkpoints/lambda_E__0p2/recap/trial_0/model.pt
lambda_E__0p2,sensitivity,lambda_E,0.2,0,cora,0.831735731039875,0.4290156778331962,/autodl-fs/data/recap/tuning_hyperparams/sensitivity_results/sensitivity_paper_final/checkpoints/lambda_E__0p2/recap/trial_0/model.pt
lambda_E__0p2,sensitivity,lambda_E,0.2,0,citeseer,0.9040425978386317,0.4390979909112256,/autodl-fs/data/recap/tuning_hyperparams/sensitivity_results/sensitivity_paper_final/checkpoints/lambda_E__0p2/recap/trial_0/model.pt
lambda_E__0p2,sensitivity,lambda_E,0.2,0,ACM,0.7967044049267972,0.37300556298383036,/autodl-fs/data/recap/tuning_hyperparams/sensitivity_results/sensitivity_paper_final/checkpoints/lambda_E__0p2/recap/trial_0/model.pt
lambda_E__0p2,sensitivity,lambda_E,0.2,0,BlogCatalog,0.7259102668845316,0.3344823314890185,/autodl-fs/data/recap/tuning_hyperparams/sensitivity_results/sensitivity_paper_final/checkpoints/lambda_E__0p2/recap/trial_0/model.pt
lambda_E__0p2,sensitivity,lambda_E,0.2,0,weibo,0.7552937765090071,0.3092092589381514,/autodl-fs/data/recap/tuning_hyperparams/sensitivity_results/sensitivity_paper_final/checkpoints/lambda_E__0p2/recap/trial_0/model.pt
lambda_E__0p2,sensitivity,lambda_E,0.2,0,Reddit,0.597529378403721,0.0478037370950494,/autodl-fs/data/recap/tuning_hyperparams/sensitivity_results/sensitivity_paper_final/checkpoints/lambda_E__0p2/recap/trial_0/model.pt
lambda_E__0p2,sensitivity,lambda_E,0.2,0,Amazon,0.7259675005976549,0.13062205303583596,/autodl-fs/data/recap/tuning_hyperparams/sensitivity_results/sensitivity_paper_final/checkpoints/lambda_E__0p2/recap/trial_0/model.pt
lambda_E__0p2,sensitivity,lambda_E,0.2,1,Facebook,0.5776515151515151,0.045454861658516,/autodl-fs/data/recap/tuning_hyperparams/sensitivity_results/sensitivity_paper_final/checkpoints/lambda_E__0p2/recap/trial_1/model.pt
lambda_E__0p2,sensitivity,lambda_E,0.2,1,cora,0.8322752150117279,0.4217075891085449,/autodl-fs/data/recap/tuning_hyperparams/sensitivity_results/sensitivity_paper_final/checkpoints/lambda_E__0p2/recap/trial_1/model.pt
lambda_E__0p2,sensitivity,lambda_E,0.2,1,citeseer,0.9005686706536565,0.4585589396870135,/autodl-fs/data/recap/tuning_hyperparams/sensitivity_results/sensitivity_paper_final/checkpoints/lambda_E__0p2/recap/trial_1/model.pt
lambda_E__0p2,sensitivity,lambda_E,0.2,1,ACM,0.792992943568475,0.3716744445849772,/autodl-fs/data/recap/tuning_hyperparams/sensitivity_results/sensitivity_paper_final/checkpoints/lambda_E__0p2/recap/trial_1/model.pt
lambda_E__0p2,sensitivity,lambda_E,0.2,1,BlogCatalog,0.723494008714597,0.3357061636883883,/autodl-fs/data/recap/tuning_hyperparams/sensitivity_results/sensitivity_paper_final/checkpoints/lambda_E__0p2/recap/trial_1/model.pt
lambda_E__0p2,sensitivity,lambda_E,0.2,1,weibo,0.7505051882296188,0.30398337300405415,/autodl-fs/data/recap/tuning_hyperparams/sensitivity_results/sensitivity_paper_final/checkpoints/lambda_E__0p2/recap/trial_1/model.pt
lambda_E__0p2,sensitivity,lambda_E,0.2,1,Reddit,0.5961943940951904,0.04617718076060102,/autodl-fs/data/recap/tuning_hyperparams/sensitivity_results/sensitivity_paper_final/checkpoints/lambda_E__0p2/recap/trial_1/model.pt
lambda_E__0p2,sensitivity,lambda_E,0.2,1,Amazon,0.7434691353482665,0.13842694536921876,/autodl-fs/data/recap/tuning_hyperparams/sensitivity_results/sensitivity_paper_final/checkpoints/lambda_E__0p2/recap/trial_1/model.pt
lambda_E__0p2,sensitivity,lambda_E,0.2,2,Facebook,0.5788257575757576,0.03653860565853018,/autodl-fs/data/recap/tuning_hyperparams/sensitivity_results/sensitivity_paper_final/checkpoints/lambda_E__0p2/recap/trial_2/model.pt
lambda_E__0p2,sensitivity,lambda_E,0.2,2,cora,0.8248553557466771,0.40770951743854045,/autodl-fs/data/recap/tuning_hyperparams/sensitivity_results/sensitivity_paper_final/checkpoints/lambda_E__0p2/recap/trial_2/model.pt
lambda_E__0p2,sensitivity,lambda_E,0.2,2,citeseer,0.901854999475396,0.4403565041966675,/autodl-fs/data/recap/tuning_hyperparams/sensitivity_results/sensitivity_paper_final/checkpoints/lambda_E__0p2/recap/trial_2/model.pt
lambda_E__0p2,sensitivity,lambda_E,0.2,2,ACM,0.7958971964794493,0.37554691884598934,/autodl-fs/data/recap/tuning_hyperparams/sensitivity_results/sensitivity_paper_final/checkpoints/lambda_E__0p2/recap/trial_2/model.pt
lambda_E__0p2,sensitivity,lambda_E,0.2,2,BlogCatalog,0.7289345043572985,0.3372217746007205,/autodl-fs/data/recap/tuning_hyperparams/sensitivity_results/sensitivity_paper_final/checkpoints/lambda_E__0p2/recap/trial_2/model.pt
lambda_E__0p2,sensitivity,lambda_E,0.2,2,weibo,0.7429611459044749,0.2991916741268767,/autodl-fs/data/recap/tuning_hyperparams/sensitivity_results/sensitivity_paper_final/checkpoints/lambda_E__0p2/recap/trial_2/model.pt
lambda_E__0p2,sensitivity,lambda_E,0.2,2,Reddit,0.5916175439788296,0.04504805809708013,/autodl-fs/data/recap/tuning_hyperparams/sensitivity_results/sensitivity_paper_final/checkpoints/lambda_E__0p2/recap/trial_2/model.pt
lambda_E__0p2,sensitivity,lambda_E,0.2,2,Amazon,0.7288044496102414,0.1322384303123908,/autodl-fs/data/recap/tuning_hyperparams/sensitivity_results/sensitivity_paper_final/checkpoints/lambda_E__0p2/recap/trial_2/model.pt
lambda_E__0p3,sensitivity,lambda_E,0.3,0,Facebook,0.5823484848484848,0.049510071927380314,/autodl-fs/data/recap/tuning_hyperparams/sensitivity_results/sensitivity_paper_final/checkpoints/lambda_E__0p3/recap/trial_0/model.pt
lambda_E__0p3,sensitivity,lambda_E,0.3,0,cora,0.8317383372426375,0.429067199544136,/autodl-fs/data/recap/tuning_hyperparams/sensitivity_results/sensitivity_paper_final/checkpoints/lambda_E__0p3/recap/trial_0/model.pt
lambda_E__0p3,sensitivity,lambda_E,0.3,0,citeseer,0.9039932850697723,0.43912567283000814,/autodl-fs/data/recap/tuning_hyperparams/sensitivity_results/sensitivity_paper_final/checkpoints/lambda_E__0p3/recap/trial_0/model.pt
lambda_E__0p3,sensitivity,lambda_E,0.3,0,ACM,0.7966813674338837,0.37300666798662363,/autodl-fs/data/recap/tuning_hyperparams/sensitivity_results/sensitivity_paper_final/checkpoints/lambda_E__0p3/recap/trial_0/model.pt
lambda_E__0p3,sensitivity,lambda_E,0.3,0,BlogCatalog,0.7263848039215687,0.33450786878169686,/autodl-fs/data/recap/tuning_hyperparams/sensitivity_results/sensitivity_paper_final/checkpoints/lambda_E__0p3/recap/trial_0/model.pt
lambda_E__0p3,sensitivity,lambda_E,0.3,0,weibo,0.7557954490565437,0.30941838481099154,/autodl-fs/data/recap/tuning_hyperparams/sensitivity_results/sensitivity_paper_final/checkpoints/lambda_E__0p3/recap/trial_0/model.pt
lambda_E__0p3,sensitivity,lambda_E,0.3,0,Reddit,0.5974371286206432,0.04779905575527987,/autodl-fs/data/recap/tuning_hyperparams/sensitivity_results/sensitivity_paper_final/checkpoints/lambda_E__0p3/recap/trial_0/model.pt
lambda_E__0p3,sensitivity,lambda_E,0.3,0,Amazon,0.7259455474752926,0.13061418619433773,/autodl-fs/data/recap/tuning_hyperparams/sensitivity_results/sensitivity_paper_final/checkpoints/lambda_E__0p3/recap/trial_0/model.pt
lambda_E__0p3,sensitivity,lambda_E,0.3,1,Facebook,0.5776136363636364,0.04544848669762165,/autodl-fs/data/recap/tuning_hyperparams/sensitivity_results/sensitivity_paper_final/checkpoints/lambda_E__0p3/recap/trial_1/model.pt
lambda_E__0p3,sensitivity,lambda_E,0.3,1,cora,0.8322960646338285,0.4216857382734552,/autodl-fs/data/recap/tuning_hyperparams/sensitivity_results/sensitivity_paper_final/checkpoints/lambda_E__0p3/recap/trial_1/model.pt
lambda_E__0p3,sensitivity,lambda_E,0.3,1,citeseer,0.9004721435316337,0.4585536727943881,/autodl-fs/data/recap/tuning_hyperparams/sensitivity_results/sensitivity_paper_final/checkpoints/lambda_E__0p3/recap/trial_1/model.pt
lambda_E__0p3,sensitivity,lambda_E,0.3,1,ACM,0.7929364832597557,0.3716755577361683,/autodl-fs/data/recap/tuning_hyperparams/sensitivity_results/sensitivity_paper_final/checkpoints/lambda_E__0p3/recap/trial_1/model.pt
lambda_E__0p3,sensitivity,lambda_E,0.3,1,BlogCatalog,0.7234974128540305,0.3356922446979924,/autodl-fs/data/recap/tuning_hyperparams/sensitivity_results/sensitivity_paper_final/checkpoints/lambda_E__0p3/recap/trial_1/model.pt
lambda_E__0p3,sensitivity,lambda_E,0.3,1,weibo,0.7492558982445435,0.30384954120750773,/autodl-fs/data/recap/tuning_hyperparams/sensitivity_results/sensitivity_paper_final/checkpoints/lambda_E__0p3/recap/trial_1/model.pt
lambda_E__0p3,sensitivity,lambda_E,0.3,1,Reddit,0.5962260446483804,0.046178682104466386,/autodl-fs/data/recap/tuning_hyperparams/sensitivity_results/sensitivity_paper_final/checkpoints/lambda_E__0p3/recap/trial_1/model.pt
lambda_E__0p3,sensitivity,lambda_E,0.3,1,Amazon,0.7434580830866635,0.13842480660329248,/autodl-fs/data/recap/tuning_hyperparams/sensitivity_results/sensitivity_paper_final/checkpoints/lambda_E__0p3/recap/trial_1/model.pt
lambda_E__0p3,sensitivity,lambda_E,0.3,2,Facebook,0.57875,0.036532026438132095,/autodl-fs/data/recap/tuning_hyperparams/sensitivity_results/sensitivity_paper_final/checkpoints/lambda_E__0p3/recap/trial_2/model.pt
lambda_E__0p3,sensitivity,lambda_E,0.3,2,cora,0.8248657805577273,0.40778866637566435,/autodl-fs/data/recap/tuning_hyperparams/sensitivity_results/sensitivity_paper_final/checkpoints/lambda_E__0p3/recap/trial_2/model.pt
lambda_E__0p3,sensitivity,lambda_E,0.3,2,citeseer,0.9019210995698248,0.4403624283198932,/autodl-fs/data/recap/tuning_hyperparams/sensitivity_results/sensitivity_paper_final/checkpoints/lambda_E__0p3/recap/trial_2/model.pt
lambda_E__0p3,sensitivity,lambda_E,0.3,2,ACM,0.7959451165734044,0.3755438273602035,/autodl-fs/data/recap/tuning_hyperparams/sensitivity_results/sensitivity_paper_final/checkpoints/lambda_E__0p3/recap/trial_2/model.pt
lambda_E__0p3,sensitivity,lambda_E,0.3,2,BlogCatalog,0.7296926062091504,0.3372229854411508,/autodl-fs/data/recap/tuning_hyperparams/sensitivity_results/sensitivity_paper_final/checkpoints/lambda_E__0p3/recap/trial_2/model.pt
lambda_E__0p3,sensitivity,lambda_E,0.3,2,weibo,0.7445355600542699,0.29947788662278707,/autodl-fs/data/recap/tuning_hyperparams/sensitivity_results/sensitivity_paper_final/checkpoints/lambda_E__0p3/recap/trial_2/model.pt
lambda_E__0p3,sensitivity,lambda_E,0.3,2,Reddit,0.5915637637705637,0.04504618421872668,/autodl-fs/data/recap/tuning_hyperparams/sensitivity_results/sensitivity_paper_final/checkpoints/lambda_E__0p3/recap/trial_2/model.pt
lambda_E__0p3,sensitivity,lambda_E,0.3,2,Amazon,0.7288058122178361,0.13223783238065628,/autodl-fs/data/recap/tuning_hyperparams/sensitivity_results/sensitivity_paper_final/checkpoints/lambda_E__0p3/recap/trial_2/model.pt
